<?xml version="1.0" encoding="UTF-8"?>
<kml xmlns="http://www.opengis.net/kml/2.2" xmlns:gx="http://www.google.com/kml/ext/2.2" xmlns:kml="http://www.opengis.net/kml/2.2" xmlns:atom="http://www.w3.org/2005/Atom">
<Document>
	<name>rio grijalva.kml</name>
	<StyleMap id="__managed_style_0C6E2D136B38B9DC16BC0">
		<Pair>
			<key>normal</key>
			<styleUrl>#failed</styleUrl>
		</Pair>
		<Pair>
			<key>highlight</key>
			<styleUrl>#failed1</styleUrl>
		</Pair>
	</StyleMap>
	<Style id="failed">
		<LineStyle>
			<color>ffff7434</color>
			<width>5</width>
		</LineStyle>
	</Style>
	<Style id="failed1">
		<LineStyle>
			<color>ffff7434</color>
			<width>5</width>
		</LineStyle>
	</Style>
	<Placemark>
		<name>rio grijalva</name>
		<styleUrl>#__managed_style_0C6E2D136B38B9DC16BC0</styleUrl>
		<LineString>
			<tessellate>1</tessellate>
			<coordinates>
				-93.45888243353072,17.4472651645158,0 -93.45960822285603,17.44786212344324,0 -93.45978971437837,17.44801139909837,0 -93.46075075212053,17.44940355550407,0 -93.46146403673615,17.44983984925369,0 -93.46185422746765,17.45046181410445,0 -93.46242637752231,17.45123359573812,0 -93.46315378722342,17.4518320600938,0 -93.46375349274786,17.45292801385567,0 -93.46446802692007,17.45336529761105,0 -93.46502779151399,17.45397660009923,0 -93.46543278304034,17.45476211121484,0 -93.46599298726963,17.45537394758382,0 -93.46658069998425,17.45631019725174,0 -93.46714140657129,17.45692262841721,0 -93.46770233445606,17.45753529604078,0 -93.46791222342164,17.45801000201402,0 -93.4686560500884,17.45877338411371,0 -93.46903499276564,17.45923640666228,0 -93.46977939123931,17.46000038073152,0 -93.47017249015363,17.46062628819694,0 -93.47041066456966,17.46142709256405,0 -93.47079018459303,17.46189088426449,0 -93.47152172798457,17.46249340295954,0 -93.47208452282496,17.46310821858819,0 -93.47230939522828,17.46374739885139,0 -93.47322479038355,17.46450147447271,0 -93.47344999122197,17.46514120467438,0 -93.4739995897456,17.46559400660239,0 -93.4745775212437,17.46637311924738,0 -93.47516985862063,17.46731579827349,0 -93.47610118310079,17.46823487255293,0 -93.47666592569982,17.4688519125856,0 -93.47740027778757,17.46945711247782,0 -93.47833292165836,17.47037744095876,0 -93.47872903449348,17.47100741385784,0 -93.4794643154537,17.47161344799496,0 -93.48039823270207,17.47253504324239,0 -93.48076618718034,17.47283833024197,0 -93.48171534701213,17.47392450072857,0 -93.48245192679927,17.47453167540979,0 -93.48303364694017,17.47531518431316,0 -93.48375624239418,17.47575884326783,0 -93.48416874466392,17.47655507556324,0 -93.48438238683228,17.47703542436669,0 -93.48480986463481,17.47799654618476,0 -93.48483916568081,17.47832511764279,0 -93.48563619140522,17.479591591124,0 -93.48609384464059,17.48088330781849,0 -93.48670717649107,17.48199923115506,0 -93.48712123729439,17.4827985265908,0 -93.48772048026532,17.48375092252748,0 -93.48829037767987,17.48437403253618,0 -93.48870514792694,17.4851745023905,0 -93.48946069637563,17.48595109394563,0 -93.49007621679625,17.48707054131399,0 -93.49047681420184,17.48770709952086,0 -93.49104799205094,17.48833176767792,0 -93.49161939810745,17.48895668474968,0 -93.49202055686607,17.48959400139687,0 -93.49239169815613,17.48990060268692,0 -93.49279313220924,17.49053829747007,0 -93.49320986932112,17.49134184576139,0 -93.49345619704944,17.49215795678969,0 -93.49404397691411,17.49295014976936,0 -93.49429064292224,17.49376706538604,0 -93.49455265666005,17.49475032805037,0 -93.49475388203321,17.49507010206067,0 -93.49503139588485,17.49622024227103,0 -93.49506190789373,17.49655247837179,0 -93.49516875122949,17.49771581920847,0 -93.49519929281288,17.49804835209068,0 -93.4952909570566,17.49904634703836,0 -93.49533681141189,17.4995455676103,0 -93.4954591618194,17.50087754581923,0 -93.49552037685946,17.5015439348104,0 -93.49561224901322,17.50254401588243,0 -93.49551765245192,17.50339006559354,0 -93.49543832439919,17.50440343695294,0 -93.49534363490127,17.50525041225671,0 -93.49524890097025,17.50609780913133,0 -93.49531018353672,17.50676626852995,0 -93.49485726209312,17.50747160342407,0 -93.49324726590525,17.51160256083575,0 -93.49307961806798,17.51189276646394,0 -93.49272517020961,17.51228925832676,0 -93.49256680055493,17.51267191036145,0 -93.49250650339225,17.51304774110388,0 -93.49205343002247,17.51345189037297,0 -93.49181537789977,17.51402687573654,0 -93.49137120423819,17.51452397030484,0 -93.49129172543665,17.51471586737601,0 -93.49103439993392,17.51510685113314,0 -93.49068796686225,17.51559763735075,0 -93.49043032383017,17.51598909478577,0 -93.49007415434329,17.51638780466783,0 -93.48982551008453,17.51687240858898,0 -93.48965655361141,17.51716473538815,0 -93.48931843714125,17.51774974646698,0 -93.48906003906892,17.5181423648401,0 -93.48890003026601,17.51852814773269,0 -93.48854282026868,17.51892823892641,0 -93.48829321571621,17.51941455302882,0 -93.48821304744679,17.51960776017619,0 -93.48787376887465,17.52019475004154,0 -93.48771321162242,17.52058163750325,0 -93.48737349621898,17.52116942100159,0 -93.48710480450774,17.52147055321272,0 -93.48692561434659,17.52167137585657,0 -93.48659444477562,17.52235348796066,0 -93.48644240847209,17.52283505076816,0 -93.48618231241647,17.52323043323745,0 -93.48602095262399,17.52361896076041,0 -93.48595841217235,17.52400062707585,0 -93.48579690554479,17.52438957602148,0 -93.48553634675488,17.52478581048466,0 -93.48547362530792,17.52516810872934,0 -93.48523093154886,17.5257525653225,0 -93.48507806874218,17.52623643831454,0 -93.48514139327324,17.52689457911398,0 -93.48519572140134,17.52745920300725,0 -93.48525009567275,17.52802429164917,0 -93.48533174371131,17.52887279710646,0 -93.48534990182644,17.52906149593226,0 -93.48540440719663,17.52962790489609,0 -93.48555830838362,17.53018768124538,0 -93.48560383810924,17.53066043311829,0 -93.48564940016723,17.53113351030193,0 -93.48580357947404,17.53169452569836,0 -93.48585838477455,17.53226311500465,0 -93.48599447894588,17.53263532424153,0 -93.48604024635382,17.53310976703001,0 -93.48607688378738,17.5334895573608,0 -93.48624987035602,17.53424264724789,0 -93.48630496995695,17.53481335272813,0 -93.48636931248035,17.5354797743615,0 -93.48653350735709,17.53613971233317,0 -93.48657958645236,17.53661658199374,0 -93.48662569847973,17.53709378176921,0 -93.48685313669812,17.53736599095259,0 -93.48689937121564,17.53784371522581,0 -93.48704558745798,17.53831463126749,0 -93.4870919231158,17.53879301598271,0 -93.48714756973116,17.53936751579652,0 -93.48720326422585,17.53994249427452,0 -93.48724042054469,17.54032607974433,0 -93.48729619497651,17.54090185733599,0 -93.48732410022882,17.54118992643679,0 -93.48736132591713,17.54157420534542,0 -93.48743584154286,17.54234340540046,0 -93.48745448383467,17.54253583920658,0 -93.48730984503275,17.54312778677583,0 -93.48725611247589,17.54361667744971,0 -93.48718371199955,17.54391304206587,0 -93.48704812840067,17.54460264983087,0 -93.48680266679618,17.54520349853005,0 -93.48654771658482,17.54570817602514,0 -93.48629259120294,17.54621320449879,0 -93.48602803478437,17.54662178705479,0 -93.48587314740824,17.547120269996,0 -93.48570891517089,17.54752217952247,0 -93.48538017820151,17.5483266722019,0 -93.48512418048313,17.54883353018672,0 -93.48479481841881,17.54963948566149,0 -93.48461165309899,17.54984830775562,0 -93.48435511834769,17.55035622785847,0 -93.48398843196603,17.55077433447173,0 -93.48372239865225,17.55118547654099,0 -93.483346235401,17.55150658121113,0 -93.4831535552679,17.55161844604621,0 -93.48288713918592,17.55203005361214,0 -93.48251059033764,17.55235151391615,0 -93.48215191614523,17.55286836878565,0 -93.48166502247614,17.55309971215625,0 -93.48127003569303,17.55322621717308,0 -93.48049770649429,17.55367474466308,0 -93.48010250066257,17.55380133261678,0 -93.4797072414607,17.55392793770306,0 -93.47903521532902,17.55436963686121,0 -93.47834529433891,17.55461581706561,0 -93.47794971977781,17.55474253909318,0 -93.47745300125534,17.55487649047254,0 -93.47695621431849,17.55501045993696,0 -93.4764593589029,17.55514444750363,0 -93.47606354567557,17.5552712399064,0 -93.4755579938775,17.55530730604684,0 -93.47495133608808,17.55535058462899,0 -93.4744457892149,17.55538664962684,0 -93.4740328959808,17.55531755050709,0 -93.47362006342452,17.55524846092909,0 -93.47309781365261,17.55508867855538,0 -93.4727862095331,17.55501240929057,0 -93.47234858488601,17.55464977571148,0 -93.47212986614089,17.55446853494506,0 -93.47170917987167,17.55430175764272,0 -93.47128036142355,17.55403727194,0 -93.47085994595885,17.55387061408852,0 -93.47043146101963,17.55360631123114,0 -93.46980128796758,17.55335652091352,0 -93.46947412492015,17.55308524063366,0 -93.46874353339611,17.55284286275855,0 -93.46810610591463,17.5524958668424,0 -93.46788837720099,17.55231524916978,0 -93.46736820615664,17.55215626030412,0 -93.46694107202028,17.55189269000133,0 -93.46641332778687,17.55163642065721,0 -93.46588580823284,17.55138026040397,0 -93.46545144054659,17.5510197155665,0 -93.46502510581894,17.55075662445361,0 -93.46459895212931,17.55049364526256,0 -93.4642736561179,17.55022359353723,0 -93.46374718638766,17.54996801613457,0 -93.46343754785048,17.54989241992383,0 -93.46290377234648,17.54953989886388,0 -93.46257908742177,17.54927025507469,0 -93.46226970616857,17.54919474957986,0 -93.46172901682517,17.54874565298612,0 -93.46108818738243,17.54830404028098,0 -93.46077167792822,17.5481317833356,0 -93.46034732340534,17.54786990319566,0 -93.46003844779361,17.5477945796545,0 -93.45939870845028,17.54735363700669,0 -93.45908268142455,17.54718164361439,0 -93.45846549910624,17.54703118493538,0 -93.45814969170704,17.54685928403352,0 -93.45753281379658,17.54670891041737,0 -93.45701648162323,17.54655141990564,0 -93.45681573663477,17.54656573720456,0 -93.45609172795477,17.54632599978856,0 -93.45558997124097,17.54636178414335,0 -93.45518149730499,17.54629381859941,0 -93.45478012021172,17.54632244314844,0 -93.4544790877269,17.54634391124686,0 -93.45417805458125,17.54636537914433,0 -93.45357598797598,17.54640831421739,0 -93.4531746101632,17.54643693705352,0 -93.45278703284718,17.54665878262904,0 -93.45229897384741,17.54688784782856,0 -93.45191116468645,17.54710981734071,0 -93.4515436958376,17.5476220478946,0 -93.45127642629812,17.54812747271857,0 -93.45092203472161,17.54883422759065,0 -93.45074809138917,17.54923634966848,0 -93.45059433361091,17.5499298470768,0 -93.45034653647838,17.5507283731777,0 -93.45027961428028,17.55122162534148,0 -93.45021938752723,17.55181254756233,0 -93.44995758472336,17.55241833781752,0 -93.44987699256114,17.55271782971163,0 -93.44990389860702,17.55310776610499,0 -93.44993081960853,17.55349792152889,0 -93.44978291007381,17.55429327761143,0 -93.44983001042156,17.55497735178207,0 -93.4498704187564,17.55556423853184,0 -93.44991760440128,17.55624956502543,0 -93.44995808586616,17.55683752549119,0 -93.44999184637213,17.55732787356856,0 -93.45001211388319,17.55762224698351,0 -93.44977609613014,17.55862604572518,0 -93.44971532929347,17.55922323037148,0 -93.44972881849444,17.55941999744483,0 -93.44965450887325,17.55982092012031,0 -93.4493976788783,17.56053211488451,0 -93.44933666675333,17.56113091135408,0 -93.44926215461609,17.56153280086868,0 -93.44921448204839,17.56233003004264,0 -93.44916003292846,17.56302925079682,0 -93.44908536845367,17.56343222165398,0 -93.44911224923392,17.56382817748803,0 -93.44895605020285,17.5645361332836,0 -93.44888795777423,17.5650391420035,0 -93.44892152772812,17.56553525558851,0 -93.44895512103976,17.5660317191032,0 -93.44900219155318,17.5667273653241,0 -93.44901564876919,17.56692624868636,0 -93.44896764524739,17.56772961280326,0 -93.4490080411119,17.56832728380563,0 -93.44902825192084,17.56862631243151,0 -93.44904173053172,17.56882573592099,0 -93.44898693285776,17.56953143999914,0 -93.44891186666906,17.56993813152705,0 -93.44884349152325,17.57044500659407,0 -93.44888390964574,17.5710449970429,0 -93.44870659155769,17.57145984399034,0 -93.44864479265695,17.57206798326363,0 -93.44858966556585,17.57277692757722,0 -93.44851431164845,17.57318548316642,0 -93.44846579592064,17.57399599755556,0 -93.44830141077053,17.57461362105033,0 -93.44824600823161,17.57532511571636,0 -93.44817041774841,17.57573513634918,0 -93.44812161265793,17.57654857174762,0 -93.44805262523869,17.5770601882394,0 -93.44787430820713,17.57747852470838,0 -93.44781187934721,17.57809184151881,0 -93.44774270504324,17.57860456621673,0 -93.44766679072676,17.57901647670386,0 -93.44759751808981,17.57952986727181,0 -93.44752819350052,17.58004362534,0 -93.44745213908985,17.58045636717911,0 -93.44718372020823,17.58108692834687,0 -93.44700464452909,17.58150760627885,0 -93.4468254644212,17.58192852471938,0 -93.44674246964678,17.58224070541174,0 -93.44646017303749,17.58266939471274,0 -93.44618431170342,17.58320009670117,0 -93.44601127091754,17.58372383525076,0 -93.445618857873,17.58405883719941,0 -93.44544550993589,17.58458319099649,0 -93.44516238299553,17.5850132446092,0 -93.44476293547869,17.58524675541949,0 -93.44438280187578,17.58578667739187,0 -93.44398948713675,17.58612259611479,0 -93.443808862183,17.58654617020405,0 -93.44331197732345,17.58688979121847,0 -93.44331838352751,17.58699208942827,0 -93.44088074335129,17.58696668044104,0 -93.44062256311231,17.58690438076252,0 -93.44004294429877,17.58694568355151,0 -93.43979453702234,17.58696338447304,0 -93.43938052887408,17.58699288543516,0 -93.43890278702096,17.58718833966369,0 -93.43850765392186,17.58737798484882,0 -93.43573736565416,17.58725247052798,0 -93.43547074413783,17.5871101358329,0 -93.4350478005759,17.5870596337482,0 -93.43470771807146,17.58700324771601,0 -93.43427600952361,17.58687283178721,0 -93.43400994127833,17.58673069263514,0 -93.43351365460738,17.58676605200342,0 -93.43300856190291,17.58672151984654,0 -93.43275167443834,17.58665932317073,0 -93.4322555137434,17.58669467256635,0 -93.43191606959719,17.58663837719327,0 -93.43157670902295,17.58658209530765,0 -93.43108067528814,17.58661743472361,0 -93.43065879818965,17.58656705078856,0 -93.43015437368668,17.58652256703751,0 -93.42973271517022,17.58647220612803,0 -93.42930281097364,17.58634209026102,0 -93.42896402283326,17.5862858837474,0 -93.42863358154636,17.58630942448569,0 -93.42804712016269,17.58627088121544,0 -93.42762597986923,17.58622057969352,0 -93.42729562479228,17.58624411347152,0 -93.426792051581,17.5861997032775,0 -93.42637916061409,17.58622911600857,0 -93.4260408986864,17.58617294853387,0 -93.42553760573063,17.58612855631156,0 -93.42512481924052,17.58615796061691,0 -93.4247120332667,17.58618736447585,0 -93.42413413678503,17.58622852891368,0 -93.42380391170842,17.58625205098337,0 -93.42330857476962,17.58628733354819,0 -93.4228957957435,17.58631673510985,0 -93.42223535175742,17.58636377658157,0 -93.42174002059863,17.58639905686679,0 -93.42140980046543,17.58642257668369,0 -93.42100436544669,17.58653169608405,0 -93.4207639820049,17.58662907901576,0 -93.42035837249782,17.58673824859234,0 -93.41995266589169,17.58684744394832,0 -93.41964382219685,17.5871104576767,0 -93.41949289820938,17.58728198200465,0 -93.41909391018262,17.58747124994234,0 -93.41870180038333,17.58774059974484,0 -93.41855052098303,17.58791242041129,0 -93.41799948186784,17.58827398974368,0 -93.41777908291638,17.58861232484446,0 -93.4174617699456,17.58879635773114,0 -93.41730997036662,17.58896868235287,0 -93.41693702294539,17.58948025409173,0 -93.41670888355581,17.58973927065202,0 -93.41639762431281,17.59000438230822,0 -93.41625210652725,17.59025786886839,0 -93.41611326737122,17.59059219658634,0 -93.4158149161746,17.59101943549328,0 -93.4155925968152,17.59136041630834,0 -93.41553637274556,17.59168988770546,0 -93.41524389221816,17.59219950712318,0 -93.41512422431045,17.59277919168662,0 -93.41499767520833,17.59327854673555,0 -93.41485761318199,17.59361581375169,0 -93.41474402011355,17.59427945043515,0 -93.4146235581065,17.59486268418671,0 -93.41455992933672,17.59511379668839,0 -93.41458650388658,17.59544096343575,0 -93.41443916201831,17.59569845860786,0 -93.41438864252576,17.5961141335718,0 -93.41441517234016,17.59644227222647,0 -93.41445501601341,17.59693508274722,0 -93.41439777088785,17.59726999542658,0 -93.41443765100584,17.5977640210557,0 -93.41446427064207,17.59809377697607,0 -93.41449758209689,17.59850642690765,0 -93.41452426098766,17.5988369133415,0 -93.41447355810575,17.59925646490782,0 -93.41451361316736,17.59975341975944,0 -93.41445615718854,17.60009112526784,0 -93.41441199419305,17.60059530855872,0 -93.41443203131888,17.60084468102792,0 -93.41447215024341,17.60134397936114,0 -93.41425909456179,17.60186204359768,0 -93.41421467075806,17.60236885244483,0 -93.41409230310784,17.60296609513933,0 -93.41411229116737,17.60321721382789,0 -93.41396972292276,17.60356437425887,0 -93.41374897676492,17.60400182400276,0 -93.4136907841999,17.60434373187465,0 -93.41363915433338,17.60477008759914,0 -93.41350263903439,17.60520300916795,0 -93.41343761890803,17.60546181332088,0 -93.4132225166026,17.60598604509611,0 -93.41307893630827,17.60633596804397,0 -93.41294831918377,17.60685545286834,0 -93.41263429346428,17.60721835407568,0 -93.41250318007985,17.60773915006388,0 -93.41227371022228,17.6080968837853,0 -93.41195879701793,17.60846103734052,0 -93.41189933734803,17.6088073540945,0 -93.41174809320052,17.60907490657457,0 -93.41160955571651,17.60951317538246,0 -93.41137267728305,17.60978733696298,0 -93.41131281138158,17.61013496653764,0 -93.41118015977932,17.61066011012113,0 -93.41110739747539,17.61083736199767,0 -93.41106002436322,17.6113574721541,0 -93.41092060125874,17.61179860288813,0 -93.41086033498999,17.61214825063072,0 -93.41080634593112,17.61258427997361,0 -93.41076496455874,17.61319320098805,0 -93.4106376406195,17.6138093050386,0 -93.41066296888944,17.61415486658465,0 -93.41044938926171,17.61477879763624,0 -93.41038862546181,17.61513144918887,0 -93.41016193289639,17.61558348950993,0 -93.41012608750815,17.61628463931894,0 -93.40997881181406,17.61664495051823,0 -93.40976386589467,17.61727330105013,0 -93.40977011599956,17.61736052447683,0 -93.40955476628122,17.61799015069809,0 -93.40949326994146,17.61834604619929,0 -93.40926497029402,17.61880219224956,0 -93.40903638076162,17.61925892068596,0 -93.4088879308142,17.61962225715541,0 -93.40847945897659,17.62000445819618,0 -93.40824390592844,17.6203747128049,0 -93.40792140040155,17.62075151377931,0 -93.40768532189492,17.62112252731768,0 -93.40744301303567,17.62140566867652,0 -93.40703281079408,17.62178970825587,0 -93.40686506127672,17.62189041523827,0 -93.40645430140536,17.62227494590419,0 -93.40637327053813,17.62236959443233,0 -93.40618589553895,17.62322087680562,0 -93.40612220145337,17.62347283385732,0 -93.4059934899184,17.62372506848678,0 -93.40586469169719,17.6239774716834,0 -93.40580054239148,17.62416683233601,0 -93.40567187491655,17.6244826814868,0 -93.40560763379372,17.62467229606907,0 -93.40547879820087,17.62498857038317,0 -93.40541446469241,17.62517844033311,0 -93.40535058861747,17.62549503321113,0 -93.40522173733854,17.62587538192853,0 -93.40509230858116,17.62612923375458,0 -93.40483238224361,17.62638347102722,0 -93.40470273429341,17.62663766548365,0 -93.40444250039138,17.62689224669843,0 -93.40424736152154,17.62714689124482,0 -93.40379114454693,17.62752945098473,0 -93.40359552267586,17.62772082150596,0 -93.40353029329343,17.62778463353118,0 -93.40294260587559,17.62816805513102,0 -93.40274655206561,17.6282321579842,0 -93.40241972357444,17.62829648601561,0 -93.40202739163533,17.62848856900962,0 -93.40170026415129,17.62868064177892,0 -93.40130764627793,17.62880903152696,0 -93.40098044591963,17.62887345797018,0 -93.40078361821061,17.62912944123089,0 -93.40071802815272,17.62919349129649,0 -93.40019367415672,17.62945023094159,0 -93.39993114926912,17.62964268352992,0 -93.39980017422502,17.62964289898158,0 -93.3993412335832,17.62977172258393,0 -93.39862009771487,17.6299010207993,0 -93.39816079938694,17.63002993180161,0 -93.39783280165183,17.63009456533382,0 -93.39756986501533,17.63022321867897,0 -93.39724173283678,17.63028788507206,0 -93.39697816220796,17.63048076249964,0 -93.39658380210096,17.630609762707,0 -93.39605814194599,17.63073902248082,0 -93.3958597114178,17.63093202370682,0 -93.39566233470487,17.63099659511974,0 -93.39513624723024,17.63112598676845,0 -93.39474057805872,17.63131950921439,0 -93.39460797534322,17.63144836314067,0 -93.39414704741176,17.6315778010127,0 -93.39189035414583,17.63139565366948,0 -93.39144212013298,17.63139638782719,0 -93.39099397889406,17.63150316698426,0 -93.39043362852314,17.63150408222122,0 -93.38987327809652,17.63150499596482,0 -93.38942499773283,17.63150572588443,0 -93.38886464704154,17.63150663694023,0 -93.38852843681744,17.63150718285652,0 -93.38796786472021,17.63161415985759,0 -93.38774296755248,17.63193285941239,0 -93.38706963813328,17.63214628171344,0 -93.38673216933292,17.6324654894069,0 -93.38617006996797,17.63278525786264,0 -93.38583210959922,17.63310486175497,0 -93.38515709759118,17.63342520374081,0 -93.38481751181229,17.63395828526036,0 -93.38447932640648,17.63417199691197,0 -93.38425095073582,17.63481239744711,0 -93.38402355587463,17.63523989457805,0 -93.38390785187794,17.63577449217313,0 -93.38356751475845,17.63620296683961,0 -93.3833395249401,17.63663161721547,0 -93.38333670262107,17.63706026180895,0 -93.38322043358231,17.63759674919274,0 -93.38321683921011,17.638133613471,0 -93.38321324077076,17.63867103604012,0 -93.38320891726883,17.63931668076885,0 -93.38331616425718,17.64017861586034,0 -93.38331260950099,17.64071816828853,0 -93.3833076260633,17.64147448689235,0 -93.3833033482306,17.64212364039674,0 -93.38341307322828,17.64266504128391,0 -93.38352360369608,17.64309853317211,0 -93.38374761570084,17.64353220499534,0 -93.38397246105222,17.64385760584175,0 -93.38408398714957,17.64418339335295,0 -93.38430786078793,17.64472676619826,0 -93.38441898798038,17.64516198377634,0 -93.38464497400383,17.64537945483278,0 -93.3847551868314,17.6460333312577,0 -93.3847540593363,17.64625153394267,0 -93.38486443301795,17.64690650851497,0 -93.38486277448219,17.64723439710234,0 -93.38497440463661,17.64767171984064,0 -93.38497223753473,17.64810959403905,0 -93.38508294675113,17.64876691247362,0 -93.38508135401388,17.64909597501416,0 -93.38519223799206,17.64975453976341,0 -93.38518963768335,17.65030413355699,0 -93.38530071837209,17.65096422670737,0 -93.38552718832798,17.65140450693989,0 -93.38563907538001,17.65195565728804,0 -93.38598026718876,17.65239658951032,0 -93.3862073381578,17.65283807985474,0 -93.38643421127688,17.65339056028396,0 -93.38666132591229,17.65394362485997,0 -93.38677444208155,17.65438661004187,0 -93.38688696978923,17.65505188423405,0 -93.387115642349,17.65527352079117,0 -93.38734352985971,17.65582858081422,0 -93.38745742332193,17.6561619363991,0 -93.38757084941385,17.65671812566523,0 -93.38768517079191,17.656940655203,0 -93.38791325817877,17.65772053188036,0 -93.38802731875774,17.65816672455584,0 -93.38825652280745,17.65861310935018,0 -93.38837082712205,17.65906006124263,0 -93.38848522945109,17.6595073939713,0 -93.3885997292749,17.65995510805924,0 -93.38871432738223,17.66040320402838,0 -93.38894419147594,17.66096372140949,0 -93.38917440173365,17.66141249166312,0 -93.38940458331729,17.66219904330051,0 -93.38951977215774,17.66264905557326,0 -93.38951951977685,17.66309964242612,0 -93.38963475524258,17.66377605649155,0 -93.3897502161354,17.66422742046401,0 -93.38975002379672,17.66479240333339,0 -93.38998136768744,17.66569726057998,0 -93.39009718905345,17.66615027269046,0 -93.39021309893201,17.66649023998909,0 -93.39021316664025,17.66717120800497,0 -93.3903292502914,17.66762548701622,0 -93.39032936932932,17.66819412012498,0 -93.39032944078322,17.66853559470523,0 -93.39044579782222,17.66921901519822,0 -93.39056220777412,17.66967505786001,0 -93.39067877995456,17.67024571013865,0 -93.39091186853597,17.67081679041726,0 -93.39091230311188,17.67138886464019,0 -93.39114577077699,17.67196117945394,0 -93.39114622016969,17.67241977856996,0 -93.39126341254691,17.67299339784213,0 -93.39126428934448,17.67379777235856,0 -93.39138156045372,17.67425777365081,0 -93.39138225151997,17.67483357213341,0 -93.39161657254647,17.67529428170484,0 -93.39173433958661,17.67587101645984,0 -93.39173469313656,17.67610196175043,0 -93.39208690284758,17.67679482567733,0 -93.39232196530739,17.67725723930731,0 -93.39255749970806,17.67783591749736,0 -93.39279299852787,17.67829923737263,0 -93.39302870309622,17.67876295767428,0 -93.39314729575649,17.67922727605329,0 -93.393383361413,17.67969180876552,0 -93.3935022129435,17.6801569375315,0 -93.39397358476175,17.68062190033582,0 -93.39421032251907,17.68108764770329,0 -93.39444631850313,17.68132048496253,0 -93.39503622201988,17.68178627437967,0 -93.39539133788743,17.68225285317337,0 -93.39586383928508,17.68260272164508,0 -93.39621959191945,17.68307001585033,0 -93.39669272973346,17.68342041831565,0 -93.39693053813151,17.68377143610279,0 -93.39740502356786,17.68423956488164,0 -93.39764242290505,17.68447378342595,0 -93.39811753487375,17.68494252920931,0 -93.39847414400346,17.68529435895684,0 -93.39895096164491,17.68588144490972,0 -93.39930816100936,17.6862338940492,0 -93.39966664870133,17.68670437878988,0 -93.40002654444382,17.68729321022109,0 -93.40026632336344,17.68764678219801,0 -93.40074401226052,17.68811831802345,0 -93.40098421400556,17.68847243578372,0 -93.40122457582187,17.68882678785913,0 -93.40158478410362,17.68929955883668,0 -93.40206379749947,17.68977255739062,0 -93.40242333569751,17.69012757754367,0 -93.40302024455845,17.69048245686352,0 -93.40338034047325,17.69083795206417,0 -93.40397643157864,17.6910745109531,0 -93.4043338992841,17.69119273521182,0 -93.40504907394397,17.69142926324274,0 -93.40564758894567,17.69178501111785,0 -93.40600548224302,17.69190339423724,0 -93.40683840691197,17.69202104783211,0 -93.40731526583754,17.69213929563093,0 -93.40779027239073,17.69213854045404,0 -93.40838605688796,17.69225662697136,0 -93.4089819769209,17.69237474061901,0 -93.40969899181492,17.69261179878804,0 -93.41041407940632,17.69272980527823,0 -93.4108916625503,17.69284821512333,0 -93.41160942833267,17.69308549106852,0 -93.41208730698862,17.69320398155983,0 -93.41304847360561,17.69367971098411,0 -93.41401050128475,17.69415586651811,0 -93.4142565028217,17.69451401032469,0 -93.41498167657376,17.69499128168964,0 -93.41535011446437,17.69546954225927,0 -93.41571603750177,17.69582837762919,0 -93.41596587065628,17.6963075705045,0 -93.41609954750484,17.69690744076491,0 -93.416108228669,17.69726779143481,0 -93.41636150068257,17.69786854478272,0 -93.41648971320326,17.69822935538746,0 -93.41674342382885,17.69883118117711,0 -93.41699142215371,17.69919245091375,0 -93.41816327533205,17.70108213415244,0 -93.41839149609694,17.70166122760685,0 -93.41860090768911,17.70175752050917,0 -93.4188335061899,17.70243442990941,0 -93.41906261896527,17.70301550949918,0 -93.41918902570855,17.70359762875918,0 -93.41941086204035,17.70398593862992,0 -93.41953372800981,17.70447213906108,0 -93.41955748374507,17.70505658642181,0 -93.41957334125877,17.70544669758161,0 -93.41969255433244,17.70583700798642,0 -93.41970450867969,17.70613013123269,0 -93.41973243796023,17.70681492597001,0 -93.41975241828486,17.70730478904544,0 -93.41976441882366,17.70759899664596,0 -93.41989611558017,17.70828614378089,0 -93.41992429345446,17.7089746617073,0 -93.4200563619804,17.70966418845209,0 -93.42007256725795,17.71005884493641,0 -93.4200887892915,17.71045389206015,0 -93.42011721819334,17.71114616493093,0 -93.42014977149707,17.71193880545927,0 -93.42015384541153,17.71203799627811,0 -93.42019055814271,17.71293182061372,0 -93.42021508096722,17.7135288143965,0 -93.42023964202835,17.71412669912706,0 -93.42026424139011,17.71472547618475,0 -93.42029298925254,17.71542518183107,0 -93.42031355553289,17.71592571915235,0 -93.42022531701915,17.71632677966942,0 -93.42025409308576,17.7170292825108,0 -93.42017391864968,17.71763258658945,0 -93.42019035889139,17.7180351717907,0 -93.42010593341436,17.71853915015665,0 -93.42011825143524,17.71884173173095,0 -93.41952431785455,17.71975192404686,0 -93.41954856439173,17.72035913695641,0 -93.41935417236533,17.72076481399322,0 -93.41915558396011,17.72106942873355,0 -93.41917559005893,17.72157702963,0 -93.41908616487473,17.72198374973772,0 -93.41900063629927,17.72249268015105,0 -93.41880149293941,17.72279859701753,0 -93.41882132174796,17.72330837321273,0 -93.41873152836388,17.72371683610795,0 -93.41864559535341,17.72422794908532,0 -93.41855167106787,17.7245349978738,0 -93.41846554130019,17.72504714298303,0 -93.41847340845891,17.72525211041773,0 -93.41828512253153,17.72586799238515,0 -93.41808487657799,17.7261764622612,0 -93.41799827933391,17.72669068135863,0 -93.41780544023521,17.72720572976186,0 -93.41771855519096,17.72772125182183,0 -93.41762003567908,17.72792775041713,0 -93.41752912567124,17.72834088329955,0 -93.41734322119198,17.72906491995422,0 -93.41725964915356,17.72968642009962,0 -93.41717215552903,17.73020509061495,0 -93.41708076570181,17.73062053736921,0 -93.4169968387458,17.73124441221579,0 -93.41690524429886,17.73166091748362,0 -93.41671428112079,17.73228655995496,0 -93.41662242673165,17.73270412862157,0 -93.41663364202944,17.73301745123115,0 -93.41665235418455,17.7335401898939,0 -93.4165565964351,17.73385433056325,0 -93.41647193797297,17.73448315848361,0 -93.41648685181872,17.7349027953954,0 -93.41639831118877,17.73542812398829,0 -93.41619868508266,17.73584908188674,0 -93.41589886527517,17.73648132979209,0 -93.41569508939465,17.73679790508761,0 -93.41549838768996,17.73732583903254,0 -93.41518675476428,17.73764324188123,0 -93.41509708581937,17.73817208315683,0 -93.41489258532272,17.73848996172137,0 -93.41480616967185,17.73912592478247,0 -93.41470552463007,17.73933824859765,0 -93.41461536300942,17.7398692711299,0 -93.41419806324822,17.74029514564936,0 -93.41399956065362,17.7408275783512,0 -93.4137973906918,17.7412540877754,0 -93.4134869885808,17.74168121454093,0 -93.41349374108273,17.74189467844684,0 -93.41319296478738,17.74264320361663,0 -93.41309813489515,17.74307141397039,0 -93.41267843282893,17.74350059515754,0 -93.41257997122909,17.74382242181662,0 -93.41227120656075,17.74435958767752,0 -93.41217570308,17.74478957753655,0 -93.41186313382931,17.74522036241479,0 -93.41176098592327,17.7454358356308,0 -93.4115659575138,17.74619060932391,0 -93.41146674379929,17.74651452987821,0 -93.41137369823119,17.74705484264458,0 -93.41128364612895,17.74770411025608,0 -93.41107838252697,17.74813775341318,0 -93.41098490365292,17.74868018101036,0 -93.41099414540855,17.74900586938794,0 -93.41100647964247,17.74944052163593,0 -93.41090973422003,17.74987580286002,0 -93.410815951854,17.7504205007724,0 -93.41071899627833,17.75085680693629,0 -93.41062497971146,17.7514027853502,0 -93.41063411276275,17.75173061278321,0 -93.41054297903725,17.75238721573889,0 -93.41033617113948,17.75282575754746,0 -93.41035123530723,17.7533741431448,0 -93.4102536947981,17.75381354704416,0 -93.41015604967494,17.7542534128033,0 -93.41005830225886,17.75469374118244,0 -93.40996342301044,17.75524475675506,0 -93.40986546052967,17.75568612883476,0 -93.40976739397459,17.75612796603202,0 -93.40977919508713,17.75657009511149,0 -93.40957095295387,17.75701303885988,0 -93.40958559335142,17.75756693791879,0 -93.40959732029917,17.75801058662509,0 -93.40961199722535,17.75856580749416,0 -93.40951053667483,17.75889946638928,0 -93.40953103312349,17.75967862555918,0 -93.40943524584749,17.7602362288494,0 -93.40944693359108,17.76068270474257,0 -93.4094586343092,17.76112965460106,0 -93.40947034802436,17.76157707921579,0 -93.40948500839725,17.76213702566534,0 -93.40949968923995,17.76269771986133,0 -93.40940354250756,17.76325933358058,0 -93.40941819034444,17.76382152158487,0 -93.40943285851618,17.76438445570132,0 -93.40944754723235,17.76494814383538,0 -93.40945637030237,17.76528671777996,0 -93.40947109185056,17.7658516105558,0 -93.40948878479273,17.76653047538413,0 -93.40949764244185,17.76687031792244,0 -93.40951242172274,17.76743732857661,0 -93.40952426005262,17.76789148380035,0 -93.40953907655113,17.76845985934904,0 -93.40955094478065,17.76891511112092,0 -93.40857631143918,17.77077877024203,0 -93.40848345048069,17.77077894179489,0 -93.40852268283716,17.77129557657698,0 -93.40854888080517,17.77164055384909,0 -93.40858167727258,17.77207240609654,0 -93.40842820331906,17.77250529979085,0 -93.40838735195004,17.7731990083676,0 -93.4081400398302,17.77363389761001,0 -93.40809873134482,17.77433053804893,0 -93.40802475984034,17.77459235172667,0 -93.40787660512215,17.77511674247584,0 -93.40781538158677,17.77555440511407,0 -93.40756651918251,17.77599312101601,0 -93.40749850111195,17.77634436967946,0 -93.40724901584696,17.77678436991455,0 -93.40701187540435,17.77740137549762,0 -93.40694968827734,17.77784276377886,0 -93.40670539859738,17.77837368685885,0 -93.40654227269472,17.778728215369,0 -93.4064795497471,17.77917177401688,0 -93.4062153843382,17.77943866484188,0 -93.4060516167378,17.77979458768331,0 -93.40588763449155,17.78015097884771,0 -93.40581177657872,17.78041849495874,0 -93.40566603408405,17.78104366812804,0 -93.40541903813977,17.78158089396194,0 -93.40526024243856,17.78202930989394,0 -93.40518994753307,17.78238847263879,0 -93.40484688929969,17.78292852798259,0 -93.40458612879968,17.78328921340031,0 -93.40424190813467,17.78383105267079,0 -93.40408148404431,17.78428318172626,0 -93.40392079484792,17.78473606070826,0 -93.40384926694766,17.78509880256865,0 -93.40377764247522,17.78546202714995,0 -93.40363410920854,17.78618992328616,0 -93.40345480359706,17.7863724505476,0 -93.403394525506,17.78691992386476,0 -93.40322662585756,17.78728573712049,0 -93.40325597662353,17.78774327097029,0 -93.40327361120043,17.78801815848038,0 -93.40310529788339,17.78838543606554,0 -93.40303860017303,17.78884497297942,0 -93.40297179176052,17.78930527810287,0 -93.40281452692136,17.78985879421652,0 -93.40265694909181,17.79041342262921,0 -93.40248171020643,17.79069132077315,0 -93.40241998596358,17.79124745801655,0 -93.40216509128558,17.79180504808954,0 -93.40209146443266,17.79217723315023,0 -93.40192108438373,17.79255008469866,0 -93.40175047751588,17.79292343793038,0 -93.40148849293865,17.79339091945048,0 -93.40131172282659,17.79367181966759,0 -93.40124287871751,17.79414023148873,0 -93.40097432674294,17.79451589378348,0 -93.40080247697318,17.79489189796818,0 -93.40044162126651,17.79536286568854,0 -93.40016649787634,17.79564592720035,0 -93.39979923497546,17.7960237886281,0 -93.39952346014576,17.79630752018486,0 -93.39915532706297,17.79668627682506,0 -93.39879191499654,17.79716027958514,0 -93.39852542335773,17.79763492182905,0 -93.39835094869746,17.79801515026826,0 -93.39808367505898,17.79849124511631,0 -93.39790863307569,17.79887263843747,0 -93.39773335064827,17.79925455127698,0 -93.39737206016775,17.79982856101769,0 -93.39710308653937,17.80030774514794,0 -93.39692187338234,17.80059568103707,0 -93.39654913736115,17.80098027278044,0 -93.39637226728067,17.80136506226552,0 -93.39609209958736,17.80165424561329,0 -93.3958116422685,17.80194372538283,0 -93.39554032250288,17.80242652516012,0 -93.39545134503086,17.80261984392905,0 -93.39498703196419,17.80320092346816,0 -93.39481299007885,17.80368571633212,0 -93.39442768650612,17.80388038936193,0 -93.39424394140275,17.80417199594609,0 -93.39387143913815,17.80465878433544,0 -93.39348953038102,17.80495152053025,0 -93.39321042445111,17.80534192434995,0 -93.39302557781573,17.80563503937818,0 -93.39264257172255,17.80592878452315,0 -93.39246145358634,17.80632037285147,0 -93.39237500050191,17.80661433745501,0 -93.39180500638219,17.80720383454975,0 -93.39151956715818,17.80749904188599,0 -93.3912338294726,17.80779455482651,0 -93.39094383290346,17.80799189657799,0 -93.39055815762148,17.80828808471793,0 -93.39027537654195,17.80868309998512,0 -93.38988509907637,17.80888122070011,0 -93.3893987233461,17.80917849536525,0 -93.38911469558325,17.80957474549072,0 -93.38863090235701,17.80997187216552,0 -93.38814993162308,17.81046885342489,0 -93.38785750130938,17.81066805111569,0 -93.38737190714698,17.81106669933647,0 -93.3870789006525,17.81126631166997,0 -93.38678569017712,17.81146606439579,0 -93.38640188436175,17.81196548502793,0 -93.38591105838587,17.81226597804205,0 -93.38572013110378,17.81256629801731,0 -93.38543488165791,17.81306747698392,0 -93.3851431592807,17.81336879942053,0 -93.38495441561351,17.81377073053851,0 -93.3845703495959,17.81437484569901,0 -93.38408491669855,17.81498039736275,0 -93.38369638280894,17.81548596982132,0 -93.38350321483506,17.81578967523943,0 -93.38331251993955,17.81619500400422,0 -93.38302071520147,17.81660106835391,0 -93.38283201049312,17.81710916608064,0 -93.38273624280961,17.8173126892275,0 -93.3823499748229,17.81802623354703,0 -93.38215772567483,17.81843471716369,0 -93.38206643835068,17.81884361623892,0 -93.38177967553115,17.81956078642331,0 -93.38148982657127,17.82017698995072,0 -93.38139543249628,17.8204855021815,0 -93.38120634173069,17.82110351258066,0 -93.38101455037875,17.82161958123811,0 -93.38061879813795,17.82213689760732,0 -93.38052361896202,17.82244749792271,0 -93.38022882063792,17.82296612444523,0 -93.38003128778172,17.82327777694742,0 -93.37983563701533,17.82369371989029,0 -93.37973978389678,17.82400598680027,0 -93.37954572514343,17.82452723045851,0 -93.37945363923507,17.82504924160751,0 -93.37935937431959,17.82546755626234,0 -93.37916250557176,17.82588663231615,0 -93.37896730364213,17.82641124384676,0 -93.37887440255075,17.82693663181192,0 -93.37877749937618,17.82725238355342,0 -93.37847869646083,17.82777961356145,0 -93.37838328934241,17.82820184593101,0 -93.37818479762151,17.82862485487068,0 -93.37808904144708,17.82904830796276,0 -93.37789005194215,17.82947253755463,0 -93.37769250467652,17.8300036000447,0 -93.3775944543773,17.83032266652011,0 -93.37749629782604,17.83064207894209,0 -93.37740139555299,17.83117509263069,0 -93.37730632225976,17.83170907141802,0 -93.37720942720856,17.83213698136249,0 -93.37711239176122,17.83256551511935,0 -93.37680778929354,17.83299500396656,0 -93.37671188389857,17.83353228458134,0 -93.37651037453627,17.83396301244942,0 -93.37641253065971,17.83439419741103,0 -93.37631454441328,17.8348260135462,0 -93.3763205252281,17.83525829221971,0 -93.37601539885058,17.83580002920104,0 -93.37591689042168,17.83623389359656,0 -93.37581682964131,17.83655975212265,0 -93.37522882659714,17.83994386521852,0 -93.37526470617208,17.84046735281186,0 -93.37513614389147,17.84059859244553,0 -93.37519891253503,17.84151669394016,0 -93.37521687444315,17.84177940494894,0 -93.37527083493427,17.84256859565933,0 -93.37533393122742,17.84349133238638,0 -93.37537909420556,17.84415176245968,0 -93.37556262050677,17.84481304700589,0 -93.37589400649087,17.84560785570674,0 -93.37607831757306,17.84627160051355,0 -93.37626294409347,17.84693646826974,0 -93.37645715288775,17.84773584787146,0 -93.37665176178446,17.84853685381071,0 -93.37671701698031,17.84947372317534,0 -93.37690294904922,17.85014402205108,0 -93.37708920739655,17.85081546110387,0 -93.37714575120923,17.85162300624514,0 -93.37719296235002,17.85229722125423,0 -93.377240256739,17.85297258574647,0 -93.37729712019275,17.85378454444501,0 -93.37735410427734,17.85459816851614,0 -93.3773921608385,17.85514151179951,0 -93.37743980737297,17.85582173764539,0 -93.37747798537386,17.85636675711345,0 -93.37753535394984,17.85718568813239,0 -93.37756408405033,17.85759578584563,0 -93.37733070443957,17.85828073174186,0 -93.37737849862133,17.85896634341353,0 -93.37702267451078,17.85992894610875,0 -93.37691971772429,17.86047986361287,0 -93.37681662037933,17.86103154027802,0 -93.37659106019295,17.86186060886532,0 -93.37648756450916,17.86241419020778,0 -93.37625185185338,17.86310743248369,0 -93.37615737564164,17.86380161945797,0 -93.37602512777116,17.86394080305355,0 -93.37580730722743,17.86491517290665,0 -93.37570287766782,17.86547298030674,0 -93.37532353419147,17.86617176956695,0 -93.37508572038881,17.86687151839036,0 -93.37497128420698,17.86729190056167,0 -93.37485672935772,17.86771272051356,0 -93.37449397259829,17.8686965109533,0 -93.37425469452614,17.86940065028477,0 -93.37402412695273,17.87024713753903,0 -93.37377489473617,17.87081261379006,0 -93.37296236463222,17.87152144582317,0 -93.37297131950106,17.87166306026976,0 -93.37243467066483,17.87223101303562,0 -93.37174529415651,17.87265799748582,0 -93.37133305772934,17.8729428190714,0 -93.37065964662827,17.87365511769075,0 -93.37024653124941,17.87394063471652,0 -93.36957974145614,17.87479738844788,0 -93.36874305284391,17.87522731235849,0 -93.36834484253738,17.8758000020567,0 -93.36765030552236,17.87623073049069,0 -93.36697095155105,17.8769487884241,0 -93.36656276823298,17.87738023004855,0 -93.36616197641472,17.87795594527866,0 -93.3654644603549,17.87838894498513,0 -93.36520670833899,17.87896583248684,0 -93.36450782943186,17.87939990129708,0 -93.36410460054806,17.87997846127696,0 -93.36353406421176,17.88012403577231,0 -93.36310785929183,17.88026941321996,0 -93.36225499849337,17.88056032145926,0 -93.36198006012829,17.88085044205302,0 -93.36171906750657,17.88143080062089,0 -93.36116803748683,17.88201247941535,0 -93.36032635239826,17.88259547793836,0 -93.35978029996714,17.8833245178401,0 -93.35936511971727,17.88376271261744,0 -93.359107979635,17.88449332916593,0 -93.35898254656425,17.88493227458368,0 -93.35873128298019,17.88581157058408,0 -93.35847294004421,17.88654583849555,0 -93.35835990177866,17.88728116702611,0 -93.3583990967656,17.88816500162861,0 -93.35842527506037,17.88875527704458,0 -93.35845805264505,17.88949431343271,0 -93.3584974659659,17.89038290450545,0 -93.35852379038833,17.89097636319312,0 -93.35856335037442,17.89186814875378,0 -93.3585897728554,17.89246374304619,0 -93.35862285625468,17.89320944001495,0 -93.35864936747237,17.89380696656798,0 -93.35896997483451,17.89440486211117,0 -93.35901690641268,17.89545411779638,0 -93.35905050437087,17.89620521461429,0 -93.35907742803771,17.8968070702679,0 -93.35911113939997,17.89756061579235,0 -93.35914491383048,17.89831552281818,0 -93.35917197919645,17.89892043776105,0 -93.35919908526004,17.89952623122481,0 -93.359233025215,17.90028471149606,0 -93.35927383736556,17.90119670505392,0 -93.35944943895599,17.90180556546498,0 -93.35947684793038,17.9024155591865,0 -93.35950429831558,17.90302644291673,0 -93.35953179020859,17.90363821867447,0 -93.35956621339953,17.9044041915572,0 -93.35958689871325,17.90486445006061,0 -93.35962142650726,17.90563267064388,0 -93.35964909589697,17.90624826018135,0 -93.35967680730865,17.906864752449,0 -93.35970456064582,17.90748214515993,0 -93.35973931194479,17.90825516697847,0 -93.35978110085652,17.90918466924774,0 -93.35980203114612,17.90965018992055,0 -93.35984396340778,17.91058277037095,0 -93.35987898053538,17.91136150065652,0 -93.35959977828563,17.91182991536244,0 -93.35963462505251,17.91261094710115,0 -93.35967652908381,17.91355008718174,0 -93.35971152292925,17.9143343011262,0 -93.35957491637841,17.91464863634999,0 -93.35961686226639,17.9155923105077,0 -93.35964487975187,17.91622258959989,0 -93.35967996251225,17.91701176114687,0 -93.35956392957431,17.91780264260377,0 -93.35959900687698,17.91859475312678,0 -93.35963415169914,17.91938833513445,0 -93.35950372150972,17.91986543939594,0 -93.35953883376088,17.92066139614272,0 -93.35926336707483,17.92129971603878,0 -93.35884939292063,17.92225898503736,0 -93.35871809178499,17.92273930107624,0 -93.3584481914589,17.92354111504331,0 -93.35833013162056,17.92434418932724,0 -93.35805257969983,17.9249880241884,0 -93.35760861680491,17.92531078885215,0 -93.35683316249877,17.9261393667364,0 -93.35667074864983,17.92622164792823,0 -93.35635750577575,17.9265505065696,0 -93.35598271593568,17.92720934893338,0 -93.35567394467445,17.92762232229408,0 -93.35537027038511,17.9281188595136,0 -93.35507719848373,17.92878256419016,0 -93.35468713940504,17.92928203439305,0 -93.35454533332613,17.92969885572098,0 -93.35431272345262,17.93003312238157,0 -93.35409072063571,17.930535306743,0 -93.35402208109616,17.93078677905396,0 -93.35363969044036,17.93145920313518,0 -93.35357062671676,17.93171179119003,0 -93.35334683025867,17.9322180329164,0 -93.35327211307074,17.93238705251144,0 -93.35313315055747,17.93289478289964,0 -93.35290819253048,17.93340389447569,0 -93.35268268631322,17.93391424378555,0 -93.35253727357127,17.93434040933705,0 -93.35240718627547,17.93502389692419,0 -93.35226110823882,17.93545231775217,0 -93.35195779195689,17.93613972556956,0 -93.35189205175965,17.93648412168098,0 -93.35157218950526,17.93691581612039,0 -93.35125667907916,17.93743489484721,0 -93.35085873571552,17.93804214659309,0 -93.35062822074487,17.93856384384393,0 -93.35038744647287,17.93891250375134,0 -93.35022831459011,17.93917433696819,0 -93.35007377554003,17.93952385156785,0 -93.34958043993146,17.94004964668537,0 -93.34916839710208,17.94048880160738,0 -93.34902167729726,17.94101638754548,0 -93.34861263158254,17.94154572618997,0 -93.34820257209539,17.94207637751051,0 -93.34804970402126,17.94251927141311,0 -93.34763801135506,17.943052342128,0 -93.34756761652471,17.94340811221272,0 -93.34715446939882,17.9439433970382,0 -93.3468240441597,17.94439046374658,0 -93.34674859757853,17.94465893969117,0 -93.34641311104625,17.94501782973423,0 -93.34590484487337,17.94546743325034,0 -93.34557586760525,17.94600771534962,0 -93.34506174102638,17.94636915478146,0 -93.34480812393855,17.94664040699321,0 -93.34421511003617,17.94727465245318,0 -93.343871883971,17.94754719205574,0 -93.3436983375931,17.94763821487021,0 -93.34327279470087,17.94809314990274,0 -93.34292832789384,17.94836671847714,0 -93.34258674698351,17.94873181396844,0 -93.34207008250453,17.94918919672854,0 -93.34172084607991,17.94937266118209,0 -93.34128236043576,17.94955643115752,0 -93.34102149080752,17.9497400540309,0 -93.34041002334769,17.95010791434542,0 -93.34032095763223,17.95010806556994,0 -93.33979752583089,17.95047639720705,0 -93.33962465800229,17.95066064488848,0 -93.33909997494993,17.95102990949173,0 -93.33848013325068,17.95121538389879,0 -93.33794674115762,17.95130855999396,0 -93.33750471724707,17.95149396696914,0 -93.33724109099704,17.95167922678362,0 -93.33688568193695,17.95177229621791,0 -93.33634925402249,17.95177321028529,0 -93.33617044526791,17.95177351512189,0 -93.33563588941125,17.9518669300968,0 -93.33545704264154,17.95186723528051,0 -93.33501166529639,17.95196053795289,0 -93.33465722447745,17.9521463456784,0 -93.33421139495344,17.95223976494212,0 -93.33341010701928,17.95251935116701,0 -93.3326949114773,17.95261339281472,0 -93.33215859976062,17.95270716840266,0 -93.33153244850293,17.9528011382035,0 -93.33135322355612,17.95280144571545,0 -93.33090516119105,17.95280221484339,0 -93.33045787420704,17.95289591863558,0 -93.33009934846709,17.9528965348225,0 -93.32974082264931,17.95289715132975,0 -93.329561559816,17.95289745970332,0 -93.32911340274634,17.95289823098746,0 -93.32884450850065,17.95289869399811,0 -93.32821708858849,17.95289977505672,0 -93.32776872752039,17.95280761265719,0 -93.32732066533858,17.95280838576286,0 -93.32696221546635,17.95280900460564,0 -93.32642454046079,17.95280993346684,0 -93.32597647761861,17.95281070806542,0 -93.32570763977064,17.95281117306349,0 -93.32534918899447,17.95281179333993,0 -93.32472189991823,17.95281287958984,0 -93.32418422280976,17.95281381143823,0 -93.32355693186604,17.95281489950139,0 -93.32328809250862,17.9528153661132,0 -93.3227504136994,17.95281629987402,0 -93.32230234728318,17.95281707855631,0 -93.32194389358862,17.95281770186115,0 -93.32131659844457,17.95281879341246,0 -93.32077891560915,17.95281972980584,0 -93.31979316161747,17.95282144839053,0 -93.31916586108127,17.95282254329289,0 -93.31871778786888,17.95282332596518,0 -93.31826971419383,17.95282410913556,0 -93.31773395169169,17.95273214909032,0 -93.3172004562534,17.95254740660064,0 -93.31657788996753,17.95236297790504,0 -93.31604533378588,17.95217855179319,0 -93.31560504623967,17.95190157495657,0 -93.31525224008891,17.95171722362682,0 -93.31489973088854,17.95153302833555,0 -93.31455011510154,17.95125671424135,0 -93.31410633065408,17.95116526165346,0 -93.31358186872986,17.95079764805475,0 -93.31304957224454,17.95070654578537,0 -93.31260966291353,17.95052336134882,0 -93.31198564851684,17.95052445769429,0 -93.31163227293648,17.9504331583842,0 -93.31100838544791,17.950434255637,0 -93.3103914288167,17.95025161612952,0 -93.30985688788024,17.95025255729456,0 -93.30958961747436,17.95025302809999,0 -93.30887688984083,17.95025428431958,0 -93.30807506733532,17.95025569883731,0 -93.30753644596351,17.95034849393848,0 -93.30717585553872,17.95044101405595,0 -93.30672596161148,17.95053373141881,0 -93.30609315958922,17.95071881195524,0 -93.305638270731,17.95090373429888,0 -93.30509832288952,17.95099680720437,0 -93.30464740833926,17.95108976329588,0 -93.30419151501631,17.95127500205647,0 -93.30347215121496,17.951368554351,0 -93.30302050192347,17.95146167066327,0 -93.30247414352249,17.95164738657153,0 -93.30202199017111,17.95174062299798,0 -93.30165372926746,17.95192625834071,0 -93.30120110966818,17.95201961483809,0 -93.30074829545134,17.95211301175468,0 -93.30047428014086,17.95220612876942,0 -93.30010496624159,17.95239215908602,0 -93.29947241866626,17.95248603780536,0 -93.2990246447002,17.95248684101206,0 -93.2984812993078,17.95258060125731,0 -93.2979377189836,17.95267440250361,0 -93.29730428882701,17.95276840607661,0 -93.29667698687922,17.95276953562824,0 -93.29603660519443,17.95295653775625,0 -93.29558169770465,17.95305034208648,0 -93.29476781909288,17.95314483578757,0 -93.29422272514854,17.9532388849059,0 -93.29376009978289,17.95342596797834,0 -93.29348375081014,17.95351965113941,0 -93.29311749486459,17.95361353757882,0 -93.29238450016045,17.95380143253369,0 -93.29165087582452,17.95398949044733,0 -93.29128382365387,17.95408358060203,0 -93.29091661697412,17.95417770895878,0 -93.29045931686059,17.95427204500596,0 -93.29008394230542,17.95445985382786,0 -93.28962616508973,17.95455431262083,0 -93.28942226268117,17.95483579088907,0 -93.28896395175951,17.95493041275732,0 -93.28812030709251,17.95530749108541,0 -93.28764447167725,17.95559043600377,0 -93.28718498091038,17.95568538650945,0 -93.28679841147806,17.95596865331734,0 -93.28632966960099,17.95615808796101,0 -93.2859596372416,17.95625311893014,0 -93.28549022644937,17.95644280283011,0 -93.28511977002448,17.95653795800574,0 -93.28455018728862,17.9568226640168,0 -93.2840887230047,17.95691815325514,0 -93.28379882737013,17.95710807690501,0 -93.28359924079925,17.95729799559522,0 -93.2832182830996,17.95748841644799,0 -93.28237425278915,17.9577748665331,0 -93.28190165345823,17.95796586880639,0 -93.281700855331,17.95815652871157,0 -93.28104599380941,17.95834820698737,0 -93.28058214669544,17.95844436575273,0 -93.280299734907,17.95854022475839,0 -93.27993645852264,17.95854090992282,0 -93.27955282453583,17.95873241189511,0 -93.27907795999079,17.95892425246053,0 -93.27869361706438,17.95911608816559,0 -93.27842079459332,17.95911660538191,0 -93.27786459548707,17.95921327705024,0 -93.2774901100514,17.9593096463561,0 -93.27702446094914,17.95940623147193,0 -93.27646757781937,17.95950303322185,0 -93.27599052580577,17.9596955501041,0 -93.27570629916846,17.95979195606652,0 -93.27478421323316,17.95988962775882,0 -93.27449959433744,17.95998612259862,0 -93.27382736566815,17.9602755112394,0 -93.2730978657862,17.9602769142306,0 -93.27290383286113,17.96037340454053,0 -93.27234479643002,17.96047064068961,0 -93.27197987855043,17.96047134483981,0 -93.2717974162256,17.96047169710286,0 -93.27105550208034,17.96056933220988,0 -93.27067834410369,17.96066630552837,0 -93.27003942776139,17.9606675436991,0 -93.26946695330436,17.96086126832642,0 -93.26796449516252,17.96109807691382,0 -93.26763251447098,17.96109881802074,0 -93.26735586446949,17.96109943568791,0 -93.2669685544914,17.96110030054306,0 -93.26675509515616,17.96115664398126,0 -93.26644621569174,17.96132519401849,0 -93.26596259988581,17.96143839952877,0 -93.26574825075167,17.9614950065273,0 -93.26553373473321,17.96155165769044,0 -93.26527083668313,17.9616647202352,0 -93.26494474918185,17.96172175168397,0 -93.26462547327237,17.96183520399597,0 -93.26429181133773,17.96183595017514,0 -93.26396496024448,17.9618931165402,0 -93.26368680056541,17.96189373881443,0 -93.26340864100001,17.96189436117599,0 -93.2629700111103,17.96195182221347,0 -93.26263608923666,17.96195256964891,0 -93.26235782128093,17.96195319260875,0 -93.26213520719834,17.96195369103985,0 -93.26191259186821,17.96195418953052,0 -93.26153475052358,17.96206812738498,0 -93.2612005676616,17.96206887602403,0 -93.26114487030415,17.96206900081042,0 -93.26058240049659,17.96201369317154,0 -93.26024834807829,17.96201444185214,0 -93.2599647160949,17.9619585537267,0 -93.25957004121943,17.96190295870417,0 -93.25928689527106,17.9618471577742,0 -93.25889279255068,17.9617916496977,0 -93.2583924953734,17.96179277171207,0 -93.25805446178944,17.96173718204963,0 -93.25777662670534,17.96173780533038,0 -93.25772105941047,17.96173792999726,0 -93.25737918499726,17.96162613355104,0 -93.25698643858746,17.96157079835132,0 -93.25676043908966,17.96151513277739,0 -93.25642755475663,17.96151587980811,0 -93.25625731979478,17.96146013280518,0 -93.25586546696826,17.96140492684722,0 -93.25558122542047,17.96129352465273,0 -93.25524885729065,17.96129427068655,0 -93.25496859809287,17.96123894492542,0 -93.25468855636936,17.96118366290291,0 -93.25463320432121,17.96118378716574,0 -93.25435644510239,17.96118440852152,0 -93.25402141827611,17.96112929258185,0 -93.25380009645502,17.96112978955287,0 -93.25341278227924,17.96113065936547,0 -93.25324679003863,17.96113103218659,0 -93.2526381505734,17.96113239942234,0 -93.25225083295922,17.96113326966679,0 -93.251642189769,17.96113463748218,0 -93.25142086423006,17.96113513495782,0 -93.25114420687403,17.96113575686826,0 -93.25075524016765,17.96108080579284,0 -93.2505339990626,17.96108130320886,0 -93.25020070752606,17.96102627024153,0 -93.24975462780813,17.9608601852179,0 -93.24958657486978,17.96074938654421,0 -93.24919718694174,17.96058382009545,0 -93.24897576295369,17.96052892261077,0 -93.24875364597317,17.96041875984856,0 -93.24842184703886,17.96030901415463,0 -93.24814490200806,17.96014421880296,0 -93.24792402300034,17.96003464961797,0 -93.24764905436156,17.95998029756233,0 -93.24742881115341,17.95987097987443,0 -93.24715386085832,17.95970719513696,0 -93.24693442012698,17.95959829664584,0 -93.2466606736274,17.95954427909363,0 -93.24638718727914,17.95943575316823,0 -93.24611427501769,17.95927296947219,0 -93.2458960618704,17.95921907689756,0 -93.24573258672234,17.95916510313335,0 -93.2455146858684,17.95911129289194,0 -93.24524339807475,17.9589492543236,0 -93.24502601619687,17.95889560845641,0 -93.24475502740425,17.95878807349237,0 -93.24442926883418,17.9587347940119,0 -93.24410467938446,17.95862762595256,0 -93.24372732511112,17.95846693699138,0 -93.24361872057895,17.95846718012445,0 -93.24340269863364,17.9584139007133,0 -93.24307962773763,17.95830722038648,0 -93.24292101493721,17.95814677609571,0 -93.24254629373048,17.9579871810039,0 -93.24222647936239,17.95782782751189,0 -93.24212337050935,17.95766835456633,0 -93.24191262831657,17.95750948281525,0 -93.2417598352357,17.9572450551762,0 -93.24170963775673,17.95713953937636,0 -93.24144833866541,17.95692934383765,0 -93.24129901416536,17.95661469889909,0 -93.24125334678968,17.95640560257308,0 -93.24110095911854,17.95619737074301,0 -93.24105572546543,17.95598952474416,0 -93.24095735714103,17.95578241827715,0 -93.24086561414614,17.95542129175776,0 -93.2408209831559,17.95521576062584,0 -93.24072566556428,17.95495979337033,0 -93.24073211726824,17.95480652814027,0 -93.24069651494624,17.95439960204627,0 -93.24070512197108,17.95419698183131,0 -93.24065895956731,17.95404552537021,0 -93.24062376803697,17.95364308382987,0 -93.24063027013794,17.95349273433192,0 -93.24058878348615,17.95324300235015,0 -93.24054525992045,17.95304389816389,0 -93.24050186423871,17.95284537633412,0 -93.24035446900105,17.95264766471997,0 -93.24036346469912,17.95245018519363,0 -93.24021670023347,17.95225362296526,0 -93.24017403403334,17.95205740441875,0 -93.24013612902256,17.95176408733069,0 -93.23998570223965,17.95166690198417,0 -93.23994593619315,17.9514238150615,0 -93.23990153097499,17.95127842969268,0 -93.23985962813599,17.95108503457422,0 -93.23976889223911,17.95084415852482,0 -93.23957342939266,17.95065235161074,0 -93.23947844122755,17.95050874500076,0 -93.23939133731906,17.95022223497135,0 -93.2391947004421,17.95007977560521,0 -93.2390521788292,17.94989004540701,0 -93.23890734411646,17.94974818785438,0 -93.23855071093109,17.94974896405101,0 -93.23834691917436,17.94974940749161,0 -93.23788838616707,17.9497504049616,0 -93.23763364392249,17.9497509589509,0 -93.23742984896876,17.94975140206034,0 -93.23718511471452,17.94961006236821,0 -93.23703581763982,17.94956316356426,0 -93.23678491004925,17.94951651890874,0 -93.23668319263233,17.94951673973834,0 -93.23638527383298,17.94942310791303,0 -93.23623280533141,17.94942343868964,0 -93.23598620307661,17.94932982909224,0 -93.23568148184233,17.94933048967463,0 -93.2354314971878,17.94928400927565,0 -93.23508832664704,17.9491438863938,0 -93.23478403503705,17.94914454505354,0 -93.23448402284207,17.94909830536879,0 -93.23428558162024,17.94905187895843,0 -93.23413794421405,17.94900537577622,0 -93.23388463286629,17.94900592332716,0 -93.23358065731735,17.94900658022385,0 -93.23332734312011,17.94900712749991,0 -93.2330233641176,17.94900778406683,0 -93.23277004701393,17.94900833106814,0 -93.23246606448949,17.94900898730542,0 -93.23221274442238,17.94900953403209,0 -93.23195942298946,17.94901008063397,0 -93.23180742992972,17.94901040853421,0 -93.23144741867603,17.9490580085432,0 -93.23123925321282,17.94910531439499,0 -93.23103093751109,17.9491526539875,0 -93.23071537306106,17.94924721556267,0 -93.23040509767398,17.94929487556399,0 -93.23014539208422,17.94934246004483,0 -93.22993039655273,17.94943707318787,0 -93.22976596024776,17.94953171182187,0 -93.22943637941509,17.94972139540971,0 -93.22910585258822,17.94991162137696,0 -93.22877437530393,17.95010239475192,0 -93.2285571568201,17.95019809749948,0 -93.2282884655621,17.95029404852502,0 -93.22817297580924,17.95038980543724,0 -93.22789692583468,17.95053392110214,0 -93.22767836783076,17.95063024535139,0 -93.2274012828061,17.95077488122227,0 -93.22718196989054,17.95087155206198,0 -93.22690384523261,17.95101671098637,0 -93.22677246269129,17.9512102251498,0 -93.22660352788759,17.95130741599124,0 -93.22636087378302,17.95155061759312,0 -93.22608043504495,17.9516972544146,0 -93.22595465534245,17.95184387220623,0 -93.22576169722559,17.9520889113403,0 -93.22564280446748,17.95218726728102,0 -93.22538908967925,17.95248297033558,0 -93.22526957629091,17.95258190176514,0 -93.22508214440609,17.95278008393702,0 -93.22490207616542,17.95292918822227,0 -93.22460107990011,17.95317842516772,0 -93.22447228204069,17.95332829245825,0 -93.22434319724108,17.95347849043564,0 -93.22404822276251,17.9536795390626,0 -93.22384910558998,17.95393130877924,0 -93.22354393079026,17.95418424196626,0 -93.22349127166542,17.95418435766848,0 -93.22314076593013,17.9543876110137,0 -93.22288608956413,17.95464211973953,0 -93.22260417854589,17.95474458239385,0 -93.22202088972364,17.95505230753998,0 -93.22195876549847,17.95510365090425,0 -93.22164743601247,17.95536094242756,0 -93.22133494119062,17.9556191957048,0 -93.22110311258217,17.95572300177135,0 -93.22073542186143,17.95598272961848,0 -93.2205025317617,17.95608708302678,0 -93.2203761558868,17.95619135631983,0 -93.22001580686234,17.95640061099922,0 -93.21966446657009,17.95655814444969,0 -93.21942979707759,17.95666336487733,0 -93.21919477525742,17.9567687427496,0 -93.21901309240859,17.95687416185731,0 -93.21875645910063,17.95708523875765,0 -93.2184125734523,17.95719149670549,0 -93.21804664274286,17.95740377517707,0 -93.21782017865949,17.95745724646279,0 -93.21765840941208,17.9574576077189,0 -93.21733487086681,17.95745833023419,0 -93.21711917500691,17.95745881192106,0 -93.21684955552462,17.95745941403135,0 -93.21663385628273,17.95745989572972,0 -93.2162563814106,17.95746073870876,0 -93.2161485298893,17.95746097956439,0 -93.21582497302479,17.95746170213903,0 -93.21562096036921,17.9574091905735,0 -93.21535142711276,17.95740979232229,0 -93.21514766729187,17.95735731975363,0 -93.2149860061855,17.95735768056197,0 -93.21477045667099,17.95735816164331,0 -93.21428546694129,17.95735924408584,0 -93.21396213679949,17.95735996572395,0 -93.21369269022018,17.95736056710071,0 -93.21336935344875,17.95736128875595,0 -93.21309990131031,17.95736189014707,0 -93.21292552887274,17.95741520836392,0 -93.21269708881677,17.95746868760575,0 -93.21236056768851,17.95752244870854,0 -93.21218571273248,17.95757588912326,0 -93.212064716529,17.95762924954986,0 -93.21164711976009,17.95778969551819,0 -93.2113635002241,17.95784358034174,0 -93.21106620751378,17.95795087078366,0 -93.21090384820205,17.95795123448541,0 -93.21059232015133,17.95811217454151,0 -93.21048395544625,17.95811241754185,0 -93.21019923672273,17.95816655155617,0 -93.20979187537527,17.95827457914314,0 -93.20949246032768,17.95838252856122,0 -93.209315426141,17.95843662629438,0 -93.20898667737892,17.95865257496163,0 -93.20879470643719,17.95876085895689,0 -93.2083261444531,17.95908646229758,0 -93.2074683387342,17.95941289049258,0 -93.20704274629711,17.95982845852476,0 -93.20678114687412,17.96003690748702,0 -93.20651911642273,17.96024570222848,0 -93.20609053784932,17.96066403421589,0 -93.20564703379739,17.96097907021364,0 -93.20557705807866,17.9611888326779,0 -93.2048670562807,17.96171642048352,0 -93.2047698642743,17.96171672103815,0 -93.20442017195543,17.96203409151312,0 -93.2037645147233,17.96224742124011,0 -93.20340018635207,17.96246020327479,0 -93.20310775837866,17.96246111002299,0 -93.20264501924132,17.9626745531105,0 -93.20218150490007,17.96288835502455,0 -93.20170525420453,17.96299614977619,0 -93.20142404632078,17.96310342821276,0 -93.20084931408699,17.96321170981227,0 -93.20066531756018,17.96331886544477,0 -93.20010108486832,17.96353405750735,0 -93.19981861165297,17.96364178980056,0 -93.19923104581923,17.96364362267329,0 -93.19894808742735,17.96375144777466,0 -93.19806636146092,17.96375420207858,0 -93.19755601649067,17.96354200209923,0 -93.19695869905807,17.96343710662655,0 -93.19645968720788,17.9633319936081,0 -93.19596109196121,17.96322696915743,0 -93.19527672817082,17.96322911256633,0 -93.19487655934229,17.96312387010688,0 -93.19447672446063,17.96301871590381,0 -93.19359755411742,17.96302147359605,0 -93.19301143794083,17.96302331364238,0 -93.1925230071481,17.96302484797986,0 -93.19213225953169,17.96302607608989,0 -93.19154613621964,17.96302791931196,0 -93.19105769820074,17.96302945629994,0 -93.19029054453321,17.96324478150816,0 -93.18971085938843,17.9633531979964,0 -93.18952896734068,17.96356721816277,0 -93.18894822844884,17.96367590971069,0 -93.18836699964588,17.96378469464857,0 -93.18807933541662,17.96389264241145,0 -93.18740517636765,17.96410912314592,0 -93.18653350835991,17.96432659458695,0 -93.18546901251057,17.96465271777013,0 -93.18527239090881,17.96465334285051,0 -93.18459868179363,17.9649790481664,0 -93.18411575193268,17.96519675088491,0 -93.18343045079654,17.96530715592302,0 -93.18304037834118,17.9654167123392,0 -93.18255132699454,17.96552667785713,0 -93.18215673873853,17.96552793934719,0 -93.18176943720712,17.96574626107364,0 -93.18127577927186,17.965747841711,0 -93.18068657490224,17.9658584098969,0 -93.18039331717787,17.96596812287452,0 -93.1795093482603,17.96618878313194,0 -93.17911374025223,17.96619005467145,0 -93.1787181300123,17.96619132686473,0 -93.1782279193572,17.96641109867057,0 -93.17763399198708,17.96641301202057,0 -93.17733702619422,17.96641396925313,0 -93.17684208062659,17.96641556546502,0 -93.17644472324034,17.96630770247799,0 -93.1757520823849,17.96630993851873,0 -93.17525644073945,17.96620248645986,0 -93.1749581822433,17.9659856197419,0 -93.17446294359937,17.96576975687967,0 -93.17426498723648,17.9656618030501,0 -93.17386896594826,17.96522962355849,0 -93.17367145556034,17.96501407979498,0 -93.17337571734377,17.96458376316692,0 -93.17288472927564,17.96415552423172,0 -93.17259083268496,17.96394210136004,0 -93.17249334358756,17.96372840485146,0 -93.17180988409277,17.96330365941676,0 -93.1713224395573,17.9630922907518,0 -93.17103195680943,17.96277448506908,0 -93.17054508608805,17.96266998251362,0 -93.17025364060568,17.96256493929688,0 -93.16976749469755,17.96246061123578,0 -93.16918431815466,17.96235668403965,0 -93.16889202229312,17.96235762575994,0 -93.16840485784685,17.96235919598516,0 -93.16782025533269,17.96236108138809,0 -93.16762538600143,17.96236171013216,0 -93.16694333892259,17.96236391181598,0 -93.16626128215577,17.96236611518821,0 -93.16596896920268,17.9623670600073,0 -93.16538433869518,17.9623689505735,0 -93.16479970068717,17.96237084238152,0 -93.16440993885017,17.96237210427354,0 -93.16411384302928,17.96247887400802,0 -93.16352492606403,17.96258668267519,0 -93.1631306411706,17.96269395047583,0 -93.162824997575,17.96301344182698,0 -93.16242526325549,17.96322751945407,0 -93.16192229457685,17.96354899443842,0 -93.16170730739709,17.96397740033479,0 -93.16119691553031,17.96440821369875,0 -93.16077275413835,17.96505603962271,0 -93.16046126371772,17.96538150997992,0 -93.16025316350351,17.96559895006349,0 -93.15992355158123,17.9662525110415,0 -93.15949886712532,17.96680018423257,0 -93.15927108912902,17.96734953658726,0 -93.15915385410291,17.9676802069464,0 -93.15903029043874,17.96812231016144,0 -93.15879419390481,17.96878847133569,0 -93.15846930955206,17.96923504071849,0 -93.15824356497254,17.96968281434856,0 -93.15812393927011,17.97001948869767,0 -93.15769579178389,17.97047064113748,0 -93.15735325870567,17.97114928727419,0 -93.15712391208412,17.97160367873476,0 -93.156900814661,17.97194567858286,0 -93.15657587135577,17.97228891145404,0 -93.15624273116526,17.972747609698,0 -93.15571278551045,17.973093629605,0 -93.15550195500751,17.97320928673732,0 -93.15476659975953,17.97355721346517,0 -93.15435138539171,17.97367396924905,0 -93.15393580533164,17.97379082973369,0 -93.15342658007239,17.97379256349969,0 -93.1530104049491,17.97390953057904,0 -93.15239905202841,17.97391161599374,0 -93.15209337076199,17.97391265945408,0 -93.15117631684836,17.97391579281624,0 -93.15076873042391,17.97391718686399,0 -93.15016737766578,17.97380369231925,0 -93.14977016345959,17.97368959979892,0 -93.14937328890974,17.97357560734468,0 -93.14889617919795,17.97323178508019,0 -93.14839877495814,17.97311853582366,0 -93.14811579226294,17.97288990003803,0 -93.14764154666173,17.97254786110792,0 -93.14737101513403,17.97220601805218,0 -93.14689895890498,17.97186575229781,0 -93.14661860855369,17.97163928220683,0 -93.14614853712101,17.97130048194911,0 -93.14578044231511,17.97096221176247,0 -93.14530064936463,17.97073798498681,0 -93.14502287044773,17.97051345640313,0 -93.14453222069167,17.97040253635702,0 -93.14433111049867,17.97040322213867,0 -93.14374044588537,17.97029274095997,0 -93.14293632976693,17.97029548598555,0 -93.14243374670308,17.97029720321165,0 -93.14193115594182,17.9702989216559,0 -93.14142855742683,17.97030064131852,0 -93.14108556446295,17.9706396090069,0 -93.1405682519466,17.97075417646402,0 -93.14006476507815,17.97075590540627,0 -93.13954677226363,17.97087057735011,0 -93.13904305188612,17.97087231031726,0 -93.13853932339613,17.97087404453059,0 -93.13793483796192,17.97087612723351,0 -93.13751646071655,17.97099056141929,0 -93.13701248985468,17.97099230094017,0 -93.13671010195964,17.97099334525865,0 -93.13608931468225,17.97110858284305,0 -93.13518172917912,17.97111172404375,0 -93.13466086989389,17.97122672080076,0 -93.134257305227,17.97122812049809,0 -93.13385373959402,17.97122952098885,0 -93.13336646544941,17.97111801871394,0 -93.1328796082832,17.9710066122819,0 -93.13249392580057,17.97089495239451,0 -93.13231002071525,17.97078268791689,0 -93.13185984914192,17.97044612303749,0 -93.13119183204267,17.9702235064061,0 -93.13072580719349,17.97000057286774,0 -93.13044289747953,17.9698894231154,0 -93.12989638665375,17.96955550120908,0 -93.12955152592231,17.96922174065218,0 -93.12912640572158,17.96877793914104,0 -93.12904533001547,17.9686671388476,0 -93.12844157207699,17.96811524117529,0 -93.12829962119612,17.96778447247581,0 -93.1276801355843,17.96734624174245,0 -93.12718152487565,17.96679959952142,0 -93.12692319594571,17.96658179417831,0 -93.12650679618382,17.96614694665528,0 -93.12615082016917,17.9659305808563,0 -93.12571671560137,17.96560637687791,0 -93.12548095419859,17.96528231559821,0 -93.12502848306076,17.96506773918831,0 -93.12477368647347,17.96485284962708,0 -93.12436367115258,17.96442381518644,0 -93.12424941525423,17.96399521462785,0 -93.12389828235045,17.96378245381638,0 -93.12372863824518,17.96314330854366,0 -93.12347683065119,17.96293163454553,0 -93.12330879572104,17.96229674414477,0 -93.12315557111062,17.96208614771308,0 -93.12298889419682,17.96145547128413,0 -93.12285734528022,17.96114147309891,0 -93.12274703713442,17.96072380440804,0 -93.1227129222991,17.96041129706495,0 -93.12254842736881,17.95978892643089,0 -93.12232189160494,17.95947937744461,0 -93.12233036223409,17.95896387378641,0 -93.12220091334505,17.95865603590204,0 -93.12215558172102,17.95793983868528,0 -93.12202687374172,17.95763451512484,0 -93.12191944477192,17.95722836820628,0 -93.12183331251882,17.95672238850112,0 -93.12161040037201,17.95642035331468,0 -93.12140909449832,17.95601847021385,0 -93.12130335407512,17.95561757795399,0 -93.12122953860693,17.95551771336786,0 -93.12097716269396,17.95491960005514,0 -93.12068359611423,17.95452287781082,0 -93.12063158563329,17.95432468741847,0 -93.12024501694691,17.95393018574429,0 -93.12009929110219,17.95373325687081,0 -93.11971450127447,17.95334065129844,0 -93.11938161362711,17.95314527708353,0 -93.11902750578479,17.95304831654211,0 -93.11876757659229,17.95295112836233,0 -93.11832013137251,17.95285462699659,0 -93.1179890098859,17.95266002799491,0 -93.11761387098385,17.95266124392805,0 -93.11726115548603,17.95256466734574,0 -93.11707365416646,17.95256527503797,0 -93.116323638476,17.95256770657751,0 -93.11566735591224,17.95256983520284,0 -93.11529232670253,17.95257105199987,0 -93.11491729578505,17.95257226909724,0 -93.11444803471029,17.95296516129611,0 -93.11411884565571,17.95316238988244,0 -93.11357701154222,17.95345898513779,0 -93.11314970705784,17.95405218436987,0 -93.11281798758635,17.95425117708289,0 -93.1123420610638,17.9546495128174,0 -93.11198409398408,17.95494911536886,0 -93.11136044099767,17.95555020726873,0 -93.11097466567496,17.95595246604307,0 -93.11082887664523,17.95615393092012,0 -93.11032034040565,17.95665950966357,0 -93.11021761376482,17.95706444619358,0 -93.11016612369237,17.95726741128183,0 -93.10972369527151,17.95787926694256,0 -93.10938394410893,17.95808453309358,0 -93.10864970345752,17.95870140133742,0 -93.10822771577661,17.95921714935646,0 -93.10770744251143,17.95973536116685,0 -93.10743289998389,17.96004718947235,0 -93.10693668174004,17.96046460987507,0 -93.10649415056206,17.96067450260682,0 -93.10612002966677,17.9609890075223,0 -93.10577298677997,17.96119944750469,0 -93.10548166753227,17.96120044457926,0 -93.1044851980373,17.96104863147468,0 -93.10432149246166,17.96114557506775,0 -93.10423953312821,17.96119410974358,0 -93.10407540283389,17.96129130478047,0 -93.1039148692459,17.96143704862293,0 -93.10367139405216,17.96163208463361,0 -93.10350984756722,17.96177871404726,0 -93.1032613103085,17.96192609366278,0 -93.10304840753861,17.96197585869877,0 -93.10283188387183,17.96197678024665,0 -93.10270196831985,17.96197733329464,0 -93.10248872460404,17.96202714378742,0 -93.10218545011027,17.96202843591369,0 -93.10192549613524,17.96202954383975,0 -93.101798504597,17.96207903108925,0 -93.10158177813673,17.96207995549354,0 -93.10140839474514,17.96208069519817,0 -93.10110497028451,17.96208199006361,0 -93.10088823521635,17.96208291526784,0 -93.10084488768058,17.96208310033954,0 -93.1005390104729,17.96203545882978,0 -93.10036332592546,17.96198730340958,0 -93.10010120633908,17.96193955890462,0 -93.0999236858316,17.96184271594427,0 -93.09969910533832,17.96164897620546,0 -93.09955950425557,17.96140714037279,0 -93.09938328430813,17.96131120929829,0 -93.09925038157569,17.96121525971376,0 -93.09906935359716,17.96097546448669,0 -93.09902112526501,17.96083182436489,0 -93.09888398177104,17.96059348347991,0 -93.09870311225313,17.96030888508696,0 -93.09856728452972,17.96007276707408,0 -93.0984335325969,17.95988470050377,0 -93.09833975028364,17.9596033470173,0 -93.09829016787542,17.95936985596557,0 -93.09819718264205,17.95909110636491,0 -93.09815086579027,17.95895225913495,0 -93.09805991024534,17.95872168246509,0 -93.09800870040553,17.95840018076598,0 -93.09791597412865,17.95808073173803,0 -93.09787167433223,17.9579898774862,0 -93.09778089338448,17.95771804787863,0 -93.09769172467485,17.95749261446448,0 -93.09760180401416,17.95722325701774,0 -93.0975559110432,17.95704437032688,0 -93.09751016959315,17.95686607408126,0 -93.09738406408322,17.95677757216031,0 -93.09733871842489,17.95660015488956,0 -93.09725427923755,17.95651191939224,0 -93.09708491713216,17.95629179415044,0 -93.09695729427555,17.95607240047874,0 -93.09683177509282,17.9559413961121,0 -93.09666489344988,17.95576722175667,0 -93.09658028199317,17.95559328027904,0 -93.0964137338289,17.95537689852471,0 -93.09637175234879,17.95529049202194,0 -93.09620609886571,17.95507533705071,0 -93.09608169823741,17.95486088669716,0 -93.09599874653006,17.95468988409412,0 -93.09579506714863,17.95456256870022,0 -93.09567240673499,17.95439269175285,0 -93.09546992288004,17.95430853058085,0 -93.09538818939474,17.95409700455534,0 -93.09518650015907,17.95401331503221,0 -93.0950656544822,17.95397160162858,0 -93.09486447625639,17.95384601182249,0 -93.09474395122905,17.95380443146637,0 -93.09462363169291,17.95372088441088,0 -93.09442327212635,17.95363779366193,0 -93.09430316156843,17.95359637860551,0 -93.09410361221873,17.9534716856536,0 -93.09398454883721,17.95334696782505,0 -93.09374543708863,17.95326463102013,0 -93.09358606477659,17.95322367189038,0 -93.09342681790841,17.95318274504964,0 -93.09318852288608,17.95310066780974,0 -93.09306951656676,17.95305967763487,0 -93.09291072355343,17.95301887986792,0 -93.09275205526303,17.95297811419425,0 -93.09251381220474,17.95293770030059,0 -93.09239525793569,17.95289683901943,0 -93.0921584294571,17.9528152123976,0 -93.09192315399096,17.95269253582969,0 -93.09180511177183,17.9526518671227,0 -93.09156798497797,17.95261170738431,0 -93.09141046391655,17.95257126113259,0 -93.09121337015081,17.9525310053539,0 -93.09105458837577,17.95253164059437,0 -93.09090055584396,17.95240931755656,0 -93.0907039692993,17.95236918795307,0 -93.09050927102527,17.95228823168706,0 -93.0902734787055,17.95224835435305,0 -93.09003978812922,17.95216774538562,0 -93.08984399520166,17.95212780365632,0 -93.08965042387747,17.95204722562314,0 -93.08941767460743,17.95196693145341,0 -93.08918078547065,17.9519678753793,0 -93.08902748367798,17.95188739037885,0 -93.08887442191232,17.95180703120385,0 -93.08883738561592,17.95176674193375,0 -93.08861084367089,17.95160621338296,0 -93.08846104979416,17.95148606741508,0 -93.0883090255851,17.95140633403308,0 -93.08827235431916,17.95136635822051,0 -93.08809208841441,17.95112700282689,0 -93.08794359798149,17.95100797606037,0 -93.0877982220443,17.95084949909239,0 -93.08768948543974,17.95073096469417,0 -93.08762279594437,17.95057303973782,0 -93.08747277151707,17.95049472055755,0 -93.08732885258387,17.9503378336325,0 -93.08718239126547,17.95022063837177,0 -93.08714957922243,17.95014240498908,0 -93.08700970609141,17.94994757747492,0 -93.08694150624486,17.94983097989544,0 -93.08687655605105,17.94967583462213,0 -93.08673785003805,17.9494827977578,0 -93.08663178787864,17.94936742049989,0 -93.08652918032139,17.94921384655099,0 -93.08643012765586,17.94902242609486,0 -93.08628988144622,17.94887005361284,0 -93.08622654078303,17.94871784761356,0 -93.08608031088804,17.94864236238784,0 -93.08601743281842,17.94849084939955,0 -93.08599284165534,17.94833964858977,0 -93.08586449750661,17.94807647944178,0 -93.08572989888296,17.94788951953888,0 -93.08567151024175,17.94770297290157,0 -93.08556500508143,17.94762887146729,0 -93.08542800817932,17.94748071025656,0 -93.08532552955637,17.94736988104928,0 -93.0851819469602,17.94729642181145,0 -93.08507624692834,17.9472229281781,0 -93.08486531934676,17.94707627005921,0 -93.08468492292242,17.94700339190728,0 -93.08458377207823,17.94689363460177,0 -93.08436640491114,17.94682117041589,0 -93.08408247503202,17.9466759934868,0 -93.08394082581249,17.94660356647687,0 -93.08373291004268,17.94645875038923,0 -93.08359604558608,17.94635034914236,0 -93.0834552266107,17.94627840397544,0 -93.08324005416756,17.94620684740156,0 -93.08321146715866,17.94613469215324,0 -93.08295956463817,17.94606348751355,0 -93.08285682920342,17.94599182490074,0 -93.08256838380498,17.94592096984053,0 -93.08234534738716,17.94592181205272,0 -93.08215948092842,17.9459225138873,0 -93.0819736118099,17.94592321571427,0 -93.08175056517831,17.94592405789727,0 -93.08156469018459,17.94592475970759,0 -93.0814159884284,17.94592532114979,0 -93.08119293214676,17.94592616330569,0 -93.08089551829646,17.94592728616135,0 -93.08070963006878,17.94592798794045,0 -93.08052374081873,17.94592868970576,0 -93.08037502610978,17.94592925111779,0 -93.08022630965741,17.9459298125251,0 -93.0799977069603,17.94596663804645,0 -93.07988612509197,17.94596705939794,0 -93.07973172217538,17.94600363203163,0 -93.07945980015839,17.94607671922751,0 -93.0792072366288,17.9462582936165,0 -93.07892230589941,17.94640435492676,0 -93.07880421719902,17.94644111597809,0 -93.0787548013809,17.94651401134331,0 -93.07840015033278,17.94684389385741,0 -93.07798048160025,17.94710255666001,0 -93.07789244870345,17.94717658844775,0 -93.07762755093377,17.94739935518986,0 -93.07752589352602,17.94754813846652,0 -93.07744860731756,17.94777186605689,0 -93.07739748793988,17.94784676524461,0 -93.0772816688393,17.94807199896304,0 -93.07717878686987,17.94822282292441,0 -93.07710017603416,17.94844962692079,0 -93.0770348325478,17.94860145494578,0 -93.07696244228212,17.94879185625883,0 -93.076830682042,17.94909807549003,0 -93.07676449710979,17.94925189079073,0 -93.0766981084292,17.94940617872409,0 -93.0766630746529,17.9495995193213,0 -93.07662790555989,17.94979360499562,0 -93.0765926001641,17.94998844116934,0 -93.07655715786983,17.95018403111011,0 -93.07660645809324,17.95034074315551,0 -93.0765709183823,17.95053770078549,0 -93.076659422869,17.9506953563541,0 -93.07661673236409,17.95093345627294,0 -93.07660959778478,17.95097324807503,0 -93.07667717757374,17.95125219473335,0 -93.07668075792482,17.95145255649797,0 -93.07676311163104,17.95165339096158,0 -93.07679920510644,17.9518956857897,0 -93.07684259801312,17.9520984203402,0 -93.07697958688355,17.95222000039478,0 -93.07710986153009,17.95238276628655,0 -93.07724754428627,17.95250501761034,0 -93.07731302248455,17.95258678624507,0 -93.07743735601224,17.95279193434006,0 -93.07757597055569,17.95291515628917,0 -93.07766814582307,17.95308028439606,0 -93.0778405898301,17.95324561417898,0 -93.0779266976616,17.95345354480571,0 -93.0779797785551,17.95362055252797,0 -93.07814017336403,17.95387174014581,0 -93.07818036663653,17.95412463043832,0 -93.07816016205838,17.95425169824129,0 -93.07821402434568,17.95442126954946,0 -93.07824787190144,17.95471958745537,0 -93.07828865125285,17.954976587493,0 -93.07834309267699,17.95514850410412,0 -93.07846590124331,17.95540725888684,0 -93.07843236862462,17.9556244174072,0 -93.07851494879171,17.95588567011923,0 -93.07861129415431,17.95606038039197,0 -93.07870795288106,17.95623566291265,0 -93.0787438028451,17.95654435136921,0 -93.07884773687016,17.9566768215507,0 -93.07895192713548,17.95680961844915,0 -93.07910430326503,17.95689798560934,0 -93.07921551003423,17.95698667131482,0 -93.07930108890773,17.95725465077244,0 -93.07934546417729,17.95752413867931,0 -93.07936773554896,17.9576593864106,0 -93.07945422791509,17.95793071937221,0 -93.0794444569962,17.95829514421033,0 -93.07939906280389,17.95861617833174,0 -93.07936647437863,17.9588466454156,0 -93.079320619097,17.95917093238306,0 -93.07928769878824,17.95940374076164,0 -93.07920555370389,17.95968459503798,0 -93.07908042436969,17.95996706474894,0 -93.0788829504929,17.96015666997147,0 -93.07865016572642,17.96058473520647,0 -93.07850074184795,17.96072846634134,0 -93.07825797955901,17.96092087130208,0 -93.07782035884695,17.96125922717742,0 -93.07759016448564,17.96135673228503,0 -93.07741023756387,17.96140583058058,0 -93.07723015508876,17.96145497194692,0 -93.07701445813733,17.96145591288314,0 -93.07682633726206,17.96155357273025,0 -93.07668895658227,17.96160265478325,0 -93.07646502391783,17.96165215803555,0 -93.07618958716213,17.96175053841608,0 -93.07587859357999,17.9618005515318,0 -93.07569720269422,17.96185003972284,0 -93.07542060830808,17.96194876726335,0 -93.07523877704757,17.96199838639586,0 -93.07501341490548,17.96204823958624,0 -93.07469232381496,17.96214750641136,0 -93.07442299424437,17.96219768353371,0 -93.07432721885509,17.96224713972385,0 -93.07391798143527,17.96234714091257,0 -93.07386536504987,17.96239653604612,0 -93.0736385975883,17.96244674328419,0 -93.07322802634047,17.96254709904722,0 -93.0731219581079,17.96264628208421,0 -93.07292842062706,17.96274602554515,0 -93.07253055979412,17.96299576389828,0 -93.07233590440923,17.96309612254818,0 -93.07207712700854,17.96329678543561,0 -93.07183766013576,17.96339787207291,0 -93.07163149988087,17.96354915059935,0 -93.07132641595182,17.96375161026588,0 -93.07097613680889,17.96395498659723,0 -93.07091090651478,17.96405644952148,0 -93.07070232371763,17.96420947729014,0 -93.07035041964467,17.96461861658495,0 -93.07019544379536,17.96472165697472,0 -93.0700291577471,17.96487626157058,0 -93.06982900674457,17.96518610562271,0 -93.06960564514256,17.9653939987082,0 -93.06926909458282,17.96570723780165,0 -93.06910013786582,17.96586449149866,0 -93.06874911912793,17.9662328643086,0 -93.06836269484343,17.96655085475992,0 -93.06826047431097,17.96660419475098,0 -93.06798631226796,17.9668174125949,0 -93.06788368783253,17.96687099529752,0 -93.0676328806551,17.96697851722331,0 -93.06735669870282,17.96719309889721,0 -93.06715012557278,17.96730099912959,0 -93.06698861822319,17.96740888619902,0 -93.0666903519072,17.96751760682626,0 -93.0666448630041,17.96751781893601,0 -93.06627445837943,17.96773479854634,0 -93.06607905922527,17.9677896470457,0 -93.06594227403022,17.96779028701909,0 -93.06566870044689,17.9677915673731,0 -93.06518809665899,17.96767510998286,0 -93.06514170271245,17.96767532212316,0 -93.06500622863572,17.96770096633574,0 -93.06492442929505,17.96777654026529,0 -93.06476177402499,17.96777728520855,0 -93.06464915618308,17.96780290983654,0 -93.06458295629517,17.96782834303106,0 -93.06453996660986,17.96785369099023,0 -93.06445038857406,17.96787927383555,0 -93.06425452902904,17.96798107237298,0 -93.06421129284301,17.96800654887223,0 -93.06405134090745,17.96803258333293,0 -93.06391459813429,17.96805853281789,0 -93.06382121338216,17.96805896244458,0 -93.06368113400526,17.96805960695263,0 -93.06354105224366,17.96806025154083,0 -93.06344766325211,17.96806068131005,0 -93.06333092538409,17.96806121857231,0 -93.06316748935895,17.96806197083406,0 -93.06305074749015,17.96806250823007,0 -93.06302739880972,17.96806261571646,0 -93.06284343527221,17.96808880625433,0 -93.06279671708994,17.96808902143426,0 -93.06259738479503,17.96819152825762,0 -93.0624650140175,17.96826855515021,0 -93.0623739383725,17.96829449084709,0 -93.06232968254774,17.96832023190953,0 -93.06219412097023,17.96837199663795,0 -93.0620818178825,17.96842374079284,0 -93.06192476446999,17.9685014677019,0 -93.06183310885265,17.96852760260716,0 -93.06174137480329,17.96855375991644,0 -93.06165426094597,17.9686314907605,0 -93.06154101843458,17.96868367725265,0 -93.06138260193289,17.9687620693785,0 -93.06117647736653,17.96884088305266,0 -93.06113345198305,17.96889309675556,0 -93.06104086734214,17.96891956839247,0 -93.06092451080607,17.96894617345535,0 -93.06074287732767,17.96905149310385,0 -93.06055871580014,17.96913094267605,0 -93.0603026939411,17.96921093225252,0 -93.06016165933552,17.96923790212535,0 -93.06004263030759,17.96923846033004,0 -93.05992523637073,17.96926534249639,0 -93.05980774009555,17.96929224819582,0 -93.05973781712659,17.96931895336643,0 -93.05959778930895,17.96937243323155,0 -93.0594799470816,17.96939943228849,0 -93.05943363988467,17.96942611799506,0 -93.05931838937181,17.96950620060125,0 -93.05925072296608,17.96958626500032,0 -93.05913362857174,17.96964009557677,0 -93.05904158338372,17.96972061996794,0 -93.05892405366613,17.96977468399815,0 -93.0587617021416,17.96990962892134,0 -93.05866988745632,17.97001782382135,0 -93.05860081699157,17.97009921684923,0 -93.05853156632026,17.97018082207407,0 -93.05850844264504,17.97020807122021,0 -93.05841878065084,17.97039913366897,0 -93.05834895889009,17.97048152393814,0 -93.05832759400447,17.97056389779619,0 -93.05825936350764,17.97070182390133,0 -93.05818899504558,17.97078501051666,0 -93.05809664089448,17.97095180715013,0 -93.05793262501176,17.97120377792261,0 -93.05790885850664,17.97123192459285,0 -93.05781434367637,17.97137291375098,0 -93.0576721347353,17.97159975171956,0 -93.05759997985498,17.97168532275276,0 -93.05745448289746,17.97182857137614,0 -93.0573829301791,17.97197209676039,0 -93.05730996662916,17.972058666484,0 -93.05721338142109,17.97223226080763,0 -93.05714036503146,17.97234855171571,0 -93.05709124156932,17.97240691567334,0 -93.05701822487518,17.972553039188,0 -93.05689422197136,17.97267073579297,0 -93.05679495055475,17.97278873464444,0 -93.05667035418345,17.97293683662793,0 -93.05662083837605,17.97305555213007,0 -93.05647016470149,17.97323481511682,0 -93.05636925653842,17.97335486961814,0 -93.05631887314227,17.97347511035913,0 -93.0562682234952,17.97356564348145,0 -93.05619196409681,17.97368678415676,0 -93.0561409530284,17.97374758566539,0 -93.05608984806554,17.97380849911439,0 -93.05596149687622,17.97405289055326,0 -93.05588401155397,17.9742065368957,0 -93.05580655946095,17.97426842867056,0 -93.05575396677854,17.97448484626247,0 -93.05570139213044,17.97464036702695,0 -93.05557021330391,17.97485960600287,0 -93.05543817391914,17.97508028375675,0 -93.05541147189194,17.97514354357027,0 -93.05535723115985,17.97533390159985,0 -93.05527758870313,17.97542975282879,0 -93.05522355432716,17.97555770729902,0 -93.05511579160613,17.9757506823131,0 -93.0550353149893,17.97584771740566,0 -93.05487309594777,17.97607507275777,0 -93.05476476803908,17.97620575052182,0 -93.05465602602298,17.9763369279594,0 -93.05449289352381,17.97650174549716,0 -93.0543564892979,17.97663419659369,0 -93.05427474218385,17.97670068349668,0 -93.05413658683359,17.97686711193717,0 -93.05402855394431,17.97690091485558,0 -93.05383680829856,17.97703518928249,0 -93.05361743965125,17.97717012660664,0 -93.0534536252448,17.97723807480235,0 -93.05323424812872,17.97734010574646,0 -93.05318035731649,17.97734039024219,0 -93.05304415835298,17.9773747996813,0 -93.05285231507746,17.97744329263579,0 -93.05252157582835,17.97758039664462,0 -93.05233047659925,17.97761533101315,0 -93.05230342329142,17.97761547456408,0 -93.05213726956713,17.97768429805463,0 -93.05191454619052,17.97778764332441,0 -93.05174971193236,17.97782264124621,0 -93.05163900942128,17.97785738491399,0 -93.05141955045728,17.97789274154909,0 -93.05139238859456,17.97789288642982,0 -93.0511702990151,17.97796254804311,0 -93.05103188604546,17.97799757617361,0 -93.05086611810071,17.97803278491666,0 -93.05067030856745,17.97810257916107,0 -93.05053137100809,17.97813774740366,0 -93.05031047799153,17.97817338972852,0 -93.05014684067172,17.97817426760427,0 -93.04998021351504,17.97820965452875,0 -93.04973462450744,17.9782109735451,0 -93.04953719610725,17.97828112327226,0 -93.04934598346793,17.97828215196246,0 -93.04912744864926,17.97828332807778,0 -93.04896354257961,17.97828421049661,0 -93.04882695124347,17.97828494606163,0 -93.04866303785099,17.97828582900026,0 -93.0485648107649,17.9781827682021,0 -93.04837762044303,17.9781493125998,0 -93.04822554267132,17.97804694239923,0 -93.04807390564663,17.9779448692742,0 -93.047899542172,17.97780908715443,0 -93.04780308177254,17.97770741240225,0 -93.04772990667757,17.977639841073,0 -93.04761099786685,17.97750494447796,0 -93.04756933215981,17.97740386095074,0 -93.04747390364817,17.97730335646414,0 -93.04737454892219,17.97723670524673,0 -93.04728810396882,17.97706977932253,0 -93.0471935343886,17.97697023452549,0 -93.04710354587199,17.97683776237275,0 -93.04700955516422,17.97673888133227,0 -93.04692021560169,17.97660729092933,0 -93.04680459228767,17.97647634199189,0 -93.04672044042476,17.97631303789645,0 -93.04665422689847,17.97621551035324,0 -93.04659720783687,17.97605330102257,0 -93.0465095294896,17.97592430691623,0 -93.04642218098628,17.97579579734003,0 -93.04628715567409,17.97563597599006,0 -93.04622220276534,17.97554036034482,0 -93.04610966655802,17.97541342654801,0 -93.04607604582473,17.97528655984811,0 -93.04599031887351,17.97516043677224,0 -93.04593571879225,17.9750031731302,0 -93.04583415720299,17.97481560868718,0 -93.04570242527687,17.97466034497541,0 -93.04564405398301,17.97453641081969,0 -93.04553424203517,17.97441319851871,0 -93.04548129344866,17.97425939109153,0 -93.04540779633548,17.97407580736674,0 -93.04539194662522,17.97401479351663,0 -93.04531402174719,17.97386294383722,0 -93.0452620103266,17.97371165679483,0 -93.04514924378526,17.97362163050418,0 -93.04509278046123,17.97350150262144,0 -93.04500099033922,17.97344192453109,0 -93.04494495030531,17.97332244964286,0 -93.0449093961022,17.9732330953367,0 -93.04479791982199,17.97314436681188,0 -93.0447120511286,17.97305575099684,0 -93.04465168467048,17.97296724706757,0 -93.04456103309359,17.97290863100871,0 -93.04447054502629,17.97285012004362,0 -93.0443855004046,17.97276229780551,0 -93.04429537051362,17.97270404877168,0 -93.04418025446375,17.97264602975119,0 -93.04411020413235,17.97261712194893,0 -93.04402594690019,17.97252992520096,0 -93.04388081135453,17.97250149676473,0 -93.0437859682345,17.97247284312762,0 -93.04368563896877,17.97247334440983,0 -93.04351570771024,17.97244509106178,0 -93.04346556363225,17.97244534156616,0 -93.04330153894462,17.97238803334814,0 -93.04313199774082,17.97235985468017,0 -93.04298175844075,17.97236060464094,0 -93.04286248602813,17.97233220033541,0 -93.04276236667695,17.97233270003815,0 -93.04263721637217,17.9723333247579,0 -93.04243696998542,17.9723343245372,0 -93.04233684381157,17.97233482453325,0 -93.04221168496724,17.97233544961972,0 -93.04206148966243,17.97233619987273,0 -93.04198639064734,17.97233657505753,0 -93.04181115721155,17.97233745063418,0 -93.04168598662176,17.97233807617971,0 -93.04158584946251,17.97233857668821,0 -93.04139743373166,17.97239755063426,0 -93.04123375417956,17.9724565066758,0 -93.04111998481632,17.97251531804179,0 -93.04102435969598,17.97260335732263,0 -93.04083465704311,17.9726628154643,0 -93.04072016301988,17.97272200239702,0 -93.04051577756535,17.97284057246309,0 -93.04038647958812,17.97295919250689,0 -93.04014095365972,17.97313819023901,0 -93.03998498452539,17.97325802523042,0 -93.03979558304366,17.97340840402741,0 -93.03973722694003,17.97343866637711,0 -93.03957979888629,17.97355960413391,0 -93.03944735087335,17.9736808560096,0 -93.03922213107242,17.97386370438169,0 -93.03908840989246,17.9739860782753,0 -93.03885320241432,17.97420132485672,0 -93.03863261871597,17.97435619599468,0 -93.03853892780712,17.97441837337738,0 -93.0384368880302,17.97451165569462,0 -93.03800636305677,17.97460567427756,0 -93.03796405176645,17.97469613738696,0 -93.03791274953602,17.97472652441405,0 -93.03779529993993,17.97487814674047,0 -93.03761703546979,17.97500030982128,0 -93.03759337558628,17.97503080992327,0 -93.03749424479814,17.97512260019628,0 -93.03735569406773,17.97533720062227,0 -93.03720794163686,17.97549148995147,0 -93.03703547525087,17.97567745718363,0 -93.03687822313897,17.97577114262547,0 -93.03668826204536,17.9758341545148,0 -93.03661525797857,17.97592780879318,0 -93.03650976326313,17.97599065934211,0 -93.03634731921346,17.97605389992175,0 -93.03623759646419,17.97608570265173,0 -93.03609560403012,17.97608641441369,0 -93.03606720514092,17.97608655677797,0 -93.03587943463458,17.97618141554372,0 -93.03576932733253,17.97621332646345,0 -93.03574087994599,17.97621346931867,0 -93.03554528758221,17.9762458365772,0 -93.0354064721087,17.97627794542971,0 -93.03526411010105,17.97627866111008,0 -93.03509662937142,17.97631094147378,0 -93.03498268841234,17.97631151462924,0 -93.03475480202351,17.97631266112591,0 -93.03461236918773,17.97631337781622,0 -93.03441296058189,17.97631438133879,0 -93.03424203479925,17.97631524165441,0 -93.03418803720393,17.97634697976827,0 -93.03398853536926,17.97634798449007,0 -93.033794659126,17.97641197407223,0 -93.03370908283196,17.97641240549186,0 -93.03351210235223,17.97644494524424,0 -93.03340060355819,17.97647708104956,0 -93.03326304489612,17.97654100186446,0 -93.03307057658265,17.97663701425198,0 -93.03287517436522,17.97670149666941,0 -93.0327057266926,17.976734141706,0 -93.0325957828404,17.9767983540942,0 -93.03248108885451,17.97679893553754,0 -93.03219866929874,17.97686413180116,0 -93.03202647484329,17.97686500573668,0 -93.03185427717813,17.97686587982095,0 -93.0317681768541,17.97686631692034,0 -93.03162467445128,17.97686704550236,0 -93.03148116958018,17.97686777418894,0 -93.03133946289712,17.97690041772627,0 -93.03108272839711,17.97693367379533,0 -93.03093909316264,17.97693440405432,0 -93.03082418298338,17.97693498833849,0 -93.0306805432555,17.97693571878746,0 -93.03056858521026,17.97700027416068,0 -93.03042481948583,17.97700100598233,0 -93.03030980548755,17.97700159151432,0 -93.03013728113993,17.97700246994182,0 -93.02999350818253,17.97700320208138,0 -93.02984973269596,17.97700393432752,0 -93.02976232721709,17.97697237145679,0 -93.02956111991378,17.97697339603987,0 -93.02935893944189,17.97694244387699,0 -93.02921436679287,17.97691122480327,0 -93.02906991352472,17.97688003178417,0 -93.02898297521176,17.97684857234226,0 -93.02880858094441,17.97675391390141,0 -93.02863528272084,17.97669123089054,0 -93.02860599537567,17.97665963761314,0 -93.02843308096558,17.97659711085384,0 -93.02831708695298,17.97650279087851,0 -93.02820233664987,17.97647178906706,0 -93.02805913589515,17.97644095753041,0 -93.02794458591853,17.97641000672904,0 -93.02783013014921,17.9763790815457,0 -93.02768725806047,17.97634832601909,0 -93.02751581422683,17.97628631440911,0 -93.02745867395848,17.97625520296452,0 -93.02731618886182,17.97622454901491,0 -93.02717382012648,17.97619392007172,0 -93.02706000902879,17.9761631726412,0 -93.02691786124967,17.97613259393297,0 -93.02683266655349,17.97610175328181,0 -93.02674780416021,17.97600852486381,0 -93.02657810747471,17.97591595635308,0 -93.02643714363288,17.97582347409347,0 -93.02635308587305,17.97573093605429,0 -93.0262123957952,17.97566979716176,0 -93.02610056744008,17.97557778094556,0 -93.02601676903964,17.975516610097,0 -93.0259054111924,17.97542497158174,0 -93.02585008539651,17.9753639106308,0 -93.02568351651458,17.9752423702385,0 -93.02557236445742,17.97518188938669,0 -93.02546205200264,17.97509107330234,0 -93.0254073373127,17.97503055978519,0 -93.02529745192332,17.97494011428601,0 -93.02524372869269,17.97484961188301,0 -93.02510799892562,17.9746994973957,0 -93.02505632118483,17.97454957914009,0 -93.02494757665664,17.97446030631265,0 -93.02492064992236,17.97443055110224,0 -93.024842711405,17.97425211495387,0 -93.02473371993827,17.97419323903921,0 -93.02468315411886,17.97404537426856,0 -93.02463082482173,17.97395705084221,0 -93.02455408887573,17.97378090909273,0 -93.02450210508806,17.97369322459862,0 -93.02447876432525,17.97357641646197,0 -93.02442807658124,17.97346011772011,0 -93.02443441670404,17.97328596760188,0 -93.02438507511462,17.9731417471439,0 -93.02438935536392,17.97302657314436,0 -93.02436855780934,17.97285463260948,0 -93.02431964115878,17.9727121286978,0 -93.02432617396036,17.97254155558448,0 -93.02430457432287,17.97240016094,0 -93.02427975891838,17.97234383757116,0 -93.02428635259061,17.9721750122624,0 -93.02429400577131,17.97197905742704,0 -93.02429836006866,17.97186756758068,0 -93.02430486585656,17.97170098865972,0 -93.02430702763657,17.97164563657772,0 -93.0243156409384,17.97142509269329,0 -93.02432099690718,17.97128795174891,0 -93.02432420046786,17.97120592332932,0 -93.02433058513066,17.97104244058287,0 -93.02433694005816,17.97087971794523,0 -93.02434010643057,17.97079864015266,0 -93.02434431680147,17.97069082935522,0 -93.02435165366072,17.97050296032881,0 -93.02432851500838,17.97042287816501,0 -93.02433481838237,17.97026302150805,0 -93.02434109269859,17.97010390054747,0 -93.02434525954997,17.96999822566625,0 -93.02435458838691,17.96976163650879,0 -93.02436077204803,17.96960481084728,0 -93.02436692748967,17.96944869969125,0 -93.02437407344607,17.9692674661353,0 -93.02438320552476,17.96903585885301,0 -93.02439127092349,17.96883130250122,0 -93.02439928783861,17.96862797380481,0 -93.02440427399283,17.96850151165856,0 -93.02440725670648,17.96842586173095,0 -93.02441419040345,17.96825000279588,0 -93.02439471431538,17.96810011181515,0 -93.02434999036771,17.96795100232401,0 -93.02430444324598,17.96782728838714,0 -93.02428430520274,17.96770391735841,0 -93.02421385265795,17.96758122927487,0 -93.02417093896413,17.96740997357428,0 -93.02410100482687,17.96728836393238,0 -93.02410426796015,17.96721540974534,0 -93.02403576975681,17.96707031875421,0 -93.02404130572097,17.96694961577404,0 -93.02402191153314,17.96682946449609,0 -93.02403187075636,17.96661409502737,0 -93.02401369977207,17.96647140676275,0 -93.02396976677285,17.9663531012854,0 -93.02394842385138,17.96628230136543,0 -93.02392712689029,17.96621165483978,0 -93.02388237585075,17.96611777035312,0 -93.02384007771998,17.96597734069546,0 -93.02377342783316,17.96583762382078,0 -93.02370585946622,17.96572170608626,0 -93.02366419707207,17.9655829794048,0 -93.02359584941591,17.9654910029587,0 -93.02352769610893,17.96539928839459,0 -93.02348407064359,17.96530772853419,0 -93.02341367078343,17.96526225872734,0 -93.02334601761166,17.96517119383401,0 -93.0232812438386,17.96503492213297,0 -93.02318981999711,17.96494460548614,0 -93.02312142144885,17.96487703519022,0 -93.02305316770625,17.96480960832712,0 -93.02300917839105,17.96474221895896,0 -93.0229200174212,17.96463028864864,0 -93.02282967799378,17.96454111016739,0 -93.02278761422932,17.96445197500182,0 -93.02269924639162,17.9643410624417,0 -93.02263200783479,17.96427476225684,0 -93.02256648557808,17.96418647540912,0 -93.02242789196929,17.96412080520286,0 -93.02233400152633,17.96409914974585,0 -93.02224354764408,17.96403345716576,0 -93.02219754121492,17.96401165795046,0 -93.02205796688352,17.96396830877245,0 -93.02189477126529,17.96392512017125,0 -93.02178123503043,17.96385989093309,0 -93.02168982711582,17.96381654738252,0 -93.021620406114,17.96379499915772,0 -93.02150545559466,17.96375184606923,0 -93.02139460537354,17.96366521421707,0 -93.02130374673176,17.96362213884386,0 -93.02121301251242,17.96357912269665,0 -93.0210792202804,17.96349306791966,0 -93.02103818249262,17.96342843185677,0 -93.02061459169656,17.96316735650086,0 -93.02053527031875,17.96316773165889,0 -93.0204131193578,17.96314871080661,0 -93.02031087681965,17.96312961071145,0 -93.0202117973587,17.96313007901464,0 -93.02014928587742,17.96311080593538,0 -93.02005024332428,17.96311127391258,0 -93.01995119834129,17.96311174190376,0 -93.01979272408241,17.96311249070562,0 -93.01971348548022,17.96311286511591,0 -93.0196285259037,17.96307417341356,0 -93.01954652105083,17.96305503669242,0 -93.0194420157774,17.96301652720242,0 -93.01936017620599,17.96299743441176,0 -93.01925864148035,17.96297844930523,0 -93.01917693398873,17.96295938551949,0 -93.01909528827457,17.96294033624591,0 -93.01895708827804,17.96294098731404,0 -93.01887555642901,17.96292195207398,0 -93.01879661313197,17.96292232385797,0 -93.01869793251038,17.96292278859613,0 -93.01859680056572,17.96290386012285,0 -93.0184981549971,17.96290432454259,0 -93.01837977818299,17.96290488185776,0 -93.01830085921716,17.96290525340721,0 -93.01820220900201,17.96290571785212,0 -93.01808382660441,17.96290627519753,0 -93.01800490391165,17.96290664676716,0 -93.01786678646531,17.96290729702857,0 -93.01775051942307,17.96292725051723,0 -93.0176736547733,17.96294703376922,0 -93.01753950646241,17.96298655384594,0 -93.01742092796987,17.96298711287994,0 -93.01732407079515,17.96300703650047,0 -93.01722713698302,17.96302697589117,0 -93.01713201416602,17.96306643480315,0 -93.01701508689034,17.96308651478989,0 -93.01687825545915,17.96310670435539,0 -93.01679901083665,17.96310707872483,0 -93.01675938836836,17.96310726591086,0 -93.01662239873131,17.96312747205145,0 -93.01654478267837,17.96314741315256,0 -93.01642905297552,17.96318715491811,0 -93.01631156570173,17.96320733112159,0 -93.01627186275763,17.96320751901473,0 -93.016134405736,17.96322780548561,0 -93.01605644227733,17.96324782595326,0 -93.01596142130086,17.96330732193462,0 -93.01586477093271,17.96334722159888,0 -93.01578651614436,17.96336733680101,0 -93.01565239782578,17.96344710437686,0 -93.01559385880162,17.96346720412979,0 -93.01549661235399,17.96350735642389,0 -93.01539798437454,17.96352769410373,0 -93.01523931650524,17.96354833352203,0 -93.01520164302818,17.96358832808136,0 -93.01512275121526,17.96360863523409,0 -93.01498373834906,17.96362924492905,0 -93.01484461336686,17.96364987129238,0 -93.0147464222852,17.96369031309927,0 -93.01466719034191,17.96371070170114,0 -93.01456783510268,17.96373120242054,0 -93.0144684000619,17.96375171961311,0 -93.01434962889032,17.9637924190739,0 -93.0142298939231,17.96381308161838,0 -93.01414952195884,17.96381346606252,0 -93.01404975847734,17.96383404942566,0 -93.01397002426815,17.96385455310202,0 -93.01381036396033,17.96389560981184,0 -93.01371030351798,17.96391625937154,0 -93.01358949672986,17.9639168383025,0 -93.01352959158781,17.96393731184238,0 -93.01334915987307,17.96397859793398,0 -93.01322896467229,17.96401966028228,0 -93.01310824291815,17.96404050695731,0 -93.01300761563799,17.96406127354698,0 -93.012886459896,17.96406185567473,0 -93.01280568803456,17.96406224377345,0 -93.01266433461994,17.96406292297243,0 -93.01260388789174,17.96408351345454,0 -93.01246247364897,17.96408419321516,0 -93.01238171044918,17.96410489793314,0 -93.01224023485406,17.96410557826167,0 -93.01209875581715,17.96410625862442,0 -93.01191684915285,17.96410713342679,0 -93.01175514956596,17.96410791107637,0 -93.01165408500968,17.96410839713022,0 -93.01157323211997,17.96410878598579,0 -93.01143173681947,17.96410946651012,0 -93.01127002370026,17.96411024429407,0 -93.01116895073071,17.96411073043169,0 -93.01106834959083,17.96409089552667,0 -93.01098802572355,17.96407097889199,0 -93.01088757255711,17.96405117475582,0 -93.01082699687358,17.96405146581143,0 -93.01064526610494,17.96405233901467,0 -93.01054566159475,17.96401229058601,0 -93.01038424314594,17.96401306566,0 -93.01022282014061,17.96401384077716,0 -93.01008157135247,17.96401451903968,0 -93.00989902552647,17.96403565227433,0 -93.00975771286035,17.96403633113021,0 -93.00967593751949,17.96405699703907,0 -93.00959515281028,17.96405738527874,0 -93.00943357970735,17.9640581617923,0 -93.00937298857602,17.96405845299642,0 -93.00921140912683,17.96405922957075,0 -93.00909022144751,17.96405981203081,0 -93.00896903116269,17.96406039451577,0 -93.00886669321292,17.96408117693334,0 -93.00868482788432,17.9640820514076,0 -93.00860399677961,17.96408244008187,0 -93.00858378876399,17.96408253725247,0 -93.00842212293347,17.96408331463801,0 -93.00834128826718,17.9640837033476,0 -93.00819982444364,17.96408438361802,0 -93.00801793744405,17.96408525830038,0 -93.0079994153439,17.96406505529098,0 -93.00787820144789,17.96406563800091,0 -93.00771657865731,17.96406641498726,0 -93.00765596918535,17.96406670636726,0 -93.00755867525328,17.96402663647807,0 -93.00743754754716,17.96402721838368,0 -93.00729622846353,17.96402789730516,0 -93.00713471690804,17.96402867325476,0 -93.00703376967094,17.96402915824616,0 -93.0068722499698,17.9640299342695,0 -93.0067914885711,17.9640303222966,0 -93.00662773317669,17.96405137157595,0 -93.0065244663933,17.96407214663504,0 -93.00642111594544,17.96409293852398,0 -93.00623200646091,17.96415483049483,0 -93.00612837074684,17.96417568943703,0 -93.00598164373569,17.96421716471115,0 -93.00583978306607,17.96421784872916,0 -93.00575613503706,17.96423866105765,0 -93.00563185379053,17.96425968598074,0 -93.00554805402197,17.96428053216398,0 -93.00534238661066,17.96430198347045,0 -93.00515402967288,17.96434385948244,0 -93.00509022414748,17.96436467559202,0 -93.00494503235512,17.96438590195602,0 -93.00486369546515,17.9643862954219,0 -93.00476202308721,17.96438678727006,0 -93.00461663401326,17.96440803185264,0 -93.00447422829788,17.96440872105608,0 -93.00438657746059,17.96445027739248,0 -93.00434585633846,17.96445047463072,0 -93.00428477407478,17.96445077049427,0 -93.00409826879809,17.9644722652199,0 -93.00397605015678,17.9644728574746,0 -93.00389122973162,17.96449387664255,0 -93.00374857850809,17.96449456821223,0 -93.00366706127792,17.96449496341595,0 -93.00352091568737,17.96451629722424,0 -93.00333742007487,17.96451718723154,0 -93.003235474809,17.96451768171223,0 -93.00307235922671,17.96451847292096,0 -93.00303157931329,17.96451867073277,0 -93.00286095062761,17.96456080082538,0 -93.0027551160578,17.96458199076412,0 -93.00256749871676,17.96460359499992,0 -93.00246537658937,17.96460409120223,0 -93.00238367671548,17.96460448818349,0 -93.00231444479472,17.96464626090575,0 -93.00221223608877,17.96464675794885,0 -93.00211002445984,17.96464725501878,0 -93.00196692575452,17.96464795094965,0 -93.0017787397977,17.96466961037331,0 -93.00167647880694,17.96467010793269,0 -93.00154947445637,17.96469148712032,0 -93.00144716804732,17.96469198512575,0 -93.0012790749619,17.96471358175162,0 -93.00116783036137,17.96475573059512,0 -93.00106090195672,17.96477708052096,0 -93.00092427834397,17.96484033374313,0 -93.00081707544688,17.96486175325816,0 -93.00065937759781,17.9649253135861,0 -93.00063882249711,17.96492541410431,0 -93.00051714206046,17.96500996625843,0 -93.00048706199141,17.96505219342163,0 -93.00034901309026,17.96511611844209,0 -93.00027259404133,17.96517989547928,0 -93.00017530681494,17.96524392989528,0 -93.00009848955243,17.96530801868705,0 -93.00000572465824,17.96535103616869,0 -92.99983544826469,17.96545858096007,0 -92.99969551988984,17.96552350415864,0 -92.99957606564905,17.96558848477994,0 -92.99947716024504,17.9656535223516,0 -92.99938327288427,17.9656971075722,0 -92.99937274643578,17.96574035012399,0 -92.99921058924299,17.96580607451104,0 -92.99915268597199,17.96587144102103,0 -92.99910003969909,17.96591517760383,0 -92.99890506425933,17.96602515035946,0 -92.99881999553514,17.96611309901916,0 -92.99864478107868,17.96622378772057,0 -92.99848425976481,17.96635696740002,0 -92.99830754149713,17.96646867189471,0 -92.9982594037794,17.96649113279696,0 -92.99811834110793,17.96662554266218,0 -92.99803691566842,17.96669305414611,0 -92.99793140814113,17.96685080818448,0 -92.99786473798459,17.96694139961914,0 -92.99774290246543,17.96707796664033,0 -92.99762045152245,17.96721522419268,0 -92.99756812384155,17.96732987969652,0 -92.99744465775976,17.96746841560307,0 -92.99739800017454,17.96756097927281,0 -92.99734486722689,17.9676770976175,0 -92.997228975262,17.96786407181047,0 -92.99716875704065,17.96800499928701,0 -92.99710822957165,17.96814664988633,0 -92.99709526852878,17.96819399045082,0 -92.99701473180689,17.96840814350583,0 -92.99698850361705,17.96850380382721,0 -92.99694238627428,17.96867200352283,0 -92.99691590811486,17.96876857438887,0 -92.996876018626,17.96891405812028,0 -92.99685811492472,17.96906018262783,0 -92.99686023937626,17.96913347174034,0 -92.99684894488327,17.96925612422084,0 -92.99686879117758,17.96942854723435,0 -92.99687310087791,17.96957724703799,0 -92.99689988971492,17.96972660940652,0 -92.99686822053432,17.96992734895434,0 -92.99684997031019,17.97007880461164,0 -92.9968247777788,17.97025654114482,0 -92.99679046104991,17.97038426049825,0 -92.9968152896725,17.97046091841482,0 -92.99676007886944,17.97066700295278,0 -92.99673232502592,17.97077059858632,0 -92.99666250314345,17.97103121772498,0 -92.99660433226823,17.97116253438817,0 -92.9965228232966,17.9712945716428,0 -92.99644810185998,17.97140068335713,0 -92.99627463944785,17.97161419467007,0 -92.99616848971584,17.97174841503208,0 -92.99601523400798,17.97188350864369,0 -92.99597706578379,17.97193758991373,0 -92.99577654118102,17.97221996083702,0 -92.99573829151348,17.97236102484332,0 -92.99560716731011,17.97244647771826,0 -92.9955363232751,17.97256020528349,0 -92.99545804247431,17.97261742118136,0 -92.99538679041954,17.97273169319183,0 -92.99525809580783,17.97284662076619,0 -92.99515764262941,17.97296177128882,0 -92.9950855665907,17.97307714481587,0 -92.99495576745167,17.97319318185923,0 -92.99485094861534,17.9732804911631,0 -92.99466607309732,17.97342652622145,0 -92.99447394018742,17.97351484399178,0 -92.9944194204419,17.97354428180737,0 -92.99433595831732,17.97357389097828,0 -92.99420405061642,17.97369153255477,0 -92.99406861204154,17.97378019996686,0 -92.99396492361603,17.97389836168937,0 -92.99390686694849,17.97389865998773,0 -92.99374459447525,17.97401750629198,0 -92.99355848776797,17.97419620234914,0 -92.99341845882772,17.97425636367788,0 -92.99322258781964,17.97434671563117,0 -92.99303164900043,17.97449709043936,0 -92.99284256373525,17.9746781428243,0 -92.99264741402537,17.97479969630565,0 -92.99262313181374,17.97486024127925,0 -92.99248606187606,17.97498208989386,0 -92.9924296183213,17.97501273000632,0 -92.99226726016666,17.97519617831168,0 -92.99212424452077,17.97525799361444,0 -92.99201523076574,17.97538100278616,0 -92.99198792083504,17.97541181885336,0 -92.99181908815913,17.97553565003345,0 -92.99167504368646,17.97559803200071,0 -92.99156049185569,17.9756603617804,0 -92.99141807682285,17.97575389593657,0 -92.99136266363045,17.97581617319126,0 -92.99118986915555,17.97591025530527,0 -92.99107248108106,17.97594198319655,0 -92.99095880021083,17.97603606608756,0 -92.99087288437909,17.9760989722276,0 -92.99069881904146,17.976193766624,0 -92.99067066020658,17.97622525951481,0 -92.99058604139975,17.97631989659441,0 -92.99044283613205,17.97644660938005,0 -92.9903292479153,17.97657358910185,0 -92.99015339199465,17.97666958547016,0 -92.98991970980559,17.97682980037481,0 -92.98986076867644,17.976861989247,0 -92.98968643001719,17.97702269680801,0 -92.98956665463167,17.97705537343158,0 -92.98945196126223,17.97721657667473,0 -92.9893634113599,17.97728147727916,0 -92.98924430140369,17.97734665181959,0 -92.9890957033178,17.97744445883663,0 -92.98903705915964,17.97750958451355,0 -92.98885947117958,17.97767304933953,0 -92.98870974253421,17.97777169463583,0 -92.98859024751832,17.97787042886834,0 -92.98853176212018,17.97796908553558,0 -92.98838017652103,17.97803560642181,0 -92.9881999529884,17.97820132837527,0 -92.98810992123119,17.97830100373814,0 -92.98801824910818,17.97833462080279,0 -92.98786805565358,17.978534751692,0 -92.98774627911236,17.97863545898225,0 -92.98762579967668,17.97883698232377,0 -92.98750323216686,17.97893847661049,0 -92.98744298019295,17.97907364628411,0 -92.98732020916998,17.97920962780585,0 -92.98725866317935,17.97927779629683,0 -92.98710432790794,17.97944873854745,0 -92.98698037358379,17.97958603079411,0 -92.98682462392598,17.97972397767152,0 -92.98669960185165,17.9798277994879,0 -92.98651147883031,17.9800013293272,0 -92.98635407758763,17.98014073925281,0 -92.98629094638258,17.98021054113565,0 -92.98613284475375,17.98031582701108,0 -92.98600628881412,17.98035139546444,0 -92.98568864497568,17.98052794834792,0 -92.98556083158549,17.98063390291043,0 -92.98540090871428,17.98074031812012,0 -92.98533691177197,17.98077591241768,0 -92.98520771183441,17.98091789333968,0 -92.98511050988036,17.98102471110242,0 -92.98494919638372,17.98113217415227,0 -92.98475620085004,17.98120445660329,0 -92.98449721624692,17.98134869117334,0 -92.98436826939569,17.98138519250018,0 -92.98417511998046,17.98142208922675,0 -92.98385130890243,17.9815315309633,0 -92.98349319542454,17.98167749263201,0 -92.98326399540593,17.98178708344457,0 -92.98316742418594,17.98178763179623,0 -92.98300193723271,17.98189715574732,0 -92.98280692672037,17.98193452497599,0 -92.98264567538251,17.98193544255272,0 -92.98254892279601,17.98193599316983,0 -92.98228907651009,17.98197376617258,0 -92.98203093849268,17.98197523641744,0 -92.98193413432216,17.98197578785716,0 -92.98161358187177,17.98194131853326,0 -92.98138779157301,17.98194260471018,0 -92.98125876568307,17.98194333979646,0 -92.98103775383483,17.98187210264052,0 -92.9807824249166,17.98183735629565,0 -92.98062392150374,17.98180209050337,0 -92.9804307076885,17.98180319011283,0 -92.98026969199738,17.98180410661513,0 -92.98017585674906,17.98176850378566,0 -92.9799855771596,17.98173348147785,0 -92.97979546328291,17.98169848985538,0 -92.9796376624885,17.98166334584569,0 -92.97942504525039,17.98152070830086,0 -92.97929983191561,17.98148553726917,0 -92.97914266272606,17.98145057906905,0 -92.97911059738544,17.98145076097542,0 -92.9789248466831,17.98138020909322,0 -92.97879669539569,17.98138093561655,0 -92.97867882655133,17.98127443214799,0 -92.97849035581382,17.981239838539,0 -92.97830204813725,17.98120527503702,0 -92.97802174439259,17.98113569559278,0 -92.97780195344143,17.98110140271871,0 -92.97764230657077,17.98110230545843,0 -92.97745468526057,17.98106786098903,0 -92.97730315203317,17.98099780036235,0 -92.97714779660573,17.98096326606425,0 -92.97692885046531,17.98092912145186,0 -92.97683326226384,17.98092966113625,0 -92.97667824159711,17.98089518591656,0 -92.97645529239935,17.9808964444263,0 -92.9762004835239,17.98089788304541,0 -92.97604579693304,17.98086343573395,0 -92.97591844276418,17.98086415463515,0 -92.97572740669864,17.980865233147,0 -92.97553636528367,17.98086631184853,0 -92.9753453185094,17.98086739073981,0 -92.97515426636596,17.98086846982091,0 -92.97499001320114,17.98090472109953,0 -92.97471966695335,17.98101240934742,0 -92.97459206150904,17.98101313169259,0 -92.9744910878911,17.98104915333448,0 -92.97428886444862,17.98112129425695,0 -92.97418761584287,17.98115741349355,0 -92.97394733055825,17.98126560377354,0 -92.97368000166222,17.9813385005201,0 -92.97350263828316,17.9814468158135,0 -92.9731727362023,17.9817002012847,0 -92.97294963831405,17.9818820918585,0 -92.97284074741238,17.98195518910721,0 -92.97264236984614,17.98217453166117,0 -92.97250040744309,17.98224834576873,0 -92.9723716811837,17.98243215786233,0 -92.97225514394142,17.9825430705441,0 -92.97215798519309,17.98272803192111,0 -92.97210600427124,17.98283937425272,0 -92.97200814989556,17.98302568439848,0 -92.97197541996766,17.98321246279762,0 -92.97192287959113,17.98332513070845,0 -92.9718502863393,17.98355120261372,0 -92.97176438990213,17.98366499528973,0 -92.97169105809859,17.98389294134605,0 -92.97157735344605,17.98416063599077,0 -92.97150993255806,17.98435282381588,0 -92.9714491087815,17.98450725486379,0 -92.97134772517759,17.98470124889701,0 -92.97129335385378,17.98481803934794,0 -92.97121767599893,17.98505240066837,0 -92.97116289346468,17.9851701743491,0 -92.97112019265593,17.98540631102269,0 -92.97106504141966,17.98552507983992,0 -92.97102188346329,17.98576321593098,0 -92.97095910611891,17.98592292531056,0 -92.97091544355034,17.98616331283273,0 -92.97078410768849,17.98632494852189,0 -92.97076934612598,17.9864056867062,0 -92.97064910662752,17.98668989411063,0 -92.97056988639737,17.98693486161363,0 -92.97050537354208,17.98709902385853,0 -92.97042535977731,17.98734634109042,0 -92.97028353072665,17.98755398850687,0 -92.97025258865443,17.98772031531567,0 -92.97021374311197,17.98792912492995,0 -92.97015562286182,17.98805510984835,0 -92.97010852270266,17.98830774586114,0 -92.97011186124821,17.98847676977582,0 -92.97022008846838,17.98864579498262,0 -92.97022365641784,17.98881613242984,0 -92.97027018800044,17.98894404647778,0 -92.97026599641087,17.9891585814365,0 -92.97034013556073,17.98933047818177,0 -92.9703518275314,17.98946011929202,0 -92.97034781088301,17.98967718374875,0 -92.97034377384331,17.98989531810641,0 -92.97035554548889,17.99002662495889,0 -92.97031591411033,17.99024671147053,0 -92.97026809654295,17.99051225585574,0 -92.97026382175645,17.9907345262402,0 -92.97021558458657,17.99100298945926,0 -92.97026326282669,17.99113736319303,0 -92.97025894481499,17.99136275528654,0 -92.97023468556645,17.99149867121113,0 -92.97022215062691,17.99177150287547,0 -92.9701814001957,17.99200031959229,0 -92.97013222710608,17.99227642712359,0 -92.97008275360356,17.99255421811992,0 -92.97006619525212,17.99264719160078,0 -92.97002465143099,17.99288045432461,0 -92.96995454098303,17.99306816307415,0 -92.96991251936248,17.99330357720687,0 -92.96975954202397,17.99354093180389,0 -92.96968837732616,17.99373135469403,0 -92.96957985223737,17.99392280952853,0 -92.96946214459811,17.99416311915222,0 -92.96927816299811,17.99435686154217,0 -92.96913967170373,17.99450269886114,0 -92.96890788716111,17.99474677793696,0 -92.96881483526722,17.99484476733378,0 -92.96853450180828,17.99513996925281,0 -92.96826188359036,17.99538765117665,0 -92.96809211980487,17.99548749779957,0 -92.96787455634862,17.99563740980387,0 -92.96768577181807,17.99563868912304,0 -92.96749698338266,17.99563996886629,0 -92.96733595432765,17.9956906467358,0 -92.9672603951701,17.99569115945685,0 -92.96699593271478,17.99569295451978,0 -92.96684480534984,17.99569398066156,0 -92.96668333468317,17.99574471776715,0 -92.96641870750608,17.99574651664093,0 -92.96622968297704,17.99574780206585,0 -92.96604065102309,17.99574908794152,0 -92.9657759984003,17.9957508888936,0 -92.96562476230768,17.99575191840234,0 -92.96540892058798,17.99570374293221,0 -92.96529097636517,17.99555592084847,0 -92.96503803537371,17.99550820152924,0 -92.96490967851875,17.9954103502877,0 -92.96472895805849,17.99521474567513,0 -92.96460131787713,17.99511750166249,0 -92.964485353939,17.99497150623514,0 -92.96429486271371,17.99482646774952,0 -92.96408179416018,17.99477923162061,0 -92.96399279527704,17.99468263328401,0 -92.96378020239678,17.99463554249893,0 -92.96357965511623,17.99453999469997,0 -92.96347953381155,17.99449229406642,0 -92.96331687468438,17.99439678808583,0 -92.96317978243988,17.99434948428791,0 -92.96311730676524,17.99430172776199,0 -92.9628809440447,17.99420711112952,0 -92.96274434913003,17.99416000118696,0 -92.96257072868723,17.99411318721527,0 -92.9623848959922,17.99397078867005,0 -92.96224889824465,17.99392391657716,0 -92.96212552532559,17.99382932181008,0 -92.96191579327058,17.99378308851235,0 -92.96139400771639,17.99357162094653,0 -92.96130886104937,17.99352930367514,0 -92.96114325101193,17.99348748735164,0 -92.96084398937765,17.99331847710267,0 -92.96055835768115,17.99327753028371,0 -92.96031312807078,17.99323638521828,0 -92.96010825086172,17.99319504173948,0 -92.95994763426022,17.99319596858109,0 -92.95974686071146,17.99319712724531,0 -92.95959004740384,17.99324055953638,0 -92.95939664010864,17.9933268384291,0 -92.95927970048116,17.99337014932983,0 -92.95909300107888,17.9935421290734,0 -92.95898282015742,17.99367132107351,0 -92.95890566901922,17.99371469178868,0 -92.9588055689306,17.99397357676538,0 -92.95874203811549,17.99419020235704,0 -92.9586307064945,17.99432104532855,0 -92.95852249304114,17.9944957857819,0 -92.95845803435192,17.99471463258924,0 -92.95834910986285,17.99489071759593,0 -92.9582807103654,17.99506716563099,0 -92.95822197915797,17.9953770443835,0 -92.95820073370146,17.99564396480302,0 -92.95814143232599,17.99595731886099,0 -92.95816121686151,17.9962269957674,0 -92.95817446366719,17.99640755729903,0 -92.95827749394887,17.99667907804361,0 -92.95837421711823,17.99686071065827,0 -92.95847127601903,17.99704297350018,0 -92.95856515872569,17.99717996128924,0 -92.95870107487001,17.99731705581572,0 -92.95879550253932,17.99745475866543,0 -92.95889384723289,17.99763909051869,0 -92.9590345239947,17.99782381410236,0 -92.95913363117057,17.99800943731607,0 -92.9592330866287,17.99819571163356,0 -92.95929455510095,17.9984298587501,0 -92.95939468866327,17.99861761230599,0 -92.95948722710914,17.9987114804939,0 -92.95954955671668,17.99894790591275,0 -92.9596162094445,17.9992330521275,0 -92.95966689473076,17.99932826540784,0 -92.95973821481292,17.99966349832211,0 -92.95975885159338,17.99990442026962,0 -92.95977542764881,18.00009793403753,0 -92.95980040355889,18.00038950738486,0 -92.95981294211001,18.00053588345491,0 -92.95982551461407,18.00068265504109,0 -92.95981593325584,18.00107625715857,0 -92.95974608651697,18.00127453030254,0 -92.95967598701942,18.00147352420464,0 -92.95960563140221,18.0016732428246,0 -92.95948325500905,18.00177391751299,0 -92.95941235471909,18.00197473261726,0 -92.95917426288534,18.00227815505032,0 -92.95897097267905,18.0024816413488,0 -92.95876693272764,18.00268587901946,0 -92.95860241446687,18.00283962103676,0 -92.95855843855695,18.00283989749068,0 -92.95830891617639,18.00304573835129,0 -92.95805151046956,18.00314977950644,0 -92.95788190527959,18.00325345840524,0 -92.95763019451478,18.00346083660683,0 -92.95750398776849,18.00356481581552,0 -92.95728893218634,18.00366955054817,0 -92.95724774554701,18.00372156996837,0 -92.95707956422034,18.00387820013281,0 -92.95686645917519,18.00403555289364,0 -92.95664989802286,18.00414117272177,0 -92.95630741333855,18.00440481289316,0 -92.95613425466944,18.00451084445319,0 -92.95591861166709,18.00466998085906,0 -92.95578942736888,18.00477622624962,0 -92.95552797586458,18.00493640069738,0 -92.95544760536778,18.00514894379679,0 -92.95518480406081,18.00531017889226,0 -92.95500918749634,18.00541792351299,0 -92.95488034486,18.00557905295176,0 -92.95475313950699,18.00579431261878,0 -92.9545763619907,18.00590297926095,0 -92.95449538934245,18.00617320392704,0 -92.95432320600969,18.00644530224989,0 -92.95423769378925,18.00660906572067,0 -92.95419572376295,18.00671840264651,0 -92.95411154318306,18.00693770268371,0 -92.95398466828898,18.00726822644065,0 -92.95394550778772,18.00748933186368,0 -92.95386350495066,18.00782273352658,0 -92.95387159213395,18.00810153330913,0 -92.95383193019582,18.00832584613445,0 -92.95384482296345,18.00877646284199,0 -92.95385130692094,18.00900308177003,0 -92.95385781611546,18.00923058095452,0 -92.95382097339942,18.00957380164494,0 -92.95378231158557,18.00986140965881,0 -92.95379034330647,18.01015011183242,0 -92.95370441848991,18.01044086298662,0 -92.9537107192895,18.01067398536371,0 -92.95366986166449,18.01090834676201,0 -92.95367455257687,18.01108448571951,0 -92.95368397626154,18.01143833222095,0 -92.95368712996061,18.01155674835993,0 -92.95365061184968,18.01197338139322,0 -92.95365688750927,18.01221257733075,0 -92.95361539259079,18.01245305512554,0 -92.95362318458309,18.01275459667777,0 -92.95358143458928,18.01299724642964,0 -92.95358917669945,18.01330151985541,0 -92.95359539851444,18.01354604173896,0 -92.95360164549585,18.01379155064422,0 -92.95361106344674,18.01416167607744,0 -92.95361895567187,18.01447183691918,0 -92.95362688812887,18.01478357557134,0 -92.95368046111004,18.01497104054154,0 -92.95373750122597,18.01528498492908,0 -92.95389118218273,18.01553653855583,0 -92.95399458161015,18.015725965774,0 -92.95405095404232,18.01598001710263,0 -92.95410941631391,18.01629913830569,0 -92.95416817983175,18.01661990388022,0 -92.95427486689755,18.01687729074054,0 -92.95438199557641,18.01713574264244,0 -92.95443981539567,18.01739561972697,0 -92.95454773199589,18.0176562230984,0 -92.95461042672214,18.01804987712967,0 -92.95461472436448,18.0181817634652,0 -92.95462767151935,18.01857908287327,0 -92.95463634843237,18.01884535490192,0 -92.95464943253367,18.01924686736908,0 -92.95465820151202,18.0195159582286,0 -92.95461630771602,18.01978655595493,0 -92.95452342757382,18.02005867251145,0 -92.95442806311098,18.02026370623431,0 -92.95433035393488,18.0204010073713,0 -92.95424040429404,18.02081318663115,0 -92.95409283126598,18.02102101900771,0 -92.95394847493105,18.02136814827049,0 -92.95359913310512,18.02178846427705,0 -92.95344781267522,18.02192942848268,0 -92.95319149376314,18.02200135729836,0 -92.95298650250899,18.02207298571007,0 -92.95278005586297,18.02207450932434,0 -92.95257584252194,18.02221648102509,0 -92.95236916369051,18.0222180090377,0 -92.95216337792414,18.02228987842105,0 -92.95195657817595,18.02229140922166,0 -92.95169807187,18.02229332353872,0 -92.95144006587496,18.02236566130422,0 -92.95133660244248,18.02236642846785,0 -92.95097472774232,18.02243961708186,0 -92.95071591369445,18.02244153896095,0 -92.95050885709354,18.02244307712172,0 -92.95025002953182,18.02244500064542,0 -92.94999119443658,18.02244692508307,0 -92.94983624812335,18.0223775687166,0 -92.94947571477941,18.02216917582905,0 -92.94942463508983,18.02209934874481,0 -92.94921879668009,18.02203074554464,0 -92.9490131751086,18.02196221519853,0 -92.94870755863921,18.02168500661105,0 -92.94845130853429,18.02161722253071,0 -92.94829697776953,18.02161836605749,0 -92.94804239209802,18.02148110793502,0 -92.94793961077788,18.02148186918048,0 -92.947685670712,18.02134490093374,0 -92.94753324635798,18.02127671555627,0 -92.9472818581025,18.02107107676969,0 -92.94702756027317,18.02100393721729,0 -92.94677551604322,18.02086798035583,0 -92.94662413045843,18.02080029834174,0 -92.94637290735407,18.02066477127664,0 -92.94622424853644,18.02052877936307,0 -92.94602493881831,18.02039344834407,0 -92.94582604735285,18.02025840240515,0 -92.94562498673118,18.02019173507911,0 -92.94537870985246,18.01998953561547,0 -92.94513036496396,18.01985571167008,0 -92.94487956531687,18.01978983632736,0 -92.94463212800888,18.01965643071935,0 -92.94443262620365,18.01959039011665,0 -92.94417936537694,18.01959224925564,0 -92.94392609635874,18.01959410921151,0 -92.94371989282301,18.01966313224716,0 -92.94345902971919,18.01980028326731,0 -92.94318985736892,18.0200735965183,0 -92.9430723998814,18.02034695071443,0 -92.94299751099122,18.02075841569317,0 -92.94298146979722,18.02103394136999,0 -92.94296535961725,18.02131064849144,0 -92.94305607293509,18.02151819066568,0 -92.9431946543836,18.02179582348435,0 -92.94333383059572,18.02207464711231,0 -92.94337010207329,18.0223554507929,0 -92.94341420058183,18.02249611288507,0 -92.94350086959005,18.02313917537415,0 -92.94362744291919,18.02349261278912,0 -92.94365127866679,18.02374674053143,0 -92.9435764256063,18.02395138453849,0 -92.94350605501273,18.02420801074563,0 -92.9434731212808,18.02436244567784,0 -92.94345427876652,18.02467219338175,0 -92.94343060851475,18.02493156191619,0 -92.94339738498843,18.02508782614336,0 -92.94331189135963,18.02519261527182,0 -92.943249593701,18.02555930009112,0 -92.94326364661583,18.02571686299178,0 -92.94319159344936,18.02598095661769,0 -92.94311458738206,18.02619316180959,0 -92.94293685843493,18.02635354209412,0 -92.94290261927748,18.02651343275556,0 -92.94282024794842,18.02667403576477,0 -92.94250594791752,18.0269437386711,0 -92.94237893474417,18.02715954909633,0 -92.9422031680335,18.02737640929981,0 -92.94202256512835,18.027539852765,0 -92.94188993453083,18.02770341522172,0 -92.94179718493625,18.02775833767201,0 -92.94151041475371,18.02781453753488,0 -92.94131647194193,18.02781576762905,0 -92.94107403753503,18.02781730553774,0 -92.94092105407792,18.02770955526562,0 -92.94071992560643,18.02760229526155,0 -92.94060863596579,18.0273864887852,0 -92.94054596714005,18.02717111588841,0 -92.94053881277698,18.02706355359637,0 -92.94046934810892,18.02674227283704,0 -92.94045170976575,18.02647554217153,0 -92.94043414664881,18.02620994626982,0 -92.94041665827662,18.02594547788685,0 -92.94040620092959,18.0257873350382,0 -92.94038190386107,18.02541989500461,0 -92.94037844460799,18.0253675809272,0 -92.94040171868608,18.02500232280356,0 -92.94042831494542,18.02469091418221,0 -92.9404179488148,18.02453594461562,0 -92.94044440382638,18.02422688240027,0 -92.94043750286858,18.0241243034356,0 -92.94046382137589,18.02381730489964,0 -92.94059416319764,18.02366366182543,0 -92.94061999229646,18.02335896431361,0 -92.94065973062149,18.02325754548675,0 -92.94068179546056,18.02290461720529,0 -92.94071428490179,18.02270374012808,0 -92.94070022077764,18.02250380972305,0 -92.94068970319616,18.02235429461231,0 -92.94066874605217,18.02205637081242,0 -92.94064789229255,18.02175991317302,0 -92.94058452623617,18.02151425544951,0 -92.94047882947447,18.02131878382448,0 -92.94033420056988,18.02122184018098,0 -92.94018980580343,18.02112505346356,0 -92.93999976299706,18.02102869898127,0 -92.93981623562014,18.02102980249962,0 -92.93962967365368,18.02098223424704,0 -92.93944621449646,18.0209833370959,0 -92.93921688567707,18.0209847158142,0 -92.93894168410577,18.02098637050582,0 -92.93871234397393,18.02098774960488,0 -92.93848299868212,18.02098912887715,0 -92.93825364821909,18.02099050832269,0 -92.93797842061315,18.02099216388743,0 -92.93788667658983,18.02099271579679,0 -92.93751969164745,18.020994923715,0 -92.93729031882138,18.02099630389228,0 -92.93710681742118,18.02099740815538,0 -92.93692331240761,18.02099851253125,0 -92.93673980403558,18.02099961701836,0 -92.93651041390403,18.02100099778331,0 -92.93641865622067,18.02100155013894,0 -92.93614337862742,18.02100320736972,0 -92.93600573684732,18.02100403607988,0 -92.93573044756863,18.02100569368826,0 -92.93563868295253,18.02100624627908,0 -92.93540926743253,18.02100762787967,0 -92.93517984632999,18.02100900965613,0 -92.93495042015495,18.02101039160543,0 -92.93481382921208,18.02105991635611,0 -92.93458527535735,18.02111003624866,0 -92.93440427728709,18.02125759496355,0 -92.93426717643749,18.02130732523041,0 -92.93394659180331,18.02140718877645,0 -92.93367336634699,18.02165436328477,0 -92.93344370540326,18.02175424735044,0 -92.93326031318264,18.02190340255558,0 -92.9331223746191,18.02200313931504,0 -92.93293820217809,18.02215291366391,0 -92.93275357088997,18.02230306138937,0 -92.93266117865453,18.02240317908442,0 -92.93242933268461,18.0225542353699,0 -92.9321969060442,18.02270567020811,0 -92.9319170630441,18.02295823907234,0 -92.93168321512636,18.02311068835564,0 -92.93154256978025,18.02321243856622,0 -92.93135455929549,18.02336523992686,0 -92.93111966440249,18.02346799446057,0 -92.93107235733665,18.02351900361564,0 -92.93078826851448,18.02377498153793,0 -92.93064545259126,18.02392891059129,0 -92.93040662432212,18.02418632307489,0 -92.93035873774315,18.02423793568324,0 -92.93011695537849,18.02459985638557,0 -92.93001599383553,18.02496303191669,0 -92.9299666989379,18.02506731771962,0 -92.92986589179219,18.02538093799722,0 -92.92976868356376,18.02548623064256,0 -92.9296670284797,18.02580198583415,0 -92.92951926599964,18.02601388722928,0 -92.92932431528155,18.02617381739813,0 -92.92912886240092,18.02633415941919,0 -92.92883688709522,18.02649552292451,0 -92.92878742397056,18.02654909966002,0 -92.92835350313396,18.02660515774784,0 -92.92816128969427,18.0266063757914,0 -92.92806341728014,18.0266603527742,0 -92.92782117161823,18.02671529186394,0 -92.92748046000489,18.02682439843334,0 -92.92733603991559,18.02682531580067,0 -92.9268500523911,18.02693553478295,0 -92.92631245850436,18.0271000003215,0 -92.92587549980639,18.02715656006725,0 -92.92572791024196,18.02721132300852,0 -92.92553187703088,18.02726644231686,0 -92.92519065891506,18.02732253658077,0 -92.92490062875666,18.02732438952066,0 -92.92460733118681,18.02738022713025,0 -92.92441388272205,18.0273814640744,0 -92.92412370304727,18.02738331986005,0 -92.92388187921064,18.02738486669342,0 -92.92363637210694,18.02744045034687,0 -92.92334604260051,18.0274423089914,0 -92.92315248434659,18.0274435483389,0 -92.92281374644872,18.02744571768594,0 -92.92257178321209,18.02744726759454,0 -92.9223697634136,18.02755673461621,0 -92.9220791423149,18.02755859856509,0 -92.92192941214071,18.02761371650915,0 -92.92159019143163,18.02761589390956,0 -92.92129472898637,18.02767199645682,0 -92.92114451888455,18.02772721453658,0 -92.92090198897917,18.02772877358872,0 -92.92065448169015,18.02778466619375,0 -92.92050385641474,18.02783998373362,0 -92.92021254736561,18.02784185902526,0 -92.91991593499978,18.02789816600061,0 -92.9197594828897,18.02800810962085,0 -92.91951091471731,18.02806425214987,0 -92.91931635264108,18.02806550787672,0 -92.91926212585791,18.02812044500588,0 -92.91891574530625,18.02817731750808,0 -92.9186606141743,18.02828838001066,0 -92.91839905992092,18.02845455090357,0 -92.91799639864004,18.02856705268522,0 -92.91769078561765,18.02867912074939,0 -92.91753141017685,18.02879043268605,0 -92.91727381542789,18.02890257819793,0 -92.91709407843521,18.02918076775574,0 -92.91685767108387,18.02951633462282,0 -92.916781529331,18.02974049002486,0 -92.91665574003349,18.02996575746287,0 -92.91652950591489,18.03019181895719,0 -92.91635327049076,18.03041900624298,0 -92.91626867882627,18.03070321822081,0 -92.91614103045679,18.03093188945086,0 -92.9160627716337,18.03116104085639,0 -92.91599141749667,18.03133352200305,0 -92.91581992054773,18.03150712959109,0 -92.91567598828657,18.03185440327726,0 -92.91554613813831,18.03208717798955,0 -92.91548103801389,18.0322038779145,0 -92.91524981426444,18.03243858160794,0 -92.91511096353329,18.03273213287927,0 -92.91499465254185,18.03285033089524,0 -92.91476140013511,18.03308737000435,0 -92.9144845896918,18.03326639918983,0 -92.91420702271445,18.03344591704191,0 -92.91403848163438,18.03356575411812,0 -92.91376798803201,18.03368650119323,0 -92.91355628404013,18.03374747719023,0 -92.91327642613568,18.03392831518439,0 -92.91278305334866,18.03417101890538,0 -92.91256121805992,18.03429253193007,0 -92.91234797701843,18.03435407214624,0 -92.91213453944174,18.03441566996135,0 -92.91186976631482,18.03447767627455,0 -92.91165590329967,18.03453939000834,0 -92.91126927572556,18.03472311570516,0 -92.91096188668445,18.03472523036663,0 -92.91075695262681,18.03472664055542,0 -92.91050078008141,18.03472840372979,0 -92.9103256730245,18.03454852830999,0 -92.91009993906623,18.03436948829785,0 -92.91012996298383,18.03418918076885,0 -92.91018976580253,18.03383003275715,0 -92.91020962792864,18.03371074873999,0 -92.91026899896005,18.03335418613002,0 -92.91034920300724,18.03317628161858,0 -92.91055946316847,18.03282157022279,0 -92.91069900677293,18.03258615718374,0 -92.91086931966998,18.03246808760025,0 -92.91098900434504,18.03235057045679,0 -92.9111681312999,18.03217469141547,0 -92.91166614762265,18.03188126336758,0 -92.91193485243355,18.03176379216172,0 -92.91227081251449,18.03153082489887,0 -92.91249702904206,18.03135681331792,0 -92.91278109230191,18.03112563378996,0 -92.91301439401296,18.03089560955683,0 -92.91308102698839,18.03078123361557,0 -92.91332979146179,18.03043899053183,0 -92.91347835565844,18.03009921000368,0 -92.91355234381278,18.02992999119055,0 -92.9136423783314,18.0296491649703,0 -92.91377314157053,18.02942500090933,0 -92.91381326456263,18.02914670040473,0 -92.91387709802464,18.02870393245817,0 -92.91391676866837,18.02842876055723,0 -92.91396414659002,18.02810012331231,0 -92.91389052457779,18.02793707202087,0 -92.9138250072959,18.02772011344929,0 -92.91377555331039,18.0273957580836,0 -92.91366219495032,18.02718096364627,0 -92.91360541601733,18.026912959044,0 -92.91358904737012,18.02669919236656,0 -92.91351671601575,18.02653972972653,0 -92.91346053411222,18.02627445174218,0 -92.91329279122598,18.02611667924483,0 -92.91322117122044,18.02595869665406,0 -92.91315780635637,18.02574847350945,0 -92.91303885825761,18.02559172548717,0 -92.91294463229869,18.02527851076461,0 -92.91287393126373,18.02512264591029,0 -92.91278047253046,18.02481179298182,0 -92.91271842714828,18.0246054252139,0 -92.91265659105412,18.02439974731762,0 -92.91253955705555,18.02424638301671,0 -92.91243108090562,18.02404219724317,0 -92.91231466716961,18.02388972365729,0 -92.91219854470712,18.02373762908754,0 -92.91208270816247,18.02358591214917,0 -92.91196715860438,18.02343457139101,0 -92.91182200021574,18.02318287871369,0 -92.91171564432321,18.02298221377611,0 -92.91152492297689,18.02273267175268,0 -92.91136430968487,18.02258372526109,0 -92.91125922676252,18.02238503032915,0 -92.91109070355802,18.02228664163296,0 -92.91092245605972,18.02218841306733,0 -92.91075447940617,18.02209034408975,0 -92.91059565562219,18.02194297053154,0 -92.9104372170289,18.02179595669094,0 -92.91027017780117,18.02169852398842,0 -92.91010341054263,18.02160124889812,0 -92.9099277945961,18.02155323497793,0 -92.90955845710435,18.02155549344371,0 -92.90942927438579,18.02150723383316,0 -92.90906006494495,18.02150949096966,0 -92.90888499612679,18.02146155024624,0 -92.90866395159533,18.0214139296811,0 -92.90848917878431,18.02136606521134,0 -92.90818611505841,18.02127016980267,0 -92.90810383115684,18.02122185821215,0 -92.90774544990064,18.0211752694873,0 -92.90761739776988,18.02112731472997,0 -92.90739746250365,18.0210799589311,0 -92.90717770232685,18.02103264040088,0 -92.90694303416943,18.02083983286814,0 -92.90678011979864,18.02074394044054,0 -92.90669875949374,18.02069605195167,0 -92.90644461309036,18.02060094629113,0 -92.90629293605093,18.02045718515475,0 -92.90605021873372,18.02031432380375,0 -92.90587807384522,18.0202673319215,0 -92.90573820744416,18.02007643095324,0 -92.90560137084707,18.02007725695107,0 -92.90547533833995,18.02003017697146,0 -92.90503035536651,18.01998505874631,0 -92.90498477541176,18.01998533369357,0 -92.90468794545174,18.01989163140044,0 -92.90451694391793,18.01984497268151,0 -92.90442588793523,18.0198455212772,0 -92.90417534059628,18.01975176530212,0 -92.90395926251551,18.01970549052987,0 -92.90387972812985,18.01965843128186,0 -92.90352761185146,18.01961304866247,0 -92.90335746157122,18.01956660881724,0 -92.90318744625287,18.01952020572389,0 -92.90298392778703,18.01942669097271,0 -92.90276890376644,18.01938066934485,0 -92.90263283674362,18.01938148574694,0 -92.90241802793182,18.01933549932399,0 -92.90220338734805,18.01928954900324,0 -92.9020342160549,18.01924336259356,0 -92.90187735184448,18.01915001385566,0 -92.90166699315598,18.01891620823743,0 -92.90158050458048,18.01872934727125,0 -92.90144925077072,18.01854334801557,0 -92.90140834522396,18.01835740357912,0 -92.90137983393241,18.01812566887381,0 -92.90123727509845,18.01798781203515,0 -92.901176756505,18.01771175228445,0 -92.90118904830304,18.01766573767078,0 -92.90119791308634,18.01729945341505,0 -92.90111334427081,18.01711769845549,0 -92.90113784195991,18.01702664371076,0 -92.90111018399888,18.0168001520311,0 -92.90108263156579,18.01657454738797,0 -92.90096679651263,18.01635033747122,0 -92.90094708508079,18.01626074385107,0 -92.90085631735042,18.01594839202929,0 -92.90078049911629,18.01590427311062,0 -92.90089361850023,18.01537500903288,0 -92.90099684618889,18.01524238497646,0 -92.90108761452305,18.01493530304182,0 -92.90114068974184,18.01463028804999,0 -92.90112847994672,18.01445709745634,0 -92.90111934933925,18.014327582953,0 -92.90106720574839,18.01411270705357,0 -92.90101826369981,18.01394149908636,0 -92.90100336251905,18.01372795823577,0 -92.90095470738868,18.01355802105599,0 -92.90094293073514,18.01338838367126,0 -92.90089453530253,18.01321956470501,0 -92.90084629920538,18.01305129937149,0 -92.90075883407391,18.0128419363543,0 -92.90071099706276,18.01267490743057,0 -92.90065772160379,18.01242525898355,0 -92.90061579158392,18.01234248375375,0 -92.90056292195075,18.01209445842488,0 -92.90047684763779,18.01188898720791,0 -92.90032153920238,18.01172581264337,0 -92.90028016904311,18.01164417127304,0 -92.90015645802298,18.01140003688745,0 -92.89996646138083,18.01123868276937,0 -92.89981780564014,18.01115857187963,0 -92.89959759523842,18.0110790847885,0 -92.89941360069604,18.01099947564899,0 -92.89926354500534,18.01087943383795,0 -92.89915392038337,18.01083989514142,0 -92.89897071415314,18.0107606647078,0 -92.89885930874314,18.01068106708955,0 -92.8986746757066,18.01056203054224,0 -92.89852992921089,18.01052298789434,0 -92.8983496092436,18.0104842205022,0 -92.89809808189237,18.01044597351172,0 -92.89791806760692,18.01040726606396,0 -92.89784352058398,18.01032798465339,0 -92.89766227909782,18.01024956169702,0 -92.89751689924242,18.01017101824798,0 -92.89737316829078,18.01013228076424,0 -92.89722954894728,18.01009357289659,0 -92.89705050402415,18.01005513845188,0 -92.89687159727275,18.01001673376388,0 -92.89672601817323,18.00989902958035,0 -92.89643901965715,18.00978257203403,0 -92.8962933092899,18.00962611153105,0 -92.89618432790803,18.00950908966024,0 -92.89604030112459,18.00939258446529,0 -92.89593271298564,18.00931514644702,0 -92.89579004503469,18.00923806931345,0 -92.89564687549999,18.00912220125068,0 -92.89550404195352,18.00900660543456,0 -92.89539666887711,18.00889104307294,0 -92.89525446300325,18.00877598861926,0 -92.89518321560999,18.00869927774566,0 -92.89504153625819,18.00858467164427,0 -92.89490018755703,18.00847033333565,0 -92.8947944883335,18.00839433414022,0 -92.89458388255917,18.00828090850426,0 -92.89451324236154,18.0081668097356,0 -92.89433807608084,18.00801563603826,0 -92.89412832308949,18.00775156919405,0 -92.89402383197654,18.00760121658677,0 -92.89374671996531,18.00726490649443,0 -92.89360876354534,18.00715362608494,0 -92.89350583365113,18.00696789096839,0 -92.89336874946503,18.00682018047062,0 -92.89326621175265,18.00670969438719,0 -92.89313012429069,18.00652588796707,0 -92.89309583799634,18.00652611379318,0 -92.8929600068636,18.00637975352987,0 -92.89285840516064,18.00627027616224,0 -92.89272329702806,18.00612469500873,0 -92.89258859953684,18.00597955625997,0 -92.89245379064016,18.00587121393329,0 -92.89231985824163,18.00572684386161,0 -92.89228643839132,18.00569081967697,0 -92.89215237911051,18.00558313184577,0 -92.89205253695854,18.00547546691734,0 -92.89181817583274,18.00533295270239,0 -92.89155156246905,18.00515524622763,0 -92.89141817620975,18.00508452510681,0 -92.89131873989585,18.00501369118662,0 -92.89112031376631,18.00487234134945,0 -92.89102026721726,18.00483739635501,0 -92.89095397110255,18.00480225980926,0 -92.89078787514811,18.00473228228419,0 -92.89055599973712,18.0046274021616,0 -92.89039050591312,18.00455768381727,0 -92.8901916906036,18.00448828452781,0 -92.89009379344866,18.004418340848,0 -92.88996252525786,18.00434871648588,0 -92.88982995393999,18.00431437311238,0 -92.88960016620122,18.00421042066747,0 -92.88943446537343,18.00417639291379,0 -92.88940266405115,18.00414153264043,0 -92.88923715620837,18.00410755484394,0 -92.88893990898512,18.00403945905726,0 -92.88870986388704,18.00397103535306,0 -92.88854490636177,18.00393718102454,0 -92.88828411843967,18.00383427474957,0 -92.88802173982822,18.00376636305496,0 -92.88782408726651,18.00373286885058,0 -92.8877574799989,18.00373329356638,0 -92.8874934063644,18.00370024761571,0 -92.88729851310924,18.00363210654026,0 -92.88713216630285,18.00363316603718,0 -92.88690185218653,18.00359997914411,0 -92.88673819601409,18.00356639251486,0 -92.88650818529591,18.00353325309538,0 -92.88634200275638,18.00353431041194,0 -92.8862090535916,18.00353515632395,0 -92.88600962398597,18.00353642529393,0 -92.88554426311319,18.00353938668582,0 -92.88534481151454,18.00354065605465,0 -92.88517537656284,18.00357634157982,0 -92.88500909533786,18.00357740042547,0 -92.88473965115774,18.00361375058464,0 -92.88463983882866,18.00361438653066,0 -92.88437366320683,18.00361608254317,0 -92.88420012398073,18.00368653736562,0 -92.8839633520849,18.00372276160952,0 -92.88385969687423,18.00375816321276,0 -92.88372262394388,18.00379380495034,0 -92.88358926818962,18.00379465678672,0 -92.88341090357163,18.00390025444292,0 -92.88324005624361,18.00393621925676,0 -92.88299416259733,18.00404256779894,0 -92.88257614100709,18.0041853182167,0 -92.88236664838946,18.00425685796254,0 -92.88226178166852,18.00429266914171,0 -92.88183699769431,18.00447148898183,0 -92.88151617956382,18.00461490883474,0 -92.88136283682576,18.00475767923779,0 -92.88121379123075,18.00486526107794,0 -92.88113674202053,18.00493697337443,0 -92.88080338397248,18.00515342820815,0 -92.88060916333202,18.00533401706314,0 -92.88045833244006,18.0054429242206,0 -92.88019483911471,18.00562506939265,0 -92.88018964549893,18.00566127075469,0 -92.87995910779166,18.00584403486666,0 -92.8798461762,18.00591747244199,0 -92.87973307126323,18.005991023691,0 -92.87950084609409,18.00617506263897,0 -92.8794213971596,18.00624878733566,0 -92.87930199455957,18.00635958843657,0 -92.87914799975697,18.00647087419834,0 -92.87890197077157,18.00673079091454,0 -92.87871246049758,18.00684317308794,0 -92.87862009730877,18.00699235367826,0 -92.87847022269165,18.00706780880495,0 -92.87823893083522,18.00721861329359,0 -92.87814546707698,18.00736896346553,0 -92.87802316035732,18.00748238298196,0 -92.87781867290529,18.007672008914,0 -92.87770187718202,18.00774830183899,0 -92.87758489861507,18.00782471517405,0 -92.87737882128424,18.00801568846934,0 -92.87702558590436,18.00824656207778,0 -92.87689419780328,18.00840037569361,0 -92.87685252927264,18.00843896454391,0 -92.87669225858274,18.00855515275005,0 -92.8764057184554,18.00878812209031,0 -92.87619524310482,18.0089829130166,0 -92.87606855433596,18.00910015986568,0 -92.87582139592089,18.00929643805379,0 -92.87572923338601,18.00941419279691,0 -92.87547331521569,18.00965103787822,0 -92.87515830997476,18.0100079549084,0 -92.87499340562113,18.01012791304301,0 -92.87494269236176,18.01020763370643,0 -92.8746827993029,18.01044831242985,0 -92.87447302423311,18.01060966447332,0 -92.87428273507352,18.01085179479576,0 -92.87411535314696,18.01097380598436,0 -92.87401954264277,18.01109560954501,0 -92.87382721705661,18.01134010713175,0 -92.87373882808389,18.01142204162813,0 -92.87353696377868,18.01170909772896,0 -92.87339518551049,18.01187405071597,0 -92.87324456815425,18.01208080762552,0 -92.87310439648424,18.01241265485621,0 -92.87305096213724,18.01249608731276,0 -92.87289870740292,18.01270540032874,0 -92.87277382870441,18.0129572937351,0 -92.87261157734821,18.01321070063545,0 -92.87246773590674,18.01355000507609,0 -92.87239545690883,18.01372050102164,0 -92.87232293893906,18.01389156418776,0 -92.87215806857512,18.01414963330496,0 -92.87206674001564,18.01440845380147,0 -92.87188207033203,18.01475602733414,0 -92.87176134693962,18.01497448183522,0 -92.87169615600924,18.01510594090376,0 -92.87161214985866,18.01532559292619,0 -92.87159346639605,18.01541360156224,0 -92.87140539202022,18.01576796294547,0 -92.87135823586915,18.01581260272055,0 -92.87125384110003,18.01612445205815,0 -92.87117767845355,18.016303606162,0 -92.87108192977212,18.01657333897973,0 -92.87103346914586,18.01679893399954,0 -92.87100429319892,18.01693475333551,0 -92.87092612333936,18.01729864378698,0 -92.87083753727167,18.01771101514846,0 -92.87080785558254,18.01784918262642,0 -92.87071834760664,18.01826583422654,0 -92.8706883561173,18.01840544001786,0 -92.87057771585047,18.0189204452666,0 -92.87052707338374,18.01915617008438,0 -92.87055582922699,18.01920313697842,0 -92.87049481376376,18.01948761497813,0 -92.87045395811886,18.01967809778967,0 -92.87043158945654,18.01996477052758,0 -92.87036981396504,18.02025326320879,0 -92.87028693522936,18.02064030202729,0 -92.8702847724374,18.0208345376575,0 -92.87020114767418,18.02122570372853,0 -92.87014857860188,18.02147159879568,0 -92.86998424011392,18.02186795409805,0 -92.8698109997775,18.02211768077295,0 -92.86967702896435,18.02236821367535,0 -92.86949499249413,18.02246977553972,0 -92.86910767908512,18.02277427951696,0 -92.86894688303255,18.02277557874741,0 -92.8687345833099,18.02282768532049,0 -92.86857370372731,18.02282898653351,0 -92.86837259743687,18.02283061346484,0 -92.86826344954827,18.02278110372977,0 -92.86810875139751,18.02258123300653,0 -92.86801155931099,18.02248172624702,0 -92.8678577212662,18.02228292027852,0 -92.86770931717574,18.02223421420653,0 -92.86773270531386,18.02213435931025,0 -92.86691111539392,18.02111411537003,0 -92.86656280385921,18.02094479726743,0 -92.86622432766525,18.0208613380471,0 -92.86589538170408,18.02086359066228,0 -92.8653744014273,18.02061012323885,0 -92.86511880096631,18.02052629472623,0 -92.86460804042387,18.02035878154672,0 -92.86410665622918,18.02027677995873,0 -92.86367894657853,18.0201089946708,0 -92.86340712122535,18.01985516307361,0 -92.86306234938401,18.01968730644056,0 -92.86264444873838,18.01960512504857,0 -92.86230041600496,18.0194375571676,0 -92.86185878972525,18.01910133513454,0 -92.86169529251571,18.01910244717149,0 -92.86118111125676,18.01885203976885,0 -92.86091264862073,18.01860040400195,0 -92.86048157778231,18.0183503128405,0 -92.86005879210647,18.01818474600358,0 -92.85972537660861,18.01810286186055,0 -92.85928876968109,18.01776973323279,0 -92.85894885062309,18.0176042821298,0 -92.85852803687401,18.01743957041749,0 -92.85802646419695,18.01727559540782,0 -92.85768785334032,18.0171107116749,0 -92.85728187575991,18.01711345016185,0 -92.85695048276028,18.01703217209351,0 -92.85645697059689,18.01695203436189,0 -92.85620712478897,18.01687030057658,0 -92.85579520499849,18.01678970609168,0 -92.85545844284559,18.01662537799339,0 -92.85496002945494,18.01646232803613,0 -92.85471103584551,18.01638087242342,0 -92.85430023439953,18.01630055179348,0 -92.85388397060116,18.01613732614343,0 -92.8534626167795,18.01589147920132,0 -92.85312823794212,18.01572817681175,0 -92.85278888241074,18.01548249069871,0 -92.8525307891656,18.01523668675198,0 -92.8523485265694,18.01490852966369,0 -92.85208619246787,18.01458166484015,0 -92.8519048610617,18.01425501450918,0 -92.85189470728024,18.01409143613439,0 -92.85186431664039,18.01360183177161,0 -92.85183403162522,18.01311391669088,0 -92.8520640520745,18.01295006344716,0 -92.85228348272106,18.0126245132673,0 -92.85242775438287,18.01238097593071,0 -92.85272609808143,18.01205621352258,0 -92.85302375112735,18.01173220124241,0 -92.85317232097324,18.01157047523251,0 -92.85354848827986,18.011247061044,0 -92.85377043854159,18.01100538081395,0 -92.85400323765444,18.01092387263889,0 -92.85423021738303,18.01076255827317,0 -92.8547685297076,18.01051963970531,0 -92.8548478604479,18.01051912100961,0 -92.85537916777588,18.010197095975,0 -92.85567788037993,18.00995671083716,0 -92.85605517927149,18.0097162246621,0 -92.85620716056169,18.00963598326918,0 -92.85672886306888,18.0092370108408,0 -92.85718965747122,18.0090761022726,0 -92.85740676583328,18.00883815867239,0 -92.85786650506559,18.00867771288621,0 -92.85816820175064,18.0085184732546,0 -92.85853456599455,18.0082020694101,0 -92.85866437377237,18.00788790912666,0 -92.85911481660182,18.00765047768167,0 -92.85926479094256,18.00757142442158,0 -92.85938641828473,18.00718087144016,0 -92.85918766291915,18.00671587070993,0 -92.85885401031081,18.00648545997426,0 -92.85852091355233,18.00625543176258,0 -92.85827313294382,18.00610245905602,0 -92.85803227491118,18.00602678482198,0 -92.85754444434325,18.00579851504637,0 -92.85737555766455,18.00564554855863,0 -92.85689525812425,18.00549473964885,0 -92.85664905764354,18.00534260624467,0 -92.85633146711832,18.0052678421866,0 -92.8560140482428,18.00519311835178,0 -92.8556848589491,18.00496523093599,0 -92.8554456968843,18.00489017594988,0 -92.8550512385016,18.00481614971942,0 -92.85466266763764,18.00481861978715,0 -92.85427408760431,18.00482108980866,0 -92.85389096131355,18.00490006268438,0 -92.85367394903214,18.00513131308314,0 -92.85337336876105,18.00528668953479,0 -92.85298410572813,18.00528916930023,0 -92.85262554519336,18.00575288441344,0 -92.85210952939205,18.00621917093104,0 -92.85188502506735,18.00637528555325,0 -92.85144487419637,18.00684318952411,0 -92.85121948096078,18.00700001495457,0 -92.85084170079372,18.00723584016665,0 -92.85047237932493,18.00762809509658,0 -92.85039838860399,18.00770668008016,0 -92.85002336782765,18.00802197479851,0 -92.84987927504034,18.00825802813483,0 -92.84973929892723,18.00857305277039,0 -92.84935808466425,18.00881158127087,0 -92.84921301143018,18.00904898388041,0 -92.84908025453926,18.00952398085453,0 -92.84878040865208,18.00984292326455,0 -92.84863430031355,18.01008209381481,0 -92.84834132986171,18.01056166873629,0 -92.84819842523275,18.010881955562,0 -92.84805127023124,18.01112291377889,0 -92.84798345495548,18.01136376491706,0 -92.84775619812319,18.01160607775294,0 -92.84762351910075,18.01217047846866,0 -92.84755508094655,18.01241313536046,0 -92.84741408459996,18.01281867192362,0 -92.84734530655558,18.0130624493417,0 -92.84719626300051,18.01330718048658,0 -92.84713825782012,18.01379631907077,0 -92.84706900171832,18.01404179172377,0 -92.84692648382622,18.01445204020943,0 -92.84685325737718,18.01461658039111,0 -92.84655240306046,18.01511188961433,0 -92.84640508644527,18.01544269821845,0 -92.84633478651425,18.01569103983694,0 -92.84602847475433,18.01610717802765,0 -92.84588002746817,18.01644031190093,0 -92.84573123354399,18.01677422581267,0 -92.84557880520011,18.017025449176,0 -92.8453480475588,18.01736128570397,0 -92.84503534596286,18.01769846492284,0 -92.84449528251481,18.0185432383843,0 -92.84418317206224,18.01896777667043,0 -92.84402819631721,18.01922287950855,0 -92.84387294623909,18.01947843513407,0 -92.84347146570082,18.01973613039461,0 -92.84314872114334,18.01990855879328,0 -92.84258176583702,18.02016815493889,0 -92.84217352049959,18.02025629609845,0 -92.84184718681661,18.02034392671207,0 -92.84160069315406,18.02034562096431,0 -92.84094335702224,18.02035013966686,0 -92.84053250722788,18.02035296437161,0 -92.83969665145304,18.02006221304588,0 -92.8395157878623,18.02001886430003,0 -92.83928623238239,18.01993136198605,0 -92.83924228436454,18.01993165617049,0 -92.83892046861845,18.01980045488271,0 -92.83887655968209,18.01980074846353,0 -92.83860847836326,18.01975814331127,0 -92.83834055509685,18.01971556325845,0 -92.83811666189838,18.01967271527673,0 -92.83776132295452,18.01963077146893,0 -92.83745429649666,18.01963282122533,0 -92.8372349853978,18.01963428541157,0 -92.83692384336277,18.01959207065039,0 -92.83660888724546,18.01950566909788,0 -92.83630210457807,18.01950771493756,0 -92.83599150645914,18.01946557394199,0 -92.8357286129323,18.01946732646707,0 -92.83541826847507,18.0194252091649,0 -92.83519924416986,18.01942666871121,0 -92.83497672500462,18.01938399121992,0 -92.83466677749121,18.01934192203005,0 -92.83436030369847,18.01934396277929,0 -92.83418517117852,18.01934512897144,0 -92.83396625009054,18.01934658676713,0 -92.83370353696205,18.01934833620231,0 -92.83330945213724,18.01935096051368,0 -92.83304671814464,18.01935271016492,0 -92.83274018440082,18.01935475153529,0 -92.832433639728,18.01935679302043,0 -92.83208588111772,18.01940324993475,0 -92.83191318536507,18.01944856926003,0 -92.83179172778105,18.01962632849008,0 -92.83149665097243,18.01985010778207,0 -92.83132558942668,18.01994016962923,0 -92.83115662797789,18.02007488627294,0 -92.8309896137972,18.02025450937957,0 -92.83086407826565,18.0203895231073,0 -92.83078025566387,18.02047967371933,0 -92.83057238265951,18.0207505087469,0 -92.83049453204057,18.02097633794919,0 -92.83036998115158,18.0211579329194,0 -92.83020886644435,18.02152189565574,0 -92.8301259842881,18.02165900704206,0 -92.83000434097328,18.02193370719208,0 -92.82996763829345,18.02211711540419,0 -92.82984530803732,18.02239355832885,0 -92.82972060685326,18.02262488647401,0 -92.82968147457328,18.02276379023004,0 -92.82964226817302,18.02290295893829,0 -92.82956363011485,18.02318209428552,0 -92.82952790124784,18.0234153157201,0 -92.82944693704378,18.02364959423243,0 -92.82936390664165,18.02383768248677,0 -92.82933129506849,18.02416721163688,0 -92.82934211276256,18.02445057165356,0 -92.82935115943022,18.02468753842008,0 -92.8293602352706,18.02492526680149,0 -92.82932556263744,18.02521187182003,0 -92.82933644654122,18.02549926638916,0 -92.82930159382954,18.02578809934594,0 -92.82922252374104,18.02612676341687,0 -92.82923147982117,18.02636914476672,0 -92.8292332745408,18.02641771554049,0 -92.82920158181361,18.02680774842757,0 -92.82916081763517,18.02695474126342,0 -92.82907729517315,18.02720048138669,0 -92.82899522835432,18.02749630140659,0 -92.82900042486334,18.02764431539637,0 -92.82892138672202,18.02804111469125,0 -92.82879366018585,18.02839045264783,0 -92.82879533521722,18.02844034556696,0 -92.82871203091953,18.02874107069468,0 -92.82863002333858,18.02909331617296,0 -92.82859130265206,18.02934577515309,0 -92.82841471641781,18.02970152172517,0 -92.82832534587324,18.02985459242899,0 -92.82828287622978,18.03000762510461,0 -92.82805470667202,18.03026451623079,0 -92.82800898049229,18.03031599827612,0 -92.82773532361853,18.03067699482579,0 -92.82759866202339,18.03088389394225,0 -92.82741173235019,18.03098842925456,0 -92.82722690715985,18.03119652041508,0 -92.82704158125058,18.03140517623037,0 -92.82685257881418,18.03145848824502,0 -92.82666443885637,18.03156380862108,0 -92.82652363868658,18.03166891818305,0 -92.82614449238361,18.03177594718649,0 -92.82576412362631,18.03183093961985,0 -92.82552587059986,18.03183271702158,0 -92.8253840455077,18.03193819632725,0 -92.82495487496018,18.03194140174509,0 -92.82471677735498,18.03199544600592,0 -92.82452595712995,18.03199687230477,0 -92.82423971797725,18.0319990121104,0 -92.82409659442816,18.03200008217405,0 -92.82390582651493,18.03205381216605,0 -92.82357174039412,18.03205631170576,0 -92.82328536931917,18.03205845463536,0 -92.823142179711,18.03205952626237,0 -92.82285579261062,18.03206166983897,0 -92.82271259511293,18.03206274178858,0 -92.82233072169046,18.03206560085096,0 -92.82204430432033,18.03206774564991,0 -92.821901091461,18.03206881821245,0 -92.82142369613737,18.03207239419883,0 -92.82118498693862,18.03207418264463,0 -92.8209462704836,18.03207597138895,0 -92.82061205461342,18.03207847613734,0 -92.8200378420896,18.03213513270545,0 -92.81970212306226,18.032190039734,0 -92.81931687825751,18.03229781680295,0 -92.81907621688481,18.03235212227672,0 -92.8187396755479,18.03240718651979,0 -92.81849511529514,18.03256684301996,0 -92.81834958706951,18.03262061681465,0 -92.81810428637893,18.03278071364909,0 -92.81795647282767,18.03288750828128,0 -92.8179045344352,18.03299372298,0 -92.81760595083296,18.03326117180442,0 -92.81740703826914,18.03342222851816,0 -92.81725374101453,18.03363663372649,0 -92.81724493876752,18.03385052227736,0 -92.81718774077815,18.03406536558635,0 -92.81716764321023,18.03455008271748,0 -92.81720279624479,18.03487451800255,0 -92.81728902148912,18.03514546219945,0 -92.81747311500183,18.03541658368551,0 -92.8175664568743,18.03552514099796,0 -92.81790017663428,18.03574156477927,0 -92.81813882848328,18.03590436411581,0 -92.81837796774234,18.03606749638299,0 -92.81856678484306,18.03628654199576,0 -92.81875783657937,18.036450839983,0 -92.81913953363987,18.03683603159356,0 -92.8193795933493,18.03705680993973,0 -92.81947521336744,18.03716762047437,0 -92.81981635575065,18.03733257276925,0 -92.82005681865702,18.03761084032416,0 -92.82039718491009,18.03788929240748,0 -92.82059096122818,18.0381133742863,0 -92.82078732438166,18.03822486477717,0 -92.82088461765898,18.03833729433088,0 -92.82122708439512,18.0386751273755,0 -92.82142296283301,18.0389013992261,0 -92.82166858080038,18.03918512910155,0 -92.82186504384332,18.039470251593,0 -92.8220132931026,18.0396415643702,0 -92.822160212482,18.03998648162371,0 -92.82215911592778,18.0401021812042,0 -92.82240738888505,18.04044824600156,0 -92.82245636987348,18.04062243637737,0 -92.82250502729528,18.04085540184759,0 -92.82265409231606,18.04120548526484,0 -92.82280508402083,18.04132169372841,0 -92.82300565238887,18.04173239209448,0 -92.82315678600797,18.04202694484314,0 -92.82325789543556,18.0422041001449,0 -92.82335922175257,18.04238163564837,0 -92.82340959317744,18.04267934875682,0 -92.82346023492893,18.0429182080366,0 -92.82361330743505,18.04315691594716,0 -92.82371561546472,18.04357768321469,0 -92.82371562251761,18.04369853535222,0 -92.82376710816723,18.04418327537231,0 -92.82381881154208,18.04454857838014,0 -92.82381893510095,18.04473204329905,0 -92.82381914161367,18.04503871269286,0 -92.82381934885517,18.04534650386352,0 -92.82381951517749,18.04559355128644,0 -92.82376775995634,18.04596592104204,0 -92.8237678053848,18.04609026471585,0 -92.82366362300752,18.04646527430996,0 -92.82355914005407,18.04665384254336,0 -92.82350655330698,18.04696803036659,0 -92.82345386477549,18.04722030902638,0 -92.82329639107417,18.04802185778887,0 -92.82323166148247,18.04831774216451,0 -92.82305931366912,18.04861556549952,0 -92.82292333783199,18.04879505016291,0 -92.82271663030728,18.04885619123094,0 -92.82253445739383,18.04909633454382,0 -92.82233536772034,18.04921750163905,0 -92.82204422648014,18.04945957699953,0 -92.82189029919648,18.04952082972275,0 -92.82158208299626,18.04964347909662,0 -92.82131966151013,18.04970570057569,0 -92.82100294276466,18.0497683845564,0 -92.8207400830286,18.04983070592213,0 -92.82036129519673,18.04983359881735,0 -92.82025306703872,18.04983442550641,0 -92.8199210963229,18.04977664381222,0 -92.81963627895456,18.04965832016748,0 -92.81925086786707,18.0496010802327,0 -92.81913582342715,18.04954182206273,0 -92.81873725283317,18.04936472687416,0 -92.81839347680709,18.04918761877538,0 -92.81821857887698,18.04906935862033,0 -92.81786957335638,18.0488333726149,0 -92.81763536641309,18.04865664393808,0 -92.81734179002321,18.0484214893981,0 -92.81710879188009,18.04824568876068,0 -92.81692377010289,18.04801095816326,0 -92.816691852413,18.04783607880054,0 -92.81644285319501,18.04748588875563,0 -92.81608857075776,18.04713806913373,0 -92.81585326305967,18.04690705328099,0 -92.81557111462311,18.04673503694815,0 -92.81544315721435,18.0465044274059,0 -92.81521512373422,18.04633290918704,0 -92.81502989935274,18.0460464468131,0 -92.8147450613902,18.04581906236416,0 -92.81451373864405,18.04559195716948,0 -92.81417790214678,18.04536630159427,0 -92.81411547329236,18.04525294376943,0 -92.81382864707206,18.04497125077924,0 -92.81349983672906,18.04480389273125,0 -92.81321953563237,18.0445801599444,0 -92.81299677972741,18.04441288625842,0 -92.81294005448699,18.04435708145321,0 -92.81250484873647,18.04413580524152,0 -92.81217511646857,18.04391440549029,0 -92.8119064724636,18.04380471100636,0 -92.81169421897583,18.04375049572424,0 -92.81131834942013,18.04358617722636,0 -92.81104717257118,18.0434214540348,0 -92.8107319148657,18.04336827119409,0 -92.81051715778899,18.04325898410649,0 -92.81024743393436,18.04309497045229,0 -92.80998494674124,18.04304163854678,0 -92.80982623486922,18.04298758845034,0 -92.80950915099116,18.04287960431743,0 -92.80940563222825,18.04288035886673,0 -92.80914381202514,18.04282717815339,0 -92.80872413688967,18.04272017593978,0 -92.80841114241626,18.04266748426101,0 -92.80825338276905,18.04261370138645,0 -92.80799242693212,18.04256070832458,0 -92.80773165378889,18.04250775251477,0 -92.80752268321397,18.04245445867514,0 -92.80720605058488,18.04229255645884,0 -92.80699533982271,18.04218481492268,0 -92.80673556422629,18.04213212273454,0 -92.80657688992518,18.04202423769323,0 -92.80631556503049,18.04191725240545,0 -92.80590040039429,18.04181153520392,0 -92.80569478060666,18.04181302305169,0 -92.80528033808723,18.04170745248944,0 -92.80497062779737,18.04165546527445,0 -92.80476520972213,18.04165695019682,0 -92.80440316727157,18.04155122824025,0 -92.80424920579348,18.04155234042726,0 -92.80399034893746,18.04144602543268,0 -92.80373391844196,18.04144787650458,0 -92.80337490271275,18.04145046836443,0 -92.80311764650466,18.04139828921834,0 -92.80291255597437,18.04139976945424,0 -92.8027074605935,18.04140124982544,0 -92.80255363582253,18.04140236019305,0 -92.80219470059055,18.04140495134796,0 -92.80183540718083,18.04135354386482,0 -92.80147657143834,18.04135613377316,0 -92.80137404414639,18.0413568738232,0 -92.80101518886273,18.04135946426501,0 -92.80070758643528,18.04136168497461,0 -92.80055353911061,18.04147084753842,0 -92.80024569701798,18.0414730722883,0 -92.79993749950606,18.0415293856817,0 -92.79988617084663,18.04152975685488,0 -92.79952636879825,18.04158648523146,0 -92.79916691424891,18.04158908620698,0 -92.79870315179461,18.04170081818927,0 -92.79844352900651,18.04186556016603,0 -92.79813382672162,18.04192217389147,0 -92.79787537796992,18.0419784571264,0 -92.79761554409191,18.04208927907399,0 -92.79720061663851,18.04220139169528,0 -92.79704450789103,18.04225713583043,0 -92.79668184369973,18.04231442556769,0 -92.79652701111876,18.04231555355955,0 -92.79637053103397,18.04237138348144,0 -92.7960037666038,18.04253836963586,0 -92.79563809980777,18.04265078310013,0 -92.79537743460129,18.04270762094573,0 -92.79495909016025,18.04282066896151,0 -92.79448828038888,18.04293426839266,0 -92.79412297538869,18.0429920834687,0 -92.79401423845553,18.04310327871087,0 -92.79359375193962,18.04321692741411,0 -92.7933832696089,18.04327381669105,0 -92.7930629410431,18.04344244659424,0 -92.79285488990344,18.04344397833745,0 -92.79253973893272,18.04350180682326,0 -92.79216908649991,18.04361567879614,0 -92.79179452802461,18.04378546292748,0 -92.7914782495529,18.0438435561665,0 -92.79089715531666,18.04395949219072,0 -92.79063238120264,18.04401733452096,0 -92.79021461353116,18.04402042778797,0 -92.78989722372259,18.04407870475884,0 -92.78952732163089,18.04413741496664,0 -92.789109187177,18.04414051528333,0 -92.78879111103655,18.0441988869444,0 -92.78847736649004,18.044201215011,0 -92.78832048887281,18.04420237919899,0 -92.78800672649926,18.04420470785806,0 -92.78769295022801,18.0442070369271,0 -92.7874314604728,18.04420897812309,0 -92.78711766083369,18.04421130792816,0 -92.78675154489864,18.0442140265434,0 -92.78659463341209,18.04421519182669,0 -92.78622849254991,18.04421791122384,0 -92.78586233418859,18.04422063116878,0 -92.78544384702852,18.04422374034094,0 -92.78529266085879,18.04416883851489,0 -92.78493835768765,18.0440595407703,0 -92.78463678026517,18.04395001209171,0 -92.78443395003804,18.04389569352054,0 -92.7842895564046,18.04378524080804,0 -92.78389097052482,18.04362121084803,0 -92.78344758306956,18.04340241285358,0 -92.78299235517524,18.04329497588366,0 -92.78259643554685,18.04313199959866,0 -92.78229154621388,18.04307902677254,0 -92.78193494915129,18.04302647310704,0 -92.78148899392718,18.04286445303691,0 -92.78128871029698,18.04281090432847,0 -92.78108856506945,18.042757393439,0 -92.78074049064729,18.04265010467294,0 -92.78050385405443,18.04248736987381,0 -92.78030441294666,18.04243408717184,0 -92.77991358662398,18.04227295140421,0 -92.77971463417229,18.04221981962728,0 -92.7794281756991,18.04205838652564,0 -92.77912652093519,18.04200615884259,0 -92.77884109471489,18.04184518256825,0 -92.77859157265547,18.04179272667299,0 -92.77829073082877,18.04174068247031,0 -92.77799840065903,18.04163445372216,0 -92.77770648182047,18.04152837485154,0 -92.77737210233646,18.04136879055996,0 -92.77702980658097,18.04126345870888,0 -92.77690184141423,18.04110294993298,0 -92.77656926093904,18.04094426849255,0 -92.77646681281396,18.04094501003176,0 -92.7762707984425,18.04089280785287,0 -92.77604165694349,18.0407338317351,0 -92.77551553093988,18.0405239858095,0 -92.77517644499811,18.04041983546184,0 -92.77479619514664,18.04026296420488,0 -92.77449968860998,18.04021196944606,0 -92.77406974533868,18.04005590035977,0 -92.77396788558819,18.04005663207499,0 -92.77362114924094,18.04000614356625,0 -92.77332554509985,18.03995532355757,0 -92.77308102227511,18.03990417301009,0 -92.77279586444484,18.03980051917112,0 -92.77259247118745,18.03980197719742,0 -92.77210458682553,18.03969992119487,0 -92.77169804761817,18.03970283321257,0 -92.77140368348461,18.03965221902282,0 -92.77117093276721,18.03954855126566,0 -92.77087704957499,18.03949804191456,0 -92.7704311522287,18.0394486545452,0 -92.7700869870263,18.03939857496606,0 -92.7697430523976,18.0393485291373,0 -92.76943880644112,18.03935070217552,0 -92.76913454945667,18.03935287545578,0 -92.76888098984722,18.03935468673399,0 -92.76842456143721,18.03935794747138,0 -92.76822169596501,18.03935939686597,0 -92.76791738310698,18.03936157119862,0 -92.76739820482706,18.03941779284295,0 -92.76712036028673,18.03952491760534,0 -92.76686645504095,18.03952673498595,0 -92.76670188223994,18.03958053967906,0 -92.76643554804195,18.03963511256304,0 -92.76609325542714,18.03979579098497,0 -92.76572450067867,18.03985125625075,0 -92.7654828308259,18.04001167704296,0 -92.7651386090306,18.04017318312249,0 -92.76488281979665,18.04038760208756,0 -92.76458820042403,18.04054956541497,0 -92.76430611845826,18.04065835626732,0 -92.76411280407069,18.04082017245017,0 -92.76375175393378,18.04103722412067,0 -92.76344103828181,18.04125453929613,0 -92.76316720808575,18.04152623465315,0 -92.76299554273508,18.04179816926591,0 -92.76273377561186,18.04201734133553,0 -92.76261250431678,18.04229069104179,0 -92.7625327951327,18.04240053931115,0 -92.76241084347734,18.04267529116074,0 -92.76231218971169,18.04306109779956,0 -92.76221302686456,18.04344888756776,0 -92.76215613225334,18.04367137816015,0 -92.76217517331682,18.04400556097869,0 -92.76227528681278,18.04422851475622,0 -92.76238992794099,18.04439586382752,0 -92.76255735976163,18.04456318613134,0 -92.76276363180874,18.04478698568078,0 -92.76287922941472,18.04495556336974,0 -92.76300914652471,18.0450677574606,0 -92.76311118654741,18.04529383598225,0 -92.76328039583616,18.04546313273186,0 -92.76339707451986,18.04563320466719,0 -92.76358088465236,18.04574599093135,0 -92.76371198611024,18.04585934532124,0 -92.76394931542698,18.04597205993868,0 -92.76422634370222,18.0461420465043,0 -92.76447810073,18.0461975780868,0 -92.7647831435626,18.04625274453077,0 -92.76527425299869,18.04642172519083,0 -92.76547364940242,18.04647786327292,0 -92.76572638821618,18.04653363548458,0 -92.76591297855634,18.04664774212841,0 -92.76617916984891,18.04664570663264,0 -92.76629996982722,18.04681840127736,0 -92.76648732360374,18.04693292784486,0 -92.76674318423562,18.04722162628099,0 -92.76690575024472,18.04745368907273,0 -92.76704076685044,18.04756956807364,0 -92.76724505870725,18.04786105692325,0 -92.76739636694899,18.04815405521993,0 -92.76756088532143,18.048388913439,0 -92.76764333088566,18.04850660759211,0 -92.76780859399277,18.04874252675707,0 -92.76786628895785,18.04898000121781,0 -92.76814061249021,18.04921650486038,0 -92.76822393103544,18.04933544634207,0 -92.76849941242692,18.0495730210851,0 -92.76870404759475,18.0496314631983,0 -92.76887210254647,18.04987078412609,0 -92.76916166242403,18.05004946863014,0 -92.76956078462848,18.05022769904543,0 -92.76964571562236,18.05034817429825,0 -92.76990628996381,18.05040676049554,0 -92.77015524138774,18.05052621503676,0 -92.77040456840862,18.05064585014699,0 -92.77056834623544,18.05064455602166,0 -92.77066590352641,18.05070465591369,0 -92.77113449840357,18.05082283017449,0 -92.77139639075598,18.0508817667459,0 -92.77172440242387,18.05087917122998,0 -92.77198660040033,18.05093814958853,0 -92.77209597303407,18.05093728394668,0 -92.77241310323262,18.05099587228343,0 -92.77285072300951,18.05099240817636,0 -92.7730148243764,18.05099110942727,0 -92.77345240695615,18.05098764691144,0 -92.77367118937136,18.0509859160774,0 -92.77385611527224,18.05086231607475,0 -92.77420457123793,18.05073761633803,0 -92.77433422602401,18.05061483483217,0 -92.77461714101121,18.05055179683526,0 -92.77507330162494,18.05042673153873,0 -92.77530110608785,18.05036427488153,0 -92.77551899338164,18.05036256187184,0 -92.77590986908922,18.05029887295948,0 -92.77625545409842,18.0501750676031,0 -92.77663626159817,18.05017208015781,0 -92.77686307226634,18.0501098276402,0 -92.77703534461476,18.05004805070219,0 -92.77730711635287,18.05004592172848,0 -92.77758780411739,18.04998334512958,0 -92.77825707464365,18.04985749470462,0 -92.77852848924252,18.04985537328447,0 -92.77885417099803,18.04985282815359,0 -92.77911723140167,18.0499110526018,0 -92.7793722404375,18.05002975548926,0 -92.77962763355796,18.05014863652402,0 -92.77966573605511,18.05026940208226,0 -92.77988947712242,18.05063195007956,0 -92.77998248061535,18.0507530258607,0 -92.78023154322004,18.05093412525135,0 -92.78036383830171,18.05117781697774,0 -92.78060616484487,18.0514213910627,0 -92.78073944345563,18.05166658017804,0 -92.78083370232527,18.05178924039997,0 -92.78096763875375,18.05203556407615,0 -92.78104688277064,18.05228308630803,0 -92.78121377649262,18.05271787951844,0 -92.78127076887394,18.05315592661227,0 -92.78135868182333,18.05334388508602,0 -92.78131272879148,18.05372291090642,0 -92.78132997780695,18.0540396811191,0 -92.78129147507379,18.05435814900925,0 -92.78123731489809,18.05480611565982,0 -92.7811735573199,18.05487076838613,0 -92.78100659431583,18.05532249373575,0 -92.78079834742128,18.05564741954027,0 -92.78065369352922,18.05590811074519,0 -92.78046026208385,18.0561048715128,0 -92.78015337896564,18.05630303492072,0 -92.78003207872304,18.05636935217406,0 -92.7797157222227,18.05663376025728,0 -92.77948073259485,18.05670128171336,0 -92.77923689237491,18.05683461929248,0 -92.77894470825146,18.05690277691897,0 -92.77876573826046,18.05697005290601,0 -92.77834154726786,18.0571712723334,0 -92.77803922598483,18.05730585141351,0 -92.77774569207556,18.05737440565562,0 -92.77737614221856,18.05757614744168,0 -92.77714835421246,18.05757804422829,0 -92.7768442969264,18.05771329507699,0 -92.77678730070315,18.05771377035148,0 -92.77642564631631,18.05784972193899,0 -92.77600630065598,18.05798637691923,0 -92.77559644801772,18.05805646310331,0 -92.77523304684433,18.05819298611202,0 -92.77476514753434,18.0582637313087,0 -92.77435406326572,18.0583340590211,0 -92.7739317389719,18.05847152867639,0 -92.77363436878542,18.05854107310405,0 -92.77333674353676,18.05861067705921,0 -92.77316477507061,18.05861212514496,0 -92.77286682037078,18.05868179046228,0 -92.77245386308537,18.05875248334121,0 -92.77216697501092,18.05875490358964,0 -92.77204054532088,18.05882323848591,0 -92.77167247136622,18.05896104734708,0 -92.77137324705747,18.0590310118537,0 -92.77070426304721,18.05923931392759,0 -92.77028896318488,18.05931049412116,0 -92.76994347623467,18.0593134266349,0 -92.76977072502002,18.0593148932786,0 -92.76936762476642,18.05931831639942,0 -92.7689644984661,18.05932174090723,0 -92.76867653935093,18.05932418779795,0 -92.76844616132411,18.05932614583007,0 -92.76804298388018,18.05932957343761,0 -92.76758218036926,18.05933349238043,0 -92.76735176571403,18.05933545253284,0 -92.76701988170115,18.05927060341455,0 -92.76678954407058,18.05927256277537,0 -92.76619831462324,18.05907489146485,0 -92.76591070285323,18.05907733577845,0 -92.76580987927665,18.05901073283008,0 -92.76557987072594,18.05901268711557,0 -92.7651632691169,18.05881416775233,0 -92.76487607813392,18.05881660527086,0 -92.76456084700051,18.05868483973022,0 -92.76428866641409,18.05862000768749,0 -92.76391693057269,18.05848903736424,0 -92.76368759935541,18.05849098043758,0 -92.76347337944286,18.05842581348744,0 -92.7631868107547,18.05842824112986,0 -92.76301486366367,18.05842969803782,0 -92.76274368394826,18.05836506440344,0 -92.7626290916165,18.05836603514024,0 -92.76187021103728,18.05854084937809,0 -92.76165564248589,18.0585860650602,0 -92.76152813733248,18.05863068127461,0 -92.76127281519231,18.0587200228704,0 -92.76118867263993,18.05876442879215,0 -92.76097647240927,18.05885366868426,0 -92.7608046492896,18.05889882363857,0 -92.76059187620268,18.05898828245664,0 -92.76037590029695,18.05903386885419,0 -92.76016528866781,18.05916763742596,0 -92.75981984815665,18.0592585025195,0 -92.75964691370362,18.05930399139487,0 -92.75947633915119,18.05939378855575,0 -92.75925910169954,18.05943971293976,0 -92.75917597078269,18.05952908249395,0 -92.75909977577562,18.05975216553351,0 -92.75902094021974,18.05993141135191,0 -92.75894184910679,18.06011123893493,0 -92.75886705568256,18.06038174618405,0 -92.75874522808408,18.0606086185192,0 -92.75875418007827,18.06078998595859,0 -92.75868068584103,18.06110946985422,0 -92.75863827148353,18.06115549813806,0 -92.75861336190921,18.0615687669471,0 -92.75857730352223,18.0617536083745,0 -92.75858826882913,18.06198509246912,0 -92.75860148686213,18.06226413037425,0 -92.75861255199153,18.06249771747613,0 -92.75862143704482,18.06268528131145,0 -92.75867117037758,18.06277895220997,0 -92.75873235899672,18.06310888369314,0 -92.75892816351809,18.06339211628544,0 -92.75903125580153,18.06362968489865,0 -92.75913231530723,18.06382031115075,0 -92.75923120566543,18.06396352165653,0 -92.7594703692438,18.0641542032294,0 -92.75961585235689,18.06429789525668,0 -92.75980763742047,18.0644415917258,0 -92.76000274329421,18.06463421908593,0 -92.76005735785613,18.06477982486627,0 -92.76029960288939,18.06497322602924,0 -92.76039793591784,18.06507034799079,0 -92.76059198911847,18.06521597783625,0 -92.76083604499385,18.06541084012052,0 -92.76083926201962,18.06546010855256,0 -92.7611340127055,18.06570490514193,0 -92.76138001074705,18.06590141197634,0 -92.76157669621071,18.06604913587097,0 -92.76167702228024,18.06614806947788,0 -92.76196783879065,18.06629568681767,0 -92.76216593474749,18.06644440986914,0 -92.7624620488609,18.06664304978633,0 -92.76255964715497,18.0666926308901,0 -92.7629081044318,18.06694227315431,0 -92.76315121989674,18.06704161273936,0 -92.76330939376986,18.06724339471673,0 -92.76365659642994,18.06744437717606,0 -92.76380250673564,18.06749426354684,0 -92.76402359137558,18.06785102625792,0 -92.76423171836696,18.06805521178241,0 -92.76443570561453,18.06820843472167,0 -92.76455016123259,18.06841460904679,0 -92.76470761260255,18.06856913905559,0 -92.76473259867451,18.06882948667777,0 -92.76474764275383,18.06898624034163,0 -92.76477784962159,18.06930098167143,0 -92.76485619795444,18.06961699279469,0 -92.76488173109988,18.06988193031219,0 -92.76491251974291,18.07020139637239,0 -92.76487969700462,18.07036215485694,0 -92.76470682655551,18.07057821149707,0 -92.76453333826659,18.07079503927359,0 -92.76435923104503,18.07101264260602,0 -92.76423801598057,18.07128494858372,0 -92.76396042853642,18.07145059049757,0 -92.76387246917041,18.07156046972051,0 -92.76364258437948,18.071726459826,0 -92.76341207581228,18.07189290095114,0 -92.76309625631549,18.07222593146145,0 -92.76276587562717,18.07239454280008,0 -92.76252873915583,18.07250734251334,0 -92.7623895389202,18.07261953619903,0 -92.76225008598317,18.07273193416783,0 -92.7619625505576,18.07284576133004,0 -92.76162516204053,18.07296020828602,0 -92.76128714938403,18.07307486742235,0 -92.76065200311776,18.07319220539427,0 -92.76025981325007,18.07325157571676,0 -92.76011458756739,18.07330894434206,0 -92.75981777834738,18.07331141570565,0 -92.75962567494336,18.07342549173356,0 -92.75933133444875,18.07348426147334,0 -92.75908363175557,18.07348632784567,0 -92.75893500596722,18.07348756785871,0 -92.75854346003506,18.07360362627975,0 -92.75834509726953,18.07360528341082,0 -92.75814895463857,18.07366339564706,0 -92.75790298953089,18.07372197802999,0 -92.75765879902549,18.07383722887941,0 -92.7574619694195,18.07389555921971,0 -92.75736254834415,18.07389639230511,0 -92.7570162805256,18.07395602910217,0 -92.75681896205394,18.07401447148302,0 -92.75662145859282,18.07407296887696,0 -92.75642377001573,18.0741315213628,0 -92.75607639836689,18.07419138532823,0 -92.75577970925129,18.0743079295845,0 -92.75543153732244,18.07436796458473,0 -92.75513296116475,18.07442763717522,0 -92.75493401008325,18.07448652427544,0 -92.75468489257447,18.07454588918661,0 -92.75438605929753,18.07466309843367,0 -92.75423643291626,18.07472178550842,0 -92.7538863635115,18.07478222157426,0 -92.7537363608088,18.07484102067515,0 -92.75348596790079,18.0749007240802,0 -92.75343593349554,18.07495878465854,0 -92.75308474539058,18.07507719569504,0 -92.75293401365644,18.07513627221644,0 -92.75268264901254,18.07519625802308,0 -92.752330085529,18.07531511915158,0 -92.75217871341351,18.07537441965706,0 -92.75192590888091,18.07549276028407,0 -92.75172443784979,18.07549447699147,0 -92.75131971367919,18.07561433433618,0 -92.75121887715066,18.07561519472402,0 -92.75096573371727,18.07567564046113,0 -92.75071118321672,18.07579454939543,0 -92.75050921216726,18.07579627605047,0 -92.75025674007364,18.07579843478054,0 -92.74969800388068,18.07592017286684,0 -92.74944526880867,18.07592233720715,0 -92.74913818978564,18.07604214765981,0 -92.74883460122162,18.07604475114083,0 -92.74842979556483,18.0760482234893,0 -92.74822738339009,18.07604996011282,0 -92.7480755704331,18.07605126277476,0 -92.74751889452352,18.07605604063001,0 -92.74736706564258,18.07605734407468,0 -92.74711401009408,18.0760595168538,0 -92.74681033063837,18.07606212480633,0 -92.7464560203871,18.07606516826849,0 -92.74630416806056,18.07606647288384,0 -92.74589921033132,18.07606995269152,0 -92.74559547577746,18.07607256333342,0 -92.74544360331198,18.07607386890675,0 -92.74524110111143,18.07607560993468,0 -92.74493733711147,18.07607822203036,0 -92.74453229624609,18.07608170587766,0 -92.74417367591137,18.07614348317901,0 -92.74386972198124,18.07614610018056,0 -92.74366265065423,18.07620663258998,0 -92.74350609028619,18.07626678592247,0 -92.74313708503797,18.07644671234705,0 -92.7429196006899,18.07662583029034,0 -92.74280335861475,18.07680457009181,0 -92.74253876919504,18.07692563089635,0 -92.7422020927222,18.07728619366264,0 -92.74213542856346,18.07746634620812,0 -92.74180153648044,18.07776967429178,0 -92.74156345790794,18.07813412289555,0 -92.74137563417844,18.07850019022106,0 -92.7413588466909,18.07868332014002,0 -92.74122146887511,18.07905205800193,0 -92.74118726250367,18.07942197829476,0 -92.74110073314256,18.07979447493173,0 -92.74108917215966,18.07991895964137,0 -92.74104853423461,18.08035652940222,0 -92.74102518983354,18.08060788687524,0 -92.741054308157,18.08085973723164,0 -92.74117724860135,18.08123861385525,0 -92.74121259524696,18.08142910893474,0 -92.74144808152764,18.08174622845831,0 -92.74148395554356,18.08193819095427,0 -92.7417265819921,18.08219324050847,0 -92.74181613778239,18.08238601584082,0 -92.74205478428954,18.08270774436012,0 -92.74214516438703,18.08290201406109,0 -92.74233736559025,18.08316127031314,0 -92.7425355479036,18.08335588252207,0 -92.74273944416819,18.08348528335251,0 -92.74293363915218,18.08374680708611,0 -92.74313851328711,18.0838769612256,0 -92.74339758034493,18.08400687436111,0 -92.74354468478703,18.08420444781054,0 -92.7438586980341,18.0843344965104,0 -92.744011385612,18.08446629038678,0 -92.74427684950916,18.08453053896493,0 -92.74442581590904,18.08472965062391,0 -92.74463788723331,18.08479465028946,0 -92.74485016067942,18.0848597125499,0 -92.74516695587576,18.08499102829778,0 -92.74537978980464,18.08505627968263,0 -92.74543399565273,18.08505577772426,0 -92.74563953164417,18.08525593310197,0 -92.74590731621392,18.08532093594444,0 -92.74617535566985,18.08538600135602,0 -92.74638588863097,18.08551935006868,0 -92.74660013469824,18.08558511142868,0 -92.74691717448069,18.08578581879732,0 -92.74728971577308,18.08598660966157,0 -92.74744475779794,18.08619003071216,0 -92.74755121676003,18.08625746201232,0 -92.74787122294003,18.08646015299346,0 -92.74803288329615,18.08652733859866,0 -92.74824200416899,18.08680085249368,0 -92.74840182066293,18.08693750328777,0 -92.74861462865519,18.08714324737899,0 -92.74888098410003,18.08741870363676,0 -92.74915458698077,18.08748579368691,0 -92.74953508841416,18.0876916194554,0 -92.74975076106659,18.08789962265606,0 -92.74997039000502,18.08796770404558,0 -92.75013486017312,18.0880363752414,0 -92.75046428895764,18.08817392220994,0 -92.75062792518618,18.08831331602406,0 -92.75101177486808,18.08859241794948,0 -92.7512321005877,18.08873212579257,0 -92.75145286779154,18.08887211419991,0 -92.75156085517563,18.08915611688127,0 -92.75178188025991,18.08936854910305,0 -92.75194891345647,18.08943861561859,0 -92.75211438994366,18.08972439635957,0 -92.75233715581163,18.08993855898172,0 -92.75244818520773,18.09015445128566,0 -92.75272817390338,18.09044208016122,0 -92.75295301779117,18.09065843616862,0 -92.75312199808664,18.09094921583843,0 -92.75323503736836,18.091168222781,0 -92.75334848357815,18.09146165217901,0 -92.75340581821736,18.09197946044305,0 -92.75334911741103,18.09227791911062,0 -92.75323500481056,18.09272823392927,0 -92.75312035688928,18.0929550161668,0 -92.75289015337631,18.0933349598782,0 -92.75271690608599,18.09356422935424,0 -92.75242736008747,18.09387163074162,0 -92.75213774069582,18.09402724585859,0 -92.7518474970861,18.09418319756083,0 -92.75167155891714,18.09441518252887,0 -92.75132408652317,18.09441861754545,0 -92.75109015424987,18.09457484370237,0 -92.75073963610143,18.09473255852489,0 -92.75050601730143,18.09481212147304,0 -92.75021242791617,18.09496977731335,0 -92.74997813829496,18.09504959972303,0 -92.74974173122378,18.0952071930639,0 -92.74962333595504,18.09528611794604,0 -92.74927161132493,18.09536745529987,0 -92.74891488363147,18.09560501114577,0 -92.74861548707872,18.09584275692173,0 -92.74838150749584,18.09584510197353,0 -92.74820063100449,18.09600383967831,0 -92.7479049702977,18.09608539789176,0 -92.74772032118037,18.09632353234597,0 -92.74759991640946,18.09640367397752,0 -92.74712684168385,18.09648745793648,0 -92.74694718721626,18.09656837074614,0 -92.74658012190392,18.0968893489358,0 -92.74628176452273,18.09697190272666,0 -92.74592013832977,18.09713489579252,0 -92.74549444006711,18.09737886272498,0 -92.74501256353571,18.09754396674795,0 -92.74494889041539,18.09762484688666,0 -92.74452016691797,18.09787044246472,0 -92.74434219771349,18.09787226108497,0 -92.74403559406045,18.09803665318949,0 -92.7439762032718,18.09803726111881,0 -92.74366885226075,18.09820201852737,0 -92.74326316207042,18.09848878237,0 -92.74314478566636,18.09869989087728,0 -92.74298249906222,18.09887002379413,0 -92.7428944505335,18.09904011477496,0 -92.74286303414672,18.09908281187954,0 -92.74272520712883,18.09916896483957,0 -92.74252386192006,18.09934108446854,0 -92.74238536301768,18.09942769901356,0 -92.74224087227377,18.0994717145328,0 -92.74220902583468,18.09951479393932,0 -92.74193072096965,18.09968880066501,0 -92.741828887653,18.09977571080715,0 -92.74164591363423,18.09982037085395,0 -92.74153823082014,18.0998644162247,0 -92.74143586346207,18.09995164107836,0 -92.74125771625525,18.10003968031592,0 -92.74097096854025,18.10017220346374,0 -92.74086259061546,18.10021656812116,0 -92.74064553854878,18.10030541798176,0 -92.74047104158049,18.10043766876312,0 -92.74021515192209,18.10052725497557,0 -92.73999682013785,18.10061667206704,0 -92.73982563111964,18.10079365287316,0 -92.73972544460366,18.1009265563093,0 -92.73958213938694,18.10101603096981,0 -92.73951039002746,18.10106082931697,0 -92.73932845988759,18.10115088573416,0 -92.73907408480891,18.10128610972372,0 -92.73888264092454,18.10128780187652,0 -92.7387380426529,18.10137793514097,0 -92.73855061550363,18.10142408192682,0 -92.73828628843447,18.10147095181548,0 -92.73806009235699,18.10151752635277,0 -92.73787208357412,18.10156380445448,0 -92.73760327610759,18.10156618928551,0 -92.73741126270316,18.10156789307911,0 -92.73724677881869,18.1014356314901,0 -92.73712459285657,18.1013477658259,0 -92.73699213117432,18.10112726218409,0 -92.73690530030376,18.10099549763794,0 -92.7367356954236,18.10077689268535,0 -92.73664951279871,18.10064606074551,0 -92.73655373074158,18.10038477049608,0 -92.73650603023243,18.10025464597905,0 -92.73641100842377,18.09999542911288,0 -92.73639506622943,18.09977991347615,0 -92.7362976662311,18.09948043689242,0 -92.73624453933787,18.09926751004397,0 -92.73619471479718,18.09909790401873,0 -92.73613290943008,18.09876014433311,0 -92.73608353959752,18.09859230671499,0 -92.73595995618032,18.09842569056855,0 -92.73590522009042,18.09817573340852,0 -92.73585365402631,18.09796847932343,0 -92.73583350203299,18.09767938492282,0 -92.73565237830952,18.09718908075556,0 -92.73563852040901,18.09698575640499,0 -92.73551233908469,18.09674383711127,0 -92.73542591242391,18.09654302663815,0 -92.73533461808164,18.09626307845799,0 -92.73524386461983,18.09598478809507,0 -92.73515869792917,18.09578718834757,0 -92.73511750266415,18.09570844170261,0 -92.73506892087478,18.09551170492932,0 -92.73490774555543,18.09523843509987,0 -92.73485984736206,18.0950436705759,0 -92.73477633630289,18.09485001547098,0 -92.73476931941508,18.09473385684537,0 -92.7346460209651,18.09446482793876,0 -92.73455900011527,18.09419706913807,0 -92.73451457221239,18.09404471980314,0 -92.73447029179303,18.09389287465602,0 -92.73431151254849,18.09359126015893,0 -92.7343072802188,18.09351588024123,0 -92.73418898824303,18.09329133969722,0 -92.73406726625441,18.09299338250976,0 -92.73402026180554,18.09277083957645,0 -92.73394050308671,18.09258654639751,0 -92.73379508709777,18.09247711310799,0 -92.73368304686211,18.09233096339492,0 -92.73350179488722,18.09218584166694,0 -92.73339229776171,18.09207709875524,0 -92.73328639345293,18.09204146306854,0 -92.73318057301182,18.09200585587071,0 -92.73304013097099,18.0919705529573,0 -92.73283041320668,18.09193583004244,0 -92.73276102677649,18.0919363823291,0 -92.73258755642205,18.0919377631276,0 -92.73237938413438,18.09193942023857,0 -92.73224059800026,18.09194052507056,0 -92.73206711011692,18.09194190621355,0 -92.73203241187713,18.09194218245563,0 -92.73182636004164,18.09201664534936,0 -92.7316904977814,18.09212718488921,0 -92.7314498550743,18.09223883202178,0 -92.73134628746962,18.09227629528628,0 -92.73124515088128,18.09242394642502,0 -92.73107301891173,18.092535773978,0 -92.73097040986343,18.09264731762643,0 -92.73086961527179,18.09287038782493,0 -92.73073317241928,18.09309484632377,0 -92.73063069301607,18.09328265186821,0 -92.73052668164094,18.09339605164352,0 -92.73042343274089,18.0935851070403,0 -92.73024936589997,18.09381341642322,0 -92.73010917719617,18.09396645158954,0 -92.72996786802629,18.09404374188761,0 -92.7298980121539,18.0941969672649,0 -92.72982792247836,18.09435070530587,0 -92.7297218987307,18.09450525215222,0 -92.72965108299164,18.0946214299285,0 -92.72950850830827,18.09473849078778,0 -92.72936579814314,18.09497232026754,0 -92.7292582752109,18.09512896438048,0 -92.72903031844179,18.09531418192429,0 -92.72898160436877,18.09544295402701,0 -92.72883059350789,18.09566598588266,0 -92.72877959162909,18.09572219740348,0 -92.72871169399468,18.0958160526999,0 -92.72862662539697,18.09594802154719,0 -92.72848943577388,18.09615698483628,0 -92.72829830363693,18.09638748465206,0 -92.72828069374839,18.09638763128105,0 -92.72819318315344,18.09650368500908,0 -92.72810517435397,18.09660097011868,0 -92.72794581495356,18.09677712631816,0 -92.72771391026154,18.09695523895455,0 -92.72760598149628,18.09707434274154,0 -92.72749749670533,18.09719406007387,0 -92.72746099064625,18.09725399775123,0 -92.72744281643087,18.09727406211991,0 -92.72736996312977,18.09735449268497,0 -92.72731459085009,18.09745511338974,0 -92.72724123263973,18.09753616971188,0 -92.72714953311852,18.09761766199739,0 -92.72707602141794,18.09767900608227,0 -92.72703939544137,18.09769959359087,0 -92.72694702422318,18.09778165506806,0 -92.72689116542844,18.09784327167308,0 -92.72676131241811,18.09794663931578,0 -92.72668733420865,18.09798830247971,0 -92.72659317774753,18.09809198975317,0 -92.72649925123363,18.09817542598596,0 -92.72633021087458,18.09830137184425,0 -92.72621778750955,18.09836483602949,0 -92.72612346700588,18.09842830870808,0 -92.72599117035506,18.09851325577636,0 -92.72589807725821,18.09853506549314,0 -92.7257845232098,18.09859915432424,0 -92.7256336740071,18.09866374054377,0 -92.72542685369007,18.09872899047692,0 -92.72536899414376,18.0987718809473,0 -92.72527511161583,18.09879392773674,0 -92.72521946956765,18.09879441878458,0 -92.72510818185444,18.09879540096417,0 -92.72488559068323,18.09879736567029,0 -92.72479283839651,18.09879818443232,0 -92.72466297926687,18.09879933083241,0 -92.72460732294955,18.09879982219685,0 -92.72453311295556,18.09880047739027,0 -92.72444346017808,18.09875884297008,0 -92.72431530785911,18.09873878784865,0 -92.72420578460752,18.09871858642622,0 -92.72415189762789,18.09869791227478,0 -92.72404771356008,18.09861441734132,0 -92.72395882139304,18.0985731028655,0 -92.72388853389801,18.09853169714717,0 -92.72378516269525,18.09844877667833,0 -92.72369866955866,18.09838685431636,0 -92.72364725877803,18.09834560810651,0 -92.72354663164488,18.09824256267841,0 -92.72346081642725,18.09818117141474,0 -92.72340982968541,18.09814027861123,0 -92.72336093438641,18.09807883237892,0 -92.72322499666369,18.09797724801508,0 -92.72319265584123,18.09793654616587,0 -92.72312184961532,18.09791669429229,0 -92.72303929349155,18.09783572468754,0 -92.72294103124833,18.09773486162931,0 -92.72292505778374,18.09771470930641,0 -92.72283877026825,18.09767492419531,0 -92.72280696369511,18.09763473886789,0 -92.72267573624246,18.09751490252567,0 -92.72252482192727,18.09741586308541,0 -92.72239729706581,18.0972772018282,0 -92.72236613119141,18.09723769108134,0 -92.72227052322971,18.09713935787707,0 -92.72222653459362,18.09706071571599,0 -92.72210333288221,18.09690452585827,0 -92.72200390954892,18.09684667518177,0 -92.72189720809615,18.09671120413875,0 -92.72180883713916,18.09657637452097,0 -92.72177862730301,18.09653803851643,0 -92.72173340707533,18.09648065399425,0 -92.72162567463752,18.09636646004209,0 -92.7215441127336,18.09619557266915,0 -92.721484677809,18.09612022466484,0 -92.72141999258658,18.09608293378511,0 -92.72136365289946,18.09598910626836,0 -92.72128732574343,18.09591458095947,0 -92.72122867712206,18.09584015606282,0 -92.72111195299196,18.09569203569229,0 -92.72102490984619,18.09558157899554,0 -92.72096135848068,18.09554516279316,0 -92.72091810827825,18.09549022546341,0 -92.72084333897213,18.09541732438426,0 -92.72071470008915,18.09525384366663,0 -92.72058398824932,18.09510966175401,0 -92.72053355345926,18.09500175456883,0 -92.72051447583863,18.09491204716536,0 -92.72047236992387,18.09485864255142,0 -92.72040547475405,18.09475208145992,0 -92.72033889940484,18.09464603121248,0 -92.72025571109151,18.09454062297463,0 -92.72023428248835,18.09447036132754,0 -92.72013362657891,18.09427862620161,0 -92.7201125188827,18.09420919773715,0 -92.72006421717658,18.09410559917131,0 -92.72004330313729,18.09403671848412,0 -92.71996829812099,18.09389986906924,0 -92.7199206776137,18.09379773025742,0 -92.71987965756541,18.09366211913868,0 -92.71984267409306,18.09359476024451,0 -92.71980259997596,18.0935444753257,0 -92.71978236189729,18.09347735506509,0 -92.71974246627674,18.0934273433861,0 -92.71970234945751,18.09329403977665,0 -92.71964952659974,18.09322795064999,0 -92.71956074632594,18.09309625697936,0 -92.71949860540381,18.09299798727727,0 -92.71940745466438,18.09288405551796,0 -92.71934597361368,18.09278676111957,0 -92.71925232712827,18.09269015824267,0 -92.71923333115103,18.09262567449449,0 -92.7191948510078,18.0925776243299,0 -92.71914029667015,18.09252980520635,0 -92.71912154335317,18.09246581041123,0 -92.71902911356746,18.09237066638164,0 -92.7189600361512,18.09224407631885,0 -92.71888447498657,18.09214981399171,0 -92.71884682289505,18.09210284224537,0 -92.71878077517499,18.09204049696897,0 -92.71872542049232,18.09193139737313,0 -92.7186439150851,18.09186968157516,0 -92.71858034494724,18.09173061456574,0 -92.7184958903094,18.09168493252909,0 -92.71839939200461,18.09162406394032,0 -92.7183311550742,18.09157850131061,0 -92.7182315030912,18.091533270653,0 -92.71815626268011,18.09151852391761,0 -92.71806530327393,18.09150390315875,0 -92.71802170797422,18.09148894669281,0 -92.71794287511781,18.09148952343626,0 -92.71787980633931,18.09148998484742,0 -92.71780096868149,18.0914905616214,0 -92.71764714479886,18.09147642161606,0 -92.71752884243901,18.09144678975906,0 -92.71746583363526,18.09144725011338,0 -92.71738706933341,18.09144782557786,0 -92.71733981018659,18.09144817085934,0 -92.71717786795324,18.09152568804947,0 -92.71710253052315,18.09157217793594,0 -92.71701530951501,18.09160350072688,0 -92.71687965475932,18.09169682462237,0 -92.71685544971065,18.09172787132188,0 -92.7167232567257,18.09180622096067,0 -92.71665425526564,18.09188439912052,0 -92.71663714152501,18.09194687181126,0 -92.71653877028098,18.09207286120593,0 -92.71647626352666,18.09218355310073,0 -92.71641782604061,18.09227893753815,0 -92.71639576959994,18.09235855769883,0 -92.71636919034206,18.09245450409894,0 -92.71637929914498,18.09253455247453,0 -92.71636594978082,18.09258287511182,0 -92.71634363242458,18.09266366025181,0 -92.71631052446739,18.09284236162115,0 -92.71633243530421,18.09294017031974,0 -92.71632622639792,18.0930222107802,0 -92.71633186522838,18.09312097890074,0 -92.71632733819608,18.09313752685092,0 -92.71631654836956,18.09323695897705,0 -92.71632391342435,18.09327012163797,0 -92.71635803231203,18.09338653470752,0 -92.71638033628321,18.09348687767957,0 -92.7163786952852,18.09355416293787,0 -92.71642228877955,18.09363821169569,0 -92.71646151372323,18.09373960838855,0 -92.71648878561892,18.09382451369779,0 -92.71652523005997,18.09387546073617,0 -92.71654504842714,18.09392665854302,0 -92.71657260317774,18.0940123009432,0 -92.71663255851203,18.09416723259197,0 -92.71664360212316,18.09425396085638,0 -92.716745842268,18.09444536430575,0 -92.71682398890725,18.09460326645051,0 -92.71687311728407,18.09474474619315,0 -92.71689375268497,18.09479801850215,0 -92.71693150352122,18.09485128223426,0 -92.71698125647349,18.09499436087706,0 -92.71705739550016,18.09510196535649,0 -92.71715948883327,18.09524625036819,0 -92.7172277006303,18.09539175282886,0 -92.71726169913367,18.09553848804456,0 -92.71731769883635,18.09566745727728,0 -92.71739144720082,18.09579702421127,0 -92.71742629433012,18.09594642636095,0 -92.71747010849239,18.09605898165002,0 -92.7175096474145,18.09611532321215,0 -92.71755817732114,18.09620968226352,0 -92.71759795637627,18.09626639744041,0 -92.717642507774,18.09638054569022,0 -92.71768254065873,18.09643768599341,0 -92.7177897831256,18.0965907583139,0 -92.71785290963442,18.09670638328637,0 -92.71790278779082,18.09680320665238,0 -92.71794351682776,18.09686140534134,0 -92.71800740269074,18.09697839424232,0 -92.71811700617755,18.0971350978625,0 -92.71818170949319,18.09725347415937,0 -92.71825090024542,18.09735245288549,0 -92.71830646323075,18.09743193820248,0 -92.71840004366786,18.09759187644281,0 -92.71848426821342,18.09771243009707,0 -92.71854257384531,18.09787460502192,0 -92.71861550741066,18.09805832986497,0 -92.71867469573098,18.09822289528972,0 -92.71873252701349,18.09849310314471,0 -92.71880313237425,18.09870282143998,0 -92.71888238797625,18.09887172320311,0 -92.71893686732318,18.098977848249,0 -92.71897289875072,18.09908460638476,0 -92.71901704793004,18.0991486872399,0 -92.71908591988868,18.0993859471583,0 -92.71914537652283,18.09947249063898,0 -92.71923104154398,18.09962485253331,0 -92.7192871469542,18.09973431306975,0 -92.71936595707015,18.09993278437523,0 -92.71939978761152,18.10006616413468,0 -92.71946044831337,18.10026750278636,0 -92.71951395785045,18.10040252262305,0 -92.71956007469333,18.10058393052808,0 -92.71960652891394,18.10076666327907,0 -92.71967272442349,18.10095055542375,0 -92.71973940700244,18.10113579865559,0 -92.71977889318892,18.10125229129644,0 -92.71982612460351,18.101322225082,0 -92.71982677778028,18.10143994724048,0 -92.71987425123363,18.10151039982745,0 -92.71991897234588,18.10172386299464,0 -92.71999882328379,18.10184270851918,0 -92.72006790832074,18.10203457858378,0 -92.72011257107185,18.10213095846488,0 -92.72022232990102,18.10232461361172,0 -92.72028926010442,18.1025447736835,0 -92.72035120797352,18.10266765949613,0 -92.72038972272547,18.10281624177523,0 -92.72049123821097,18.10309055843556,0 -92.72050069965958,18.10316605224783,0 -92.72055316732244,18.10336816848945,0 -92.72058563358578,18.10357204362782,0 -92.72064596313928,18.10372563307899,0 -92.72069955445781,18.10393207997565,0 -92.72074355793023,18.104061822285,0 -92.72075709645593,18.10411393728479,0 -92.72076359791558,18.10421867839973,0 -92.72080756598378,18.10450857961797,0 -92.72080358972653,18.10469502369473,0 -92.72085553913666,18.10477478220207,0 -92.72086558315314,18.10501696004095,0 -92.7208794842017,18.10507095339429,0 -92.72087571681114,18.10526131248109,0 -92.72086835806887,18.10548053166306,0 -92.72088930516598,18.10564583007893,0 -92.72088911076581,18.1058123465888,0 -92.72088173147429,18.1060360151318,0 -92.72085285108051,18.10626172473495,0 -92.72083103573388,18.10643221716036,0 -92.72080173973845,18.10666117063679,0 -92.7207467974614,18.10692122730987,0 -92.72073934490885,18.10697929475625,0 -92.72046770184515,18.10755183767062,0 -92.72033900047165,18.10775218680634,0 -92.72025476716743,18.10790277054904,0 -92.72017033109009,18.10805371483141,0 -92.72014140962031,18.10825488187816,0 -92.71991580684687,18.10850872317771,0 -92.71978001024603,18.10866151712893,0 -92.71963353409581,18.10871332170186,0 -92.71945165098843,18.10891778936358,0 -92.71925910486625,18.10902106554483,0 -92.7191169789352,18.10912411163217,0 -92.71907120822408,18.10917549735207,0 -92.718735237348,18.10938265824364,0 -92.7185366394697,18.10943545429767,0 -92.71818985230998,18.10954077700294,0 -92.71789794988146,18.10969727861761,0 -92.71775395982012,18.10980142432936,0 -92.71740985268517,18.1099589705642,0 -92.71712446567535,18.11022011459602,0 -92.71698341882238,18.11037706939082,0 -92.71674349396027,18.11058734823758,0 -92.71649879787365,18.11074601980703,0 -92.71646328303706,18.1109558683705,0 -92.71632061373022,18.11111462880745,0 -92.71618533736438,18.11137927250238,0 -92.71599395090072,18.11159243244717,0 -92.71581314103969,18.11196590450859,0 -92.71561660514934,18.11212757845577,0 -92.71553086448731,18.11239597082292,0 -92.71533332615924,18.11255871624367,0 -92.71519449116961,18.11282931242559,0 -92.71510393347873,18.11304642843952,0 -92.71491509025384,18.11337388093411,0 -92.71472864195275,18.11375769612862,0 -92.71473533133566,18.11386727854433,0 -92.71453783055506,18.11408871372954,0 -92.71444206467795,18.11425484683162,0 -92.714305926175,18.11464339371849,0 -92.71420946551216,18.1148109245636,0 -92.71411276170667,18.11497887835978,0 -92.71402197500453,18.11525916142613,0 -92.71383020232973,18.11565407673477,0 -92.71373537805073,18.11588066756928,0 -92.71369080580185,18.11605089276286,0 -92.71359839102492,18.11633571350196,0 -92.71355640850643,18.1165641733335,0 -92.71341237968359,18.11690899806089,0 -92.71331877744299,18.11719747749679,0 -92.71322477509827,18.1174871922145,0 -92.71318179251217,18.11771958507738,0 -92.71319293705869,18.11795231839935,0 -92.71315252999656,18.1182448182139,0 -92.71306018609192,18.11859785168857,0 -92.71302477601903,18.11901142162199,0 -92.71293971087955,18.11954718022596,0 -92.71289287981092,18.11972685455217,0 -92.7127988506889,18.1200876141743,0 -92.71275429892205,18.12032901356359,0 -92.7127095909903,18.12057125778244,0 -92.71261970491366,18.12105829862265,0 -92.71262230982701,18.12111929940177,0 -92.7124152374583,18.12148836034257,0 -92.71236454846095,18.12161165485044,0 -92.71227029558841,18.12204417651794,0 -92.71217059444477,18.12235504335368,0 -92.71201192495784,18.12260541876561,0 -92.7119089247703,18.12285619628384,0 -92.71175373466171,18.12323404349009,0 -92.71170854281408,18.12354972122029,0 -92.71148892429723,18.12374150252142,0 -92.71144084408854,18.12399585010683,0 -92.71122628379511,18.12438034646014,0 -92.71106953659242,18.12483072004612,0 -92.71107151445109,18.1248950738112,0 -92.71079551758162,18.12522026591296,0 -92.71063647321196,18.12567597604393,0 -92.71047296608781,18.12600370450227,0 -92.71036466341931,18.12626675835023,0 -92.71025433538667,18.12646494025813,0 -92.7101468674887,18.12679575932938,0 -92.70998246992512,18.12719506293708,0 -92.70981572317281,18.12752976568692,0 -92.70970784334402,18.12793260269398,0 -92.70965779744573,18.12833714200158,0 -92.70948898235729,18.12867713673798,0 -92.70937683585217,18.12895005633128,0 -92.70932305907547,18.12922345394199,0 -92.70926787745964,18.12942930611445,0 -92.70898101567329,18.12991332833238,0 -92.70886696942377,18.13019087330706,0 -92.70869226410348,18.13040054019571,0 -92.70845938815258,18.13075075657878,0 -92.70822323097902,18.13089263539137,0 -92.7081049832165,18.1309636765736,0 -92.70757209911334,18.13138968027237,0 -92.70715559574217,18.13174627135713,0 -92.70709579173176,18.131746832093,0 -92.7066771489803,18.13217621289833,0 -92.70613630664141,18.13246629358395,0 -92.70559233661633,18.13290096296846,0 -92.70486299799875,18.1334121287197,0 -92.70462009584855,18.13348675122945,0 -92.70425239405456,18.1337802035333,0 -92.70382251524704,18.13407537654835,0 -92.7032708569714,18.13429969762457,0 -92.70302573648721,18.13437520247597,0 -92.70271566012266,18.13459807291719,0 -92.70228468323685,18.13474916783769,0 -92.70203834569801,18.13482512201181,0 -92.70197502340946,18.13489938852842,0 -92.70177995750443,18.13527062573894,0 -92.70145610985863,18.13579387416393,0 -92.70132022768786,18.13616887682735,0 -92.70130979045628,18.13646923824959,0 -92.70147974780957,18.13692016681837,0 -92.70165562030272,18.13722164500904,0 -92.70183455309331,18.13744806820101,0 -92.70201629596049,18.13759877447283,0 -92.70232069849291,18.13782507687792,0 -92.70256161796415,18.13812947437032,0 -92.7029303164562,18.13835670886521,0 -92.70318016367997,18.13835424694839,0 -92.70336264019136,18.13858398898264,0 -92.70367390845617,18.1386582489241,0 -92.70386164570083,18.13865639619097,0 -92.70411068626724,18.1387313438608,0 -92.70448523494285,18.13880512675473,0 -92.70486013523276,18.13887898009269,0 -92.70492192876642,18.13895600052825,0 -92.7053601145245,18.13902937731431,0 -92.70554715311675,18.13918316885624,0 -92.70592308037281,18.13933539596731,0 -92.70623683578251,18.13948853984827,0 -92.70642540696328,18.13956491314298,0 -92.70674013953169,18.13979698028216,0 -92.70692957443924,18.14003098667425,0 -92.70724569931903,18.14018549216218,0 -92.70750002900454,18.14049919624789,0 -92.70769093186883,18.14065588364149,0 -92.70794626829392,18.14089181366804,0 -92.70820313010829,18.1412083272044,0 -92.70839644879636,18.14144654316814,0 -92.70858842249298,18.14152482997753,0 -92.7088497825259,18.1420051636784,0 -92.70904504198259,18.14224577311697,0 -92.70917807081342,18.14256900546876,0 -92.7093143128413,18.14305696174152,0 -92.70944715319133,18.14330140150896,0 -92.70952023590661,18.14379448523107,0 -92.70952896444783,18.14429125327245,0 -92.709537746943,18.14479108573049,0 -92.70954363213964,18.14512602259681,0 -92.70954806199896,18.14537813179943,0 -92.70942182864232,18.14563236674466,0 -92.70916817895568,18.14614321856184,0 -92.7091038903005,18.14622889751308,0 -92.70858616039546,18.14683185160448,0 -92.70819437085484,18.14717937356927,0 -92.70786578746132,18.14735506247707,0 -92.70760212681071,18.14744407914358,0 -92.7074699830961,18.14744545755377,0 -92.70713985441054,18.14753526575164,0 -92.70667706689261,18.14806019890899,0 -92.70654435186209,18.14814859235563,0 -92.70621182192379,18.1484136419727,0 -92.70581074194821,18.14885564210956,0 -92.70540752313669,18.14929999977162,0 -92.70500392051193,18.14956945942943,0 -92.70459791149628,18.1499286718041,0 -92.70419147620657,18.15020017022477,0 -92.70405431147455,18.15038022452969,0 -92.70364104807537,18.1509227131638,0 -92.70350100488086,18.15119454578522,0 -92.70322141213673,18.15165004369514,0 -92.70307815516031,18.15201533588794,0 -92.70293427878985,18.15238220725016,0 -92.70278977981684,18.15275066549826,0 -92.70257628880429,18.15312146939456,0 -92.70243038209172,18.1534931439584,0 -92.70228383894992,18.15386643950954,0 -92.70213665596981,18.15424136671889,0 -92.70205779395224,18.15461717642283,0 -92.70205527541808,18.1547111967643,0 -92.70204594307793,18.15526173863677,0 -92.7022318914008,18.15561196765604,0 -92.70223472121206,18.15578859204632,0 -92.70228510717243,18.15609866414124,0 -92.70228876521507,18.15632143381592,0 -92.70229170198279,18.15650027799996,0 -92.70229686354735,18.15681460669505,0 -92.70229982580953,18.15699500132108,0 -92.70230205364182,18.15713067042548,0 -92.7023050323014,18.15731206224193,0 -92.70230802037119,18.1574940263242,0 -92.70231252028938,18.15776805574349,0 -92.70236168324169,18.15795110471496,0 -92.70236555332033,18.1581811869995,0 -92.70236943885031,18.15841218659831,0 -92.70242056776351,18.15869023612326,0 -92.70247276570102,18.15901637602662,0 -92.70247606742215,18.15920377405831,0 -92.70252695341314,18.1594384978005,0 -92.70253035440632,18.1596272539814,0 -92.70253462112117,18.15986405670112,0 -92.70263292086914,18.16010106314595,0 -92.70263741266767,18.16033978300479,0 -92.70264192271335,18.16057947112246,0 -92.7026974583877,18.16101298840025,0 -92.70270118365002,18.1612068547368,0 -92.70270679442433,18.16149884310425,0 -92.70275819306586,18.16169391295815,0 -92.70285647838573,18.16184014948082,0 -92.70314715854823,18.16203439054184,0 -92.70329522162137,18.16223043582741,0 -92.70353706019813,18.16232732952189,0 -92.70368342815252,18.16242516292566,0 -92.70387943331883,18.1625724096132,0 -92.70407591912944,18.16272001733721,0 -92.70432099231944,18.1628675918079,0 -92.70447033979148,18.16301632054725,0 -92.70471471659286,18.16311448715202,0 -92.70490752146623,18.16311290095381,0 -92.70519671878083,18.16311052187964,0 -92.70538951015362,18.16310893598039,0 -92.70553410021473,18.1631077466338,0 -92.70567868697334,18.16310655735664,0 -92.70596325068415,18.1630040505829,0 -92.70605255013508,18.16285337932442,0 -92.7062832974305,18.16265215151815,0 -92.70664935363529,18.16230190791622,0 -92.70687805490569,18.16210251539567,0 -92.70701328497047,18.16195369683575,0 -92.70720141687536,18.16190300830542,0 -92.70733318446908,18.16170571297865,0 -92.70747318166096,18.16165562105132,0 -92.70778832024418,18.16136018030528,0 -92.70802266285305,18.16130961051165,0 -92.70834522711031,18.16116122221853,0 -92.70848745470835,18.16116007290404,0 -92.70867035116281,18.16106160996105,0 -92.70890027372114,18.16096292837254,0 -92.70907900026809,18.16081654679791,0 -92.70926447633626,18.16076681843919,0 -92.70944612668283,18.16066900617423,0 -92.70963121782009,18.16061940173779,0 -92.7097651897509,18.16052221165458,0 -92.71004417650488,18.16047197343232,0 -92.71018556184451,18.16047083812707,0 -92.71046424780471,18.16042064381306,0 -92.71084109423482,18.1604176193398,0 -92.71112371570547,18.16041535121014,0 -92.71135922486825,18.16041346124946,0 -92.71159926017738,18.16045948772781,0 -92.71184411924635,18.16055354259713,0 -92.71199028125406,18.16060043656725,0 -92.71218375194654,18.16064698823497,0 -92.71238710361661,18.16078990609018,0 -92.71262830490754,18.16083622552518,0 -92.71278016043688,18.16093164336177,0 -92.712974484076,18.16097845587134,0 -92.71317936291561,18.16112217518784,0 -92.71337944465949,18.16121767060755,0 -92.71357984806519,18.16131331884208,0 -92.71378057514724,18.16140912162424,0 -92.71399273528236,18.16160273276004,0 -92.71421124482305,18.16184601953809,0 -92.71437714807048,18.16204144234332,0 -92.71444795741999,18.16223828429923,0 -92.7145668977938,18.16243538239306,0 -92.7147460423308,18.16273224758094,0 -92.71485998421825,18.16288103305286,0 -92.71493811285899,18.16313075144349,0 -92.71506483686936,18.16338110784151,0 -92.7151314581107,18.16353190014945,0 -92.71521674767685,18.1638350138706,0 -92.71525389148449,18.16414004861076,0 -92.71529122265304,18.16444661828476,0 -92.71532247606943,18.16470327359148,0 -92.71534757372288,18.16490937543545,0 -92.71533637546942,18.16522024238307,0 -92.7152634299011,18.16542891206068,0 -92.71524568583531,18.16569012829457,0 -92.71521530155596,18.16584755642653,0 -92.71520368072353,18.16616320394262,0 -92.71518570394962,18.16642754795487,0 -92.7152109238319,18.16663950146632,0 -92.71519289498414,18.16690588431547,0 -92.71521822499797,18.1671194757309,0 -92.7152001415153,18.16738792098481,0 -92.71523195659533,18.16765709716187,0 -92.71510731979663,18.16787455729783,0 -92.7150825515601,18.16809191433348,0 -92.71500745939439,18.16831045615511,0 -92.71498874675356,18.16858405442257,0 -92.71496363143578,18.16880387686156,0 -92.71489420718972,18.16908006070204,0 -92.71484994569212,18.16913570427418,0 -92.71469119517489,18.16952526330547,0 -92.71462077553069,18.16980460997879,0 -92.71455004624114,18.17008518625522,0 -92.71451766314456,18.17025403668654,0 -92.71440148795077,18.17059352715033,0 -92.71441382083616,18.17070664347774,0 -92.71439962001575,18.17104764297631,0 -92.71438534403809,18.17139045871648,0 -92.7144101573912,18.17161971596367,0 -92.71434415086354,18.17196604638858,0 -92.71437522882387,18.17225531080065,0 -92.7144064461358,18.17254586894643,0 -92.71443780374125,18.17283772954834,0 -92.71445668604487,18.17301347478769,0 -92.71454050160686,18.17330697093072,0 -92.71461189155654,18.17348351551917,0 -92.71475525314422,18.17383803590321,0 -92.71483374695055,18.17407560674291,0 -92.71495856340294,18.17425375722421,0 -92.71519577924951,18.17449140894159,0 -92.71538786521343,18.17479063484252,0 -92.71551411413303,18.17497072628866,0 -92.71576063317542,18.17527164878984,0 -92.71588785031565,18.17545305124839,0 -92.7160297143149,18.17575713712171,0 -92.71620379472785,18.17587809436539,0 -92.71646095920376,18.17624472253318,0 -92.71670451232602,18.17648961029453,0 -92.71684936687758,18.17679845662617,0 -92.71702555589371,18.17692131090082,0 -92.71727138205088,18.17716868179556,0 -92.71747216880942,18.17748017131934,0 -92.7176118750652,18.17773059973914,0 -92.7178602669583,18.17798095937576,0 -92.7180636367348,18.17829621802607,0 -92.71825960134076,18.17854918072237,0 -92.71846475859228,18.17886709031917,0 -92.71859921659085,18.17905844867204,0 -92.71880593985655,18.1793787446397,0 -92.71887796356864,18.17950738508645,0 -92.71904000715402,18.17989527675709,0 -92.7190664533836,18.18009056202541,0 -92.71915685651832,18.18035128875981,0 -92.71924760190207,18.18061300570076,0 -92.71934770625674,18.18094168113224,0 -92.71938384253757,18.18120616876967,0 -92.71943830700842,18.18160479827457,0 -92.71956768292978,18.18173712921566,0 -92.71966937286189,18.18207117953725,0 -92.71975293552957,18.18227216768732,0 -92.71981824743429,18.18274464516822,0 -92.71986517048822,18.18308408902979,0 -92.7199123216197,18.18342517815894,0 -92.71995970276824,18.18376792651822,0 -92.72000731535795,18.18411234434064,0 -92.72003599485775,18.18431980252652,0 -92.72008398166014,18.18466691960575,0 -92.72011288693379,18.18487600630631,0 -92.71998074951982,18.18515740599737,0 -92.71986722370603,18.18558076415835,0 -92.71979116473035,18.18586440127477,0 -92.71960013585054,18.18615028831931,0 -92.71956172779778,18.18629309693253,0 -92.71948468237598,18.18657956547708,0 -92.71918616483572,18.18694125104033,0 -92.71909871861807,18.18715822353212,0 -92.71875845054217,18.18766837614724,0 -92.71824132508445,18.18818387401208,0 -92.71803521570133,18.18840575988251,0 -92.717770147365,18.18862890551043,0 -92.71745442751839,18.18892710801856,0 -92.71729608369189,18.18907666653698,0 -92.71697842567993,18.18937670070217,0 -92.71648320326065,18.18967974375128,0 -92.71627227357901,18.18990621712755,0 -92.71577380238527,18.19021145547046,0 -92.71536860068353,18.19029079984157,0 -92.71502200044392,18.190369633061,0 -92.71490392642802,18.19037082942436,0 -92.71462319452102,18.19052455721956,0 -92.71421651610417,18.19060424340292,0 -92.71410522569411,18.19068101054436,0 -92.71365214568728,18.19091299576611,0 -92.71342175020995,18.19099129250052,0 -92.71301958481367,18.19114753015915,0 -92.7125633723188,18.19138098774371,0 -92.71228435982367,18.19161335212467,0 -92.71183142598127,18.19192512092942,0 -92.71177175514232,18.19192573387663,0 -92.71124583710085,18.19208518281294,0 -92.71084377295985,18.19232099115526,0 -92.7105498292466,18.19240140681559,0 -92.71013576995978,18.19248314493688,0 -92.71001596837043,18.19248438233274,0 -92.70960138735627,18.192566215726,0 -92.70930629345337,18.19264689927299,0 -92.70901088182821,18.19272767069676,0 -92.70865937930975,18.19288698543652,0 -92.70842324769713,18.19296739403356,0 -92.70806263092776,18.19297113780503,0 -92.70758549280782,18.19305413822892,0 -92.70728478849102,18.19305726428038,0 -92.70704421562289,18.19305976590724,0 -92.70680363443354,18.19306226823209,0 -92.70656304491064,18.19306477125513,0 -92.70620214480297,18.19306852710093,0 -92.70614199307036,18.19306915322684,0 -92.70578107100199,18.19307291090667,0 -92.70535997186052,18.19307729684952,0 -92.70506157792288,18.19315854616227,0 -92.7047026348622,18.19324051286714,0 -92.70452621546735,18.19339904711787,0 -92.70416640606264,18.19348127842627,0 -92.70392692296808,18.19356233735252,0 -92.70356803500513,18.19372345203914,0 -92.70308878819078,18.19396513729799,0 -92.70284795505934,18.1940467182979,0 -92.70242508485715,18.19413030319402,0 -92.70212300267828,18.19421270529111,0 -92.70200423328586,18.1944521231875,0 -92.70164180293352,18.1946948707408,0 -92.70133816632321,18.19477789161937,0 -92.70115714443637,18.19509988950424,0 -92.70091371533438,18.19526302153951,0 -92.70073121477479,18.19558707902084,0 -92.70054786899794,18.19583151482676,0 -92.70036393655913,18.19607673581411,0 -92.70024061395053,18.19656689880661,0 -92.70011698067351,18.19681381907865,0 -92.70005453328093,18.19714317124116,0 -92.69986764244828,18.19755801450055,0 -92.6998664664815,18.19788988380678,0 -92.69980238475678,18.19839103839113,0 -92.69973788842042,18.19889543557287,0 -92.69967417734412,18.19914920420732,0 -92.69961025929521,18.19940379836146,0 -92.69960763487609,18.19991409694481,0 -92.69960587567964,18.20025614513394,0 -92.69954139308206,18.20051435567551,0 -92.69947567277464,18.20094612214682,0 -92.69934667242684,18.20129408604932,0 -92.69921710398145,18.2016435833561,0 -92.69902244477113,18.20208298267852,0 -92.69876365262135,18.20243739685101,0 -92.69844072360942,18.20270568171668,0 -92.69818085708793,18.20297415054602,0 -92.69792287910926,18.20306576492157,0 -92.69766460560821,18.20315748518802,0 -92.69740770225241,18.20316037660999,0 -92.69715078886567,18.20316326903026,0 -92.69676540012705,18.20316760953107,0 -92.69644642277714,18.20308237934104,0 -92.69606842084984,18.202820746084,0 -92.69568904078,18.2026482370446,0 -92.69543840218081,18.20247466365659,0 -92.69518542578497,18.2023894534372,0 -92.69493874863664,18.20212864744516,0 -92.69462278796816,18.20204452138902,0 -92.69437424033099,18.20187225595008,0 -92.69399538444337,18.20178911462766,0 -92.69361692228351,18.20170606154101,0 -92.6932985854709,18.20170962528717,0 -92.69328293878429,18.20205954807975,0 -92.69326328310308,18.20249911972913,0 -92.69343985532058,18.20285035730608,0 -92.69362472340858,18.20302546776952,0 -92.69390144451991,18.20336291538776,0 -92.69400818327851,18.20360051033693,0 -92.69407834900122,18.20387952232959,0 -92.69419024675634,18.20415972374359,0 -92.69424854496889,18.2043205674737,0 -92.69427406355162,18.2045632590466,0 -92.69433701384654,18.20476604240032,0 -92.6944375392947,18.20492844338168,0 -92.69445929154216,18.20513298266118,0 -92.69452294980812,18.20533799097821,0 -92.69453614289407,18.20546158186508,0 -92.6945582007052,18.20566821485411,0 -92.69461347862924,18.20579225047214,0 -92.69463575888948,18.20600018742672,0 -92.69465812729646,18.20620894532923,0 -92.69468058462861,18.20641853142377,0 -92.69470765132674,18.20667113275932,0 -92.69474394204319,18.20700981378446,0 -92.69476217440395,18.20717996454414,0 -92.69477131250522,18.20726524406986,0 -92.69480341131234,18.20756479758648,0 -92.69483569103676,18.20786603591355,0 -92.69486350441456,18.20812559089232,0 -92.69489612403066,18.20842999441057,0 -92.69492423117158,18.20869228497212,0 -92.69494775843032,18.20891183485705,0 -92.69497138156535,18.20913227752956,0 -92.69499985655773,18.20939799346955,0 -92.69501891755444,18.20957586064828,0 -92.69507681567661,18.20970928102817,0 -92.69515906632409,18.21006727544323,0 -92.69523206093285,18.21033722222665,0 -92.69524676130654,18.21047287800963,0 -92.69527627135272,18.21074519600772,0 -92.69529602621321,18.21092749175845,0 -92.6953108852812,18.21106460879642,0 -92.69534071470667,18.21133986760367,0 -92.69537069319023,18.21161649888405,0 -92.69530197370349,18.21180243815191,0 -92.69531695858336,18.21194173735383,0 -92.69517374590052,18.21226964104841,0 -92.69513904711475,18.21236362846791,0 -92.69500457387821,18.21278834305757,0 -92.6949296246237,18.21293088755358,0 -92.69486907552339,18.21321629395199,0 -92.69470363234473,18.21336069971009,0 -92.69467299312234,18.21350431426496,0 -92.6944806365302,18.21384187924832,0 -92.69435904387272,18.21398750265001,0 -92.6942417801545,18.21418185847219,0 -92.69394240977475,18.21437845470287,0 -92.69372413483292,18.21447759961722,0 -92.69363759807929,18.21452703968511,0 -92.69319534443009,18.21467720001554,0 -92.69292614715877,18.21472839784547,0 -92.69260714549243,18.21473117045277,0 -92.69233370327507,18.214733547329,0 -92.6921476291716,18.21468630241755,0 -92.69187428334948,18.21468867776081,0 -92.69164293122466,18.21464186582597,0 -92.69150281353939,18.21459430151739,0 -92.69113195603995,18.21450008114727,0 -92.6910864699782,18.21450047582045,0 -92.69076805566024,18.21450323880996,0 -92.69053752957331,18.21445657881218,0 -92.69012827603353,18.21446012915207,0 -92.68990651583206,18.21455942081753,0 -92.68968708643447,18.21470769249411,0 -92.68951007348448,18.21480701978571,0 -92.68938100029793,18.21495514057397,0 -92.68920081693793,18.21500579535319,0 -92.68911438762423,18.21510484391977,0 -92.68885182457726,18.21535361812792,0 -92.6887212759646,18.21550316071862,0 -92.68827081730439,18.2157055803671,0 -92.68800301048307,18.21590709424278,0 -92.68764011335743,18.21606011582674,0 -92.68741480500262,18.21621232180016,0 -92.68727625135107,18.21621354475432,0 -92.68705016282,18.21636615624308,0 -92.68691453453572,18.21646798475595,0 -92.68668454845006,18.21652040123374,0 -92.68650068533185,18.2165724550966,0 -92.68636565345241,18.2167251937475,0 -92.68604325971626,18.21682930510308,0 -92.68581215946539,18.21688205031462,0 -92.68553533241598,18.2169860305923,0 -92.68521228984842,18.21714152132894,0 -92.68502751870973,18.21724513603958,0 -92.68479641409587,18.2174004875196,0 -92.68451796070345,18.21755667167296,0 -92.68409871087114,18.21776598855345,0 -92.68391169451056,18.21781917031779,0 -92.68377136968137,18.21787198004094,0 -92.68358426342881,18.21802858675955,0 -92.68334964581277,18.21808243015387,0 -92.68311472010762,18.21818815071642,0 -92.68292657978303,18.21824171778614,0 -92.68264359674379,18.21840016481362,0 -92.68250200048139,18.21845350069357,0 -92.68197973206439,18.21882393091491,0 -92.68183732385431,18.21887765202741,0 -92.68155211848701,18.21898524131255,0 -92.6814076198189,18.21914440957989,0 -92.68102346032221,18.21941194176864,0 -92.68087881662576,18.21951920677377,0 -92.68068633597935,18.21962710011634,0 -92.68058752272097,18.21978756513617,0 -92.68029626577149,18.22000365070346,0 -92.68005029871907,18.22027376383265,0 -92.67995008556125,18.22043597831198,0 -92.67975366490899,18.22059951729771,0 -92.67945889708199,18.22081856147082,0 -92.67926117510147,18.22098314822058,0 -92.67911300384722,18.22109327184673,0 -92.67891036342412,18.22136789628453,0 -92.67855730158008,18.22175511266245,0 -92.67840081876599,18.22203231234069,0 -92.67819495920629,18.2223112391846,0 -92.6781344661876,18.22259007571025,0 -92.67803208540012,18.22270270257438,0 -92.67791713484732,18.22309622953882,0 -92.6778556102184,18.22337867693516,0 -92.6777963497635,18.22360566712646,0 -92.67773428840904,18.22389047028612,0 -92.67767455574926,18.2241193581272,0 -92.6776614502182,18.22440607344874,0 -92.67765355756336,18.22457874252483,0 -92.67763770590167,18.22492552792108,0 -92.67762442808933,18.2252160009707,0 -92.67761108797274,18.22550783291762,0 -92.67765040264247,18.22574180089671,0 -92.67778751425092,18.22603464404278,0 -92.67782991439528,18.22621139853795,0 -92.67797553342183,18.22632837213202,0 -92.67825322091835,18.22692095576174,0 -92.67839538644391,18.2271592573238,0 -92.67858877828624,18.2273979627859,0 -92.67857975956544,18.22763956493837,0 -92.67867468897691,18.22782036977158,0 -92.67871235254786,18.22818503820513,0 -92.67875680290008,18.22836790383411,0 -92.67885253031795,18.22855078859763,0 -92.67889092188948,18.22891965932376,0 -92.67888237643521,18.2291670980094,0 -92.67887164802342,18.22947774115311,0 -92.67886086751778,18.22978988778339,0 -92.67884350931801,18.2302924794509,0 -92.67883914857272,18.23041873905961,0 -92.67872192021181,18.2308000464738,0 -92.67860861747106,18.23105585069207,0 -92.67854946137417,18.23124810012496,0 -92.67837581113127,18.23169924720916,0 -92.67821355859411,18.23182986463505,0 -92.67799058768949,18.23215567188806,0 -92.67771378041492,18.23248364233825,0 -92.67754703193053,18.23268121162445,0 -92.67732689659201,18.23287991808092,0 -92.67715906412491,18.23307867705957,0 -92.67705313049599,18.2330797680183,0 -92.67678178888467,18.23321425048589,0 -92.67656633548032,18.23328241581823,0 -92.67624449979266,18.23335174834587,0 -92.67602854380992,18.23342005669628,0 -92.67575168255564,18.23362155153249,0 -92.67542859241591,18.23369124271134,0 -92.67521166044297,18.23375990359467,0 -92.67483466950583,18.23383029517677,0 -92.67456826886571,18.2338330610445,0 -92.6742485727209,18.23383638108454,0 -92.67403543135786,18.23383859506324,0 -92.67376899384776,18.23384136322111,0 -92.67345418249651,18.23377814606112,0 -92.67324615011286,18.23371388364656,0 -92.67299540504651,18.23351760942121,0 -92.67289427412943,18.23345249673705,0 -92.67258078859589,18.23338964880813,0 -92.67247995807317,18.23332466139233,0 -92.67217251305634,18.23319597468318,0 -92.67201901252275,18.23313172490034,0 -92.67177115568256,18.23293716335475,0 -92.67161814829986,18.23287316397663,0 -92.67135951028787,18.2328103180639,0 -92.67125373033946,18.23281140976142,0 -92.67104825030711,18.23274807751405,0 -92.67073728090031,18.2326858960026,0 -92.67047306064828,18.23268862144692,0 -92.66999743284381,18.23269352908121,0 -92.66973317745862,18.2326962565671,0 -92.66931034194369,18.23270062206975,0 -92.66899319442545,18.23270389742012,0 -92.66872165896126,18.2327721041677,0 -92.66849540645752,18.23290544374242,0 -92.66826121687778,18.23310485859044,0 -92.6678061726284,18.23337315966743,0 -92.66750111439113,18.2337072955832,0 -92.66731734065614,18.23390858690403,0 -92.66705514362121,18.23431188216678,0 -92.66674601364254,18.23465077091038,0 -92.66654288650055,18.23499025162128,0 -92.66632154750265,18.23546774022273,0 -92.66612481353177,18.23574285525624,0 -92.66603567860905,18.23601794424836,0 -92.66593733271534,18.23636324019019,0 -92.66585631518406,18.23657149757573,0 -92.66581166957846,18.23691904201588,0 -92.6657487798991,18.23740859860708,0 -92.6656945123932,18.2378310284127,0 -92.66560331566018,18.2385409052546,0 -92.66553891238611,18.23904220784263,0 -92.66559450892984,18.23947358776236,0 -92.66554821782992,18.23983615102988,0 -92.66566006926817,18.24027188292082,0 -92.66566973487426,18.24063801328984,0 -92.66567944914,18.24100606883366,0 -92.66578338713586,18.24152360247716,0 -92.66582129069057,18.24167208147214,0 -92.66596312602367,18.24189443996475,0 -92.66613467758648,18.24234253791694,0 -92.66639132367597,18.24256574070531,0 -92.66652600198668,18.2428667867495,0 -92.66672718544574,18.24309228744005,0 -92.66686307553857,18.2433955753338,0 -92.66706554312847,18.24362275672415,0 -92.6672199774688,18.24377439673955,0 -92.66741499089908,18.24407994679927,0 -92.66762777067611,18.24423190538291,0 -92.66783264383037,18.24446175585415,0 -92.66814528950709,18.24476893447294,0 -92.66835986380585,18.24492235719526,0 -92.66850101430101,18.24523349447532,0 -92.66865872366327,18.24538857167236,0 -92.66897515583743,18.24569972618942,0 -92.66944136379138,18.24614523746913,0 -92.66957505540633,18.24634852963592,0 -92.66975449146828,18.24663423327776,0 -92.66980325183751,18.24679846803805,0 -92.66993813566205,18.24700372702709,0 -92.66994331831117,18.24712779182356,0 -92.67004177197754,18.24745905601495,0 -92.67013890848196,18.24775015064795,0 -92.67019035419609,18.24795898319996,0 -92.6702807773837,18.24808410524809,0 -92.67033442997128,18.24833607583258,0 -92.6703826312751,18.24846223481387,0 -92.67052005413322,18.24867254854684,0 -92.67065395656246,18.2487986254549,0 -92.67079213094885,18.24900996819706,0 -92.67084099082749,18.24913736655739,0 -92.67094104905685,18.24943566229665,0 -92.67112965757846,18.24977754110854,0 -92.67118555329171,18.25003577364743,0 -92.67123514220336,18.25016507139892,0 -92.67129358308316,18.25046818238001,0 -92.67134785066662,18.25068539621366,0 -92.67140675671816,18.2509907796325,0 -92.67141795530604,18.25120998984052,0 -92.67152534641069,18.2516055677603,0 -92.67153449129883,18.25178242486936,0 -92.67155515194084,18.25218198511022,0 -92.67156668099666,18.25240494465711,0 -92.67158288319102,18.25271827387465,0 -92.67159682823882,18.25298794927287,0 -92.67165726251565,18.25330349232258,0 -92.6716737706348,18.25362082120596,0 -92.67169035279834,18.25393956881867,0 -92.67166261560237,18.25426012949406,0 -92.67154576398546,18.25458290593775,0 -92.67146602481375,18.25476811557768,0 -92.67138837378397,18.25500010722349,0 -92.67113167733866,18.25523441445931,0 -92.67104884582122,18.25537473954198,0 -92.67078670134552,18.25551691065399,0 -92.67061575938463,18.25570533448204,0 -92.67044436886601,18.25589425240572,0 -92.67035850528316,18.25598889711649,0 -92.67018836416689,18.25622565524517,0 -92.67005897786072,18.25636832208238,0 -92.66984276612529,18.2566067265203,0 -92.66971269689684,18.25675014628146,0 -92.66953887066531,18.25694181459662,0 -92.66940819942464,18.2570858985794,0 -92.66923845292891,18.2574219900074,0 -92.66915248373429,18.25756662076734,0 -92.66911341403426,18.25775922769088,0 -92.66884798279973,18.25800264650888,0 -92.66876424728788,18.25824523265401,0 -92.66867732075214,18.25839149953083,0 -92.6685029467929,18.25868490972873,0 -92.66841549831331,18.25883205446729,0 -92.66824007626434,18.25912722833038,0 -92.66810868636058,18.25937397144716,0 -92.66793322284325,18.25972071576153,0 -92.66793566812696,18.25981960187087,0 -92.66780551526453,18.26016801489053,0 -92.66767018803613,18.26031856569007,0 -92.66758426153048,18.2606188732388,0 -92.66754226782651,18.26081960898239,0 -92.66750124892185,18.26107118020844,0 -92.66741560710821,18.26142506498524,0 -92.66741666929225,18.26147563269155,0 -92.66728383020423,18.26183186996831,0 -92.66710059962988,18.26203719371904,0 -92.66701158744669,18.26229332202147,0 -92.66696742643076,18.26244732852289,0 -92.66697386290105,18.26280686971498,0 -92.66688239483811,18.26296236986843,0 -92.66679332513786,18.2632734397916,0 -92.66670472389148,18.26363782118516,0 -92.66666067412964,18.26384676077413,0 -92.66661650352121,18.26405627348202,0 -92.66652468636917,18.26426681655529,0 -92.66652779719756,18.26447703071918,0 -92.66643710158435,18.26479435193458,0 -92.66644010252293,18.26500601866332,0 -92.66639676536784,18.26532507669762,0 -92.66635180026796,18.26553867214749,0 -92.66635469773701,18.26575239753088,0 -92.66631026028632,18.26602085392239,0 -92.66631596595268,18.26645157832293,0 -92.66631954818301,18.26672200100842,0 -92.66632242297993,18.2669390183102,0 -92.66632675027562,18.26726568214469,0 -92.66638039764003,18.26764804675963,0 -92.66643430844771,18.26803229016559,0 -92.66648613199767,18.2682524993964,0 -92.66658857310445,18.2685837304195,0 -92.66659268613012,18.26886163654135,0 -92.66659681373773,18.26914052590193,0 -92.66664923350663,18.26936385859454,0 -92.66670353607961,18.26970028833117,0 -92.66675895937007,18.27009468682431,0 -92.66675984940106,18.27015126056046,0 -92.66676609745043,18.27054840772302,0 -92.66687250715323,18.27100372141565,0 -92.66692881134591,18.27140463986154,0 -92.66703226933885,18.27163391614098,0 -92.66703426397534,18.27174930808531,0 -92.66709226041321,18.27221202811495,0 -92.66714641471887,18.27244413400288,0 -92.66714954679591,18.27261903860798,0 -92.66720819246675,18.27308679249825,0 -92.66726499273165,18.27343926192124,0 -92.6672682737088,18.27361633368765,0 -92.66727595732894,18.27403100879071,0 -92.66728368037312,18.27444780610819,0 -92.66728478690818,18.27450752315601,0 -92.66729144320945,18.27486674542411,0 -92.66729924608482,18.27528783997539,0 -92.66730596642013,18.2756505090639,0 -92.6673082131593,18.27577175549191,0 -92.66726376653942,18.27613711168929,0 -92.66726821427528,18.27638122407318,0 -92.66722351362085,18.27674929560945,0 -92.66717644415856,18.27699577418312,0 -92.66697356871168,18.27718290147688,0 -92.66687536550724,18.27749315039998,0 -92.66672506601897,18.27780511634866,0 -92.66657506639712,18.27818069607478,0 -92.6664219547721,18.27836996165381,0 -92.66598803372189,18.27853622825517,0 -92.66570368887537,18.27870053009508,0 -92.66557751838047,18.27870153115342,0 -92.66537883422646,18.27890624456151,0 -92.66513057783541,18.27898965250908,0 -92.66488852503662,18.27919561303974,0 -92.66476614062437,18.27927838257483,0 -92.66435370685122,18.27948661392905,0 -92.66398043451214,18.27965401873518,0 -92.66369105661263,18.27982117433156,0 -92.66364862852289,18.27982151484985,0 -92.66335503648847,18.27990644748266,0 -92.66310191708804,18.27994980808725,0 -92.66297608789374,18.2799921736919,0 -92.66276822307756,18.28011806660802,0 -92.66243366818675,18.28028675900312,0 -92.66209430056125,18.28033106196372,0 -92.66196777433096,18.28037367520537,0 -92.66175469906311,18.28037539477631,0 -92.66145861020682,18.28046105296177,0 -92.6612464303952,18.2805044413026,0 -92.66099143371179,18.28054820358338,0 -92.66086340640459,18.28054923853755,0 -92.6606073434687,18.28055130847708,0 -92.6603085890706,18.28055372346135,0 -92.66018054685574,18.28055475847186,0 -92.65996713672558,18.2805564835147,0 -92.65983908691435,18.28055751855454,0 -92.65962566427332,18.28055924364502,0 -92.6592846013092,18.2806037346779,0 -92.65902873655779,18.28064756524567,0 -92.65885786715056,18.28064894751605,0 -92.65868723371096,18.28069211710141,0 -92.65851630013081,18.28069350046896,0 -92.65804636031979,18.28086473385948,0 -92.65778947596866,18.28099267091134,0 -92.65744618454403,18.28116364134171,0 -92.65723128402691,18.28124964196316,0 -92.65701639109889,18.2812935588042,0 -92.65680028103935,18.2814642607992,0 -92.65662789945672,18.28150797039862,0 -92.65641141760526,18.28163681067206,0 -92.65619396141729,18.28180840123177,0 -92.65602032029651,18.2818948933693,0 -92.65580261028936,18.28202448932656,0 -92.65567163609362,18.28211090850924,0 -92.65545402040861,18.28219815163005,0 -92.6552785355008,18.28232798503314,0 -92.6551460291201,18.28245771488162,0 -92.65501326434423,18.28258769673414,0 -92.65492268272709,18.2827606827819,0 -92.6545677603887,18.28306611064358,0 -92.65443494880449,18.28315389062818,0 -92.65425483332321,18.28337257374872,0 -92.65420761254249,18.28350361673156,0 -92.6540703919523,18.28372307595269,0 -92.65402286755219,18.28385480222772,0 -92.65397012148514,18.28416267339276,0 -92.65383183969944,18.28438428579896,0 -92.65382917577546,18.2844726898373,0 -92.65377574423653,18.28478338360031,0 -92.65372481376676,18.28500628583147,0 -92.65367232499862,18.28527465853532,0 -92.65357530148296,18.28554446664485,0 -92.65357244620579,18.28563438747116,0 -92.65351796374671,18.28595042275071,0 -92.65346322916855,18.28626791876809,0 -92.65345586070035,18.28649532760172,0 -92.653448467757,18.28672348853136,0 -92.65339326286009,18.28704457193409,0 -92.65338724355124,18.28722849724509,0 -92.6533796968049,18.28745909176279,0 -92.65332403548446,18.28778360767762,0 -92.65331942889134,18.28792298206754,0 -92.65330709923809,18.28829601486787,0 -92.65329935948877,18.2885301759943,0 -92.65329159364626,18.28876512310341,0 -92.65327911369333,18.28914268325067,0 -92.65326813823032,18.28947472019141,0 -92.6532571105714,18.28980832924582,0 -92.6532539501745,18.28990393637938,0 -92.6532460303477,18.29014352147467,0 -92.65332674948101,18.29047948632609,0 -92.6533664772536,18.29067224117783,0 -92.65349841277141,18.29086469251477,0 -92.65353698362679,18.29110713143025,0 -92.653577173523,18.29130159451113,0 -92.65370709096266,18.29159365680908,0 -92.65374765059954,18.29178944912324,0 -92.65383191926857,18.29208393276912,0 -92.65391791518543,18.29233012011748,0 -92.65395349484477,18.29272671786847,0 -92.65399471488362,18.29292562413161,0 -92.65408282754312,18.29312465013903,0 -92.65425850816493,18.29357468483012,0 -92.65434489015931,18.29387655587566,0 -92.65447874965909,18.29417924829854,0 -92.65451992726648,18.29443311367116,0 -92.65451277223889,18.29473945172584,0 -92.65464547664133,18.29514857822202,0 -92.65468608135807,18.29545748522857,0 -92.6546837998209,18.29556089287875,0 -92.65472233868103,18.29597553341428,0 -92.65476668898305,18.29613134572245,0 -92.65485458345107,18.29649634144397,0 -92.65494503106169,18.29675789976866,0 -92.65498776483628,18.29702084049125,0 -92.65498357918996,18.29723223342316,0 -92.65507368884731,18.29754953130104,0 -92.65516615757036,18.29776150828999,0 -92.65535372992879,18.29808014018068,0 -92.65539939002124,18.29824043285596,0 -92.65544514776282,18.29840106941686,0 -92.65558806372188,18.29856111308799,0 -92.65577677221452,18.29893729363332,0 -92.6557744468885,18.29909990062196,0 -92.6559169306563,18.29937027346634,0 -92.65601243511892,18.2995328681736,0 -92.65615511545937,18.29985958752196,0 -92.65620093534562,18.3001336556362,0 -92.65624875209616,18.3002432718164,0 -92.65644179415567,18.30057259199616,0 -92.65653761708221,18.30084876476027,0 -92.65673205909829,18.30118071948194,0 -92.65687902242097,18.30134675051913,0 -92.6570259750732,18.30156917587621,0 -92.65732183221274,18.30184701229912,0 -92.65751971595515,18.30201400032445,0 -92.65766824501738,18.30223837231615,0 -92.65781724836235,18.30240670931522,0 -92.65796654800918,18.3024619093361,0 -92.65816592692148,18.30263023562312,0 -92.6584655125011,18.30279793226697,0 -92.6587651266158,18.30285191281035,0 -92.65901502956982,18.30290643110265,0 -92.65931555421123,18.30301758602102,0 -92.65966585010169,18.30307121854715,0 -92.66006636677824,18.30312438687825,0 -92.66031715852579,18.30317909707022,0 -92.66061814020516,18.30323334376704,0 -92.66086929879707,18.30328813082541,0 -92.66111944840667,18.30328561907898,0 -92.66132207843967,18.30339832406748,0 -92.66167529955794,18.30350968128221,0 -92.6617769253826,18.30356617599773,0 -92.66202902457538,18.30362119806644,0 -92.662331449481,18.30367575419687,0 -92.66248528233946,18.3037895300805,0 -92.6627900009901,18.30390195485952,0 -92.66304681075022,18.30407292682371,0 -92.66335653764982,18.30430181370269,0 -92.66371975796403,18.30458912500035,0 -92.66397419850672,18.30464487216936,0 -92.66423590043253,18.30487595442528,0 -92.66455146260746,18.30516590045376,0 -92.66460458735052,18.30522412174207,0 -92.66492153624404,18.30551535997539,0 -92.66513258527011,18.30569041475723,0 -92.66518610407545,18.30574902621597,0 -92.66540340088953,18.30604325994811,0 -92.66561569691974,18.30621949321282,0 -92.66572939712169,18.30645683366115,0 -92.66583445035988,18.30651549257459,0 -92.66610516964529,18.30681207731499,0 -92.66637369654717,18.30704961827471,0 -92.66648914260574,18.30728946340572,0 -92.66670434098192,18.30746849484835,0 -92.66687543777795,18.30776973802509,0 -92.66699217190309,18.30801177056327,0 -92.66716086675578,18.30825400207415,0 -92.66733007461301,18.30849696868608,0 -92.66760703413273,18.30880104272424,0 -92.66777750305582,18.30904567904404,0 -92.66795621991959,18.30941485703619,0 -92.66806799122776,18.30953774475825,0 -92.66830407571274,18.30997099234379,0 -92.66836834881373,18.31015777924664,0 -92.66854555469448,18.31046931426772,0 -92.66861861478532,18.31078316546446,0 -92.66874869312088,18.31116095246585,0 -92.66883950924057,18.31173207524673,0 -92.66889652116495,18.3117952791787,0 -92.66903678054871,18.31230608960707,0 -92.66911603882401,18.31269158984131,0 -92.66918678975051,18.31294940990599,0 -92.66920011751651,18.31314373932601,0 -92.66963380537021,18.31425741184611,0 -92.66965019665535,18.31457110417505,0 -92.66972866017672,18.31482226952618,0 -92.66974193014453,18.31507460320771,0 -92.66982071471952,18.31532706809396,0 -92.66983750014406,18.31564422175644,0 -92.66985096791711,18.3158986866811,0 -92.66986109177058,18.31608996858449,0 -92.66988139915151,18.31647365520474,0 -92.66983579348312,18.31685937467945,0 -92.66971718226435,18.31711807425721,0 -92.66966442776892,18.31737691861227,0 -92.66961153399728,18.31763644398074,0 -92.66955850110402,18.31789665214506,0 -92.66950862721389,18.31822274066821,0 -92.6695185341879,18.31841858527146,0 -92.66939856358101,18.31868139873037,0 -92.66935148727548,18.31907583678493,0 -92.66923412402939,18.31940637046246,0 -92.66911317635245,18.3196718089866,0 -92.6690621152548,18.32000377418634,0 -92.66895001954605,18.32047071673728,0 -92.6687638413398,18.3208064573741,0 -92.66870882434566,18.32107507983007,0 -92.66865979589201,18.32147908145854,0 -92.66860140123438,18.32168197282567,0 -92.6685489663067,18.32202065707293,0 -92.66856114731166,18.32229197174747,0 -92.66850241737703,18.32249650351909,0 -92.668520650609,18.32290566849255,0 -92.66852674480209,18.32304242441234,0 -92.66841167473571,18.32352367124543,0 -92.66835243522792,18.32373070134597,0 -92.66823062686701,18.32407688106094,0 -92.66810840462203,18.32442423922265,0 -92.66798576558517,18.32477278189579,0 -92.66772516426109,18.3251236843113,0 -92.66767033893055,18.32547403185458,0 -92.66760699376088,18.32561485909027,0 -92.66735004897295,18.32610957401815,0 -92.66728896187728,18.32632190094906,0 -92.66716904892628,18.32681883775338,0 -92.66711018695415,18.32710379212683,0 -92.66690953483563,18.32731937224602,0 -92.66678308143717,18.32767786813857,0 -92.66672094040094,18.32789344094599,0 -92.66652885810956,18.32839859330058,0 -92.66646139900946,18.32847130555646,0 -92.6662634399392,18.32883441089264,0 -92.66606250237088,18.3291261748685,0 -92.66579517451738,18.32956504761848,0 -92.66572925518462,18.32971154331418,0 -92.6655288307972,18.33007899004881,0 -92.66532361694217,18.33030082109995,0 -92.66512191396302,18.33067034010321,0 -92.66498833713824,18.33096664279455,0 -92.66471637151352,18.3314132916622,0 -92.66458174985186,18.33171169144282,0 -92.66437737583419,18.33208619490058,0 -92.66409939695933,18.33238776883833,0 -92.66389195114073,18.33268956729688,0 -92.66361394812714,18.33306818547868,0 -92.66340653461523,18.33344751481522,0 -92.66312537282965,18.33375298364566,0 -92.66305622760241,18.33390540193291,0 -92.66270326219349,18.33428902072852,0 -92.66249087310101,18.33451985493616,0 -92.66228002491479,18.33490438423565,0 -92.66192400240968,18.33529160634279,0 -92.66156519403459,18.33552592527858,0 -92.6612068412275,18.33591539945541,0 -92.66084669459188,18.33622865823986,0 -92.66055774350966,18.33646436740505,0 -92.66034116041652,18.33677789706813,0 -92.66019598886888,18.33685725420867,0 -92.65968723732422,18.33733128052615,0 -92.65932249057576,18.3376486789816,0 -92.65902995455487,18.33788750814631,0 -92.65873677330417,18.33812686364485,0 -92.65859042046894,18.33812821547941,0 -92.65814942819377,18.33844863604708,0 -92.6578533364895,18.33884810972576,0 -92.65763172740452,18.33900926537123,0 -92.65748404720931,18.33909027426104,0 -92.6570376846245,18.33957347502627,0 -92.6565187462661,18.33981863354092,0 -92.65651658719905,18.33997915889859,0 -92.6560699916364,18.34022453861282,0 -92.65562239292188,18.3404704696859,0 -92.65509972282251,18.34071765092015,0 -92.65502402724009,18.34079924038924,0 -92.65450172042887,18.3409660884662,0 -92.65419930501382,18.34121229380312,0 -92.65397457616508,18.34129565204726,0 -92.65359676660128,18.34154329910049,0 -92.6532111855004,18.34203673777065,0 -92.6531202670886,18.34261177582936,0 -92.65295880043281,18.34302526377506,0 -92.65294671162732,18.34343885840972,0 -92.65293943662164,18.34368775326607,0 -92.6528471284572,18.34427139248882,0 -92.65282980326673,18.34485736154096,0 -92.6528173722232,18.34527778866634,0 -92.65280739359122,18.34561526549917,0 -92.65279487790036,18.34603853557417,0 -92.65278483120268,18.34637829837011,0 -92.65284835043667,18.34680369828338,0 -92.6530670510642,18.34714353361262,0 -92.65313371379237,18.34748588198837,0 -92.6532005767006,18.34782926259477,0 -92.65341620294188,18.34834515263331,0 -92.65348602213909,18.34860435082281,0 -92.65370961367802,18.34886262390905,0 -92.6537820904687,18.34903588878251,0 -92.65407927693784,18.34946905575718,0 -92.6545318908548,18.3499023329072,0 -92.65483694616977,18.35007487497377,0 -92.65513914021201,18.35042380960692,0 -92.65552271879615,18.35059636340447,0 -92.6557534254577,18.35068235159173,0 -92.65613660872707,18.35094379034539,0 -92.65644308011797,18.35120659546207,0 -92.65682791227245,18.35146921941634,0 -92.65713766529998,18.35155508113531,0 -92.657367493213,18.351909294927,0 -92.6578330703519,18.35208329499156,0 -92.65814401170752,18.35216961160814,0 -92.65829934134999,18.35225755578952,0 -92.65876603382743,18.35252178766947,0 -92.65923397141277,18.35260686203621,0 -92.65978042299031,18.35278112362764,0 -92.66001510353216,18.35295879114354,0 -92.66040655137083,18.35313515201301,0 -92.66064251693162,18.35340374952595,0 -92.66103518380669,18.35358078620696,0 -92.66142996132977,18.35393963057161,0 -92.66174647906243,18.35420928858682,0 -92.6619054840363,18.35438993676527,0 -92.66222315826778,18.35466063330212,0 -92.66254036928963,18.35484037867702,0 -92.66301709436058,18.35511051031153,0 -92.66325808432318,18.35538367602823,0 -92.66365770188008,18.35565586598677,0 -92.66381746694,18.35574646708563,0 -92.66413736449806,18.35592787819036,0 -92.66437857130711,18.35611037687161,0 -92.66478071605638,18.35638424916012,0 -92.66518154889835,18.35656583081446,0 -92.66550123471778,18.35665550534734,0 -92.66582865771953,18.35702467048871,0 -92.66623404064664,18.35730066716159,0 -92.66663753926366,18.35748365872114,0 -92.66688520113875,18.35776236495674,0 -92.66728998443131,18.35794606897902,0 -92.66761876982626,18.3582250384638,0 -92.6678716854439,18.35859994081222,0 -92.66820552247339,18.35897519911477,0 -92.66846373628761,18.35944759929502,0 -92.66856209343663,18.35992354324497,0 -92.66889887689371,18.36030298033601,0 -92.66907918192805,18.36078149180725,0 -92.66925628554439,18.36116534048747,0 -92.66927198961108,18.36155211225041,0 -92.66953108267559,18.3619375748799,0 -92.66963261282081,18.36242348550988,0 -92.66973041181235,18.36281345402517,0 -92.6698159891338,18.36291049847983,0 -92.66992695934586,18.36359717179747,0 -92.67002571098377,18.36399093337551,0 -92.67020235560683,18.36428600254014,0 -92.67030623898562,18.36478141695126,0 -92.67032389324638,18.36517990087916,0 -92.67042840651483,18.3656789570292,0 -92.67045081534911,18.36618093363288,0 -92.67047782812719,18.36678602867734,0 -92.67049138472649,18.36708969526319,0 -92.67051405387805,18.36759747373349,0 -92.67053681693316,18.36810734495333,0 -92.67047177943866,18.36851766512083,0 -92.67049454098641,18.36903134854748,0 -92.67026640912765,18.36954989985325,0 -92.67012116306449,18.37006970685092,0 -92.66996656810706,18.37038336728573,0 -92.66972753151312,18.37069874330219,0 -92.66957626438459,18.37111863802354,0 -92.66934015270654,18.37154087559206,0 -92.66901476551745,18.37186012155724,0 -92.6687692063966,18.37207371697761,0 -92.66775882621131,18.37243933170211,0 -92.66741064714213,18.37269204492394,0 -92.66724025201889,18.37294389502496,0 -92.66715361895562,18.3730281873841,0 -92.66663014624872,18.37345119423827,0 -92.66628639100263,18.37395847255358,0 -92.66584269457144,18.37413057146508,0 -92.66531467629376,18.37455732040052,0 -92.66513892152456,18.37472814697825,0 -92.66487670766567,18.3750697962768,0 -92.66425488951428,18.37550044755909,0 -92.66381159012826,18.37593116414741,0 -92.66345446391948,18.37619100794977,0 -92.66318711527362,18.37645067726275,0 -92.66309787700004,18.37653735212364,0 -92.66255897062959,18.3768860693617,0 -92.66228996382762,18.37714716526058,0 -92.66175028454099,18.37767097678076,0 -92.66157065813064,18.37793297475512,0 -92.66130018836805,18.37828338511276,0 -92.66093767099683,18.37863548056868,0 -92.66057415072574,18.37898855149973,0 -92.66030118127186,18.3793418720016,0 -92.66011887203949,18.37960732078442,0 -92.65975282920711,18.37996308407746,0 -92.65966127216527,18.38014060346527,0 -92.65920180930078,18.38058731268919,0 -92.65883274047837,18.38112394311123,0 -92.65837006757224,18.38157408258856,0 -92.65809168722272,18.38184492121936,0 -92.65772072113907,18.38202728568231,0 -92.65743919762014,18.3825691904424,0 -92.65715800640724,18.38293247385549,0 -92.65678304020409,18.38329752910571,0 -92.65650013556646,18.38366285526568,0 -92.65631073815051,18.38393733544078,0 -92.65592955282246,18.38457953420615,0 -92.65564404493985,18.38494847281529,0 -92.65535772980996,18.3853184528596,0 -92.65497369160791,18.38587500459092,0 -92.65487664267607,18.38606079002372,0 -92.65439630552949,18.38662127475355,0 -92.65420069819517,18.38699522482271,0 -92.65400264904503,18.38746376523954,0 -92.65371322230645,18.38774709873023,0 -92.65361052712873,18.38812346570752,0 -92.65341057642408,18.3885960244935,0 -92.65311484601084,18.38907106151338,0 -92.65291329014607,18.3895470077169,0 -92.6528064184795,18.39002385980616,0 -92.65260358492249,18.39050322359952,0 -92.65250067030986,18.39079150819877,0 -92.65219828424306,18.39137075195724,0 -92.65179848372352,18.39195332003078,0 -92.65159514385782,18.39234256492682,0 -92.65139121360346,18.39273293868272,0 -92.65128321164104,18.39312362469465,0 -92.65108122068072,18.3934184114833,0 -92.65096642977308,18.39400744082813,0 -92.65066648201559,18.39430499050597,0 -92.65045647628563,18.39479986732547,0 -92.65025231864971,18.39509832833087,0 -92.65004093765261,18.39559610782602,0 -92.64983918706531,18.39579673743957,0 -92.64952525219536,18.39639787481163,0 -92.64942029822753,18.39659884311083,0 -92.64930048667237,18.39720182905685,0 -92.6491838782231,18.39770649328877,0 -92.64917267315936,18.3980096712607,0 -92.64885083082868,18.39872227595007,0 -92.64872489544987,18.39943685462967,0 -92.64870129570161,18.40005156027776,0 -92.64857436084863,18.40077305518707,0 -92.64855030862257,18.401393723001,0 -92.64853421355019,18.40180904444895,0 -92.64861385116484,18.40232905564335,0 -92.64868581022878,18.40306069346089,0 -92.64876608864502,18.4035853855034,0 -92.64875018939269,18.4040072750334,0 -92.6488269012946,18.40464159008274,0 -92.64902042407428,18.40485215707185,0 -92.64899702446967,18.40549120338017,0 -92.64897351766301,18.40613315429054,0 -92.64905522133434,18.40666942833773,0 -92.64903566740576,18.40720865919522,0 -92.64901210353386,18.4078584489153,0 -92.64899633384177,18.40829329558047,0 -92.64896464836781,18.40916698514683,0 -92.64894075554768,18.40982577307176,0 -92.6489287674863,18.41015630627098,0 -92.64891274000432,18.41059820422258,0 -92.64888457187345,18.41137480859861,0 -92.64885624989716,18.41215562033011,0 -92.64883185049726,18.41282826261157,0 -92.64861220936804,18.41316769325035,0 -92.64858715272375,18.41384506181442,0 -92.64844929115101,18.41475413739054,0 -92.64841515883843,18.41566793196058,0 -92.6482889144192,18.41624295928244,0 -92.64816217269923,18.4168202535351,0 -92.64814896688272,18.41716712460436,0 -92.6480215452893,18.41774807141178,0 -92.64788002504909,18.41868177528228,0 -92.6477514084996,18.41926873409486,0 -92.64773760103328,18.41962142009033,0 -92.64771913934389,18.42009297874398,0 -92.64757551513037,18.42104164006274,0 -92.64733371726093,18.42175841965117,0 -92.64732891188032,18.42187787403284,0 -92.64718804086519,18.42271778043713,0 -92.64705132078575,18.42344162351139,0 -92.64680629013489,18.42417002939399,0 -92.64666284680789,18.42502290846087,0 -92.64653935835287,18.4253905197584,0 -92.64629677173323,18.42600555875837,0 -92.64629147563038,18.42612843966221,0 -92.64615099183818,18.42686890042142,0 -92.64601525607652,18.42748890517613,0 -92.64586794840359,18.42836075036672,0 -92.64584586682768,18.42886057125024,0 -92.64569740265844,18.42974031531499,0 -92.64566931069088,18.43037102406907,0 -92.64562411997701,18.43138558103578,0 -92.64560141138361,18.43189538057167,0 -92.64554430675615,18.4331772958018,0 -92.64552133064937,18.43369305048352,0 -92.64548672124971,18.43446991540659,0 -92.64545774620987,18.43512028256766,0 -92.64544030258419,18.43551180711541,0 -92.64540528199356,18.43629782381709,0 -92.64548819217613,18.43695471111366,0 -92.64556564237122,18.43774686038081,0 -92.64553068412718,18.43854419347611,0 -92.64551313769866,18.43894438207796,0 -92.64581185269923,18.43987857127238,0 -92.64612360181573,18.44054822401992,0 -92.64631736111451,18.44135746725156,0 -92.64664250383301,18.44176124329075,0 -92.64729010267762,18.44270859272862,0 -92.64749326955003,18.44339149673571,0 -92.64781207284291,18.44407611528776,0 -92.64814190380454,18.44448682914218,0 -92.64836226167743,18.44476122329559,0 -92.64856903940941,18.44545295179032,0 -92.64901218822092,18.44600552305034,0 -92.64944827375237,18.44684042115863,0 -92.64967136727761,18.4471188550625,0 -92.6501146904142,18.44781829011131,0 -92.65045522520013,18.4480971611684,0 -92.65101802435689,18.44879958050319,0 -92.65147346180656,18.44922123044349,0 -92.65157986245833,18.44964776578777,0 -92.65203721544617,18.45007162311149,0 -92.65249575580705,18.45049658387349,0 -92.65295548824973,18.45092265246123,0 -92.65341641750827,18.45134983328585,0 -92.6539960378708,18.45177684825564,0 -92.65422424319458,18.4522088271682,0 -92.65492617843432,18.45249145401535,0 -92.65527759634278,18.45263295062349,0 -92.65597835737462,18.45320789185765,0 -92.65656460458925,18.45363977301466,0 -92.65726793050656,18.45511688381274,0 -92.65778862750737,18.45565762278475,0 -92.6583055137073,18.45630989795744,0 -92.6584872631,18.45707782231541,0 -92.65858125002252,18.45740796186923,0 -92.65898091515845,18.45829054192057,0 -92.65926614636653,18.45929079767013,0 -92.65947841571622,18.45951271478758,0 -92.65954268638458,18.4605226559357,0 -92.65962836421927,18.46108612709619,0 -92.6598110268595,18.46199150422599,0 -92.65979023479687,18.46244708379825,0 -92.65978502735264,18.46256118350729,0 -92.65985611369886,18.46347599304501,0 -92.65983007169604,18.46405102760396,0 -92.65978820646802,18.46497541755912,0 -92.65976718184213,18.46543962654537,0 -92.65974081436599,18.46602178525801,0 -92.65971965057764,18.46648904007469,0 -92.65969842452976,18.46695765746745,0 -92.65943230451936,18.46778299668834,0 -92.6590782721597,18.46977287998939,0 -92.65894529369417,18.47021174624851,0 -92.6589348434857,18.47054098993059,0 -92.65879429813141,18.47120229832315,0 -92.65877301737613,18.47186531818169,0 -92.65876946237738,18.47197607468115,0 -92.65863520188688,18.4724207168918,0 -92.65862076275579,18.4728656367741,0 -92.65860265991635,18.47342343210224,0 -92.6585844968789,18.47398306422016,0 -92.65856627344347,18.4745445391111,0 -92.65878992764667,18.47510605199172,0 -92.65876838718147,18.47578450512104,0 -92.65875037066091,18.47635194518719,0 -92.65872867112304,18.47703535908034,0 -92.65871052121749,18.47760695863096,0 -92.65869231018883,18.47818046409756,0 -92.65867769714812,18.47864064718814,0 -92.65865570361815,18.47933322804211,0 -92.65864467332162,18.47968056390752,0 -92.65862623965712,18.48026101072607,0 -92.65861144768839,18.4807267721952,0 -92.65846221201399,18.48154582194073,0 -92.65844336874501,18.48213254970928,0 -92.65829312374784,18.48295826200361,0 -92.65827391571156,18.48354976573687,0 -92.65825077900234,18.4842622245369,0 -92.65811091371789,18.48473978336966,0 -92.65797859930235,18.48497953813672,0 -92.6578300302982,18.48569881852115,0 -92.65768493290449,18.48630063461241,0 -92.65767267893278,18.48666212531802,0 -92.65726786089461,18.48751146343787,0 -92.65712104160794,18.48811950841995,0 -92.6569780690586,18.48860764859375,0 -92.6566953927166,18.48946539756891,0 -92.65667753101361,18.48995625654528,0 -92.65625723052108,18.49106869784577,0 -92.65622938268962,18.4918121615903,0 -92.65608837426313,18.49218607706071,0 -92.65604589466658,18.49330944372305,0 -92.65589451373356,18.49393761764227,0 -92.65586567523059,18.4946930899395,0 -92.6555704463854,18.49570742034672,0 -92.6555457321731,18.49634296921567,0 -92.65548605847695,18.49787744036609,0 -92.6554560297002,18.49864956139684,0 -92.65542587195765,18.49942496489009,0 -92.65539558433927,18.50020367381175,0 -92.65536008342211,18.50111637587717,0 -92.65531929140201,18.50216505065971,0 -92.65530905655018,18.50242815694452,0 -92.65541941231994,18.50295440350173,0 -92.6553836986518,18.5038808901652,0 -92.6553683373032,18.50427938062261,0 -92.65547423528447,18.50494433781461,0 -92.65545381644287,18.50547891592529,0 -92.6554127998061,18.50655270877509,0 -92.65551431412914,18.50736101404187,0 -92.65560097798341,18.50858063798335,0 -92.65558565464401,18.50898933128544,0 -92.65555490625094,18.50980940236644,0 -92.65563714719633,18.51118304181972,0 -92.65560632817942,18.51201275437888,0 -92.65558570586248,18.5125679287113,0 -92.65582381454598,18.5134014220011,0 -92.65579833177645,18.51410076399753,0 -92.65590782970824,18.51480151317341,0 -92.65587731032205,18.51564725434336,0 -92.6558517725081,18.51635491700556,0 -92.65596710219471,18.51692174844375,0 -92.65593143448389,18.51791986153634,0 -92.65602702936901,18.51906575244848,0 -92.65615353628296,18.51935238764428,0 -92.65625517523318,18.52036202651038,0 -92.65623002514296,18.52108732007179,0 -92.6563423451322,18.52181411701308,0 -92.65633733631056,18.52196005042695,0 -92.65657812663027,18.52298219736099,0 -92.65657319156391,18.52312901256905,0 -92.65667693765178,18.52415858880729,0 -92.65702521426506,18.52623293445543,0 -92.65742865148387,18.52667733300664,0 -92.65767528764729,18.52772454864261,0 -92.65807657388744,18.5283231019062,0 -92.65820768616295,18.52862370083698,0 -92.65859798740958,18.52968006250151,0 -92.65886211866312,18.53028587459826,0 -92.65926783538336,18.53089225124538,0 -92.65940071801914,18.53119678560902,0 -92.65994180046258,18.53211189708788,0 -92.66061992202899,18.5333390676644,0 -92.66088282358386,18.53426673681204,0 -92.66157697792174,18.53503868060612,0 -92.66198580567733,18.53597295087219,0 -92.66254222006093,18.53675283922679,0 -92.66323639067946,18.53800886621688,0 -92.66352056041991,18.53816456850929,0 -92.66393939289198,18.53895435552923,0 -92.66421596942833,18.53974859808745,0 -92.66477815878373,18.54086415836619,0 -92.66505769831109,18.54166593146853,0 -92.66519700357823,18.54214879374887,0 -92.66562329063859,18.54295427060276,0 -92.66590743184686,18.54360150579812,0 -92.66604698367487,18.54425218956128,0 -92.66661812715964,18.54572137443045,0 -92.66690578465038,18.54637742195599,0 -92.66704892240959,18.54687154204728,0 -92.66748213536829,18.54802816916199,0 -92.66762654267859,18.54852626547693,0 -92.6679177875107,18.5491913109347,0 -92.66820939580131,18.55002635269442,0 -92.66850263873398,18.5506962386489,0 -92.66879682945805,18.55136828856244,0 -92.66924021917328,18.55204106748471,0 -92.66983360967417,18.55288473843302,0 -92.67013151331356,18.55356389258808,0 -92.67057979918569,18.55441521097773,0 -92.6708789874718,18.5547555339999,0 -92.67163155063317,18.55612680566442,0 -92.67208464404395,18.55681506710511,0 -92.67254042093747,18.55767968172164,0 -92.67315006711191,18.55872131602662,0 -92.67376101248881,18.55959227369372,0 -92.67437447420502,18.56046681700709,0 -92.67468320412009,18.56099388500212,0 -92.67514658710925,18.56169817210935,0 -92.67546203656121,18.56258448819721,0 -92.67608066199,18.56329252220018,0 -92.67639640694991,18.56400597724813,0 -92.6767132068113,18.56472182138928,0 -92.67734025361368,18.56561767357126,0 -92.67781311913201,18.56633736370125,0 -92.6779804768281,18.56706258659282,0 -92.67876747260725,18.56796667777414,0 -92.67924532424834,18.56869425966427,0 -92.67940358468654,18.56887614479716,0 -92.6802013729277,18.56997225382628,0 -92.68052439830045,18.57052318385131,0 -92.68116307678024,18.57125781074554,0 -92.68148828152604,18.57181201033076,0 -92.68229137867547,18.57273615082682,0 -92.6827804999527,18.57347989516942,0 -92.68327714396044,18.57441434887385,0 -92.68377591302436,18.57535280808276,0 -92.68410753365025,18.5759174898837,0 -92.68445279358609,18.57686403291422,0 -92.68478642852963,18.57743260889716,0 -92.6851343457254,18.57838568596262,0 -92.68532588442025,18.57934454337081,0 -92.68582061898783,18.57991788783509,0 -92.68601431644058,18.58088340863026,0 -92.68636032845706,18.58165685621974,0 -92.68654117267999,18.58223954014152,0 -92.6870483452216,18.58301604037701,0 -92.68757302347861,18.5841884029861,0 -92.68793239072663,18.58517092969339,0 -92.68859720206872,18.58575776054801,0 -92.68878266796632,18.58635123827986,0 -92.68913781475736,18.58714384684273,0 -92.68949421661549,18.58793925321465,0 -92.68985187662375,18.58873747247849,0 -92.69021080339324,18.58953851976839,0 -92.69058966301891,18.5907471553008,0 -92.69079874186613,18.59176045636312,0 -92.69116176142042,18.59257226080327,0 -92.69120036080919,18.59339047667972,0 -92.69156540204487,18.59420810659307,0 -92.69174841421264,18.59461802343207,0 -92.69197195465671,18.59585574201523,0 -92.69200220098095,18.59647800414588,0 -92.6922171213299,18.59751707826567,0 -92.69224781237173,18.59814385073852,0 
			</coordinates>
		</LineString>
		<atom:link rel="app" href="https://www.google.com/earth/about/versions/#earth-pro" title="Google Earth Pro 7.3.6.10201"></atom:link>
	</Placemark>
</Document>
</kml>
