<?xml version="1.0" encoding="UTF-8"?>
<kml xmlns="http://www.opengis.net/kml/2.2" xmlns:gx="http://www.google.com/kml/ext/2.2" xmlns:kml="http://www.opengis.net/kml/2.2" xmlns:atom="http://www.w3.org/2005/Atom">
<Document>
	<name>rio usumacinta.kml</name>
	<StyleMap id="__managed_style_0C6E2D136B38B9DC16BC">
		<Pair>
			<key>normal</key>
			<styleUrl>#failed0</styleUrl>
		</Pair>
		<Pair>
			<key>highlight</key>
			<styleUrl>#failed2</styleUrl>
		</Pair>
	</StyleMap>
	<Style id="failed0">
		<LineStyle>
			<color>ffff7434</color>
			<width>5</width>
		</LineStyle>
	</Style>
	<Style id="failed2">
		<LineStyle>
			<color>ffff7434</color>
			<width>5</width>
		</LineStyle>
	</Style>
	<Placemark id="0C3161EF9C38B9DC169F">
		<name>Ruta sin título</name>
		<LookAt>
			<longitude>-91.53083027379563</longitude>
			<latitude>17.49847756290362</latitude>
			<altitude>42.33698557829269</altitude>
			<heading>0</heading>
			<tilt>0</tilt>
			<range>75793.79080748186</range>
			<altitudeMode>absolute</altitudeMode>
			<gx:fovy>35</gx:fovy>
		</LookAt>
		<styleUrl>#__managed_style_0C6E2D136B38B9DC16BC</styleUrl>
		<LineString>
			<coordinates>
				-92.69210108957235,18.60041703026278,0 -92.69112478143974,18.59941438680897,0 -92.69081647847625,18.59807635068686,0 -92.69018366786587,18.59640640544021,0 -92.68955169519822,18.59473868129132,0 -92.6889205585407,18.59307317310402,0 -92.68828428054519,18.5917426859467,0 -92.68797240950126,18.5907453426255,0 -92.68800244178924,18.58908355326137,0 -92.68737373826156,18.5874255476357,0 -92.68706887891896,18.58610025345601,0 -92.68643534162949,18.58477715265738,0 -92.68580246730103,18.58345543900415,0 -92.68517026200345,18.58213511921437,0 -92.68453872076977,18.58081619071787,0 -92.68357953117042,18.57949942819933,0 -92.68294948603047,18.57818327167436,0 -92.68232009734034,18.57686849874013,0 -92.68169816893445,18.57522659506272,0 -92.68040108459593,18.57457286098559,0 -92.67976688587113,18.57358986827511,0 -92.67914031369305,18.57227991810559,0 -92.67817994127851,18.57129947454045,0 -92.67756941897169,18.5693378952292,0 -92.67694505332564,18.56803238446448,0 -92.67599468311661,18.56672897729905,0 -92.67569826717602,18.56542546142646,0 -92.67508347977763,18.56379852409654,0 -92.67445407579466,18.56282396499357,0 -92.67383294501482,18.56152524900418,0 -92.67288665618904,18.56022861777729,0 -92.67226698099125,18.5589325991945,0 -92.6713224802191,18.55763864508294,0 -92.6706960764279,18.55666887870272,0 -92.67007842198861,18.55537655250371,0 -92.66978641234878,18.55408485700195,0 -92.66916149278271,18.55311785989444,0 -92.66886181944632,18.55215089825978,0 -92.66793866387312,18.55021993141405,0 -92.66763125993427,18.54957694128262,0 -92.66703417470957,18.54764927029206,0 -92.66641193260362,18.54668725662336,0 -92.66579893672235,18.54540525576908,0 -92.66518657773386,18.54412457606504,0 -92.66458375968993,18.54252524543948,0 -92.66398171413609,18.5409279704571,0 -92.66304824386232,18.53965257594718,0 -92.66276167177101,18.53837714347774,0 -92.66246622183455,18.5374215986866,0 -92.66153483862843,18.53614979475853,0 -92.66125875798134,18.53456004759599,0 -92.66063258845229,18.5339257725298,0 -92.660044606084,18.53202227378364,0 -92.65975094794108,18.53107162044012,0 -92.65917386212391,18.52885606006247,0 -92.65826669340331,18.52696098993489,0 -92.65797430883511,18.52601422169855,0 -92.65739020643552,18.52412286589605,0 -92.65711808490174,18.52254852725042,0 -92.65652558483023,18.52097682630576,0 -92.65562329956335,18.51909378756385,0 -92.65535283441018,18.51752586407424,0 -92.65507268556094,18.51627308211627,0 -92.65450314766824,18.51408393540532,0 -92.65423392540559,18.51252238217725,0 -92.65425414277199,18.51189807826837,0 -92.65335687136887,18.51002885346963,0 -92.65311950286917,18.50753919944914,0 -92.65317060662305,18.50598536971593,0 -92.65289284022984,18.50474430441774,0 -92.65265641863823,18.5022653644992,0 -92.65272815885663,18.50009991643782,0 -92.65277931230372,18.49855551776959,0 -92.65282018142489,18.49732140655719,0 -92.65289158803884,18.49516471343854,0 -92.65325963000973,18.49362600769897,0 -92.65360703280815,18.49270350335184,0 -92.65397423278941,18.49116791542112,0 -92.65402435177049,18.48963480559546,0 -92.65438083630238,18.48840917424912,0 -92.65475677081378,18.4865733150713,0 -92.65479637665548,18.48535130278469,0 -92.6558225835025,18.48290940221587,0 -92.65762537010264,18.47831728600916,0 -92.65764825835889,18.47743512787262,0 -92.6576673035716,18.47670101334865,0 -92.65768632308854,18.47596782146688,0 -92.65801040124639,18.47508865427388,0 -92.65802917449138,18.47435748871964,0 -92.65819837773928,18.47362696684763,0 -92.65835995538282,18.47318898594584,0 -92.65853245812976,18.4723142853584,0 -92.65869372386953,18.47187729457115,0 -92.65872296785778,18.47071430677508,0 -92.6588911940292,18.46998835437051,0 -92.6589129436304,18.46911872796243,0 -92.65892742395322,18.46853970011361,0 -92.65909160223241,18.46796098746881,0 -92.65910956779044,18.46723873618224,0 -92.65943011460961,18.46637270404776,0 -92.65944784053315,18.46565243101863,0 -92.6596007797699,18.46550822703418,0 -92.65977818239894,18.4643576847201,0 -92.65978167899056,18.46421405977493,0 -92.65980961822184,18.46306634238366,0 -92.65997256682869,18.46249308628955,0 -92.6599829618978,18.46206370599854,0 -92.65986184424632,18.46092049836245,0 -92.65973049791575,18.46020723251104,0 -92.65915346159329,18.45949557960863,0 -92.65901556712194,18.45906866342412,0 -92.6587292644178,18.45864230439654,0 -92.6583056946298,18.45779028251945,0 -92.65787162032973,18.45736510027419,0 -92.65700442541538,18.45651566351326,0 -92.65671949172294,18.45609117110791,0 -92.65643864381884,18.45552550702484,0 -92.65585803670025,18.45510220698458,0 -92.65571790864453,18.45481978734344,0 -92.6554458533635,18.45397312244837,0 -92.6551621143859,18.45355048678323,0 -92.65473484924202,18.45298752663626,0 -92.65445572456152,18.45242488506443,0 -92.65418101278529,18.45172223934346,0 -92.65375070866159,18.45130146883651,0 -92.65332495899193,18.45074068978933,0 -92.65289532974194,18.45032062785069,0 -92.65231424248714,18.4500412001918,0 -92.65217558810231,18.44976123899453,0 -92.6501268655942,18.4482446965976,0 -92.6497405634845,18.44783655086891,0 -92.64945454047466,18.44742864770019,0 -92.64916885574895,18.44702122824409,0 -92.64898321303069,18.44661404988779,0 -92.64879080433158,18.44641088731357,0 -92.64861259305776,18.44580115150383,0 -92.64823213889474,18.44529444042787,0 -92.6481469732184,18.4448890808092,0 -92.64787399430912,18.44418116559957,0 -92.64779281115912,18.44367614247574,0 -92.64759792186257,18.44357565705004,0 -92.64742519522332,18.4428702419729,0 -92.64723800650822,18.44256863970188,0 -92.6469631544864,18.4419660037465,0 -92.64687540093307,18.44166497058685,0 -92.64670012714926,18.44106371096907,0 -92.64660881684031,18.44086360543289,0 -92.64653276510685,18.44026353654192,0 -92.6462594671394,18.43966499546805,0 -92.64618385614948,18.43906705987838,0 -92.64600600038817,18.43856985482737,0 -92.64592686063899,18.43807315670592,0 -92.64585171984153,18.43747804526141,0 -92.64568233242356,18.43678526412686,0 -92.64571351992984,18.43599475523057,0 -92.64563099340442,18.43560042490109,0 -92.64565049551393,18.43510788585411,0 -92.64557201855416,18.43461629175529,0 -92.64548582475734,18.43432176938939,0 -92.64550930410819,18.4337330703243,0 -92.64543108955112,18.4332434950789,0 -92.64545066517786,18.43275442250297,0 -92.64546630422574,18.43236368154352,0 -92.64548972701604,18.43177843272168,0 -92.64550921347718,18.43129150950964,0 -92.6456415466007,18.43041663541973,0 -92.64576198810322,18.42983459678944,0 -92.64596793053249,18.42954364916427,0 -92.64598699685385,18.42905999884568,0 -92.64600222918912,18.42867358574768,0 -92.64600603439344,18.42857705295652,0 -92.64611824687138,18.42819099964226,0 -92.64614471977012,18.42751684762383,0 -92.64625290945067,18.42722814242533,0 -92.64626418524139,18.4269398927506,0 -92.64628670618998,18.42636414911905,0 -92.64640956451032,18.42569351510509,0 -92.6465247557031,18.42521527103196,0 -92.64653958075066,18.42483333363344,0 -92.6466508376689,18.42445164329447,0 -92.64666557110975,18.4240705915523,0 -92.64668028682131,18.42368998238312,0 -92.64679126862623,18.42330961761005,0 -92.64690576024158,18.42283483181753,0 -92.647109014512,18.4225500192166,0 -92.64722314112728,18.42207633257348,0 -92.6473299585424,18.42179237416614,0 -92.6473406679529,18.42150885210378,0 -92.64745444316684,18.42103667008956,0 -92.64756805284043,18.42056517096348,0 -92.64767447374911,18.42028252183354,0 -92.64779826851085,18.41953030026252,0 -92.64781570917482,18.41906115698131,0 -92.64782964302856,18.41868632731458,0 -92.64784703706113,18.41821839484344,0 -92.64786787582366,18.41765776078558,0 -92.64788521312313,18.41719130163565,0 -92.64790944217604,18.4165393799828,0 -92.64793362105515,18.41588876157115,0 -92.64794741507087,18.4155175637718,0 -92.6479543059731,18.41533212347848,0 -92.64798182883519,18.41459142097693,0 -92.64799556589915,18.41422170284086,0 -92.64801956680286,18.41357570840472,0 -92.64792815448345,18.41348370327784,0 -92.64795905267235,18.41265526189511,0 -92.64797618299903,18.41219593140522,0 -92.64808786871407,18.41173708152877,0 -92.64830402003591,18.41100420941609,0 -92.64841861501863,18.41045573224304,0 -92.6485196791355,18.41027300171082,0 -92.64863395839362,18.4097257682925,0 -92.64873814398618,18.40945241700505,0 -92.64885537000939,18.40881572164025,0 -92.6490599223432,18.40836149894042,0 -92.64907290892099,18.40799884593197,0 -92.64918308292327,18.40754594148731,0 -92.64919598236141,18.40718420780738,0 -92.64921208552471,18.40673261304782,0 -92.64922495118019,18.40637179426568,0 -92.64924422159648,18.40583132627918,0 -92.64934112704086,18.40574117739378,0 -92.64946024477071,18.40502201413279,0 -92.64947927348172,18.40448381870197,0 -92.64950459362349,18.40376763088394,0 -92.64952985512474,18.40305304512542,0 -92.64954561388872,18.4026072397963,0 -92.64956763792553,18.40198415703863,0 -92.64957706315849,18.40171749432143,0 -92.64959902368119,18.40109614727749,0 -92.64960842175437,18.40083022683465,0 -92.64962719356028,18.40029905121839,0 -92.64954998035687,18.39985722971838,0 -92.6495562473073,18.39968061397134,0 -92.64939271765566,18.39906352225145,0 -92.64921363469644,18.39888763801051,0 -92.64895803749395,18.39827222396697,0 -92.64869644820631,18.39783349152743,0 -92.64824696304218,18.39748331217901,0 -92.64807861429223,18.39704551908613,0 -92.64780805386657,18.39687088308308,0 -92.64764016853685,18.39643393057053,0 -92.64737340405205,18.39617229929062,0 -92.64701112989177,18.39599827749566,0 -92.64665256552355,18.39573713998331,0 -92.6462835999784,18.39573769513073,0 -92.64582238723779,18.39573838829524,0 -92.64526892197854,18.39573921896574,0 -92.64518039393337,18.39565217099732,0 -92.64453475249624,18.39565313713568,0 -92.64416580757828,18.39565368846182,0 -92.64389298948359,18.39556693697853,0 -92.64361631265614,18.39556734929203,0 -92.64297474054149,18.39548116787792,0 -92.64242143648877,18.39548198911055,0 -92.64186811931746,18.39548280910678,0 -92.64140701195278,18.395483491492,0 -92.64076144743711,18.39548444538703,0 -92.6404847695876,18.39548485368668,0 -92.63982580424504,18.39574732192337,0 -92.63935993955161,18.3958352244335,0 -92.63889393414748,18.39592315194636,0 -92.63832614224495,18.39618585472552,0 -92.63785971382966,18.39627388233114,0 -92.63767024544569,18.39636152478443,0 -92.63683406216947,18.39645014949829,0 -92.63646453508635,18.39645069592153,0 -92.63618241143797,18.39653852572756,0 -92.63544322258821,18.39653961762291,0 -92.63488365926192,18.39662788219146,0 -92.63432916120568,18.39662869960869,0 -92.6339594851578,18.39662924389481,0 -92.63340496341918,18.39663005932356,0 -92.63303527151812,18.39663060228402,0 -92.63267103757188,18.39654369329153,0 -92.63221449261393,18.39645694150901,0 -92.63184488257069,18.39645748127305,0 -92.63148089404648,18.39637061503806,0 -92.63111132241357,18.39637115299681,0 -92.63074746905072,18.39628430764273,0 -92.63038371433822,18.396197484416,0 -92.62974883250568,18.39602377238262,0 -92.62937943505102,18.39602430482246,0 -92.62901599265939,18.39593754695679,0 -92.62865264866277,18.39585081116301,0 -92.62819707770075,18.3957642294984,0 -92.62774776090697,18.39559047320297,0 -92.62747704892315,18.3955036950534,0 -92.62693583870167,18.39533020662719,0 -92.62666534458226,18.3952434963212,0 -92.62620410218865,18.39524414755343,0 -92.62574925988616,18.3951577192698,0 -92.62539321086804,18.39498414899348,0 -92.6252087800565,18.39498440748629,0 -92.62466203595612,18.39489817202229,0 -92.62438541723277,18.3948985583028,0 -92.62392438168193,18.39489920139816,0 -92.62345661081211,18.39498685619552,0 -92.6230809381406,18.39507440745084,0 -92.62260606419542,18.39524919744041,0 -92.62242153096508,18.39524945499089,0 -92.61949786638672,18.39490533064724,0 -92.61530580548656,18.39231159075524,0 -92.61252939672507,18.38812708541739,0 -92.60894449689557,18.38437278686778,0 -92.6045492242659,18.38240138120052,0 -92.6002901506716,18.38310757062359,0 -92.59592033869546,18.38363592956156,0 -92.59364793714701,18.38609313940916,0 -92.59309767423628,18.39073766824044,0 -92.58961011961557,18.39490160096906,0 -92.58565288315411,18.39538989346072,0 -92.58107213141504,18.39447876938786,0 -92.5765696650044,18.39288708518348,0 -92.57266794596681,18.39112774102983,0 -92.56860428227897,18.38870476380044,0 -92.566526308891,18.3869318571274,0 -92.56414704936105,18.38644597433552,0 -92.56193592370003,18.38601073050713,0 -92.56021112359048,18.38474170820131,0 -92.55930456252422,18.38330777324118,0 -92.55918716313924,18.38312814865695,0 -92.55904524844779,18.38289355868373,0 -92.55897051862566,18.38272837497707,0 -92.55887098622038,18.38250870821741,0 -92.55877908032703,18.38238562696001,0 -92.55857881465764,18.38218061143356,0 -92.55842052523107,18.38198991915754,0 -92.55834735352549,18.38182586620713,0 -92.55817160124546,18.38167724747301,0 -92.55816055992618,18.3814844475201,0 -92.5580210106253,18.38125429050238,0 -92.55796641011058,18.38105072090027,0 -92.55789433440614,18.38088827352528,0 -92.55784064453624,18.38068514614171,0 -92.55778709016354,18.380482542096,0 -92.55769147134609,18.3802676173447,0 -92.55766173095759,18.38011986522201,0 -92.55764368258365,18.37983856917587,0 -92.55757143081129,18.3796792308072,0 -92.55757834999902,18.37945193502459,0 -92.55754918939017,18.37930552199228,0 -92.55755637386073,18.37907922766236,0 -92.55750373291924,18.37888077123882,0 -92.55755260086073,18.37866859010149,0 -92.5575652114201,18.37853648855956,0 -92.55754884850337,18.37826028282893,0 -92.55751453685328,18.37802454678575,0 -92.55748571863576,18.37788092015785,0 -92.55748033540776,18.37778955635315,0 -92.55742291011751,18.37750346957784,0 -92.55741192635999,18.37732196806764,0 -92.55740083002028,18.37714098455126,0 -92.55734872801817,18.37694775634622,0 -92.55729675126084,18.37675500706562,0 -92.5572859421283,18.37657533965839,0 -92.55717585214241,18.37640913100261,0 -92.55714762394231,18.37626855978187,0 -92.55707869027376,18.37611560277997,0 -92.55696871591748,18.37595053456936,0 -92.55691766498153,18.3757601585309,0 -92.5567672175672,18.37558327728441,0 -92.55661705172382,18.37540672596334,0 -92.55643966304147,18.37509204445024,0 -92.55630822233735,18.37487875400897,0 -92.55614107128928,18.37474118108596,0 -92.55599218861282,18.37456624238655,0 -92.55584358877726,18.37439163174734,0 -92.55569526404255,18.37421734583415,0 -92.55547025585818,18.37410562657428,0 -92.55532644872011,18.37401873382113,0 -92.55496214768151,18.3739071136357,0 -92.55465710123109,18.37377061572664,0 -92.55445129915006,18.37362196273414,0 -92.55437043757127,18.37359718373067,0 -92.55410560958754,18.37347351384256,0 -92.55382249695536,18.37338689054563,0 -92.55371996638705,18.3733127282679,0 -92.55351790555892,18.37325084931944,0 -92.5533535565182,18.37311507438808,0 -92.55327278891616,18.37309034135635,0 -92.55304942727697,18.37297925842369,0 -92.55296868627586,18.3729545328364,0 -92.55264574824686,18.3728556393444,0 -92.55232283221567,18.37275675081905,0 -92.55214022287056,18.37265817817466,0 -92.55189632577449,18.37249826869284,0 -92.5517736315041,18.37237558090496,0 -92.55165119078045,18.37225302406453,0 -92.55152729670191,18.3720453276171,0 -92.5513845096383,18.37187451166306,0 -92.55136013390019,18.37165619819514,0 -92.55123827205695,18.37153465970973,0 -92.55121594094757,18.37140169266337,0 -92.55119214279959,18.37118470142924,0 -92.55116841644141,18.37096836719435,0 -92.55112556020512,18.3707884394479,0 -92.55110489741908,18.37074047413754,0 -92.55112118000805,18.37053764545198,0 -92.55107851221653,18.37035877938044,0 -92.55107565538633,18.37019249999743,0 -92.55113302196716,18.3700862713614,0 -92.5511301077679,18.36992066530746,0 -92.5512048528914,18.36969721245627,0 -92.55118284905689,18.36956763961092,0 -92.5512573007437,18.36934541003647,0 -92.55138975563821,18.36910118675356,0 -92.55148237636052,18.36884595686089,0 -92.55157461204647,18.36859178425137,0 -92.55170536992294,18.36835063947557,0 -92.55181633934245,18.36814473250519,0 -92.55187167583502,18.36804204277873,0 -92.55204201353196,18.3678951182372,0 -92.55223268761675,18.3677945474167,0 -92.55240242987743,18.36764835668382,0 -92.55261322302907,18.3675941002336,0 -92.55285992756576,18.36747225803535,0 -92.55312443137561,18.36731703285433,0 -92.55333359136746,18.36726328299149,0 -92.55348274933391,18.36715236746699,0 -92.55364941935797,18.36700818512848,0 -92.55385411511847,18.36687622758101,0 -92.55396056499838,18.36667596871986,0 -92.55406972874198,18.36655461359702,0 -92.55417520246466,18.36635551873882,0 -92.55428069273518,18.36615725357809,0 -92.55431582434726,18.3660912768041,0 -92.55436195741703,18.3658375355464,0 -92.55428529396001,18.36581425368659,0 -92.55463048551486,18.36346156074626,0 -92.55449774540141,18.36317775447357,0 -92.55441217466701,18.3629091446664,0 -92.55435985546595,18.36271193201908,0 -92.55416803010519,18.36247056593135,0 -92.55406968443101,18.36226018976635,0 -92.55393897308528,18.36198057397078,0 -92.5537623972272,18.36168782359448,0 -92.5535864265704,18.36139654988825,0 -92.55334695363946,18.36096399736296,0 -92.55320462156567,18.36074302352364,0 -92.55310862754901,18.36053737162599,0 -92.55303065778263,18.36045560373507,0 -92.55284311339014,18.36022472788263,0 -92.5527620453401,18.35996628704888,0 -92.5525899197085,18.35967852405108,0 -92.55252696815732,18.35954182683503,0 -92.55241548621585,18.35921762697092,0 -92.55232137661842,18.35901709653723,0 -92.55236115632079,18.35868560201044,0 -92.55234123324571,18.35839483728532,0 -92.55238367664811,18.35823725033835,0 -92.55231866040052,18.35793394368657,0 -92.55237514604399,18.357724528465,0 -92.55237232846684,18.35755439413282,0 -92.55245658339631,18.35724249678611,0 -92.55249545566639,18.35692027888618,0 -92.55250633701804,18.35670199329786,0 -92.55251718081898,18.35648444906425,0 -92.55245273337954,18.3561894866571,0 -92.55241915970963,18.35595991097411,0 -92.55231356021942,18.35581798178884,0 -92.55220549272197,18.35551243787853,0 -92.55202573691331,18.3552942125361,0 -92.55184653321254,18.35507580603365,0 -92.55163964198063,18.3549571891201,0 -92.55152113934498,18.3548671610509,0 -92.55130025793758,18.3547991015971,0 -92.55121190754568,18.35477187865851,0 -92.55094689240855,18.35469007081052,0 -92.55077024107194,18.35463541196838,0 -92.55041696702534,18.35452610350473,0 -92.55032865629975,18.35449877761799,0 -92.5500931875616,18.35431810880815,0 -92.54993151384437,18.35421425022786,0 -92.54985813241174,18.35413775611779,0 -92.54955033250349,18.35388143132287,0 -92.54930126188962,18.35375077055716,0 -92.54911146803647,18.35358498125673,0 -92.54881937181823,18.35343924271411,0 -92.54852705431254,18.35329601759134,0 -92.54826597289636,18.35305510946055,0 -92.54809058004759,18.3530008623866,0 -92.54781494586481,18.35280862398709,0 -92.54759592171276,18.35274088672845,0 -92.54732092578726,18.35254926590198,0 -92.54711796345983,18.35243340425067,0 -92.54697484325422,18.35228292740658,0 -92.5467446267818,18.35210575260784,0 -92.54653088988869,18.35188094808733,0 -92.54632898785813,18.35176578630967,0 -92.54620322620372,18.35156867413109,0 -92.54597431096219,18.35139357751398,0 -92.54583261705892,18.35124583566042,0 -92.54566444757081,18.35103657586246,0 -92.54549697450423,18.35082712510726,0 -92.54539999067222,18.35069228065452,0 -92.54525993990212,18.35054422491526,0 -92.54519615205493,18.35031653527382,0 -92.54497605942052,18.34999118201301,0 -92.54485342134967,18.34979840209953,0 -92.54471476144285,18.34965175756625,0 -92.54466903827043,18.34938022241283,0 -92.54454726050773,18.34918908467878,0 -92.5445184308042,18.3488741512213,0 -92.54449226808936,18.34881522623776,0 -92.54436177525477,18.34852133152475,0 -92.54430035498483,18.34830021590811,0 -92.5441966232621,18.34806672979208,0 -92.54417812922641,18.34786017144669,0 -92.54415048976854,18.34755159532921,0 -92.54415786609125,18.34740438770175,0 -92.54413032496488,18.34709816101845,0 -92.54417049859902,18.346863828876,0 -92.54417770063603,18.34671850831431,0 -92.5442503615816,18.34639797635506,0 -92.54427377258922,18.3462100714005,0 -92.54425544094185,18.34600963016862,0 -92.54426987934878,18.34572275716082,0 -92.54433518352374,18.34554895693701,0 -92.54437512700878,18.34531940804397,0 -92.54445584843388,18.34510456766057,0 -92.54449479664692,18.3448779786778,0 -92.54459032615522,18.34462354671981,0 -92.54464424706825,18.34435756853244,0 -92.54465087496004,18.34421808769346,0 -92.54473026397368,18.34400750788908,0 -92.54467066497567,18.34380163090378,0 -92.54470885110611,18.34357997535554,0 -92.54471535843939,18.34344234992843,0 -92.54476906297369,18.34318067008742,0 -92.54479754446187,18.34286646464429,0 -92.5448601052785,18.3427020197205,0 -92.54484147578032,18.3425130553882,0 -92.54482290261276,18.34232468550018,0 -92.5448447597596,18.34214937628137,0 -92.54483549121325,18.3420556957341,0 -92.54484808016204,18.34178786858435,0 -92.54475840000178,18.34166994494767,0 -92.54473124684792,18.34139107547093,0 -92.54469761615502,18.34124605816683,0 -92.54457497227816,18.34098473157602,0 -92.54454163025434,18.34084064564803,0 -92.54442843241652,18.34067248950225,0 -92.54429987003377,18.34054434366221,0 -92.54425131447651,18.34044076975507,0 -92.54397199280612,18.34035547120753,0 -92.54386807952245,18.34027941761045,0 -92.54371672552031,18.34032187326322,0 -92.54354919920409,18.34040398609557,0 -92.54157181919467,18.34082382738011,0 -92.53919854816779,18.34165169690378,0 -92.53904028940208,18.34169579815673,0 -92.53870949075124,18.34191989233543,0 -92.53857301875146,18.34201810601193,0 -92.53841790761854,18.34215782804688,0 -92.53825806304495,18.34220259484293,0 -92.53813905483202,18.34226006978198,0 -92.53775832364794,18.34237890513237,0 -92.53760118312431,18.34251986102813,0 -92.537420971215,18.34260694645067,0 -92.53722144649579,18.34273601343276,0 -92.53704028834767,18.34282359155034,0 -92.5367598206436,18.34302473338442,0 -92.53661908840506,18.34312566024759,0 -92.53643635502077,18.34321411672846,0 -92.53625318842013,18.34330278119879,0 -92.53613083167446,18.34336201194376,0 -92.5357207590551,18.34352749121719,0 -92.53549410112083,18.34360407535707,0 -92.53539110859504,18.34362050859044,0 -92.53503874240232,18.34365803000976,0 -92.5347486624343,18.3437647977261,0 -92.53454033000261,18.34379892596752,0 -92.53445640488547,18.34377308166734,0 -92.53414319943505,18.34382434319059,0 -92.53391255901789,18.34380262785451,0 -92.53382925720453,18.34387572452782,0 -92.53347246453177,18.34391425636432,0 -92.53328345202162,18.3440048206438,0 -92.53305178231263,18.34408259889798,0 -92.53277730043165,18.34414754676801,0 -92.53267157349981,18.3441648888644,0 -92.53241696914149,18.34428673829355,0 -92.53199193464154,18.34435672995807,0 -92.53177856868072,18.34449176420496,0 -92.53167191889987,18.34450931217224,0 -92.53143656607847,18.34458821960677,0 -92.53126395564699,18.34473742964198,0 -92.53094063675135,18.34489177397038,0 -92.53081094663516,18.34495368474844,0 -92.53048579974212,18.34510890054046,0 -92.5303982333146,18.3451843500242,0 -92.53011571274445,18.34525215403697,0 -92.52987442144669,18.34543455828528,0 -92.52965841555778,18.34546959902218,0 -92.52948238315163,18.34562072143042,0 -92.52917333881604,18.34583567672581,0 -92.5289297724192,18.34591854588949,0 -92.52870601454902,18.34605977124191,0 -92.5283501903919,18.34616231708328,0 -92.52817182107574,18.34621372211247,0 -92.5278782566746,18.34638842189687,0 -92.52767514466989,18.34648573276803,0 -92.52740355863013,18.34661583407638,0 -92.52715148137025,18.34680504406764,0 -92.52687389083616,18.34704125203633,0 -92.52661956076226,18.34723223756151,0 -92.52643289707832,18.34739102913749,0 -92.52617664909926,18.34758346428768,0 -92.52594438514076,18.34772981802909,0 -92.52570518563316,18.34798445425311,0 -92.52555978542183,18.34815949884606,0 -92.52541386103435,18.34833511542081,0 -92.52524194157672,18.3485589290866,0 -92.52502469079212,18.34876992530662,0 -92.52475476030206,18.3490778896779,0 -92.524546862991,18.34946381761556,0 -92.524318757237,18.34978978281512,0 -92.52416084030963,18.35008267532319,0 -92.52405535084024,18.35027858119394,0 -92.52394890775257,18.35047570203876,0 -92.5237890264905,18.3507722265062,0 -92.52365514871435,18.351020513226,0 -92.52352068462834,18.35126989096185,0 -92.52351237741615,18.35138407065654,0 -92.52346866853659,18.35166331816529,0 -92.52349771814858,18.3519074565182,0 -92.52352687940814,18.35215245945244,0 -92.52353759304414,18.35233300078686,0 -92.52368787314846,18.35255546053824,0 -92.52372660403766,18.35268532056988,0 -92.52387898142099,18.35290732918042,0 -92.52390836192518,18.35315634635327,0 -92.52403817346308,18.35331754519535,0 -92.5240950600864,18.35351619932506,0 -92.52418987807111,18.35384882329439,0 -92.52429303822441,18.354063974883,0 -92.52438885655525,18.35439887899899,0 -92.52447443878181,18.35454725388215,0 -92.52459819820317,18.35483153429463,0 -92.52468416149003,18.35498078029893,0 -92.52483659444864,18.35521265112716,0 -92.52482230454532,18.35545414400164,0 -92.52499951952205,18.35575108848214,0 -92.52503426938385,18.35600724411491,0 -92.5251888011465,18.35624148517871,0 -92.52514592332214,18.35654272954916,0 -92.52517821777991,18.35680480337277,0 -92.52525840871741,18.35708221130321,0 -92.52531874271153,18.35729094691285,0 -92.52541968149846,18.3576401427704,0 -92.5254601873124,18.3577802768388,0 -92.52556088666643,18.35813270588215,0 -92.52559576112533,18.35839897842898,0 -92.52572659522272,18.35869606737115,0 -92.52580983818369,18.35897938549004,0 -92.52594765448522,18.3591514155895,0 -92.52595544764446,18.35947871229427,0 -92.52606614551151,18.35970902800355,0 -92.52610159053167,18.35998185097531,0 -92.52616451818416,18.36019850109576,0 -92.52622133896364,18.36054577059918,0 -92.52628467819875,18.36076404720355,0 -92.52629335402951,18.36109872907643,0 -92.52632955883436,18.36137678687782,0 -92.52626824413777,18.36162527608733,0 -92.52622798142593,18.36194872237698,0 -92.52611013683064,18.36231801332939,0 -92.52594239939923,18.36267402138481,0 -92.52580188346788,18.36297225413579,0 -92.52556176384903,18.36324089154062,0 -92.52534928784064,18.36345029488743,0 -92.52521543850531,18.36361394802837,0 -92.52493226140194,18.36373107482926,0 -92.52477579719435,18.3638203237535,0 -92.52432790453116,18.36403572554082,0 -92.52391045416073,18.36418684757462,0 -92.52357418207257,18.36428928358261,0 -92.52331411252501,18.36434974167231,0 -92.52282278708319,18.36440924152469,0 -92.52262221873534,18.36434645224369,0 -92.52237152979748,18.36426797587626,0 -92.52207073133924,18.36417380794971,0 -92.52187021013793,18.36411103513827,0 -92.52162131959125,18.36403068674873,0 -92.52142262663259,18.36396580795285,0 -92.52112362382924,18.36386966698424,0 -92.52077455897664,18.36375797607354,0 -92.52047541144179,18.36366226059954,0 -92.52022661145412,18.36358183854139,0 -92.51997740826641,18.36350208220929,0 -92.51953733780751,18.36334926814421,0 -92.51944993504452,18.36318131472531,0 -92.51923627677613,18.36303740822973,0 -92.51901945722544,18.36289738161954,0 -92.5188688512052,18.36285131618705,0 -92.51868027056145,18.36265533050648,0 -92.5185088817874,18.36253670566297,0 -92.51830442398609,18.3624794475907,0 -92.51808447682454,18.36234404635118,0 -92.51788461074864,18.36228211918923,0 -92.51773038627903,18.36202628985221,0 -92.51753081321918,18.36196446429728,0 -92.51731338026596,18.36182788352,0 -92.51704630828087,18.36167601725593,0 -92.51687855553851,18.36155571983888,0 -92.51659340525428,18.36133076653205,0 -92.51645830469161,18.36115210820088,0 -92.5163234552661,18.36097378173306,0 -92.51610684206179,18.36083894268959,0 -92.51602222637965,18.36067642149025,0 -92.51580578925031,18.36054217733538,0 -92.51570378987947,18.36030731491072,0 -92.51553787926272,18.36018823056413,0 -92.51542236035073,18.36008397488337,0 -92.5152743933193,18.35983266835242,0 -92.51522459644957,18.35981774908093,0 -92.51433531779365,18.35855107732045,0 -92.51424205941211,18.35839920227995,0 -92.51411721699677,18.35823710832325,0 -92.51405325604861,18.35821715388214,0 -92.51384118047881,18.35811043792202,0 -92.50369034692248,18.3519129493358,0 -92.50029317617073,18.34979267747917,0 -92.49665288396966,18.34585868737504,0 -92.49489530780575,18.34406942634686,0 -92.49477152770106,18.34393249385531,0 -92.49457315503204,18.34377268736726,0 -92.4944257443448,18.34357975620819,0 -92.49430282499767,18.34344374677374,0 -92.494142850603,18.34329646672467,0 -92.49399654473569,18.34310484854714,0 -92.49376284334495,18.34293523597941,0 -92.49358028006957,18.34273310722096,0 -92.49340817176042,18.34263144157161,0 -92.49327715564668,18.34239750098888,0 -92.49306856037717,18.34228480069684,0 -92.49291096686048,18.34213973813033,0 -92.49277681423969,18.34205017180477,0 -92.4924998369132,18.3417725961155,0 -92.4922555759909,18.34164911971404,0 -92.49223280339416,18.34159395709451,0 -92.49212781271089,18.34141735329518,0 -92.49193603680938,18.34125980565265,0 -92.4917597795712,18.34105643924576,0 -92.49166304803299,18.34098209956492,0 -92.49141068609561,18.34076841747084,0 -92.49124813908921,18.34053021895036,0 -92.49095467165567,18.34020505310032,0 -92.49083772796106,18.34007523147899,0 -92.49060449294718,18.33981631014675,0 -92.49043773796602,18.33948574426315,0 -92.49032191694741,18.33935730132285,0 -92.4902278397938,18.33928197764268,0 -92.49016330645077,18.33912346521152,0 -92.49002665670794,18.33894307321757,0 -92.48983946980164,18.33879337130226,0 -92.48975448620862,18.33858378777946,0 -92.48961896094761,18.33840488411399,0 -92.48944178952222,18.33812257085246,0 -92.48932813346961,18.33799664985493,0 -92.4892453993738,18.3377879875246,0 -92.48918240177458,18.33763461352292,0 -92.48911409377035,18.33738947403828,0 -92.48901077553688,18.33713380788231,0 -92.48896399254528,18.33694105779082,0 -92.48888189865264,18.33673805474363,0 -92.48878025536399,18.33648416746601,0 -92.48867968022979,18.336230224813,0 -92.4886388942665,18.3361303784547,0 -92.48853650674394,18.33588284289606,0 -92.4884961075004,18.33578328485597,0 -92.48839043655965,18.33544683819019,0 -92.48840545628298,18.33540814638042,0 -92.48834544243952,18.33525993988454,0 -92.48834560417237,18.33495862802642,0 -92.48828104363578,18.33472461855887,0 -92.48826646466352,18.33446439952218,0 -92.48823223507799,18.3341571888896,0 -92.48829177452308,18.3340068031145,0 -92.48831660611508,18.33384630772862,0 -92.48842005846512,18.33358530548525,0 -92.4884689645904,18.33326781337206,0 -92.48853711940413,18.33299967229933,0 -92.4886389518731,18.3327436098056,0 -92.48869686611717,18.33259796069077,0 -92.48888900565503,18.33221039962864,0 -92.48904220203798,18.33201562457102,0 -92.48922282452557,18.33175053537982,0 -92.48928461656845,18.33168971310921,0 -92.48939391187272,18.33160383393252,0 -92.48963938532893,18.33136213375905,0 -92.48984984952305,18.33111176729603,0 -92.49005148507617,18.3309778881921,0 -92.49032589297504,18.33075053012004,0 -92.49047900238246,18.33064250608258,0 -92.4906448702334,18.33050034190794,0 -92.49079689962549,18.33039311712426,0 -92.49100753941137,18.3302278696171,0 -92.49137473486275,18.33003506980886,0 -92.49155753713745,18.32993894584373,0 -92.49173974089669,18.32984313484112,0 -92.49195408701274,18.32975758838629,0 -92.49222530918975,18.32961489800577,0 -92.49243809842508,18.32952984301215,0 -92.4925399539899,18.32944954082724,0 -92.49274270722537,18.32929000446191,0 -92.4929770604802,18.32914075946811,0 -92.49319835638103,18.32902537432514,0 -92.49338663667173,18.32890032028143,0 -92.49347459449105,18.32885447895348,0 -92.49374031656096,18.32860954173983,0 -92.49401328065221,18.32844104875536,0 -92.49419805774725,18.32831885839428,0 -92.49435030795173,18.32818712912194,0 -92.49450199332078,18.32805586175179,0 -92.49465314288283,18.32792497343997,0 -92.49478339331067,18.32775198966442,0 -92.49495429063437,18.32766307436307,0 -92.49510397597764,18.32753289691733,0 -92.49540158320394,18.32727407413278,0 -92.49559159056763,18.32712361037012,0 -92.49579126644245,18.32694254464959,0 -92.49608354549319,18.3266883249461,0 -92.49621850964598,18.32659292897911,0 -92.49633215594285,18.32645763600045,0 -92.49648655269375,18.32630173436254,0 -92.49666038496159,18.32608550348674,0 -92.49671140402815,18.32603401768365,0 -92.49685403336989,18.32591037169045,0 -92.49691470297608,18.32582885959842,0 -92.49706636669349,18.32567580793614,0 -92.4973176143088,18.32542226111272,0 -92.49742724211829,18.3252915247691,0 -92.49752685614337,18.32519102881371,0 -92.49756697015421,18.32517062231303,0 -92.4977251886578,18.32499094102352,0 -92.49789198997371,18.3247827644383,0 -92.49796923154247,18.32464517730781,0 -92.49810664794821,18.32452660464143,0 -92.49820413761465,18.32442836983464,0 -92.49835899398168,18.32425255392132,0 -92.49841383540249,18.32407894995627,0 -92.49849840786108,18.32391528881448,0 -92.4985526957304,18.32374320742611,0 -92.49864555805672,18.3235525354036,0 -92.49867243836897,18.32346721475783,0 -92.49873492717737,18.3232688667589,0 -92.498788232831,18.32309966734244,0 -92.49885325414905,18.32299633505652,0 -92.49888851390553,18.3228842649582,0 -92.49894996977716,18.32268893174314,0 -92.49898494658079,18.32257776095008,0 -92.49905459377632,18.32235639270202,0 -92.49909791727981,18.3222186916272,0 -92.49920819914269,18.32207198314248,0 -92.49925962897686,18.32190807568338,0 -92.49931934760743,18.32171774674715,0 -92.49936181973138,18.3215823859205,0 -92.49942945760831,18.32136681962058,0 -92.4994799313545,18.32120595648994,0 -92.49952182699425,18.32107243175943,0 -92.49983721893638,18.31961127708187,0 -92.49984577723356,18.31950166118353,0 -92.49987841824847,18.3193253826586,0 -92.4999228864928,18.3191166866367,0 -92.49994683300778,18.31905022971199,0 -92.49992408037473,18.31885914759221,0 -92.49996814237187,18.31865310219352,0 -92.50002377605038,18.31841562337405,0 -92.50004005944099,18.31820371864456,0 -92.50005991522931,18.31806592740907,0 -92.50003719408429,18.31787976159351,0 -92.50006866245435,18.31771120393363,0 -92.50008833129263,18.31757526346399,0 -92.50004239510741,18.31745490370897,0 -92.50003954782811,18.31713735100737,0 -92.50007069818088,18.31697220846017,0 -92.50006343920415,18.31683075066763,0 -92.50003749603205,18.31658036801922,0 -92.50006841578913,18.31641777114766,0 -92.50006520936846,18.3161096720667,0 -92.50003915488539,18.31586483263587,0 -92.50006974140547,18.3157055306601,0 -92.50005907001132,18.31550065636748,0 -92.50005552587626,18.31543261704632,0 -92.49994042961926,18.31519683963172,0 -92.4998734547069,18.31514277849503,0 -92.49981535957167,18.31499039870242,0 -92.49970851477963,18.31488976681623,0 -92.49961612615365,18.31482745992867,0 -92.49948317018163,18.31472001146136,0 -92.49941633252132,18.31466722504928,0 -92.49928330202378,18.31456092793029,0 -92.49917665748973,18.31446247352165,0 -92.4990583633229,18.31439367036887,0 -92.49891416982845,18.31431707386719,0 -92.49882210184495,18.31425625146446,0 -92.49865001311875,18.31410589096923,0 -92.49855837872302,18.31404503767963,0 -92.49841512573249,18.31396829764582,0 -92.49832369043395,18.31390756939564,0 -92.49820651874057,18.31383893266253,0 -92.49810152344783,18.31374164042558,0 -92.49798462569836,18.31367318165446,0 -92.49781628976432,18.3135888930534,0 -92.49768742655982,18.31354915396602,0 -92.49762236146822,18.31349674354414,0 -92.49746706958804,18.31345014271413,0 -92.49733824133679,18.31341047392604,0 -92.49720984543602,18.3133702077367,0 -92.49712034148172,18.31337455202059,0 -92.49697936992574,18.31336278332862,0 -92.49687659225918,18.31333054701745,0 -92.49672244693042,18.31328220049628,0 -92.4965709317171,18.31323042588023,0 -92.49647183196744,18.31319348398083,0 -92.49642230894416,18.31317502132952,0 -92.49328078187506,18.31237915644902,0 -92.48613873021412,18.31112810780952,0 -92.48596631312293,18.31107506560286,0 -92.48543240334112,18.31097744367413,0 -92.48508748436404,18.31087133189615,0 -92.48485753264926,18.31080090485626,0 -92.48438049221433,18.31072173422513,0 -92.48426546974599,18.31068660649363,0 -92.48380539619485,18.31054609875569,0 -92.48357536588036,18.31047584649961,0 -92.48323032955081,18.31037046886596,0 -92.48282782122602,18.31024741406668,0 -92.48259786498204,18.31017672128742,0 -92.48225316021822,18.31006922025777,0 -92.48196597333836,18.30997952250083,0 -92.48162142665065,18.30987171895257,0 -92.48144917669015,18.30981782496448,0 -92.48118260777385,18.30986774354074,0 -92.48076134431085,18.3098053695063,0 -92.48045448920536,18.30978017019127,0 -92.48037802753349,18.3098238701513,0 -92.47991792995398,18.30988310978998,0 -92.47966836380213,18.30987263757646,0 -92.47941839741922,18.30986309248976,0 -92.47903284317387,18.30988143298744,0 -92.4785888452067,18.3098820349438,0 -92.47827974780309,18.30985607647957,0 -92.47806627121338,18.30992648896353,0 -92.47775654232316,18.30990051586733,0 -92.47744688139812,18.30987333621306,0 -92.47713702952501,18.30984594020551,0 -92.47694282431688,18.3098541013111,0 -92.4765165822847,18.30979107540074,0 -92.47614799628117,18.30974580538901,0 -92.47575815835229,18.30976206778113,0 -92.47538883061415,18.30971672924532,0 -92.47507728796636,18.30968918778931,0 -92.4748816942854,18.30969730511957,0 -92.47476550010128,18.30966162118816,0 -92.47431560520262,18.30965998243907,0 -92.47395955206056,18.30975585472313,0 -92.47374110553302,18.30982586686186,0 -92.47334771698094,18.30984142798887,0 -92.47307046493428,18.30989269351399,0 -92.47273391106263,18.30992719366339,0 -92.47233758611583,18.30994553448852,0 -92.47199968819073,18.30998048377712,0 -92.4716616362921,18.31001462152675,0 -92.47132247501213,18.31005004039659,0 -92.47106449744645,18.31004114681211,0 -92.47071297696687,18.30993279998026,0 -92.47051432398783,18.30993987731126,0 -92.47022117494475,18.30984982415011,0 -92.47010391773675,18.30981380532093,0 -92.46966972951222,18.30974998908988,0 -92.46925920137473,18.30962387694566,0 -92.46896598555577,18.30953380238692,0 -92.46849687272898,18.3093896899176,0 -92.46826233083351,18.30931763689293,0 -92.46802779644518,18.30924558775577,0 -92.46779327078232,18.30917354673401,0 -92.4676173835369,18.30911951797606,0 -92.46726562433385,18.30901146087133,0 -92.46685526847081,18.3088854017214,0 -92.46656217485869,18.30879536473034,0 -92.4663863207966,18.30874134709214,0 -92.46597644065173,18.30861470117414,0 -92.46562522620006,18.3085060246881,0 -92.46516353100812,18.30850342389847,0 -92.46466871087254,18.30842051990749,0 -92.46437503265336,18.30833082907915,0 -92.46385155899858,18.30831207059957,0 -92.46350504381783,18.30834530683509,0 -92.46286373982147,18.3082884653662,0 -92.46260155101834,18.30827805737924,0 -92.46219433149361,18.30829334104298,0 -92.46187261221448,18.30826485139466,0 -92.46160957991439,18.30825441483947,0 -92.46113852276171,18.30810918176574,0 -92.4609034233961,18.30803607557971,0 -92.4607284242103,18.3079796902416,0 -92.4600520729076,18.30784267508515,0 -92.45969561615824,18.30773729730585,0 -92.45954943257202,18.30776285765907,0 -92.45913777413438,18.30763490560326,0 -92.45875338908984,18.30759011127745,0 -92.45848680973927,18.3075814063479,0 -92.45824970674072,18.30751004158146,0 -92.45778299374463,18.30750183465113,0 -92.45743229014639,18.30753151107415,0 -92.45722504205762,18.30753950458844,0 -92.45680935626513,18.30755616598615,0 -92.45648246774969,18.30752852120495,0 -92.4562143595892,18.30766086411733,0 -92.45588986626758,18.30763001705565,0 -92.45559250174087,18.30768117702557,0 -92.45526547586707,18.3076522201628,0 -92.45505693431421,18.30765968361752,0 -92.45464165926376,18.30767239723811,0 -92.45437346320229,18.30766130678725,0 -92.45425451926394,18.30762481772242,0 -92.45359511896004,18.30756906358897,0 -92.45341664739124,18.30751419250513,0 -92.45293726326729,18.30751074282838,0 -92.45284617713182,18.30755478920103,0 -92.45251666250503,18.30752560159651,0 -92.45230609130282,18.30753304191739,0 -92.45167331434406,18.30755540679515,0 -92.4513700400046,18.30760707440591,0 -92.45103893160237,18.30757782514362,0 -92.45082747587769,18.30758499467031,0 -92.45049757879849,18.30755426470715,0 -92.45013800104495,18.30744464241589,0 -92.44989785743668,18.30737187101999,0 -92.44959980929092,18.30727917770711,0 -92.44926713215867,18.30725012566699,0 -92.4489674504062,18.30715864713628,0 -92.44860784121396,18.307048876816,0 -92.44836809978337,18.30697569529023,0 -92.44800107062754,18.307008837599,0 -92.44776135743155,18.30693548592341,0 -92.44734599112449,18.30680383042013,0 -92.44704783167359,18.30671101532116,0 -92.44670900586635,18.30668518114879,0 -92.4465285560948,18.30663055604001,0 -92.4461346638066,18.30658237144708,0 -92.44601454829345,18.30654577809103,0 -92.44562100142619,18.30649701965699,0 -92.44520238879186,18.30636747078596,0 -92.44484361409285,18.30625644060685,0 -92.44460444750085,18.3061824239082,0 -92.44430518498341,18.30609012617044,0 -92.44394575120469,18.30597962443346,0 -92.44364623704074,18.30588754442352,0 -92.4433826510429,18.30573350126133,0 -92.44302342597551,18.30562306567032,0 -92.44270041690824,18.30545082167855,0 -92.44259333417899,18.30527222603615,0 -92.44227095799903,18.30510037568167,0 -92.44222411492507,18.30494068719102,0 -92.44196316611266,18.30478681495416,0 -92.44174487953808,18.30456832010616,0 -92.44172283329843,18.30448819161014,0 -92.44116617001944,18.30437640777203,0 -92.43892332601246,18.30316596660109,0 -92.43886553367362,18.30314823382721,0 -92.43868244575613,18.30302271072867,0 -92.43863430853752,18.30297331397115,0 -92.43847084622038,18.30288856239561,0 -92.43833636382038,18.30281273630399,0 -92.43813515904064,18.30264749177853,0 -92.43805861887036,18.30258956679543,0 -92.4377144716529,18.30238083914551,0 -92.43757080660119,18.30233677172689,0 -92.43743722088482,18.30226147167173,0 -92.43722780389199,18.30212867423384,0 -92.43697984703643,18.3020183842247,0 -92.43683646737752,18.30197440231608,0 -92.43670346480853,18.30189940628411,0 -92.43633088124515,18.30178511859048,0 -92.43620875145177,18.30167935898412,0 -92.43606559438345,18.30163544870016,0 -92.43590451382084,18.30155193773027,0 -92.43562917143744,18.30143341278402,0 -92.43548616470774,18.30138955016232,0 -92.43525736669326,18.30131937536188,0 -92.43499355682545,18.30117040960575,0 -92.43483327338309,18.30108727284503,0 -92.43470168147633,18.30101296405954,0 -92.43455896523909,18.30096919536141,0 -92.43441034164216,18.30085580026613,0 -92.43426776333303,18.30081207435855,0 -92.43405110702869,18.30071177144863,0 -92.43383465313698,18.30061156193234,0 -92.43369222396002,18.30056788386742,0 -92.43337890449423,18.30047179890473,0 -92.43308932698832,18.30031543713458,0 -92.43294705538116,18.30027181022929,0 -92.43280479089985,18.30022818483551,0 -92.43267455540047,18.30015451428969,0 -92.43253236602413,18.30011091269585,0 -92.43230487237997,18.30004116465687,0 -92.4320773989368,18.29997141167129,0 -92.43173982223098,18.2999353838537,0 -92.43161352689442,18.29993044186805,0 -92.4314586578413,18.29991675767603,0 -92.43103754813868,18.29992315986853,0 -92.43084074056094,18.29993074621796,0 -92.43068510552513,18.29991702410551,0 -92.43050332608411,18.29996349163791,0 -92.43020658468315,18.29997495670285,0 -92.43005240008105,18.30003040581414,0 -92.42979640482953,18.30002052797129,0 -92.42954171822558,18.30008003623571,0 -92.42937092001539,18.30009663369715,0 -92.42914366323625,18.30016525359315,0 -92.42900092283136,18.3001908137935,0 -92.42877245061331,18.30025977689191,0 -92.42868582737513,18.30023319825661,0 -92.42835555513126,18.30030635773077,0 -92.42810987263709,18.30026595496312,0 -92.42777752546966,18.30033936520485,0 -92.42756000799548,18.3003782184226,0 -92.42737100779742,18.30042609568578,0 -92.42712305955686,18.3005268785257,0 -92.42707920946278,18.30054883972916,0 -92.42683013716683,18.3006499918168,0 -92.42668338708347,18.30067625763383,0 -92.42632963447026,18.30078224657413,0 -92.42616675994654,18.30083993569428,0 -92.42604814213676,18.30087548143318,0 -92.42586919498021,18.30096476829799,0 -92.42564573135233,18.3010052550281,0 -92.42543503296866,18.30108695429582,0 -92.42513274278664,18.3012142164952,0 -92.42504171925039,18.30125960115988,0 -92.42484557568851,18.30130960953775,0 -92.42463275192273,18.30139170230145,0 -92.42444893239657,18.30148322782194,0 -92.42429721234517,18.3015108100836,0 -92.42410919258938,18.30167643240782,0 -92.42396994945652,18.30174579262897,0 -92.42372030914545,18.30189429853656,0 -92.42356315036567,18.30199681940201,0 -92.42330742090982,18.30222150074507,0 -92.42319595413149,18.30230153717801,0 -92.42306701796888,18.302414786271,0 -92.42292033969474,18.30256158446524,0 -92.42282073089508,18.30268510538155,0 -92.42269034417698,18.3027997256679,0 -92.42247628411543,18.30300601263934,0 -92.42234460658703,18.30312180143599,0 -92.42211157258654,18.30336305943978,0 -92.42196171655736,18.30351309604955,0 -92.42161529908174,18.30376290723784,0 -92.42144887806363,18.30387256844563,0 -92.42130037855618,18.3039479785695,0 -92.42115146240194,18.30402360312516,0 -92.42087118220773,18.30414060547416,0 -92.42072109353511,18.30421678869783,0 -92.42052722651465,18.30423901395944,0 -92.42029543279565,18.30433076821194,0 -92.42004358023668,18.30445798360758,0 -92.41986058043446,18.30452494956582,0 -92.4195755837723,18.30464324827637,0 -92.41924608569063,18.30470717680075,0 -92.41914393202573,18.30475854645308,0 -92.41893508453916,18.30473595171675,0 -92.41878915462298,18.30473267113015,0 -92.41863139273933,18.30468433698399,0 -92.41847363455669,18.30463600183791,0 -92.41829578694914,18.30462309506834,0 -92.41811791636731,18.30461003569819,0 -92.41787691739138,18.30457738322444,0 -92.41779322500089,18.30459358332179,0 -92.41769883562753,18.30456418642418,0 -92.41746814678258,18.30457698902997,0 -92.41724772595586,18.30450834054682,0 -92.41702733595612,18.30443969885739,0 -92.41684001411198,18.30437961550127,0 -92.41677766960441,18.30435958325803,0 -92.41652676531103,18.30428048258854,0 -92.41633798339019,18.30422165763382,0 -92.41610555235226,18.30410943504362,0 -92.41587334005247,18.30399732038201,0 -92.41567299653784,18.30389492209053,0 -92.41547322526129,18.30379237078277,0 -92.41531546074816,18.30374403874012,0 -92.41523216707458,18.30363560381534,0 -92.41513759975548,18.30360663288658,0 -92.41493852735088,18.30350424676831,0 -92.41473964465942,18.30340196144232,0 -92.41457243641116,18.3033094162378,0 -92.41444933391564,18.30314757684853,0 -92.41428308042229,18.30305499396347,0 -92.41417038181029,18.30293757146968,0 -92.41401373072553,18.30288933347573,0 -92.4136691054,18.30278326451496,0 -92.41357513593216,18.30275432829428,0 -92.41198319066753,18.30101884962982,0 -92.41189072805707,18.30094852808074,0 -92.41178457932628,18.30078960163487,0 -92.41162767760505,18.30040561865801,0 -92.41156988011676,18.30034623851155,0 -92.41139686081492,18.3001675690031,0 -92.41126861131045,18.2999609398857,0 -92.41119810567062,18.29981435067326,0 -92.41085523567158,18.29945944589571,0 -92.41079827566956,18.29940048554558,0 -92.41060655850936,18.29929968228766,0 -92.41051608380312,18.29923038464959,0 -92.41031244003608,18.29904378501174,0 -92.41012151308011,18.29894274886925,0 -92.40989718178484,18.29883141555216,0 -92.40963922804052,18.29871161112958,0 -92.40943733296082,18.29865168308636,0 -92.40925766453074,18.29851708309739,0 -92.40910094480515,18.29842866234345,0 -92.40894438568884,18.29834020897091,0 -92.40874311398042,18.29827874957229,0 -92.40859817381694,18.29815330975807,0 -92.40831955050463,18.29798719403474,0 -92.40813022283422,18.29788891819904,0 -92.40789752003593,18.29769654697288,0 -92.40775395258075,18.29757160463823,0 -92.40749874774073,18.29745296421718,0 -92.40734387139244,18.29736498180229,0 -92.40710136628344,18.29720904953133,0 -92.4069470238274,18.29712086901799,0 -92.40669309731859,18.29700181162961,0 -92.40645168608727,18.29684652967617,0 -92.40639741239391,18.29679000831673,0 -92.40626438117589,18.29674955322914,0 -92.4060353692058,18.29656070344457,0 -92.40584840781285,18.29646441814126,0 -92.40578214612441,18.29644385316664,0 -92.40562907562929,18.2963564085466,0 -92.40540981897067,18.2962488808364,0 -92.4052161508054,18.29606997812758,0 -92.40515002599308,18.29604953935471,0 -92.40499749328062,18.29596278544679,0 -92.40481207481515,18.29586590480584,0 -92.40458659894087,18.29567788068891,0 -92.40455356885401,18.29566779940826,0 -92.40436841643726,18.2955718531988,0 -92.40416353175713,18.295430552911,0 -92.40405787611,18.2953196730883,0 -92.40376807991922,18.29511353317519,0 -92.40366299545954,18.29500316783807,0 -92.40351191199341,18.29491796282332,0 -92.40325686920542,18.29472203099173,0 -92.40303551836429,18.29453623979402,0 -92.40291786308835,18.29446166142704,0 -92.40276761435976,18.29437704072219,0 -92.4026313910262,18.29425748441383,0 -92.40236472277884,18.29409811893871,0 -92.40214506297178,18.29391455769872,0 -92.40199587465513,18.2938301727104,0 -92.40175855049345,18.29360304513052,0 -92.40169343941078,18.29358310801221,0 -92.4015588816561,18.29346488391952,0 -92.40129457590766,18.2933070683338,0 -92.40116060474632,18.29318929444088,0 -92.4010125816493,18.2931056455292,0 -92.40067007959117,18.29296248844582,0 -92.40057278158973,18.29293269878951,0 -92.40034612345703,18.29286270984144,0 -92.40018120083062,18.29273515276197,0 -92.39985736828326,18.29263577634522,0 -92.39976011212917,18.29260610541186,0 -92.39940351675284,18.29249731866744,0 -92.39924143475115,18.29244787223827,0 -92.39898205415201,18.29236882839342,0 -92.3987227332715,18.29228972871588,0 -92.39859313241121,18.29225012092034,0 -92.39843145458958,18.29220026194563,0 -92.39830222211866,18.29216027211961,0 -92.39801148598754,18.29207030573879,0 -92.39788157166555,18.29203106615824,0 -92.39768637072237,18.29197253723783,0 -92.39737914745203,18.29191669304777,0 -92.39728197255585,18.29188694442806,0 -92.39708763809193,18.29182744792123,0 -92.39689330968854,18.29176795513201,0 -92.39679614839196,18.29173821221208,0 -92.39663422151993,18.29168863817753,0 -92.39616452874621,18.2915830810006,0 -92.39609974023496,18.29156324564034,0 -92.39595373354877,18.29155681223909,0 -92.39571035318933,18.29152060123881,0 -92.39546677766185,18.29148435482275,0 -92.39540191811223,18.29146449813595,0 -92.39527220211461,18.29142478297712,0 -92.39501165870894,18.29142159158846,0 -92.39491611011684,18.29139027378115,0 -92.39470640260772,18.29136226434123,0 -92.39460729964958,18.29133385824182,0 -92.39419894774767,18.29124907698439,0 -92.39401985928717,18.29123209708205,0 -92.39389046227548,18.29119188978639,0 -92.39376122295292,18.29115157987394,0 -92.39363170205698,18.29111148753409,0 -92.39325825944245,18.29103413751599,0 -92.39312887844306,18.29099393330917,0 -92.39291694514914,18.29096679368049,0 -92.39278399852294,18.29100301339451,0 -92.39260394531175,18.29098600330628,0 -92.39252082320245,18.29099929076214,0 -92.39097193511596,18.29169221859258,0 -92.38942232273318,18.29201197876319,0 -92.38927223902984,18.2920191767105,0 -92.38914416741207,18.29213947817755,0 -92.38893549324413,18.29218222458182,0 -92.38856334562405,18.29228175223877,0 -92.38834128673969,18.2923739112648,0 -92.38799218651637,18.29237451962723,0 -92.38778162909682,18.29241783398206,0 -92.38752432271303,18.29244736782624,0 -92.38722013118247,18.29246119159333,0 -92.38696194476401,18.29248860355616,0 -92.38674986983561,18.29253101125038,0 -92.38653741209673,18.29257595827048,0 -92.38618477737485,18.29257912739787,0 -92.38587824213313,18.29259421477654,0 -92.38578498331742,18.29256570580925,0 -92.38547787164561,18.29258075061891,0 -92.38527744404054,18.29257400813827,0 -92.38498345010581,18.29253870581798,0 -92.38482937966558,18.29254622662421,0 -92.38453497135457,18.29251088245447,0 -92.38428708331074,18.29248980744236,0 -92.38405331881322,18.2924183310497,0 -92.38385190763969,18.29241151236615,0 -92.38329353098415,18.29240534081678,0 -92.38315305645857,18.29236239013284,0 -92.38304464366001,18.29238418229685,0 -92.38274869670693,18.29234867910295,0 -92.38242068736075,18.29224838538374,0 -92.38212439264281,18.29221281865521,0 -92.38193689941694,18.29215548771559,0 -92.38153114054984,18.29214114347504,0 -92.3810931830271,18.29206329369647,0 -92.38078016907265,18.29207772432677,0 -92.38054535005649,18.29200596513115,0 -92.38038856444173,18.29201316512875,0 -92.38007451702589,18.29202787789706,0 -92.37993346923551,18.29198474396972,0 -92.37954102537749,18.29192017343577,0 -92.37919532389036,18.29186994094258,0 -92.37892687475784,18.29189895818876,0 -92.37859727097934,18.29179815461152,0 -92.37829788474571,18.29176222421097,0 -92.37815657971449,18.29171901043991,0 -92.37780954146379,18.29166942270906,0 -92.37765090753112,18.29167695537638,0 -92.37735046891711,18.29164175746288,0 -92.37712711616618,18.29168480427427,0 -92.37701530225789,18.29170635269736,0 -92.37663203592422,18.29175663182688,0 -92.3765021420506,18.2918288553358,0 -92.37632448348198,18.29188720842176,0 -92.37609863985566,18.29193241858083,0 -92.37575929456132,18.29199995549456,0 -92.37562840181336,18.29207205996839,0 -92.37528940709296,18.29213585401217,0 -92.37506279949575,18.29217884354574,0 -92.37468421066473,18.29234772909047,0 -92.37414163291724,18.29252513767973,0 -92.37384536625358,18.29260685909275,0 -92.37364419001155,18.29271812361496,0 -92.37339450688405,18.29281498830979,0 -92.37316365939762,18.29286010577325,0 -92.37272926113602,18.29301728626086,0 -92.3724499992241,18.29304595799169,0 -92.37240197637365,18.29303093689526,0 -92.37205398443567,18.29309722375564,0 -92.37177313384079,18.293126969124,0 -92.37144363968591,18.2931417711786,0 -92.37129908811926,18.29309680712158,0 -92.3709412996953,18.29304422545288,0 -92.3706304572749,18.2930083577725,0 -92.37029745544669,18.29302658720397,0 -92.3700545427603,18.29295433147619,0 -92.36971465480471,18.29285282089811,0 -92.36942422971275,18.29276427097932,0 -92.36927902167868,18.29271999730038,0 -92.36894020990964,18.29261669288893,0 -92.36869274403394,18.2924241502652,0 -92.36834916982426,18.29220237246576,0 -92.36795385010022,18.29184728470726,0 -92.36770857340792,18.29165547992486,0 -92.3674817866992,18.29129487609184,0 -92.36725636060606,18.29093537002894,0 -92.3672305202556,18.29086958617297,0 -92.36695857007679,18.29049720997677,0 -92.36690730507264,18.29036644093281,0 -92.36673541717093,18.29014123657068,0 -92.36654185441606,18.28996689426719,0 -92.36637083901819,18.28974272964833,0 -92.36613062046182,18.28955445306872,0 -92.36603297768794,18.28941054105745,0 -92.36576854759255,18.28915852364488,0 -92.36553044357166,18.28897045313107,0 -92.36541070173975,18.28887752618618,0 -92.36512379351085,18.28867790428788,0 -92.36486001159584,18.28842944335154,0 -92.36466867472073,18.28825946998889,0 -92.36438305843087,18.28806118081405,0 -92.36414516960338,18.28787753638755,0 -92.36392952365847,18.28764664223171,0 -92.3636512303239,18.28744362746481,0 -92.36344073221476,18.28732178625607,0 -92.36301479100447,18.28708376027167,0 -92.36273201901784,18.28699851956146,0 -92.36240115262804,18.28678931878927,0 -92.36209582479908,18.28664123119776,0 -92.36195517014735,18.28659815556381,0 -92.36165078599915,18.28644969309119,0 -92.36132291428429,18.28634911139183,0 -92.36111301120737,18.28622920565952,0 -92.36076351908082,18.28606586163746,0 -92.36067034848533,18.28603681690328,0 -92.36053218505312,18.28588369402392,0 -92.360161785862,18.28565838329683,0 -92.35992818080918,18.28558682942581,0 -92.35967256129943,18.28545352615166,0 -92.35956111904086,18.2852533113178,0 -92.35933201830849,18.28517883933944,0 -92.35905299773718,18.28498634215149,0 -92.3587522539998,18.28473332537891,0 -92.35865846907579,18.28470535536421,0 -92.35845222842768,18.28448091376427,0 -92.3580595933216,18.28430587027952,0 -92.35790289940846,18.28409507003395,0 -92.35737973274991,18.28366503547659,0 -92.35717335040133,18.28354824244924,0 -92.35685879374977,18.28323682677849,0 -92.35656579138255,18.2829863914706,0 -92.35636119860307,18.28286983175677,0 -92.35609191550192,18.28267862531317,0 -92.35589599028745,18.28245576678809,0 -92.35576326464594,18.28230892362058,0 -92.35560468811961,18.28220771760238,0 -92.35530796780084,18.28206473690403,0 -92.35522183960104,18.28193249484809,0 -92.3550239226754,18.28171365060527,0 -92.35484673954416,18.28155390054429,0 -92.35468960994891,18.28145312711355,0 -92.35444101821926,18.28132450650719,0 -92.3542578391291,18.28126863868932,0 -92.35405513407302,18.28115421234244,0 -92.35382870212084,18.28108317920947,0 -92.35358447931533,18.28095296916567,0 -92.35313744385506,18.28070936253382,0 -92.35300076949942,18.28066734487652,0 -92.35263637737179,18.28055529365869,0 -92.35245422405089,18.2804992621052,0 -92.35224505441546,18.28048750030661,0 -92.35196298175867,18.28050602791785,0 -92.35167247375811,18.28052827098207,0 -92.35126441498241,18.28056602065309,0 -92.35090619574903,18.28061560303277,0 -92.35051942319878,18.28070983178952,0 -92.35032505944842,18.28075729069731,0 -92.35025074068055,18.28078808399664,0 -92.34993535931611,18.2808524419822,0 -92.34975745102594,18.28095927630147,0 -92.3495155972399,18.2809930013175,0 -92.34911128827652,18.28119358399168,0 -92.34883898040566,18.28127297395481,0 -92.34861392864705,18.28136604625828,0 -92.34846578913124,18.28142723693753,0 -92.34813425103989,18.28159783199137,0 -92.34777812144696,18.2817118695054,0 -92.34762446357156,18.28177547705999,0 -92.34728829899302,18.28194818573467,0 -92.34701105548811,18.282029274532,0 -92.34665592685164,18.28214248264573,0 -92.34639349229285,18.28228478194251,0 -92.34608313610053,18.28241318983802,0 -92.34600538234845,18.28244535876182,0 -92.34558464068137,18.28265336721908,0 -92.34547537783681,18.28273256775649,0 -92.34519297026942,18.28281548855012,0 -92.34473640845972,18.28290224440129,0 -92.34446797249016,18.28304730952906,0 -92.3441511184173,18.28317834135308,0 -92.34391276047477,18.28327691105713,0 -92.34370595538928,18.28332818476939,0 -92.34321175338185,18.28346382449168,0 -92.34305157299525,18.28352997527226,0 -92.34255392295132,18.28366670541974,0 -92.34224883467674,18.28368937028771,0 -92.34197643119246,18.2836640353229,0 -92.34168500476075,18.28374950621907,0 -92.34070833329569,18.28363707769428,0 -92.34056391890111,18.28364385865516,0 -92.34043541981167,18.28368110399719,0 -92.34021185297372,18.28371535577346,0 -92.34001593688177,18.2837325640187,0 -92.33981327010008,18.28377331058055,0 -92.33969576129979,18.28376310692529,0 -92.33952085154371,18.28378694066118,0 -92.33947630770761,18.28377331715164,0 -92.33938075865773,18.2837699115342,0 -92.33926284443388,18.28375968572295,0 -92.33913827489165,18.28377318569368,0 -92.33902674777295,18.28373913310695,0 -92.33877469733213,18.28368781869048,0 -92.33865638407426,18.28367735789044,0 -92.33847783407212,18.2836228389084,0 -92.33836624451422,18.28358876614064,0 -92.33825466206858,18.28355469575929,0 -92.33814308362858,18.28352062595701,0 -92.33803151097354,18.28348655827758,0 -92.33794225758834,18.28345929566036,0 -92.33778608391782,18.28341152241204,0 -92.3374291608186,18.28330233761323,0 -92.33723579714786,18.28321727149189,0 -92.33712432848145,18.28318317404713,0 -92.33691642778086,18.28306781765715,0 -92.3368126166659,18.28301021658134,0 -92.33663453344884,18.282955742571,0 -92.33650864948717,18.28289141430517,0 -92.33631616582514,18.28280673762393,0 -92.3361905421832,18.28274253530196,0 -92.33607941197523,18.28270854373038,0 -92.33591749736479,18.28260730269001,0 -92.33572604086878,18.28252180398639,0 -92.33563150454052,18.28244037420107,0 -92.3354265803448,18.28232479492371,0 -92.33530217457819,18.28226023598516,0 -92.33515492364354,18.28219102010838,0 -92.33503718313013,18.28210781736027,0 -92.33495665533574,18.28205858402308,0 -92.33489835992361,18.2820159670374,0 -92.33479577521335,18.28196022934242,0 -92.33464894167085,18.28189138332469,0 -92.33459107147179,18.2818483588646,0 -92.3344806924667,18.28181469847178,0 -92.33434824430775,18.28177430861723,0 -92.33348413654639,18.28128862427095,0 -92.33232626858941,18.27904436574022,0 -92.33216374228537,18.27878753369138,0 -92.33200028107194,18.27832530046154,0 -92.33192821521988,18.27816633800284,0 -92.33171283008906,18.27769123641859,0 -92.3313917917599,18.27719139055508,0 -92.33117913837518,18.2769248987456,0 -92.33110837050648,18.27676869228961,0 -92.33086141101074,18.27642563336562,0 -92.33047499437485,18.27597405333108,0 -92.33042227744625,18.27595792710057,0 -92.33024722355093,18.27577126164516,0 -92.32995066364815,18.27541505839316,0 -92.32979458003406,18.27516883875581,0 -92.32948166643104,18.27487521279739,0 -92.32943135867451,18.27466243379231,0 -92.32922436263999,18.27440228485983,0 -92.32891633804833,18.27391602134482,0 -92.32872992320542,18.27359584255493,0 -92.3285771257606,18.27335447215293,0 -92.32837290715337,18.27309772288206,0 -92.32827292731065,18.27287315995731,0 -92.32805138913737,18.27267536858673,0 -92.32793357027462,18.27251004641933,0 -92.32773146722073,18.27225462893288,0 -92.32764704145475,18.27216431332097,0 -92.32742608672829,18.27197094913588,0 -92.32718669899478,18.2718356517502,0 -92.32686370328506,18.27161036968383,0 -92.32661191760252,18.27134335371577,0 -92.32642528367413,18.27122324656673,0 -92.32613601291918,18.27107200411689,0 -92.32593039982484,18.27100951401427,0 -92.3258470082984,18.27092089748039,0 -92.32538460045546,18.27078036128037,0 -92.32526978847679,18.27061910098965,0 -92.32496180082748,18.27052549772447,0 -92.32457123730087,18.27034324952264,0 -92.32426370861212,18.27024903837077,0 -92.32411017316147,18.27020132026146,0 -92.32380313233355,18.27010589313902,0 -92.32370079499239,18.2700740879622,0 -92.32334264713072,18.26996274024313,0 -92.32298525320914,18.26984994416071,0 -92.32283135358787,18.26980331027093,0 -92.32257501682018,18.26972524691467,0 -92.32212472102009,18.26970966594073,0 -92.3219237863122,18.26963800398713,0 -92.32161889830944,18.26953835805341,0 -92.32136123803708,18.26946285523157,0 -92.32120662532503,18.26941754706835,0 -92.32100045389416,18.26935713417573,0 -92.32073451844798,18.26915342075216,0 -92.32039575268621,18.26899132363373,0 -92.3199762544029,18.26874289476079,0 -92.31966012833622,18.26852519695087,0 -92.31934579559035,18.26830561422072,0 -92.31911506470861,18.26816775770769,0 -92.31898451914664,18.26806481333885,0 -92.31874557512189,18.26780469918951,0 -92.31863723378336,18.2676476985831,0 -92.31850725520856,18.26754527186774,0 -92.31829146815569,18.26723241877817,0 -92.31815533143967,18.26700647720353,0 -92.31804211049354,18.26672644919597,0 -92.31790233889006,18.2663758637931,0 -92.31791903066753,18.26619804083481,0 -92.31790836901098,18.26595036228393,0 -92.31781448504279,18.26549601928947,0 -92.31778158873752,18.26530433785076,0 -92.31772630506373,18.26516663658413,0 -92.31768850043663,18.26485395548732,0 -92.3177007582409,18.2645578644121,0 -92.31754131456354,18.26427009722556,0 -92.31755437019238,18.26397568808064,0 -92.31747372255768,18.26377123890351,0 -92.3173887431419,18.26344757700161,0 -92.3173790957247,18.26320940919308,0 -92.31734250584059,18.26290522447759,0 -92.3173108066218,18.26272029586524,0 -92.3172966250162,18.26236705094245,0 -92.3172651094296,18.26218352628352,0 -92.31728249997774,18.26201562579735,0 -92.31719732787518,18.26170191558783,0 -92.31723653040908,18.26148503460755,0 -92.31723176483668,18.26136934421806,0 -92.31724415683003,18.26108847107248,0 -92.31721279050733,18.26090851965462,0 -92.31722045129162,18.2605153002642,0 -92.31725929134144,18.26030227266726,0 -92.31725017178562,18.26007466499632,0 -92.31721471403293,18.25978388812196,0 -92.31715758418173,18.259543343418,0 -92.31719672739834,18.25933289270564,0 -92.31714002705502,18.25909368385761,0 -92.31713144305539,18.25886982113994,0 -92.31714034315982,18.25848715093177,0 -92.31706243839425,18.25829890023322,0 -92.31710141601556,18.25809240428283,0 -92.31707114440759,18.25791987166951,0 -92.3170797201968,18.25754312626186,0 -92.31702809389766,18.2574193325908,0 -92.31703675953221,18.25704542835232,0 -92.31705391816357,18.25688996261906,0 -92.31704111181293,18.25656579226835,0 -92.31692283193966,18.25636321934329,0 -92.31684796551728,18.25606826360807,0 -92.31682169664397,18.25600841394948,0 -92.3166383568017,18.25559070302127,0 -92.31658697701936,18.25547101376051,0 -92.31641215083899,18.2551585282581,0 -92.31623800564871,18.25484725348884,0 -92.31614118879067,18.25471414268848,0 -92.31594487614568,18.25434391930182,0 -92.31575607913358,18.25418334336472,0 -92.31568495500672,18.25411019380036,0 -92.31558601197217,18.25387441920315,0 -92.31542269341965,18.2537734048288,0 -92.3152330585455,18.25350983864207,0 -92.31513847635392,18.25337838420944,0 -92.31494977727998,18.25311612606813,0 -92.31483194998276,18.2529267978825,0 -92.31476055177451,18.25275172933607,0 -92.31469119871491,18.2526793068966,0 -92.31450603823522,18.25241807538656,0 -92.31443439793773,18.25214218150817,0 -92.31429739529746,18.25199803674614,0 -92.314203225021,18.25166630912105,0 -92.31420196039377,18.25156553562037,0 -92.3140998339254,18.25114037390462,0 -92.31393469424641,18.25084477658274,0 -92.31393074801836,18.25064697466102,0 -92.3137679405697,18.25035251033265,0 -92.31374264968937,18.25019832987482,0 -92.31355906329024,18.24994765982713,0 -92.31344262847861,18.24966958989173,0 -92.31316248452576,18.24881735449373,0 -92.31309724494456,18.24871680105957,0 -92.31306512674936,18.24851528052123,0 -92.31302294496442,18.24842060644237,0 -92.31302511659649,18.24833969058277,0 -92.31298331486599,18.24824479927087,0 -92.31292807180037,18.24811769104049,0 -92.31289491520783,18.24799819363605,0 -92.31286124793796,18.24788112801155,0 -92.31278362641027,18.24775174050158,0 -92.31277226652627,18.24764185890657,0 -92.31271445897438,18.24759856469622,0 -92.31271141813188,18.24746507273466,0 -92.31266197298174,18.24739789626071,0 -92.31262899662279,18.24728286839516,0 -92.31251748584855,18.24711761997421,0 -92.31246336665428,18.24699644914983,0 -92.31239598065577,18.24684558466098,0 -92.31235569167204,18.24675538384485,0 -92.31218920345454,18.24654939774503,0 -92.31214938914636,18.24645983570109,0 -92.31206745060818,18.24635556750874,0 -92.31197733371641,18.24627492640646,0 -92.31189884377896,18.24609701908748,0 -92.31185950465408,18.24600897250846,0 -92.31179046710039,18.24593764638549,0 -92.31166571756378,18.24582451198474,0 -92.3115845374048,18.24572336760781,0 -92.31150791669815,18.24567434965616,0 -92.31142736014642,18.24557306729191,0 -92.31127462723944,18.24547540267498,0 -92.31118208284509,18.24534542295953,0 -92.31110600881864,18.24529681116043,0 -92.31103873901421,18.24522567467295,0 -92.31093794635613,18.24511943141841,0 -92.31079515673267,18.24500062931245,0 -92.31065205780791,18.24488330264668,0 -92.31050549447532,18.24471636287031,0 -92.31040516140585,18.24461278662526,0 -92.31028459377914,18.24450227457988,0 -92.31019460876169,18.24437606194132,0 -92.31017367009072,18.24436963712396,0 -92.31004399158364,18.24428268822568,0 -92.30998069067391,18.2442641968878,0 -92.30985475607724,18.24410974858849,0 -92.30980103163644,18.24406908173047,0 -92.30974451510171,18.24397908356763,0 -92.30962832739731,18.24391947455384,0 -92.3095213487092,18.24383851322713,0 -92.30940286694407,18.24373001394667,0 -92.30931958452868,18.24370464843003,0 -92.30924310277724,18.24360912681552,0 -92.30912528093005,18.2435011990667,0 -92.30900996269524,18.24344210589935,0 -92.30899848524278,18.24341465712424,0 -92.30889263829869,18.24333457568842,0 -92.30881906224843,18.24328827613833,0 -92.30869280071967,18.24320210115571,0 -92.30857801803853,18.24314331585945,0 -92.30850470293986,18.24309717773615,0 -92.30842045428106,18.24302370162858,0 -92.30830612539556,18.24296495661783,0 -92.30821207169957,18.24291302608371,0 -92.30812948041367,18.24288787908634,0 -92.30803587854932,18.24283566723054,0 -92.30802487339992,18.24280862472163,0 -92.30682786296326,18.24234962188681,0 -92.30531206569208,18.24162198229916,0 -92.30517479387206,18.2415264829223,0 -92.30502458898995,18.24148055460362,0 -92.3047742264269,18.24140359672692,0 -92.30452395802115,18.24132745368483,0 -92.30422368178546,18.24123651456041,0 -92.30387337363221,18.24113056104862,0 -92.30362315620374,18.24105488065824,0 -92.30300368155017,18.24113668889068,0 -92.30278921362702,18.241125644392,0 -92.30252440751175,18.24109929700606,0 -92.30208041654859,18.24112691037339,0 -92.301865192609,18.24111578199388,0 -92.30154927073127,18.2410741158092,0 -92.30120396794396,18.24113232227604,0 -92.30075727078152,18.24115822826385,0 -92.30019389290747,18.24120246350893,0 -92.29996205071825,18.2412402888955,0 -92.29984600441954,18.24125922137257,0 -92.29956317623174,18.2412814488411,0 -92.29913232263841,18.24142452026187,0 -92.29884793351029,18.24144877894824,0 -92.29866435903543,18.24150468102048,0 -92.29831240697875,18.24156490007741,0 -92.29817896507986,18.24163574554856,0 -92.29772416415608,18.24166451585504,0 -92.29730281858994,18.24176005751466,0 -92.29696553131895,18.24193862093952,0 -92.2968978715349,18.24197456501973,0 -92.29654092880095,18.24203686743902,0 -92.29625195188767,18.24223265079148,0 -92.29609862099797,18.2423563597597,0 -92.29573980900278,18.24258774491623,0 -92.29555116407943,18.2428151655311,0 -92.29541406424987,18.24305698480977,0 -92.29510410718372,18.24330401248046,0 -92.29498237499523,18.2434976431461,0 -92.29487784470942,18.24363934648165,0 -92.29458172854612,18.24383954376687,0 -92.29438863086754,18.24407209915806,0 -92.29414254079035,18.24428978722318,0 -92.293895453521,18.24450835562016,0 -92.29364736341174,18.24472781011549,0 -92.29348752798032,18.2448567321032,0 -92.29327475180824,18.2449700572821,0 -92.29302405644533,18.24519203878885,0 -92.29277230651455,18.24541499005354,0 -92.29250443675038,18.24551423973668,0 -92.29228883616187,18.2456296492115,0 -92.29207269808154,18.24574534488982,0 -92.29185601895017,18.24586133182251,0 -92.29158565603817,18.24596163750014,0 -92.29142102954921,18.24609417657129,0 -92.29112982308789,18.24625005448711,0 -92.29096414409102,18.24638334284519,0 -92.29059812871965,18.24657907430907,0 -92.29035792292079,18.24675200944456,0 -92.29008353113542,18.24685357088867,0 -92.28982145546564,18.24708327389811,0 -92.28959921377637,18.24720193324685,0 -92.2893352552227,18.24743312710995,0 -92.28909093488649,18.24760893013886,0 -92.28899545503262,18.24770526593094,0 -92.28861191069736,18.24809223313503,0 -92.28859088078612,18.2481490294451,0 -92.28834381942507,18.24832707579518,0 -92.2880534089343,18.24861978022941,0 -92.28768520236913,18.24895534264287,0 -92.28746766210803,18.249210641036,0 -92.28707371540951,18.24960814356718,0 -92.28677677990366,18.24990748300429,0 -92.28656589776881,18.25030151592991,0 -92.28640946133024,18.25071403665254,0 -92.28625207714019,18.25112904911189,0 -92.28607104463694,18.25160642664361,0 -92.28595726225245,18.25190646783005,0 -92.28592173440353,18.25216455127867,0 -92.28589615289188,18.25256212409288,0 -92.28579110143212,18.25300588877823,0 -92.28584437298699,18.25336402000711,0 -92.28586447005586,18.25364499179901,0 -92.285897739996,18.25372401473982,0 -92.28587180671538,18.25412984972307,0 -92.28588204081764,18.25427133015386,0 -92.28590256343696,18.25455505009802,0 -92.28579626258117,18.2550105731878,0 -92.28578309016072,18.25521660540996,0 -92.28576982248752,18.2554233178406,0 -92.2857196059641,18.25590204726688,0 -92.28563532583988,18.25630218180588,0 -92.28560820852826,18.2567219959468,0 -92.28549953142907,18.2571907464618,0 -92.28543801412296,18.25753246330182,0 -92.28529420740023,18.25792316626995,0 -92.28525602143623,18.25820267754287,0 -92.28519352902201,18.25854902187481,0 -92.28509664538387,18.25881288805004,0 -92.28495052458094,18.25921075941419,0 -92.28480357032451,18.25961099862857,0 -92.28462177381765,18.25992772039887,0 -92.28440512713104,18.26016028808471,0 -92.28429650719184,18.26027688903337,0 -92.28388517742515,18.26067761731272,0 -92.28358128278607,18.26096282963739,0 -92.28320815585528,18.26107645211674,0 -92.28308933264893,18.26104012214114,0 -92.28268209697083,18.26106594639802,0 -92.2821877166073,18.2611438027359,0 -92.28183183180951,18.26103188480617,0 -92.28162720916876,18.26104502349287,0 -92.28120844552457,18.26092114072431,0 -92.28090930564552,18.26083264547849,0 -92.28055103400423,18.26072516401675,0 -92.28043175560076,18.26068903373866,0 -92.28013356666466,18.26059870691029,0 -92.27971610312217,18.26047225333651,0 -92.27950552682205,18.26033076420791,0 -92.27932734561078,18.26027547493464,0 -92.27908453107942,18.26004901932243,0 -92.27884659236356,18.25997642957057,0 -92.27857676097275,18.25981817248106,0 -92.27848546754375,18.25971444947815,0 -92.27818466676885,18.25947055430448,0 -92.27791589164892,18.2593124638808,0 -92.27764540900642,18.25900017036442,0 -92.27729037892939,18.2588909811933,0 -92.27702318514945,18.25873251739563,0 -92.27687443436243,18.25861063550408,0 -92.27669693181583,18.25855637615365,0 -92.27625262049955,18.25834441630789,0 -92.27595695785831,18.25825403722273,0 -92.27557235762271,18.25806040817509,0 -92.27515866516789,18.25793395190806,0 -92.27477295497681,18.25774296166557,0 -92.27453559766271,18.25767222239764,0 -92.27412039600988,18.25754811878706,0 -92.2736185331519,18.25731955660313,0 -92.27326522426704,18.25706117805299,0 -92.27297025059798,18.25697114269575,0 -92.27279327120766,18.25691712179564,0 -92.27241072791271,18.25672519860328,0 -92.27199800553807,18.25659922123129,0 -92.27152656897773,18.25645503393671,0 -92.2712317094817,18.25636504614604,0 -92.27102700197257,18.25622735318359,0 -92.27067328723503,18.25611966790883,0 -92.27026078575032,18.25599392066119,0 -92.27002510732459,18.25592199113191,0 -92.26955375699764,18.25577813265448,0 -92.26925918116619,18.25568822568173,0 -92.26884678593581,18.25556236005906,0 -92.26855224030378,18.25547246466599,0 -92.2680751897917,18.25547709186865,0 -92.26774786723567,18.2554524050611,0 -92.26753827285894,18.25546371559937,0 -92.26711852009937,18.2554863653847,0 -92.26679018984539,18.25546163757124,0 -92.26633590674831,18.25554984338976,0 -92.266125014777,18.25556123055451,0 -92.26566900818297,18.25564972927392,0 -92.26508441602286,18.25585204760068,0 -92.26487225369532,18.25586344478502,0 -92.26462666305591,18.25593994153661,0 -92.26425374033722,18.25612947393539,0 -92.26388496725306,18.25617256600869,0 -92.26357542914432,18.25623373689807,0 -92.26317007855907,18.25634363386531,0 -92.2628365458086,18.25631835452571,0 -92.26252704503528,18.25637806647699,0 -92.26225255762525,18.25637116531295,0 -92.26203761184675,18.25638266428457,0 -92.26163109782215,18.25649095247227,0 -92.2613451272391,18.25663486091207,0 -92.26109394948321,18.25671267145547,0 -92.26070689030809,18.25690886040953,0 -92.26039196171254,18.2569706463679,0 -92.25993182230546,18.25691024284297,0 -92.25956886034436,18.25680064278957,0 -92.25941062911322,18.25683158472408,0 -92.25897264013219,18.25685691735921,0 -92.25864019129983,18.25707282702603,0 -92.25835954934304,18.25706732783657,0 -92.25801799587269,18.25704337176395,0 -92.25763793393446,18.25708724541187,0 -92.25653027870202,18.25688339539505,0 -92.25587720181117,18.25681602061708,0 -92.25555754876606,18.25681750398076,0 -92.25549794943664,18.25679951523321,0 -92.25519995450719,18.25670957139411,0 -92.25490202219912,18.25662009975757,0 -92.25481260334351,18.2565929732976,0 -92.25460396753411,18.2565296810124,0 -92.25439534067358,18.25646639120388,0 -92.25418672424786,18.25640310434699,0 -92.25410519617101,18.25634552816267,0 -92.25395625095508,18.256300343658,0 -92.25377174348509,18.25614599762312,0 -92.25371223889336,18.25612794667368,0 -92.25342285554929,18.25600742333964,0 -92.253260803134,18.25589286552964,0 -92.25312046909717,18.25581763555504,0 -92.25278914191426,18.25561930304254,0 -92.25273818230571,18.25557128694364,0 -92.25255592790941,18.25541848109889,0 -92.2523360175685,18.25528689093172,0 -92.25222225472089,18.25512291211245,0 -92.25203265089503,18.2550008224991,0 -92.25182252701818,18.25484040719879,0 -92.25170126083508,18.2547071105558,0 -92.25154218849143,18.25459377150206,0 -92.2514215133754,18.25446088290504,0 -92.25119239687439,18.25426480515721,0 -92.25104311297503,18.25412396591553,0 -92.25085358879205,18.25390770519979,0 -92.25073438132932,18.25377657759215,0 -92.25058626391876,18.25363690640899,0 -92.25048771002082,18.25354397196602,0 -92.25029105968019,18.25335853437456,0 -92.25014397011918,18.25321983105259,0 -92.25000780016158,18.25314722985099,0 -92.24984152433852,18.25297177442689,0 -92.24972440026853,18.25284273351736,0 -92.24957858736801,18.25270521156829,0 -92.24948156493184,18.25261370577891,0 -92.24928796718807,18.25243111625207,0 -92.24912422313187,18.25235031343404,0 -92.24901826713219,18.25219411566533,0 -92.2488837988044,18.25212226397752,0 -92.24868246007023,18.25196835739811,0 -92.24856793833948,18.25184076576421,0 -92.24835810718395,18.25171432828297,0 -92.24823434030274,18.25161508269418,0 -92.24815819945172,18.2515611504324,0 -92.24796693244271,18.25147348741822,0 -92.24781421634295,18.25136745917707,0 -92.2475753697165,18.25123629071706,0 -92.24745186619381,18.25113897624659,0 -92.24722284945513,18.25106970198973,0 -92.2471369931645,18.25104368576293,0 -92.24693678592993,18.25098280175719,0 -92.24670801536502,18.25091319929843,0 -92.24647926309925,18.25084361221594,0 -92.24625053463777,18.25077402737813,0 -92.2460969639034,18.25075780236838,0 -92.24586818518996,18.25068820009059,0 -92.24571443430428,18.25067193879369,0 -92.24548560468061,18.25060231911515,0 -92.24537119743931,18.25056751146316,0 -92.24518842151703,18.25054272495331,0 -92.24504517332133,18.25049942945277,0 -92.24491947094259,18.25049199759198,0 -92.2447761695454,18.25044868553426,0 -92.24452436922098,18.25043377181504,0 -92.24432359800088,18.25037308871076,0 -92.24416878590938,18.25035692781381,0 -92.24392781904284,18.25031466407377,0 -92.24384165647503,18.25028869109853,0 -92.24352012357208,18.25028301235956,0 -92.2433478365862,18.25023079968153,0 -92.24313513134693,18.25019695686135,0 -92.24286989869537,18.25020856879268,0 -92.24262795000281,18.25016595177964,0 -92.24246015775442,18.25017658310981,0 -92.24221779968909,18.25013390864452,0 -92.24206167767379,18.25011739692322,0 -92.24173681676834,18.25011147511186,0 -92.2416093390181,18.2501035219561,0 -92.24135429420363,18.25008746280022,0 -92.24120142942394,18.25013397270705,0 -92.24094510885199,18.25011829327596,0 -92.24073352665972,18.25014742962976,0 -92.24045127055705,18.25018597597353,0 -92.24018071310219,18.25019756579144,0 -92.23998052338916,18.25019952080013,0 -92.23976675198938,18.25022899338564,0 -92.23956564077761,18.25023113101089,0 -92.23933740161938,18.25028836526802,0 -92.23912198593601,18.25031815264897,0 -92.23893529207372,18.25035685534916,0 -92.23864668133349,18.25039678335956,0 -92.23835752784456,18.25043661120048,0 -92.23815406040768,18.25043876027355,0 -92.23805221385624,18.25043983699213,0 -92.23774622185421,18.25044307780113,0 -92.23751246391021,18.25043632698597,0 -92.23738075944256,18.2504284912209,0 -92.23720528264873,18.25043956004532,0 -92.23707331478339,18.25043171052896,0 -92.23688238833536,18.25040601198523,0 -92.23669132044729,18.25038029299256,0 -92.23651499280176,18.25039134598126,0 -92.23632357328981,18.25036559809902,0 -92.23614674826656,18.25031196773897,0 -92.23591099151052,18.2502404628592,0 -92.2356898121499,18.25020570103769,0 -92.23551293936215,18.25015205697812,0 -92.2353655478431,18.25010735400063,0 -92.23504131636253,18.2500730792781,0 -92.23495319322427,18.2500460678623,0 -92.23464412235049,18.24998380449787,0 -92.23451119439532,18.24997555365994,0 -92.23437817301549,18.24996729758073,0 -92.23424456513413,18.24995925479512,0 -92.23399055623953,18.24998012351056,0 -92.23385642361393,18.24997215177329,0 -92.23370633443892,18.24999206914612,0 -92.2335721596788,18.24998399476632,0 -92.23342186497102,18.25000386280276,0 -92.23318255678973,18.24999669135309,0 -92.23300211577616,18.25000756852978,0 -92.23286698530414,18.24999961693061,0 -92.232701894131,18.24998271462002,0 -92.23256642581148,18.24997479578469,0 -92.23244405905469,18.25000395564263,0 -92.23220250987454,18.24999702708365,0 -92.23196119800824,18.24998983949932,0 -92.23182551404655,18.24998172847485,0 -92.23165991977385,18.24996456390851,0 -92.23146177237584,18.25000310882825,0 -92.23123568746591,18.24996797588625,0 -92.23120571699711,18.249958969344,0 -92.23099629629013,18.24989577451998,0 -92.23075333395504,18.24988848748008,0 -92.23051000624568,18.24988119049571,0 -92.23031345173487,18.24985485556963,0 -92.23019385160742,18.24981856666074,0 -92.23005692519948,18.24981035090893,0 -92.22990738068688,18.24976497492082,0 -92.22969801877471,18.24970144943376,0 -92.22951871180544,18.24964695224992,0 -92.22942921919768,18.2496196511636,0 -92.22919058585583,18.24954685312601,0 -92.22898246681035,18.24948293932152,0 -92.22877129837141,18.24942001726826,0 -92.22856163806702,18.24935664479599,0 -92.22835233004737,18.24929313765552,0 -92.22817292975624,18.2492387025919,0 -92.22811313175315,18.24922055886612,0 -92.2267149277979,18.24882049716746,0 -92.22661416540822,18.24879025470394,0 -92.22641263490188,18.24872976879404,0 -92.22617750759198,18.24865919869089,0 -92.22611032719463,18.24863903513841,0 -92.22574106614358,18.24852710152042,0 -92.2254725315502,18.24844567924123,0 -92.22527113922958,18.24838461430076,0 -92.22510331919479,18.24833372861317,0 -92.22496906677912,18.24829302151125,0 -92.22471186986679,18.24817748083844,0 -92.22462256035351,18.24811287895449,0 -92.22445489449059,18.2480620427399,0 -92.22436572846631,18.24799751513929,0 -92.22419813996034,18.2479467031328,0 -92.22390810397657,18.24782130404641,0 -92.22373137454305,18.24769017143534,0 -92.22360982884028,18.24761419792133,0 -92.22354314661229,18.24759335961789,0 -92.22342155286341,18.24751802033005,0 -92.22319950120148,18.24741313547245,0 -92.22301018402629,18.24732044381678,0 -92.22285478454842,18.24723703432503,0 -92.22272389920782,18.24708597582892,0 -92.2226571416052,18.24706586818413,0 -92.22244783779183,18.24692852080204,0 -92.22235998111988,18.24686495119634,0 -92.2222266246911,18.24682478371797,0 -92.22206354039973,18.24666452099653,0 -92.22194272212576,18.24659108597627,0 -92.22182205032811,18.24651762157449,0 -92.22172229674166,18.24648744291552,0 -92.22158100453629,18.2463708748781,0 -92.22135290754407,18.24619135971808,0 -92.2211333385812,18.24608802896981,0 -92.22101332341757,18.24601502130656,0 -92.22080671694502,18.24587919985251,0 -92.22060038946093,18.245743689958,0 -92.22044768648885,18.24566105535223,0 -92.22031529024633,18.2456210992226,0 -92.2200965915916,18.24551857718631,0 -92.21997728595395,18.24544608083487,0 -92.21980505456095,18.24532120856238,0 -92.21965297731411,18.24523890929437,0 -92.21946800373787,18.24514671163583,0 -92.21940196532468,18.24512678141369,0 -92.21925017401763,18.24504462638026,0 -92.21908539774883,18.24499450976289,0 -92.21899992387766,18.24493218185664,0 -92.2188681840681,18.24489208910126,0 -92.21869756022139,18.24476762338142,0 -92.21851368040383,18.24467543992093,0 -92.21827784000456,18.24453130844737,0 -92.21812722070055,18.244449337351,0 -92.2179958291922,18.24440936277929,0 -92.21777421020326,18.24423412274479,0 -92.21752032639692,18.24404936754046,0 -92.21742193650643,18.24401955841836,0 -92.21720154029809,18.24384520804951,0 -92.21700035459804,18.24371268152821,0 -92.21696300853725,18.2436299034108,0 -92.21674821878136,18.24352914439438,0 -92.21671552836217,18.24351924140181,0 -92.21252381989167,18.2412887937568,0 -92.20995489893625,18.23964762052919,0 -92.20793211731487,18.23843680286208,0 -92.2076668967787,18.23827885898233,0 -92.20743861378494,18.23820985229932,0 -92.20702320287525,18.23792895450641,0 -92.2066241043394,18.23780831600913,0 -92.20645305442018,18.23775660771386,0 -92.2060749940885,18.23756477787122,0 -92.20596101627427,18.23753032417369,0 -92.20564031636107,18.23735590715243,0 -92.20535563584826,18.2372692447035,0 -92.20517062831108,18.23705871801815,0 -92.2049077693415,18.2369015167499,0 -92.20466672883444,18.23667417812031,0 -92.20444779337053,18.23637723374641,0 -92.20415114098769,18.23613367435631,0 -92.20387691567458,18.2358209752293,0 -92.20367208352621,18.23568444626673,0 -92.2032513317312,18.23525387895102,0 -92.20316049321713,18.23515068924085,0 -92.20295650565239,18.23501499299809,0 -92.20265066836663,18.23462172402818,0 -92.20239207874299,18.23446637059689,0 -92.20230213733353,18.23436335260374,0 -92.20203339869391,18.23405310707123,0 -92.20185497548877,18.23384589391251,0 -92.20152941938746,18.23352661422751,0 -92.20126168732094,18.2332222428726,0 -92.20102799796049,18.23300206888571,0 -92.20085052205737,18.2327994307635,0 -92.20073890070526,18.23276545487514,0 -92.20043994196293,18.23238085510796,0 -92.20015168240124,18.23214690877859,0 -92.20002451026153,18.23198060046276,0 -92.1997927496642,18.23176399664118,0 -92.19968159752983,18.2317301774048,0 -92.19952911095993,18.23146508632204,0 -92.19932163831545,18.23118387263857,0 -92.19909136507165,18.23096874370767,0 -92.19885320258028,18.23060683732719,0 -92.19871089375997,18.23049143975501,0 -92.19850555958804,18.23021265799293,0 -92.19841103987675,18.22996797197694,0 -92.19829309364259,18.22978856420843,0 -92.19814407964466,18.22952837617229,0 -92.19805039647149,18.22928550509843,0 -92.19779230608285,18.22899382765875,0 -92.1976130471791,18.22865678123252,0 -92.1974586143057,18.22825681133236,0 -92.19731180390392,18.22800104294054,0 -92.19722671096045,18.2279047227842,0 -92.19691790141886,18.22759890928625,0 -92.1968268276636,18.22736096484006,0 -92.19662146243991,18.22694915236818,0 -92.19650637910357,18.22677638142047,0 -92.19640924493058,18.22640227883389,0 -92.19626514725941,18.22615170799182,0 -92.19609172523852,18.22582381204202,0 -92.19600242550308,18.22559091859263,0 -92.19585411360407,18.22520413057871,0 -92.19562873677852,18.22486334375212,0 -92.1955602821634,18.22443419590552,0 -92.19539493827133,18.22424869152525,0 -92.19536153525789,18.22403468208342,0 -92.19524411282187,18.2237319443567,0 -92.1951283469282,18.22342835571258,0 -92.19501685884698,18.2232618415709,0 -92.19487658006037,18.22302054109996,0 -92.19481428329586,18.22273627589373,0 -92.19467531759447,18.22249537193997,0 -92.19469512757003,18.22230323066498,0 -92.19463360702429,18.22202111595151,0 -92.1945722968737,18.22173997842914,0 -92.19462059018024,18.2216237273065,0 -92.19491193655877,18.21882482898477,0 -92.19563370727001,18.21509493427007,0 -92.19549154324972,18.21477190177491,0 -92.19554098760293,18.21460076868572,0 -92.19564158578808,18.21398236361601,0 -92.19576421718503,18.21355852722844,0 -92.19591066353118,18.21305236507682,0 -92.1959592549524,18.21288422242368,0 -92.19610471998583,18.21238165721345,0 -92.19622532571501,18.21196481103776,0 -92.19629743823813,18.2117155714493,0 -92.19648798910127,18.21132311908848,0 -92.19672462918875,18.211036125498,0 -92.19681935769803,18.21070722626336,0 -92.19700772199025,18.21031913592036,0 -92.19719527468507,18.2099327133128,0 -92.19724200702322,18.2097700952069,0 -92.19754492808276,18.20924506410171,0 -92.19782307942974,18.20880346011531,0 -92.19807700144167,18.20844418318507,0 -92.19832983906967,18.20808643551921,0 -92.19851223502013,18.20770931552317,0 -92.19887694040814,18.20721737155824,0 -92.19912366583935,18.20660860993386,0 -92.19932475883347,18.20616027756302,0 -92.19950296862655,18.20579208173951,0 -92.19968038567666,18.20542580366346,0 -92.19981037500679,18.20496346551232,0 -92.20002929914104,18.20444758276255,0 -92.20015779834647,18.20398946702147,0 -92.20026441857733,18.20360927512335,0 -92.20041294553072,18.20307964675028,0 -92.20058594322714,18.20272366990508,0 -92.20071187857545,18.20227394774752,0 -92.20090898271793,18.20209067056165,0 -92.20099216619417,18.20179275819955,0 -92.20116270049058,18.20144204108397,0 -92.201224571705,18.20122013946658,0 -92.20132735388032,18.2008515116824,0 -92.20153707275428,18.20035812585939,0 -92.20168484499358,18.20008608115413,0 -92.20185231106751,18.19974224080186,0 -92.20191274017829,18.19952456337483,0 -92.20209920784902,18.19911081193752,0 -92.20220515917306,18.19898667445903,0 -92.20243635641694,18.19866723290709,0 -92.20258119506988,18.19840065034097,0 -92.20272556643366,18.19813492090903,0 -92.20284993226493,18.19794115252612,0 -92.20309777388982,18.19755500913733,0 -92.20335192747389,18.19740222898183,0 -92.20368196397919,18.19696818042021,0 -92.20395337613536,18.19674658000564,0 -92.20426152878392,18.19638599430491,0 -92.20448481467983,18.19607700143402,0 -92.20464257479038,18.19574965170642,0 -92.20486422718022,18.19544313258512,0 -92.20514939466322,18.19515886423744,0 -92.20535103390706,18.19492170277465,0 -92.20553394404234,18.19475519160137,0 -92.20568828872595,18.19443325066467,0 -92.20600562840501,18.19401561466246,0 -92.20604123253075,18.19388013189946,0 -92.20627515382405,18.1935135371312,0 -92.20632805588514,18.1933116093376,0 -92.20651449281287,18.19286150366002,0 -92.20668253799619,18.19248037907862,0 -92.20681521131904,18.19223365789707,0 -92.20690159240246,18.19190244836522,0 -92.20703346720779,18.19165747303023,0 -92.20721078142829,18.1914980498572,0 -92.20743859612203,18.19114228679551,0 -92.20748938818394,18.19094603478647,0 -92.20769898720954,18.19065784333814,0 -92.20798692804108,18.19032480744407,0 -92.20813236007078,18.19002014302248,0 -92.2082607564673,18.18978101103682,0 -92.20845091856935,18.18956141550664,0 -92.20848367530486,18.18943307581226,0 -92.20876754719227,18.18910546716587,0 -92.20895608187776,18.18888788626571,0 -92.20909831331825,18.18858880568168,0 -92.20920806874938,18.18841736335074,0 -92.20948838952374,18.18809425629906,0 -92.20953585512072,18.1879053513127,0 -92.20972172173674,18.18769105606621,0 -92.2099070245801,18.18747735431525,0 -92.21009177046814,18.18726429468097,0 -92.21026053529988,18.18711417536663,0 -92.21065793589388,18.18683341686826,0 -92.2110384914501,18.18661577154846,0 -92.21126614773675,18.18648557354416,0 -92.21164443595686,18.18626916172113,0 -92.21185599079209,18.18620100981743,0 -92.21211325091035,18.18621276522218,0 -92.21236771573891,18.18596059620887,0 -92.21251762484295,18.18587461352073,0 -92.21283120733699,18.18564258646713,0 -92.21293436897372,18.18547825193198,0 -92.2131860662047,18.18522943289933,0 -92.21343702723848,18.18498216744449,0 -92.21364126082506,18.18465836363053,0 -92.21377082235179,18.18437732643203,0 -92.21393174499372,18.18423350898608,0 -92.21416083773815,18.18379280045896,0 -92.21421529518949,18.18355523364549,0 -92.21436959668974,18.18315909862774,0 -92.2144235337872,18.18292339875351,0 -92.21447731374221,18.18268838035713,0 -92.21454432078558,18.18239556444306,0 -92.21462435942723,18.18204544850998,0 -92.21467739968992,18.18181254075603,0 -92.21478301716195,18.18134875691345,0 -92.21483559570127,18.1811178745162,0 -92.21481009142738,18.18067965243618,0 -92.21482314303145,18.18062222955591,0 -92.21484316458194,18.18026156852928,0 -92.21483722516079,18.1800165634161,0 -92.21485739884562,18.17965911532879,0 -92.21485179072931,18.17941662308749,0 -92.21477521605334,18.17921354402722,0 -92.21478245024721,18.17891549462609,0 -92.21478963258077,18.17861844122855,0 -92.21484853811997,18.17810021942947,0 -92.21481684613275,18.17797206675769,0 -92.21481119425005,18.17773392250585,0 -92.2147870372778,18.1773145001932,0 -92.2147242201606,18.17706094921507,0 -92.21464860305075,18.1768625707692,0 -92.21465571792403,18.17657216364125,0 -92.21452306161549,18.17635702653833,0 -92.21433382983811,18.17612539188868,0 -92.21422802260618,18.17580370087141,0 -92.21409658825893,18.17559074852103,0 -92.21399148593758,18.17527087483017,0 -92.2138606605734,18.17505906349376,0 -92.21368660995472,18.17477724548527,0 -92.21349981432978,18.17454921356651,0 -92.21335667663408,18.17439177680107,0 -92.21318379145245,18.17411159748575,0 -92.21308426932653,18.1740246621729,0 -92.21209286688655,18.17315864072217,0 -92.21077284819816,18.17287336874624,0 -92.21071664067867,18.1728564076315,0 -92.21028117580165,18.17266845896517,0 -92.20994406246686,18.17256673204284,0 -92.20966314292363,18.17248196079029,0 -92.20938223025949,18.17239719086612,0 -92.20910132625353,18.17231242442567,0 -92.2088619336418,18.17229672325025,0 -92.20849514014289,18.17229922807337,0 -92.20812783962346,18.17230165942335,0 -92.20783140467701,18.17226875478311,0 -92.20751960817246,18.17228804839085,0 -92.20724848453133,18.1723767246188,0 -92.20704863071064,18.17243034158026,0 -92.20672010103031,18.17250238464822,0 -92.2064162000096,18.17269672508059,0 -92.20608611457722,18.1727689752782,0 -92.20601370074019,18.17280442899422,0 -92.20562606306601,18.17285910331014,0 -92.20533511427035,18.1730022505732,0 -92.20514865729034,18.17300387121793,0 -92.20477542807095,18.17300544499689,0 -92.20457228076019,18.17305980925565,0 -92.2042384658978,18.17313395455053,0 -92.20409149919976,18.17320624243166,0 -92.20378023216091,18.17340461642823,0 -92.20351833520894,18.1734428575829,0 -92.20333660512682,18.17362283569382,0 -92.20311413713858,18.17373188690864,0 -92.20279967321866,18.17393142619494,0 -92.20261628743029,18.17411202175074,0 -92.20241511980615,18.17434709428102,0 -92.20220783659747,18.17440292403228,0 -92.20197047077376,18.1747477702595,0 -92.2018776964113,18.17483909823625,0 -92.20159859559638,18.17511384446379,0 -92.20150530227187,18.17520568219835,0 -92.20134038368563,18.17551834852872,0 -92.20122863268304,18.17566630672572,0 -92.20106261492273,18.17598081750712,0 -92.20085583626729,18.17622270619871,0 -92.20072498471752,18.17642722089717,0 -92.20059005580826,18.17644720626639,0 -92.20040340194534,18.17682101502798,0 -92.20017579797602,18.17712182826286,0 -92.20004315550334,18.1773288643829,0 -92.19991013493538,18.17753648791367,0 -92.19975807315326,18.1778012944323,0 -92.19968328327202,18.17802806927686,0 -92.19947104961373,18.17827711998029,0 -92.19933625104177,18.17848777444233,0 -92.19922244360228,18.17883161462276,0 -92.19906770226453,18.17910144912903,0 -92.19893158265521,18.17931444801075,0 -92.19885476400469,18.17954596077578,0 -92.1986598028118,18.17993523770857,0 -92.1985432705366,18.18028603447738,0 -92.19838567756993,18.1805615166829,0 -92.1982274990588,18.1808380216245,0 -92.19800842086023,18.18109744808934,0 -92.19776862955258,18.18141729414524,0 -92.19762835159545,18.18163737422928,0 -92.19734627425022,18.18188154855359,0 -92.19708353564054,18.18206623154451,0 -92.19669803394696,18.18241345355547,0 -92.19629080332012,18.18262306749771,0 -92.19596395244258,18.18279125779974,0 -92.19571823751218,18.18291757128755,0 -92.19553317089702,18.18306266790051,0 -92.19518293926595,18.18329285397541,0 -92.19501794318489,18.18337774617653,0 -92.19466852144289,18.18340706337082,0 -92.1944199843973,18.18353479043045,0 -92.19417087502414,18.18366284887043,0 -92.19388132647634,18.18371116515184,0 -92.19348574950305,18.18386437527688,0 -92.19313312168407,18.18389471833278,0 -92.19290355260588,18.18396231194444,0 -92.19258947943305,18.18407320715369,0 -92.19225221435484,18.18424632844718,0 -92.19185203546243,18.18440097497973,0 -92.19162047762934,18.18446906022127,0 -92.19121845766549,18.18462434793182,0 -92.19066752853085,18.18480498516366,0 -92.19043410916481,18.18487365883201,0 -92.19002861857356,18.18503020339025,0 -92.18952064741985,18.18508647767619,0 -92.1890980016168,18.18509883577476,0 -92.18879985113193,18.18514908548375,0 -92.188462836912,18.18511741592535,0 -92.18806296036868,18.1850667742834,0 -92.18787512521715,18.18500993082279,0 -92.18762468500896,18.18493414094071,0 -92.18741225667351,18.18494027596035,0 -92.18709909838044,18.18484550434375,0 -92.18684857806041,18.18476968834382,0 -92.18629748051656,18.18474390685137,0 -92.18610945790932,18.18468700236598,0 -92.18579609283104,18.18459216890268,0 -92.18535739448613,18.18445940628052,0 -92.18510671724549,18.18438354269004,0 -92.18475636086465,18.18420699003863,0 -92.18438051089029,18.18409324925151,0 -92.18412995152445,18.18401742022195,0 -92.18394203327792,18.18396055129725,0 -92.18344094156392,18.18380890228934,0 -92.18319039892556,18.18373308036339,0 -92.18275196706189,18.18360039692019,0 -92.18218829066296,18.18342981203823,0 -92.18177667559246,18.18323478319455,0 -92.18133846326086,18.18310216773514,0 -92.18083766823852,18.18295061125689,0 -92.18039948556677,18.18281800943497,0 -92.17989872621128,18.18266646907278,0 -92.17964834895058,18.18259070123258,0 -92.1793353974724,18.18249599340316,0 -92.17905025602855,18.18233930529152,0 -92.17873742924799,18.18224463839542,0 -92.17854316947508,18.18204522353676,0 -92.17834920885878,18.18184611733554,0 -92.17812122505272,18.18156691761466,0 -92.17780327753501,18.18133083481948,0 -92.17761090411979,18.18113242229052,0 -92.17566765582447,18.17908884689894,0 -92.17427984911599,18.17710130880321,0 -92.1741696304647,18.17680462214428,0 -92.17397551595386,18.17613703905593,0 -92.17389197799584,18.17576590924049,0 -92.17370958116665,18.17528197907303,0 -92.17359953763298,18.17499595516728,0 -92.17347912461723,18.17453947875738,0 -92.17334909100725,18.17391402713555,0 -92.17317868522541,18.17361293478406,0 -92.1732096496864,18.17312399507102,0 -92.17315322443133,18.17269418235763,0 -92.17300996600886,18.17232244381698,0 -92.17286725729355,18.1719521141992,0 -92.17289917158296,18.17147151134978,0 -92.17285418509989,18.17121355427968,0 -92.17276463992792,18.17069969292684,0 -92.17274585735962,18.17037054687204,0 -92.17266659021277,18.17002434723664,0 -92.17256194942304,18.16975192494874,0 -92.17257847974908,18.16951664043283,0 -92.1725602352365,18.16919189742888,0 -92.172602264416,18.16888650247855,0 -92.17265128121996,18.16819013973101,0 -92.17260767362168,18.16794134856662,0 -92.17267459791525,18.16757018182004,0 -92.17274120343458,18.16720078414424,0 -92.17271156080629,18.16673273816788,0 -92.17275237242954,18.1664375753559,0 -92.17287849982435,18.16608882659224,0 -92.17293420347318,18.16557241143572,0 -92.17293928666192,18.16519757925398,0 -92.17310103773197,18.16457223212148,0 -92.1731650206269,18.16421766618546,0 -92.17325305188793,18.16379787244936,0 -92.17335021613242,18.16353105486713,0 -92.1734614593642,18.16304891053607,0 -92.17353823914084,18.16248668060229,0 -92.1736579287949,18.16215920176707,0 -92.17382458579947,18.16170322711345,0 -92.17388569802429,18.16136193831697,0 -92.17395654879837,18.16116831710151,0 -92.17407421067738,18.16084677596288,0 -92.17419133922006,18.16052668912808,0 -92.17429793201357,18.16006312680595,0 -92.17443738635063,18.15968266193216,0 -92.17455278845047,18.15936775498519,0 -92.17467806003764,18.15919682770504,0 -92.17499573676665,18.1586696402412,0 -92.17520998452329,18.15825301514256,0 -92.17560156645831,18.15768842916238,0 -92.17583462738443,18.15721665609236,0 -92.17609951633408,18.15682544975141,0 -92.17636278324713,18.15643663181635,0 -92.17652623238104,18.15615320634294,0 -92.17666748351978,18.15593068535603,0 -92.17679613011059,18.15557342535655,0 -92.17693629122958,18.15535288020619,0 -92.17709715583482,18.15507412492563,0 -92.17727837481262,18.15473790722648,0 -92.17754653846022,18.15449474410644,0 -92.1776842137847,18.15427794195038,0 -92.17797109125893,18.15397873153275,0 -92.17820246905642,18.15366470387301,0 -92.17848655604182,18.15336858771458,0 -92.17854732009603,18.15319665632371,0 -92.17879582987192,18.15282967487308,0 -92.17894948247677,18.15256193007496,0 -92.1791757394963,18.15225506361108,0 -92.17923508788441,18.15208606650975,0 -92.17940655071303,18.15176545985694,0 -92.1795521315763,18.15168576892707,0 -92.17974165252217,18.15131163854401,0 -92.17987213344215,18.1511056973465,0 -92.18002141750617,18.15084524334542,0 -92.18009840450887,18.15062445072466,0 -92.18030000252287,18.15038003797475,0 -92.18044737039664,18.15012298222751,0 -92.18066501084748,18.14982938601585,0 -92.18077343383827,18.14968312296249,0 -92.18099352566583,18.14921322158652,0 -92.18111974454122,18.14901421080293,0 -92.18128233603801,18.14870907088293,0 -92.18151415232016,18.14836801305595,0 -92.18172654866926,18.14808168852022,0 -92.18183235494071,18.14793906862118,0 -92.18193985734169,18.14762492594453,0 -92.18199341494211,18.1474684195566,0 -92.18218516983958,18.14723887031003,0 -92.18472885725993,18.14426146384391,0 -92.18795608896242,18.13957660960024,0 -92.19028006255358,18.13644169502624,0 -92.19244435269086,18.13293977125106,0 -92.1949408345962,18.12755588130575,0 -92.19663151878332,18.12395564923524,0 -92.1973760698658,18.12120910661507,0 -92.19754628319066,18.11833285843716,0 -92.19705211749937,18.11555085183876,0 -92.19639698726148,18.11225547463686,0 -92.19464129831,18.10950543393481,0 -92.1912674573444,18.10647263841706,0 -92.18742323669916,18.10421104682852,0 -92.18729842921631,18.10417347831377,0 -92.18696424356133,18.10392721920056,0 -92.18661045016339,18.1037476682086,0 -92.18604879771155,18.10336014340281,0 -92.18579990334901,18.10328486573232,0 -92.18544726249253,18.10310578394844,0 -92.18515709731632,18.1029456605863,0 -92.18484687210099,18.10263511140679,0 -92.18443334840204,18.10243793141966,0 -92.18395815850506,18.10222216466793,0 -92.18358571405373,18.10211054976521,0 -92.18323539247265,18.10193158814764,0 -92.18294706817825,18.10177246723244,0 -92.18269918349961,18.10169750583178,0 -92.1823273676606,18.10158506513898,0 -92.18201753011809,18.10149136653082,0 -92.18145984450895,18.10132272003129,0 -92.18121199356354,18.1012477677043,0 -92.18104856582315,18.10112647835859,0 -92.18067696013966,18.10101409872498,0 -92.18024343489617,18.1008830029013,0 -92.17987185116415,18.10077063675721,0 -92.17943835450032,18.10063954780312,0 -92.17894294744016,18.10048973623263,0 -92.17863333157456,18.10039610594865,0 -92.17795220034233,18.10019013012599,0 -92.17758068871503,18.10007778863096,0 -92.17727110421495,18.09998417333633,0 -92.17702383927856,18.09990851106626,0 -92.17652947931541,18.09975700426273,0 -92.17640589993208,18.09971913027146,0 -92.17591163147013,18.0995676497701,0 -92.17560274907389,18.09947298442238,0 -92.17526858769577,18.09944337794675,0 -92.17499599050598,18.09943269915605,0 -92.17475945685794,18.09950612725719,0 -92.17454819523743,18.09951443213105,0 -92.17397512943221,18.09955871932406,0 -92.17355074536113,18.09957591719143,0 -92.17303689455193,18.09963997035471,0 -92.17273515409799,18.09969526477859,0 -92.17228225639516,18.09977735066009,0 -92.17180170358317,18.09992465126745,0 -92.1712839902041,18.0999879542701,0 -92.17113207033003,18.10001528307146,0 -92.17052312405178,18.10012482450346,0 -92.17000225580645,18.10018831811731,0 -92.1695976887642,18.10014054693915,0 -92.16894895104778,18.10016630922925,0 -92.16870427256784,18.10024060482509,0 -92.1681443870487,18.10021980138908,0 -92.16777259198534,18.10025614495208,0 -92.16733735243825,18.1002731727643,0 -92.16686725769343,18.10020518769509,0 -92.1664653704415,18.1003065054379,0 -92.1660559798661,18.10025915360503,0 -92.16573961950414,18.10016398626943,0 -92.16520439213677,18.10007701515681,0 -92.1646387443289,18.1000559715978,0 -92.16407217503098,18.10003489855125,0 -92.16375568117486,18.09993902045176,0 -92.16334534329796,18.09988996665784,0 -92.16299797610611,18.09986009632881,0 -92.16277700636249,18.09986866621804,0 -92.16233362956281,18.09973403720625,0 -92.16189076308102,18.09975108316108,0 -92.16157382191815,18.09965484093147,0 -92.16103375533456,18.09956819241211,0 -92.16052569849532,18.09956588585692,0 -92.1601124978892,18.09951665515582,0 -92.15960412430498,18.09936285644935,0 -92.15944466306711,18.09939044927891,0 -92.15893609671426,18.09923659075297,0 -92.15845830551024,18.09916794209007,0 -92.15810735296697,18.0991377356818,0 -92.15778924483793,18.09904150038676,0 -92.15727720830439,18.09903872161944,0 -92.15686161308332,18.09898915497289,0 -92.15638194784853,18.09892026770293,0 -92.15612704714547,18.09884315434789,0 -92.15571062915328,18.09879346200861,0 -92.15526440562721,18.09865845785794,0 -92.15507316386648,18.09860060033341,0 -92.15459237325899,18.09853148780567,0 -92.1542735149729,18.09843502031163,0 -92.15382714051272,18.09829996806056,0 -92.15350830594564,18.09820350369803,0 -92.15319224791284,18.09810489109745,0 -92.1528738818993,18.09800817668516,0 -92.15242784111165,18.0978729606749,0 -92.15223624319488,18.09781532838482,0 -92.15182461909377,18.09761560240565,0 -92.15154096250754,18.09745443477702,0 -92.1512575474454,18.09729340198503,0 -92.15107560434178,18.09708552801438,0 -92.15066629750154,18.09688590358468,0 -92.1503576534151,18.09664050607222,0 -92.15016707272521,18.09658283855693,0 -92.14982259802125,18.0964026585016,0 -92.14966883377996,18.09628025142023,0 -92.14945176916065,18.09613875436504,0 -92.14927173774976,18.0959328513548,0 -92.14880075922603,18.0957156169268,0 -92.14839308476984,18.0955179885614,0 -92.14805026123807,18.09533894860606,0 -92.14796085167409,18.09523662420627,0 -92.14765581660568,18.09499399817829,0 -92.14732553286332,18.09466904330912,0 -92.14711045194399,18.09452909978983,0 -92.14698422589807,18.09449092517357,0 -92.14659236393867,18.09414812599173,0 -92.14652933454516,18.09412906492108,0 -92.14627693081366,18.09368021522559,0 -92.14618886167615,18.09357927095897,0 -92.14586232173812,18.09325797051981,0 -92.14568692534539,18.09305687455972,0 -92.14566204415296,18.09297542953524,0 -92.14369074393549,18.09086395442965,0 -92.1426420839739,18.08949643325351,0 -92.14246363594448,18.08935935733659,0 -92.14238919350551,18.08912909315418,0 -92.14225030453548,18.08900426503729,0 -92.14211168146484,18.08887977450004,0 -92.14208999541187,18.08879053945847,0 -92.14194742852341,18.08850017817884,0 -92.14188709763482,18.0883997629238,0 -92.14182282056106,18.08813433636928,0 -92.14170274766448,18.08793470169049,0 -92.1416602671832,18.08775887666389,0 -92.14154074736243,18.08756030699233,0 -92.14145132378864,18.08741173814577,0 -92.14135329969274,18.08730126977485,0 -92.14118728052156,18.08713006132596,0 -92.14109846546496,18.0869823426189,0 -92.14095364887274,18.08689847902676,0 -92.14080893374886,18.08681467434843,0 -92.14060557021391,18.08663289233718,0 -92.14043189152943,18.08650037314099,0 -92.14029676245443,18.08637956740101,0 -92.14002699425137,18.08613826681695,0 -92.13985411187645,18.08600621916867,0 -92.13981588816974,18.08599472738947,0 -92.13969091307504,18.08583781009476,0 -92.13944237177907,18.08568363626353,0 -92.13933727433559,18.08561228127732,0 -92.13915597628545,18.08551801981044,0 -92.13901292827366,18.08543529625356,0 -92.1388128726436,18.08525623592461,0 -92.13866054162857,18.08521039141265,0 -92.1385559310216,18.08513934525272,0 -92.13832752047834,18.08507060373814,0 -92.13817514119914,18.08502432982888,0 -92.13591996796924,18.08510221199123,0 -92.13425610093583,18.08577340720715,0 -92.13416093171709,18.08594965463648,0 -92.13393758605737,18.08612928549898,0 -92.13385295205309,18.08626910294927,0 -92.1336051313983,18.08652515334656,0 -92.13346906252566,18.08669193300715,0 -92.13321906275264,18.08695047217087,0 -92.13320729936714,18.08698878803355,0 -92.13300694693015,18.08722225105306,0 -92.13286886427565,18.0873913933992,0 -92.13276969959182,18.08757299331016,0 -92.13255333940126,18.08883554732336,0 -92.13210269847198,18.09001509139392,0 -92.13199081654014,18.09109717314179,0 -92.13229692428571,18.09213792180649,0 -92.13181739171918,18.09343359761408,0 -92.13052095522161,18.09484583113297,0 -92.13039597856586,18.09495299689701,0 -92.13017349686424,18.09522506372669,0 -92.13001937547622,18.09527580124696,0 -92.12986536779397,18.09547307398007,0 -92.12968252066095,18.09561355736632,0 -92.12949912369324,18.09575446349348,0 -92.12931517124356,18.09589579640946,0 -92.12908817198976,18.09602473179914,0 -92.12897441455759,18.09608934610731,0 -92.12887414352338,18.09625742633675,0 -92.12870281033224,18.09635486935321,0 -92.12840172498295,18.09656324657648,0 -92.12822928477222,18.09666130598131,0 -92.12804159353355,18.09680534864738,0 -92.12788322528004,18.09685809532602,0 -92.12767953861169,18.0970487421695,0 -92.12743203730118,18.09722710818841,0 -92.12724204797327,18.09737266638052,0 -92.12694975914211,18.09753894249172,0 -92.12674297630545,18.09773172041166,0 -92.12665336096762,18.09785766517795,0 -92.12631526120406,18.09801212335922,0 -92.12613788709598,18.09811285434281,0 -92.12590076224069,18.09824751498478,0 -92.1256631513026,18.09838193839364,0 -92.12552801497009,18.09849645271904,0 -92.1253922498321,18.0986120796566,0 -92.125223653625,18.09882290468139,0 -92.12507075906328,18.0989868947068,0 -92.12487340064133,18.09913837793204,0 -92.12464215754292,18.09938653329975,0 -92.12447065051394,18.09960090874734,0 -92.12422055683982,18.09989978331457,0 -92.1240140623545,18.10021204635447,0 -92.12393589918572,18.10029569835676,0 -92.12377263062186,18.10062297102943,0 -92.12365983278043,18.1008050371502,0 -92.12359132504021,18.10100109820549,0 -92.12333662896015,18.10130528448006,0 -92.1232051083247,18.10153899885205,0 -92.12304558883972,18.10171046894947,0 -92.12286794879111,18.10193243800645,0 -92.12274262010239,18.10200526072692,0 -92.12250095819428,18.10226504142204,0 -92.12231145209815,18.10237604716869,0 -92.12206705299539,18.10235918879252,0 -92.12187669386479,18.10247049346159,0 -92.12165877875687,18.10251783044679,0 -92.12144050205677,18.10256524776531,0 -92.11929110461008,18.10236962403155,0 -92.11721579785586,18.10106292548128,0 -92.11712022316932,18.10092204692031,0 -92.11691435370173,18.10080391896486,0 -92.11683991682288,18.10061271670192,0 -92.11654603441046,18.10046505971985,0 -92.11638542434629,18.10036174535175,0 -92.11622494057002,18.10025850970151,0 -92.11608473880062,18.10010629732304,0 -92.11587946922872,18.09998977595423,0 -92.11583032234216,18.09986413890715,0 -92.11562211781379,18.09963519638074,0 -92.11552848525591,18.09949643648263,0 -92.11541441811417,18.09940680885669,0 -92.11531744828736,18.0991572726155,0 -92.11515544158945,18.09894361319204,0 -92.11508319844238,18.09875746400627,0 -92.11487758682185,18.09853087073728,0 -92.11467333742449,18.09830371024719,0 -92.11460292584837,18.09811775842073,0 -92.11444389904774,18.09790523266881,0 -92.11430853203314,18.09775484018112,0 -92.11428310797493,18.0975836727157,0 -92.1140596303282,18.09740690583898,0 -92.11399032511552,18.09722310144674,0 -92.11383175201725,18.09701418489859,0 -92.11358520903526,18.09677908669033,0 -92.11349473766634,18.09664487751031,0 -92.11333673558042,18.09643788186687,0 -92.1131809851484,18.09633830545451,0 -92.11291397903867,18.09615256869872,0 -92.11269328266491,18.09608663578759,0 -92.11249382570156,18.09597412284023,0 -92.11231581906247,18.09581521088363,0 -92.11200555575037,18.09561739819479,0 -92.11180612580915,18.09550587251081,0 -92.11169515591669,18.09542047075388,0 -92.1114959742068,18.09530909055879,0 -92.11134153161915,18.09521035195544,0 -92.11101318807135,18.09505732795154,0 -92.11079383824125,18.09488569206624,0 -92.11066233614325,18.0948459954788,0 -92.1103996427295,18.09466144184928,0 -92.11011521951966,18.09452301943416,0 -92.10991854481084,18.09441113115434,0 -92.10969973467671,18.0943450821439,0 -92.10963454159325,18.09427292203016,0 -92.10928592609865,18.09406268032874,0 -92.10909022938945,18.09395088166471,0 -92.10878491939408,18.09385814818721,0 -92.10852298508505,18.09377886480182,0 -92.1083919908091,18.09373925202648,0 -92.10804269013549,18.09363361835268,0 -92.10778072537461,18.09355439629456,0 -92.10760608830978,18.09350157884262,0 -92.10723351707067,18.09344135620185,0 -92.10688216756883,18.09343878931011,0 -92.10668524891038,18.09343030180226,0 -92.10646358848919,18.09346799990858,0 -92.10641981383876,18.09345478862068,0 -92.10442672561757,18.0932784543622,0 -92.10246414260861,18.09308006476232,0 -92.10204044521544,18.09294959642551,0 -92.10170158201666,18.09284525100275,0 -92.10161687813179,18.0928191677134,0 -92.10123577736479,18.09270181533222,0 -92.10115110184249,18.092675740697,0 -92.10101399077601,18.09268145280632,0 -92.10078184086495,18.09270593886614,0 -92.10033732028484,18.09266515604565,0 -92.10021012402275,18.09262597526278,0 -92.09990300248325,18.09258123829049,0 -92.09981841425139,18.09255712709181,0 -92.09958527591139,18.09258494673441,0 -92.09928866301237,18.09249859803635,0 -92.09896986483864,18.09250040104391,0 -92.09880013601122,18.0924505092995,0 -92.09840692966422,18.09238275179779,0 -92.09814070539815,18.09235058179327,0 -92.09780872622274,18.09239443189866,0 -92.09758440426889,18.09237489652736,0 -92.09731733488394,18.09234252617756,0 -92.09713523686364,18.09233578033738,0 -92.09675864540087,18.0923668728564,0 -92.09653338755376,18.09234728096809,0 -92.09635062547882,18.09234052339499,0 -92.09611278362486,18.09236557476661,0 -92.09586220417444,18.09243541792445,0 -92.09555039113881,18.09239056985032,0 -92.09545227618467,18.09241003533095,0 -92.09512750855436,18.09240831170246,0 -92.09491810158389,18.09248956891442,0 -92.09463521610273,18.0925008546434,0 -92.09440768630942,18.09248157690218,0 -92.0942229048857,18.09247514050785,0 -92.0938826840966,18.09251984440195,0 -92.09371066186644,18.09246860959578,0 -92.09348226959175,18.09244934336925,0 -92.09313807644928,18.09234673761411,0 -92.09286641164368,18.0923140094835,0 -92.09273735450031,18.09227513903458,0 -92.09247924308794,18.09219740028871,0 -92.09235019067242,18.09215853065342,0 -92.09209208994262,18.09208079378455,0 -92.09196304055209,18.09204192590339,0 -92.09174796516285,18.09197714610037,0 -92.09148987951393,18.09189941370921,0 -92.09131782546957,18.09184759194149,0 -92.09108859372748,18.09168005665828,0 -92.09094574620975,18.09153818239194,0 -92.09080337909036,18.09139570116093,0 -92.09061765847071,18.09124307670566,0 -92.0904755626684,18.09110195998543,0 -92.09022041814946,18.09087681535421,0 -92.09006345863847,18.09078286885861,0 -92.08983592686299,18.09061909669336,0 -92.08970944130294,18.09043595705145,0 -92.08959613437794,18.09035392478445,0 -92.08934212400918,18.0901334132265,0 -92.08917427204599,18.08993790839743,0 -92.08903431249594,18.08979914573522,0 -92.08887960601996,18.08970379067215,0 -92.08878244072623,18.08957841497329,0 -92.08863088272669,18.08934127096954,0 -92.08836450183726,18.0891659273242,0 -92.08811316922404,18.08894943282196,0 -92.08797466198035,18.08881269678075,0 -92.08779413082063,18.08866345898551,0 -92.08774052818754,18.08855259042399,0 -92.08747611767237,18.08837840173846,0 -92.08726986514233,18.08817471945578,0 -92.08709054695264,18.08802653083118,0 -92.08697995665868,18.0879461920159,0 -92.08675904065252,18.08778570609712,0 -92.08666450596307,18.08766341741473,0 -92.08648617016539,18.08751604826426,0 -92.08625025601516,18.08739824378611,0 -92.08611438932306,18.08726388403745,0 -92.08596272202057,18.08717155310983,0 -92.08581117863251,18.08707929635393,0 -92.08568550745817,18.08704146425845,0 -92.08550845107567,18.08689500246003,0 -92.08531543085073,18.08679037118907,0 -92.08506478808748,18.08671425014143,0 -92.08497187786317,18.0865936378438,0 -92.08463791535789,18.08649233813514,0 -92.08444487992912,18.08638882343458,0 -92.08431998888481,18.08635046781404,0 -92.08404418630113,18.08622114993032,0 -92.08400245523779,18.08620853269151,0 -92.08370229560741,18.08602514659438,0 -92.08353551398989,18.08597472306699,0 -92.08334400177478,18.08587057713817,0 -92.08317729793617,18.08582018088915,0 -92.08301059816868,18.08576978587081,0 -92.08280223368783,18.08570679367426,0 -92.08255220828859,18.08563120715954,0 -92.08234386326076,18.08556822145156,0 -92.0821771949268,18.08551783474455,0 -92.08201053231713,18.08546744941631,0 -92.08171785872074,18.08538035282424,0 -92.08151558280869,18.08541211457359,0 -92.08135485192339,18.085456405463,0 -92.08097290504537,18.08557368537037,0 -92.0807094232655,18.08563425723087,0 -92.08057146148568,18.08573256859666,0 -92.08033086247555,18.08584727119174,0 -92.08013169113097,18.08597490041674,0 -92.07993680566261,18.08619922964036,0 -92.07985765250345,18.0862699243915,0 -92.07966182300207,18.08649534866917,0 -92.07962445702388,18.08657933416139,0 -92.07949320984,18.08687433810389,0 -92.07939831506428,18.08708676262214,0 -92.07932207625858,18.08725737130272,0 -92.07918805901866,18.08755727757901,0 -92.07907339424764,18.08781486118988,0 -92.07897760994415,18.08803027195817,0 -92.07894349023108,18.08821639234624,0 -92.07888570120093,18.08834648688271,0 -92.07879327116987,18.08866449592956,0 -92.0787003123377,18.08898431375848,0 -92.07867055951429,18.08927402696486,0 -92.07866457809264,18.08962263641371,0 -92.07862994574336,18.08981340214338,0 -92.07853612853179,18.09013905394455,0 -92.07845727994005,18.09031841593252,0 -92.07836254943679,18.0906469715906,0 -92.07826314756321,18.09087331070716,0 -92.07817145467367,18.09130974487564,0 -92.07807108661808,18.09153874748031,0 -92.07792969121968,18.09186116025601,0 -92.07776275111466,18.09212630699462,0 -92.07757215262495,18.09244217630294,0 -92.07738502096156,18.09286606804802,0 -92.07719419554496,18.09318369879418,0 -92.07698117018398,18.09355094932146,0 -92.0768274667666,18.09366731394029,0 -92.07656683287706,18.09402435903218,0 -92.07641441357865,18.09425215880864,0 -92.07621603401262,18.09446697916945,0 -92.07585634353281,18.09457890443241,0 -92.07560664345301,18.09455891796461,0 -92.07549358890269,18.09458009132397,0 -92.07519788454408,18.0945463566758,0 -92.0748797888203,18.09456125958898,0 -92.07460576909899,18.09447879346012,0 -92.07451445651189,18.09445126409475,0 -92.07417327424837,18.09440257923739,0 -92.07403699519277,18.09436047161108,0 -92.07380988029171,18.0942903003057,0 -92.07362796433426,18.09423439299579,0 -92.07328532640305,18.09407593607282,0 -92.07301132786311,18.09399351947695,0 -92.07278342570378,18.09381436923881,0 -92.0726465508756,18.09377318963153,0 -92.07241915383592,18.09359437593651,0 -92.0721228026779,18.09345078605918,0 -92.07193962463528,18.09339681798855,0 -92.07180402937442,18.09324608219261,0 -92.07157523423372,18.09317867008061,0 -92.07127889145777,18.09303602473278,0 -92.07114487897996,18.0928849737201,0 -92.07082820705298,18.09278775141739,0 -92.07053405528616,18.09264412677088,0 -92.07030692767968,18.09257566256474,0 -92.07007980346597,18.0925071909085,0 -92.06985267843223,18.09243872708064,0 -92.06962555687085,18.09237026262035,0 -92.06930403156139,18.09238329973211,0 -92.06921310995203,18.09235589089099,0 -92.06778682922862,18.09260493973411,0 -92.06681825922963,18.0932184161661,0 -92.06668508980923,18.09317759183386,0 -92.06636360528324,18.09348761008929,0 -92.06610999846325,18.0937180551863,0 -92.06579767619911,18.093983804825,0 -92.06561202245899,18.09413440013547,0 -92.06538087924868,18.09427196841532,0 -92.06514900008497,18.09440997483344,0 -92.06488994104549,18.09464493838763,0 -92.06472000329903,18.09490823079277,0 -92.06464810134655,18.09499174081592,0 -92.06443170243186,18.09524307905583,0 -92.06431870088946,18.09547395862733,0 -92.06414606921241,18.09574128624124,0 -92.06403198149317,18.09597420570516,0 -92.06393123981854,18.09615847215958,0 -92.06380241406463,18.09644289109838,0 -92.06374676536812,18.09664248618602,0 -92.06363107782639,18.09687818121286,0 -92.06361709331831,18.09692807668842,0 -92.06334832010512,18.09717461038372,0 -92.06321346789821,18.09729820099891,0 -92.06303541468746,18.09757325446863,0 -92.06289971357207,18.09769749256231,0 -92.06267378285558,18.09796068449385,0 -92.06252258504968,18.09813659869247,0 -92.06224822516768,18.09838757666563,0 -92.0619874107221,18.09858833394021,0 -92.06178735490157,18.09875233231328,0 -92.06150799325401,18.09883709712101,0 -92.0612748721378,18.0989361174373,0 -92.06088380272695,18.09887689794407,0 -92.06044488162784,18.09880615247494,0 -92.06011575862399,18.09870912159481,0 -92.06002171773343,18.09868139763058,0 -92.05973992392308,18.09859660199334,0 -92.05941134953785,18.09849701313895,0 -92.05928653487055,18.09840298641362,0 -92.05914578309128,18.09836032723399,0 -92.05897423622098,18.09825218463955,0 -92.05864779744695,18.09798507618222,0 -92.05849314230778,18.09782577896581,0 -92.05827823979365,18.09753565037918,0 -92.05809480902118,18.09730957929901,0 -92.05791209720819,18.09708334515956,0 -92.05789921319631,18.0969656265366,0 -92.05765317474741,18.09677973696646,0 -92.0574066309519,18.09659702708917,0 -92.05730092634735,18.096453250353,0 -92.05704355658145,18.09615286943117,0 -92.05696751323489,18.09607514978803,0 -92.05684500029244,18.09598408995773,0 -92.05662954179671,18.09586628863159,0 -92.0564952829134,18.09566070534061,0 -92.05628061833519,18.09554229846511,0 -92.05602035229431,18.09540887069664,0 -92.05585272504521,18.09530337768299,0 -92.05554666898361,18.09515625846875,0 -92.05533321175385,18.09503706229207,0 -92.05501002299978,18.09493977091809,0 -92.05482541446588,18.0948840578564,0 -92.05458417221514,18.09470126351162,0 -92.05435373554609,18.09463134477256,0 -92.05384586905194,18.09447959091106,0 -92.0537537295957,18.09445160408793,0 -92.05354236984522,18.09433072630527,0 -92.05312923712323,18.09420236296001,0 -92.0530374456786,18.09417384336731,0 -92.05276068071836,18.0940909810094,0 -92.05248315719851,18.09400951819237,0 -92.05225228929159,18.09394085118743,0 -92.0519746871781,18.09385940975488,0 -92.05175231321522,18.09390233094748,0 -92.05154866605838,18.09389605654196,0 -92.05123327207548,18.09391127578008,0 -92.05099048667162,18.09400369900577,0 -92.05069347806855,18.09396961899193,0 -92.05017851480321,18.0940916221017,0 -92.0497278571499,18.0941784125214,0 -92.04939541877661,18.09435685493253,0 -92.0490555363801,18.09442219410076,0 -92.04876729216141,18.09461579942416,0 -92.04847224040275,18.09469575346741,0 -92.04820255047922,18.09484025766853,0 -92.04799986301586,18.0949487270089,0 -92.04786530654162,18.09501995534153,0 -92.04752823983112,18.09519816612044,0 -92.04718766271195,18.09538013657976,0 -92.04698178691076,18.09549088292366,0 -92.04677538370736,18.09560191307424,0 -92.04636098788892,18.09582482793014,0 -92.04605807164987,18.09590831604172,0 -92.04573249781022,18.09604327551635,0 -92.04559320608136,18.09611788601275,0 -92.04531390943514,18.09626748689552,0 -92.0447274011713,18.09650170537594,0 -92.04430190190709,18.09660937418032,0 -92.04382867577445,18.09682219536197,0 -92.04363823722925,18.09688395262656,0 -92.04323319194147,18.09706008326922,0 -92.04309006838179,18.09713639291027,0 -92.04273174962324,18.09732703775888,0 -92.04253985706207,18.09738881966845,0 -92.0422272051224,18.0974744599742,0 -92.04213140086551,18.09756543121324,0 -92.04172053259825,18.09762250213336,0 -92.0414543730582,18.09772322875952,0 -92.04113888610078,18.0978096904774,0 -92.04079828199492,18.09782869595859,0 -92.04055356329724,18.09787793684903,0 -92.04033367620497,18.09787336107673,0 -92.04018650226824,18.09783072562619,0 -92.03986653947325,18.09791958993969,0 -92.03967119395485,18.09786136515841,0 -92.03940216629385,18.09784161837942,0 -92.03925592041399,18.09779756321824,0 -92.03901218805805,18.09772413522344,0 -92.03801808043923,18.09632922297554,0 -92.03727121051105,18.09526443128512,0 -92.03716090201412,18.09493362296966,0 -92.03702105823911,18.09477282954787,0 -92.03688565382586,18.094495321658,0 -92.03670526870701,18.09420236918805,0 -92.03666527243627,18.09395617521609,0 -92.03662118637254,18.09382660133797,0 -92.03641295586421,18.09358915140567,0 -92.03632702652179,18.09332994504993,0 -92.03616790054841,18.09310756071763,0 -92.03615130303631,18.09292852783353,0 -92.03601403719202,18.09277142392639,0 -92.03590312378969,18.09256472929918,0 -92.03581359307141,18.09242248545019,0 -92.03578147803553,18.09206812298669,0 -92.03572349614298,18.0917647479751,0 -92.03570760839528,18.0915889858306,0 -92.03567085426366,18.09135062273807,0 -92.03554062846135,18.09108488071669,0 -92.03543682952228,18.09077153462049,0 -92.03537475441661,18.09058414859614,0 -92.03541128564484,18.09031491518646,0 -92.03534945234964,18.09012872336824,0 -92.03539118561065,18.0897518837183,0 -92.03542745573591,18.08948603183179,0 -92.03539171160429,18.08925468343325,0 -92.03542784523144,18.08899084206379,0 -92.03546432442752,18.08872775858375,0 -92.03557209275067,18.08843284083551,0 -92.03565386766587,18.08818588921195,0 -92.03563879100466,18.08801891894848,0 -92.03579615445051,18.08763516652144,0 -92.03592327060643,18.08740461378795,0 -92.0360252426244,18.08722044315562,0 -92.03610666983184,18.08697761336243,0 -92.03623322622478,18.08674924731882,0 -92.03633408482617,18.08656723825806,0 -92.03643256806646,18.08638707279784,0 -92.03655451679224,18.08616310258328,0 -92.03665173034145,18.08598455931958,0 -92.03677214415312,18.08576256318489,0 -92.03691516251018,18.08549781037083,0 -92.03703465720017,18.08527763344121,0 -92.03708292893562,18.08518944982176,0 -92.0374527708227,18.08489179496232,0 -92.03759250752904,18.08473027124652,0 -92.03784396119468,18.08455247648907,0 -92.0378676101052,18.08450897939466,0 -92.03816240186399,18.08434517729566,0 -92.03836531671855,18.08425511275584,0 -92.03863756324739,18.08403587731325,0 -92.03890631254316,18.08391674334369,0 -92.0392201166437,18.08371234587996,0 -92.03962000586989,18.08353522938936,0 -92.03988607978962,18.08341731633415,0 -92.04015344752902,18.0832014367228,0 -92.04026492088919,18.08308731041667,0 -92.04061716645863,18.08289920395067,0 -92.04068437776182,18.08277274533576,0 -92.04085953020876,18.08263114280039,0 -92.04107811215074,18.08240651533291,0 -92.04133852763702,18.08219604957019,0 -92.04142590702838,18.08203007473074,0 -92.04151224295401,18.08196037163346,0 -92.04164249633148,18.08171272855819,0 -92.04179369364475,18.08142526599277,0 -92.04185823719476,18.0813025459887,0 -92.04196548664238,18.08109864162149,0 -92.04200864135458,18.08092313364496,0 -92.04200920284916,18.08073533022719,0 -92.04211237992679,18.08044193180928,0 -92.04211072185632,18.08025667024623,0 -92.04215041680064,18.0799925601472,0 -92.0421710681172,18.07995290630546,0 -92.042147009971,18.07962523969786,0 -92.04214531334189,18.07944238224805,0 -92.0421235980577,18.0792990059899,0 -92.04210154436188,18.07906493830649,0 -92.04207996224964,18.07892239798496,0 -92.04193272844805,18.07874243852313,0 -92.0419116455234,18.07869092380686,0 -92.0417646624598,18.07842137042642,0 -92.04161827119522,18.07824256791916,0 -92.04075840268952,18.07785186416784,0 -92.03978752770664,18.07733606103012,0 -92.03866392466601,18.07713403521551,0 -92.03836667031727,18.07704195527061,0 -92.03797947053522,18.07705570038857,0 -92.03747324652242,18.07709545653364,0 -92.0371843604411,18.07713841594908,0 -92.03698602032659,18.07707587603537,0 -92.03660168110713,18.07723378943037,0 -92.03638110711597,18.07723417653883,0 -92.03613828690106,18.07729771574638,0 -92.0358024921218,18.07746773239171,0 -92.0355591152707,18.07752980287469,0 -92.03529343499696,18.0776537263792,0 -92.03490448757911,18.07780929775086,0 -92.03441932917362,18.07807368092437,0 -92.03434648949639,18.07812070642728,0 -92.03385268420749,18.07824704465358,0 -92.03340748014634,18.07838946623714,0 -92.03323272571983,18.07840565838659,0 -92.03303056686657,18.0783432561052,0 -92.03262629541507,18.07821846319343,0 -92.03237469028753,18.07813822193632,0 -92.03196963244629,18.07801543468577,0 -92.03166604869689,18.07792302894268,0 -92.03141309962794,18.07784589242602,0 -92.03121075257343,18.07778418390556,0 -92.03100840795749,18.07772248317467,0 -92.03065512272414,18.0776128951778,0 -92.03055417117352,18.07758160973724,0 -92.03024899794698,18.0774923563329,0 -92.0298442083303,18.07736937807404,0 -92.02948875170026,18.07726421723034,0 -92.02923448468854,18.07718962394022,0 -92.02903467450984,18.07712351849738,0 -92.02873505612297,18.07702439590903,0 -92.02858529674521,18.07697484950012,0 -92.02843513205882,18.07692605710253,0 -92.02830818536177,18.07681939002063,0 -92.02797902335439,18.07665186674918,0 -92.02785038033731,18.07654882238176,0 -92.0276418202595,18.07636169563921,0 -92.02748842136167,18.07631904915741,0 -92.0273618978311,18.07594212119325,0 -92.02726086283934,18.07577703933892,0 -92.02708480176589,18.07538783008765,0 -92.02695954499369,18.0751491677699,0 -92.02691051120797,18.07486613323373,0 -92.0269110835625,18.07473254876356,0 -92.0268404399956,18.07424104117558,0 -92.02684190024682,18.07410736261345,0 -92.02679501891718,18.07369527070199,0 -92.02662213244871,18.07344634631261,0 -92.0265733280219,18.07330052962984,0 -92.02645117850774,18.0729379012046,0 -92.02640220253178,18.07266534420661,0 -92.02630559275886,18.07237682773753,0 -92.02620980384043,18.07221592176816,0 -92.02621470469623,18.07195502376796,0 -92.02609609554852,18.07172260013886,0 -92.02604986662591,18.07145201402477,0 -92.02600380755885,18.07118242366044,0 -92.02585985030264,18.07088510903731,0 -92.02586324922424,18.07063186966341,0 -92.02574504022468,18.07028128767392,0 -92.02557682863167,18.07004315348826,0 -92.02552988633929,18.06990380517129,0 -92.02539145432669,18.06948498890971,0 -92.02522591074259,18.06924746226103,0 -92.02505863810362,18.06889255878118,0 -92.02489478726019,18.06865587598216,0 -92.02475338164629,18.06836971134764,0 -92.02468271205967,18.06816761390439,0 -92.02451782325134,18.06793557567629,0 -92.02442756764704,18.06766393806703,0 -92.02428991469716,18.06737889955322,0 -92.0241276062703,18.0671476550955,0 -92.02399574216571,18.06674281196962,0 -92.02390494085741,18.06659356470261,0 -92.02381842325417,18.06632464604493,0 -92.02370651936207,18.0661092511198,0 -92.02361635883501,18.06596121280282,0 -92.02346299213255,18.06561304382887,0 -92.02332811279339,18.06544985435435,0 -92.02326248129872,18.06536667181368,0 -92.02308185402995,18.0650757850633,0 -92.02284624018954,18.06489277496194,0 -92.02270451575419,18.06485110677995,0 -92.02240525014176,18.06458518362108,0 -92.02224904993702,18.06436067248941,0 -92.02211290731503,18.06420291884256,0 -92.02199716153279,18.06411093250913,0 -92.02179156479824,18.06387685621874,0 -92.0215608110839,18.06369352357535,0 -92.02145040263552,18.06348768012079,0 -92.02122758031648,18.06318933351723,0 -92.02116041757681,18.06311135134522,0 -92.02102627811843,18.06295559913488,0 -92.02089236487485,18.06280011715048,0 -92.02076363839241,18.06253242836323,0 -92.02065082388515,18.0624408808927,0 -92.020471564909,18.06227216955588,0 -92.02033865705546,18.06211788411301,0 -92.02023703655925,18.06180377749092,0 -92.02004411517599,18.06146291894427,0 -92.01977428955524,18.06126844678889,0 -92.01955778552195,18.06097728981843,0 -92.01939176074758,18.06069806907365,0 -92.01934462848601,18.06068518774237,0 -92.01905602151103,18.06043125357316,0 -92.01886219667504,18.06020369602579,0 -92.01863929339717,18.06002661193497,0 -92.01862192240209,18.05996389695406,0 -92.01841194213482,18.05967508702511,0 -92.01820272758505,18.05938731746895,0 -92.01812178958438,18.05925023782448,0 -92.01807075162638,18.05906431537689,0 -92.01787987703614,18.0588405021191,0 -92.01775674541855,18.05858724078933,0 -92.01761929583758,18.05817093057287,0 -92.01758118729508,18.05805177073194,0 -92.01753636474712,18.05776513442815,0 -92.01739297254291,18.0575583651363,0 -92.01723220880966,18.05729257086267,0 -92.01710433053839,18.05714818721976,0 -92.01698509791694,18.05689962278387,0 -92.01676719138078,18.05646265302871,0 -92.01662277551301,18.05626103976705,0 -92.01663155328335,18.05615770833365,0 -92.01648001605061,18.05605921772618,0 -92.01632044956544,18.05579950403164,0 -92.01622332967673,18.05561196460305,0 -92.01594898036291,18.05537153965314,0 -92.01588724721046,18.05530042310197,0 -92.0157297607564,18.05504297683125,0 -92.01554695164718,18.05482988324338,0 -92.01538144120819,18.0546747090152,0 -92.01533102114554,18.05450273788072,0 -92.01508890234874,18.05422063003741,0 -92.01498501830251,18.05413676495106,0 -92.0148499328328,18.05393842612996,0 -92.01458390020018,18.05370082292203,0 -92.01450947823267,18.05357347401704,0 -92.01437864410451,18.05337521881982,0 -92.0141718453376,18.05320959849731,0 -92.01411059685816,18.05314078410486,0 -92.01400522127615,18.05305906173822,0 -92.01374945350092,18.05288330655074,0 -92.01376025082979,18.05278484714004,0 -92.01357960908979,18.05257867365372,0 -92.013459427306,18.05244149702115,0 -92.0133120353034,18.05234689498971,0 -92.01315990015497,18.0520994867257,0 -92.01292601115827,18.05197905838621,0 -92.01280630204457,18.05184294682289,0 -92.01265890053463,18.05174915752552,0 -92.01252358818958,18.05155852933353,0 -92.01234861761199,18.05150691884587,0 -92.01224894605932,18.05157796245745,0 -92.01080235763162,18.05084892281155,0 -92.00936682885778,18.05058644878582,0 -92.00927649891965,18.05049623733045,0 -92.00907612748843,18.05040405714442,0 -92.00887595025064,18.0503119599729,0 -92.00857951714902,18.05015793050195,0 -92.00853481220115,18.05011253004364,0 -92.00830949967067,18.05001318004733,0 -92.00812883263559,18.0499603479759,0 -92.00787391014146,18.04976124513657,0 -92.00777811089321,18.04970215468297,0 -92.00759410843337,18.04955520160659,0 -92.00739569631871,18.04946609868793,0 -92.00724145048942,18.0494193066851,0 -92.00705109284617,18.0492982487441,0 -92.0067944130974,18.0492192971441,0 -92.00664042658632,18.04917201189078,0 -92.00639170347968,18.04906467923984,0 -92.00627140604006,18.04899681525134,0 -92.00617675618759,18.0489375471027,0 -92.00600490963907,18.0488581036388,0 -92.00584119374709,18.0487507853969,0 -92.00564437772644,18.0486614936866,0 -92.00549893842648,18.04858747820926,0 -92.0053874854201,18.0484930477747,0 -92.00519120663095,18.04840394395656,0 -92.00501194324281,18.04825896862267,0 -92.00487612667821,18.04815540148772,0 -92.00469803848134,18.04800949857318,0 -92.00451965629951,18.04786722577125,0 -92.00443496061271,18.04778231557372,0 -92.00415855924973,18.04751269398136,0 -92.0040499408591,18.04741800370462,0 -92.00384167061415,18.04720369152651,0 -92.00360724241159,18.04698876486879,0 -92.00340813681564,18.04683745249375,0 -92.003152355236,18.04661036578155,0 -92.00290258391344,18.04645012819339,0 -92.00260345879494,18.04627466207337,0 -92.00241190628722,18.04618908724618,0 -92.00214931248863,18.04599295787521,0 -92.00193760657152,18.0458123239227,0 -92.00172145050577,18.04557150451631,0 -92.00153167009614,18.04548628140148,0 -92.00136438806842,18.04534373256435,0 -92.00114385677794,18.04519431081214,0 -92.00105322941155,18.04514082073114,0 -92.00087238973532,18.04503346391056,0 -92.00075392735862,18.04491093491596,0 -92.00060098612768,18.04480703357605,0 -92.00047873189132,18.0446262880461,0 -92.00039026120295,18.04457087834605,0 -92.00032650463716,18.04452295939099,0 -92.00013557729046,18.04437945649211,0 -92.00002914735614,18.04423320816893,0 -91.99992696573248,18.04414549906655,0 -91.99970666661767,18.04394116736347,0 -91.99955071447972,18.0437840065638,0 -91.9993857512915,18.04365101814411,0 -91.99922200162661,18.04351735622835,0 -91.99899622375101,18.0433372212983,0 -91.99889577751087,18.04325107519345,0 -91.99869240298403,18.04302294239969,0 -91.99856545770415,18.04287394827634,0 -91.99845496304476,18.04281319672781,0 -91.99821801157661,18.04260486616362,0 -91.99812946229616,18.04249622469174,0 -91.99791806411316,18.04229646773356,0 -91.99773339734931,18.04210307939636,0 -91.99756255798425,18.04199809099053,0 -91.99733967503514,18.04182634925766,0 -91.99721945517224,18.04179052926266,0 -91.99702395549812,18.04162432726921,0 -91.99685473350837,18.04151978584764,0 -91.99660121768379,18.04141848245409,0 -91.99643359868234,18.04136828100386,0 -91.99630087901367,18.0412475289631,0 -91.99612156303098,18.04116655546317,0 -91.9959543719602,18.04111634588492,0 -91.99579868491685,18.04104297058405,0 -91.99555888749589,18.04097199879708,0 -91.99539097897051,18.04086861616868,0 -91.99519973080022,18.04081155975149,0 -91.99494914907818,18.04070974800906,0 -91.99478231276382,18.04060645904345,0 -91.99461649540051,18.04050288361566,0 -91.99446325000653,18.04037651451236,0 -91.99426175365487,18.04023686422057,0 -91.99403577185888,18.04009111876038,0 -91.99386044598096,18.03990663570367,0 -91.99363764790954,18.03970919684245,0 -91.99336780731845,18.03954989922107,0 -91.99318292867214,18.03938941865113,0 -91.99312505100863,18.03934583994454,0 -91.99298684805655,18.03925131018597,0 -91.99280349190543,18.03909166563579,0 -91.99257374741883,18.03891854218435,0 -91.99234256114721,18.03874690234475,0 -91.99217778964187,18.03869809827523,0 -91.99195802548213,18.03855583851465,0 -91.99180923109157,18.03843477669428,0 -91.99164511693741,18.03838595280104,0 -91.99145961254038,18.03832941201145,0 -91.9912273544908,18.03825889893706,0 -91.9910401315432,18.03820299449634,0 -91.99080609384988,18.0381331127897,0 -91.99063881836132,18.03813434252812,0 -91.99046134992345,18.03810697152634,0 -91.99021945242622,18.03813742782049,0 -91.99008841534661,18.03812402356167,0 -91.98975135440133,18.03812647996002,0 -91.98966691787234,18.03812709374985,0 -91.98951703000424,18.03818585184295,0 -91.98929128830594,18.03827434061417,0 -91.98924404109999,18.03826023466426,0 -91.98913070372862,18.03830462139338,0 -91.98885085497137,18.03843060263227,0 -91.98855057307185,18.03849899258859,0 -91.98849782165317,18.03853606025275,0 -91.98823320865806,18.03872216840394,0 -91.98804486037488,18.03879641564531,0 -91.98787964180217,18.03887814973201,0 -91.9877628813269,18.03892397601915,0 -91.98742731898597,18.03912228898255,0 -91.98724767002241,18.0392598454581,0 -91.9871131087142,18.03932959390501,0 -91.9869471861979,18.03944543378238,0 -91.98679599775534,18.03953881438106,0 -91.98668506480911,18.0396164683852,0 -91.98661406484032,18.03967844522793,0 -91.98643283488397,18.039818285913,0 -91.98621132659723,18.03997455610089,0 -91.98612473931904,18.0400603785472,0 -91.98588552897751,18.04024163524468,0 -91.98572612815391,18.04039161332501,0 -91.98556945538638,18.04048879843804,0 -91.9853122306412,18.04064373484834,0 -91.98515378700324,18.04074200656151,0 -91.98491956385664,18.04090585760047,0 -91.98467490410845,18.04107412146844,0 -91.98446933340134,18.04119200548889,0 -91.98432540747505,18.04126762598061,0 -91.98417972969035,18.04143280781441,0 -91.98412786933363,18.04150715593337,0 -91.98398892472028,18.04170635939716,0 -91.98391908851893,18.04180647754347,0 -91.98309579668116,18.04235661961338,0 -91.98304427784083,18.04249463573571,0 -91.98285324487277,18.04268288260144,0 -91.98269242472479,18.04278875629224,0 -91.98256871764396,18.0428754754731,0 -91.98241741400034,18.04295403436031,0 -91.98221705492557,18.04308038409263,0 -91.98210277333699,18.04313971419824,0 -91.98194997315179,18.04321903952367,0 -91.98187338978394,18.0432587957966,0 -91.98165284248964,18.0433518246487,0 -91.98139892699898,18.04337098651321,0 -91.98115559334357,18.04336180674836,0 -91.98106158458206,18.04336521844036,0 -91.98084573747293,18.04336369259738,0 -91.98061343672495,18.04332529685943,0 -91.98038096595559,18.04328687244602,0 -91.9802981091312,18.04326177800068,0 -91.98010479209401,18.04320322598052,0 -91.97988382033131,18.04313639248998,0 -91.97973658041697,18.04303634795222,0 -91.9796656559091,18.0429829423043,0 -91.97960664478572,18.04290137207883,0 -91.97851306685128,18.04195478500018,0 -91.97688050533924,18.03983092729077,0 -91.97669371269444,18.03951343280791,0 -91.97659710135883,18.03913857419093,0 -91.97634636982603,18.03880355671846,0 -91.97613636080273,18.03856746043031,0 -91.9758314879107,18.03796251278591,0 -91.97571182184095,18.03767156822432,0 -91.97548817109832,18.03726542611905,0 -91.97540827567232,18.03707458530552,0 -91.97515849415025,18.03675443094721,0 -91.97504985707999,18.0362215724409,0 -91.97486693291322,18.03591881121134,0 -91.97473447121457,18.03546558015136,0 -91.97460345038253,18.03501159970803,0 -91.97444797068759,18.03463450186516,0 -91.97434308735806,18.034109455728,0 -91.97425376017109,18.03375029323481,0 -91.97417748917306,18.03356160874909,0 -91.97398678289865,18.03309317726492,0 -91.97391069073132,18.0329064875853,0 -91.9737843299518,18.03245981349433,0 -91.97367083247077,18.03218165612808,0 -91.97345592589859,18.03179578978329,0 -91.97335530346743,18.03128407417316,0 -91.97317893300756,18.03099356748705,0 -91.97306672796725,18.03071984599747,0 -91.97300583631413,18.03030164186878,0 -91.97285710700712,18.02993927117684,0 -91.97283132174051,18.02962060216239,0 -91.97261814090275,18.02924907003879,0 -91.97246562514681,18.02890242476317,0 -91.97229288000632,18.02861653312817,0 -91.97225603166936,18.02852762968855,0 -91.97212052352963,18.02833138859679,0 -91.97183786107028,18.02778409382493,0 -91.9715934041035,18.02732634457598,0 -91.97133599954937,18.02709493645877,0 -91.9712274280256,18.02683224913833,0 -91.97087398414831,18.02649475764174,0 -91.97074141473192,18.0263006220454,0 -91.97051230845864,18.02600083695353,0 -91.97031058464789,18.02563150375057,0 -91.97011711010613,18.02542184254407,0 -91.97003354564731,18.02510088176734,0 -91.96990129059762,18.02491139344868,0 -91.96973218030742,18.02463981070768,0 -91.96965052469223,18.02431913373619,0 -91.96957192282643,18.02399448587103,0 -91.96939911417564,18.02356587222593,0 -91.96929571964172,18.02330972208698,0 -91.96924483933523,18.02292047771067,0 -91.9690241748127,18.02262479696882,0 -91.96894785814598,18.02230470418081,0 -91.96878256695769,18.02203844092058,0 -91.96866937574848,18.0216420877574,0 -91.96850618193119,18.02137536477833,0 -91.9683631482152,18.02089368035324,0 -91.96823771807509,18.02070688371323,0 -91.96804259540589,18.02035917531023,0 -91.96784433358502,18.02001814591003,0 -91.9677689002102,18.01970919635657,0 -91.96763499068688,18.01938232518851,0 -91.96752759834303,18.01899287810318,0 -91.96730911313264,18.01871404113032,0 -91.96723376707277,18.01841074132126,0 -91.96707300938196,18.0181541733639,0 -91.96690127478831,18.0179039591364,0 -91.96686838400549,18.0166916254089,0 -91.9668278829881,18.01659200314209,0 -91.96683893292696,18.01642010874364,0 -91.96683496448738,18.01636079491925,0 -91.96682314923393,18.01618337813382,0 -91.96680219607367,18.01603235860558,0 -91.96678890424528,18.0159995782535,0 -91.9667857036028,18.01580028546702,0 -91.96676539391842,18.01564996236158,0 -91.96677481441388,18.01562420366113,0 -91.96676812186415,18.01550619078069,0 -91.96677083752688,18.01536307563622,0 -91.96674142689481,18.01523993048552,0 -91.96677078877126,18.0150251297508,0 -91.96679457992141,18.01489337027723,0 -91.96682813959987,18.0147359067335,0 -91.96688055986134,18.01452831852758,0 -91.96684535484709,18.01449030825211,0 -91.96685541045983,18.01433035062633,0 -91.96688262843429,18.0142570664632,0 -91.96689255625802,18.01409826024806,0 -91.96688847737866,18.01404336765642,0 -91.96691295273456,18.01378162293006,0 -91.96693620480511,18.01365455932851,0 -91.9669503572764,18.01355199535722,0 -91.96696448585172,18.0134497414924,0 -91.96696972164116,18.01337140733765,0 -91.96695839122857,18.01320887538493,0 -91.96696882711247,18.0130535983225,0 -91.96698787714877,18.01287606867698,0 -91.96696737252411,18.01273999311113,0 -91.96697241292718,18.01266365879651,0 -91.96699517666966,18.0125410479923,0 -91.96700514425903,18.01238955243677,0 -91.96702773838209,18.01226805120597,0 -91.96701614690397,18.01211164104875,0 -91.9670301150617,18.01201358041355,0 -91.96702797859189,18.0118346273058,0 -91.96705956511219,18.0116918992649,0 -91.96704798056849,18.01153839568828,0 -91.96706990042799,18.01142074282419,0 -91.96705812249462,18.01126891152693,0 -91.96710097958102,18.01115853937699,0 -91.9671180759929,18.01111450944735,0 -91.96748158305431,18.00949964438271,0 -91.96852651236672,18.00584786594973,0 -91.96857360093291,18.00548711245474,0 -91.96876094374636,18.00487135533588,0 -91.96880236659693,18.00473520738235,0 -91.96896729769409,18.00419310140012,0 -91.96909047205975,18.0037879887566,0 -91.96915172117545,18.00358663329911,0 -91.96931038384999,18.00326727267195,0 -91.96948356451806,18.00310270651164,0 -91.96968033163473,18.0026557842367,0 -91.96991549873701,18.00208050735159,0 -91.97003075557527,18.00190094647771,0 -91.97012604894432,18.00178708792403,0 -91.97024371401682,18.00139663423673,0 -91.97033847973084,18.00128362433175,0 -91.97062161560547,18.00094648907231,0 -91.97077461188449,18.00063601677452,0 -91.9708882661795,18.00045675717472,0 -91.97094503024324,18.00026751938384,0 -91.97116958929803,17.99971882296626,0 -91.97126305598452,17.99940681513961,0 -91.97144855989137,17.9989860652154,0 -91.97167033509236,17.99864030718123,0 -91.97183630430099,17.99828059929903,0 -91.97187276588852,17.99815827774335,0 -91.97210866822617,17.99776321965667,0 -91.97216312236853,17.99757947347317,0 -91.97232634667705,17.99722623718333,0 -91.97245275781657,17.99699677731968,0 -91.97257872042938,17.99676812923361,0 -91.97286509447962,17.99639076984342,0 -91.9731139370341,17.99593856966959,0 -91.97330855837525,17.99566997798286,0 -91.97353817267619,17.99547891881933,0 -91.97373105324138,17.99521276145114,0 -91.97394213732245,17.99508154984249,0 -91.97415267289837,17.99495067859627,0 -91.97430960679976,17.99480466644262,0 -91.9745191190151,17.99467449315809,0 -91.97486692458435,17.99445952698562,0 -91.97516013511358,17.99423288370991,0 -91.97541989467659,17.99412116984134,0 -91.97562632225178,17.99399485773921,0 -91.97584818572734,17.99381206269558,0 -91.9760535017229,17.99368648724682,0 -91.97627404971217,17.99350470488469,0 -91.97646263228513,17.99343625481154,0 -91.97666644772065,17.99331159732638,0 -91.97700503728203,17.99310450679437,0 -91.9772075322134,17.99298057968477,0 -91.97740962917943,17.99285557310167,0 -91.97773023562409,17.99270482192384,0 -91.97793108986329,17.99258048178066,0 -91.97826472607433,17.99237393868433,0 -91.97833128722824,17.99233273324817,0 -91.97867790699559,17.9920702100144,0 -91.97882480770998,17.99193144597355,0 -91.97903723734674,17.99175229734939,0 -91.9792859871061,17.99164622204642,0 -91.97940300224805,17.99162154432019,0 -91.97970219260576,17.99153171491778,0 -91.97994942613377,17.99142620868965,0 -91.98011706757262,17.99141757218148,0 -91.98045197418976,17.99140031645102,0 -91.98081353876012,17.99127002154866,0 -91.98103141158792,17.99127545322452,0 -91.98137793126229,17.99120076200235,0 -91.98162171900952,17.99109597344028,0 -91.98183863229332,17.99110146726406,0 -91.98211878872809,17.99106057356302,0 -91.98256431068015,17.99101751469635,0 -91.98267879217973,17.99099379623296,0 -91.98294535460028,17.99101418717624,0 -91.98327584868157,17.99100255846725,0 -91.98354212409306,17.99102478234611,0 -91.98376970522013,17.99097623602282,0 -91.98403536639427,17.99099753611705,0 -91.98422368016699,17.99087865512366,0 -91.98465238425938,17.99089050185942,0 -91.98470295436563,17.99090565978326,0 -91.98502987516302,17.99088718590688,0 -91.98525529093223,17.99083847417496,0 -91.98546880439957,17.9908444012732,0 -91.98579445983626,17.99082601202742,0 -91.9860188136393,17.99077745372166,0 -91.98635467120221,17.99070475802722,0 -91.98641613266985,17.99066548812124,0 -91.98685147852181,17.99062316403852,0 -91.98701310663161,17.99061409741822,0 -91.9873252445293,17.99065018177114,0 -91.98754739256333,17.99060197186464,0 -91.9879195907712,17.99059891327637,0 -91.98809081835853,17.99053580862991,0 -91.98831115936269,17.99048541895797,0 -91.98868090790225,17.99047933955472,0 -91.98885136751144,17.99041741756482,0 -91.98901132520335,17.99040861421318,0 -91.98928102412293,17.99037629260858,0 -91.98954027364171,17.99039697804709,0 -91.98961011171545,17.99030582109142,0 -91.98992856779395,17.99028835000766,0 -91.99019682183221,17.99025620677617,0 -91.99041500156086,17.99020942640976,0 -91.99066104807302,17.99000343087626,0 -91.99087798947249,17.98995617667329,0 -91.99105404227247,17.98984073170844,0 -91.99125661008934,17.98956629273421,0 -91.99143115144204,17.98945066228969,0 -91.99159121003198,17.98910969589262,0 -91.99164373203783,17.98879432340986,0 -91.99166990011211,17.98863720492076,0 -91.99171337094648,17.98837617361571,0 -91.99182262152218,17.98802676941849,0 -91.99185700428391,17.98781982669648,0 -91.99190837369702,17.98751064208176,0 -91.99195099488674,17.98725410772489,0 -91.99193819683629,17.98703881310122,0 -91.99189724983123,17.98671501089231,0 -91.9918260393672,17.98653365315006,0 -91.99172387869071,17.98623733358107,0 -91.99156531728711,17.98597782493013,0 -91.99144737699274,17.98578515796389,0 -91.9912817022818,17.98557860873285,0 -91.99106846436881,17.98535820754655,0 -91.99096041845135,17.98511749859591,0 -91.99078405628271,17.9847015600995,0 -91.99071546107072,17.9845257586957,0 -91.99061718819178,17.98423802131081,0 -91.99054889234738,17.98406306004694,0 -91.99044224261338,17.98382566455981,0 -91.99027945835289,17.98362326704173,0 -91.99021180358888,17.98344966570129,0 -91.99009681303323,17.98326193507966,0 -91.98997277316724,17.98312234501185,0 -91.98967889238267,17.98258058017757,0 -91.98926749932649,17.9810084777514,0 -91.98926358842209,17.98070277111217,0 -91.9892584032718,17.98029778458754,0 -91.98921597742942,17.97998445805786,0 -91.98921114257705,17.9795844796311,0 -91.98918895701867,17.97933027131103,0 -91.98920518913933,17.97908853213308,0 -91.9892071765216,17.97888508397541,0 -91.98916965447481,17.97877278948546,0 -91.98918589472541,17.9785335594987,0 -91.98918274503397,17.97814202630817,0 -91.98919912058071,17.9779052086628,0 -91.98921288166102,17.97757540684737,0 -91.98933829019715,17.97728284500917,0 -91.98949801471261,17.9769097725514,0 -91.98953334334898,17.97682725686425,0 -91.98971372323619,17.976602695064,0 -91.98985834248235,17.97646099200134,0 -91.99016711544046,17.97622923099622,0 -91.99056628379296,17.97597884326767,0 -91.99078431777903,17.97595459847917,0 -91.99118456844241,17.97589204642553,0 -91.99159969399406,17.9757899299599,0 -91.99183724503349,17.97581567156526,0 -91.99231177814858,17.97586702083747,0 -91.99262340999353,17.97591284633399,0 -91.99297150716717,17.97596956051456,0 -91.99319194172708,17.9760356285598,0 -91.99359608046564,17.97615675474232,0 -91.99411583200005,17.97640356535836,0 -91.99450450000825,17.97656637682829,0 -91.99471567775505,17.97676678165465,0 -91.99501655842657,17.97694862956492,0 -91.99532472711275,17.97722398899513,0 -91.99543550612313,17.9772573059487,0 -91.99566401667222,17.97741761188741,0 -91.99595203236052,17.9776419092493,0 -91.99606306250642,17.97767530364149,0 -91.99625559909326,17.97782519582981,0 -91.99647086063821,17.97802822137349,0 -91.99664170194049,17.97812578217015,0 -91.99681264168078,17.9782235712032,0 -91.99711758099643,17.97840888549676,0 -91.9974002536659,17.9785412150795,0 -91.99787036920938,17.97872631251757,0 -91.99823833874748,17.9789740854465,0 -91.99850855035577,17.9791485877319,0 -91.99890470412402,17.97931523538972,0 -91.99926411236233,17.97947017309725,0 -91.99958706826469,17.97961209819126,0 -91.99996052179574,17.97972387329643,0 -92.0002334431144,17.97989723729484,0 -92.0004205262221,17.97995239130114,0 -92.00068220864028,17.98003059756817,0 -92.00096826451534,17.98016379713598,0 -92.00115523358724,17.98021983499797,0 -92.00152917782188,17.98033191285069,0 -92.00194052874477,17.98045519855988,0 -92.00222741572452,17.98058805744525,0 -92.00263899629442,17.98071120478674,0 -92.00301316703404,17.98082313894636,0 -92.00338727977488,17.98093560842241,0 -92.00379876376091,17.98105982730511,0 -92.00413545324838,17.9811615621362,0 -92.00454700093641,17.98128591153492,0 -92.00499613815364,17.98141947348814,0 -92.00533298210004,17.9815195601371,0 -92.00559491321847,17.98159874133407,0 -92.00588363755438,17.98173178892939,0 -92.00610828377177,17.98179905092937,0 -92.00634943146154,17.98196373948653,0 -92.00663885844773,17.98209589874401,0 -92.00707860124251,17.98227867517872,0 -92.00729361284286,17.98239169666849,0 -92.00757394981899,17.98257072798592,0 -92.00766675335026,17.98269187470772,0 -92.00788234805718,17.9828000575735,0 -92.00810784123317,17.98286415889093,0 -92.00843662240869,17.9830088861086,0 -92.00869057177115,17.98313381479086,0 -92.00889762828994,17.98329106873975,0 -92.00929374000535,17.98350677991755,0 -92.00953950692924,17.98367631409715,0 -92.00983264346071,17.98381364256025,0 -92.01012608389192,17.98395111279793,0 -92.01022166927514,17.98407471999154,0 -92.0105914212084,17.98423539208541,0 -92.01078071613702,17.98429288464034,0 -92.01115077318224,17.98445243481649,0 -92.01143698465762,17.98463408182004,0 -92.011732535506,17.9847744780544,0 -92.01195176451932,17.98488731042527,0 -92.01234712822885,17.98491058351462,0 -92.01255885791204,17.98507015511597,0 -92.01266486492652,17.98515005080185,0 -92.01287716402474,17.98531005113152,0 -92.01310505810288,17.98537824519617,0 -92.01321900775099,17.98541234429407,0 -92.01352287328575,17.98550327588659,0 -92.01371279202394,17.98556010960477,0 -92.01394069456133,17.98562831207822,0 -92.01409261416134,17.98567374376552,0 -92.01421326837243,17.98565993284678,0 -92.01449198043042,17.98564302787269,0 -92.0147328327882,17.98561725944007,0 -92.01484644227224,17.98565101324556,0 -92.01500474125808,17.98565035590622,0 -92.01520073417038,17.98566094074584,0 -92.01598075289868,17.98531429665035,0 -92.01626057979377,17.98522003347328,0 -92.01652903755146,17.98515805374596,0 -92.01662437422102,17.98515081589997,0 -92.01671963258867,17.98514358077762,0 -92.01684312913892,17.98514463695162,0 -92.01708092288504,17.98507718135474,0 -92.01724245297814,17.98505387183352,0 -92.0175462819298,17.98496747474131,0 -92.01764074546952,17.98495993905005,0 -92.01785852830426,17.98484975555896,0 -92.01801850846569,17.98482676712333,0 -92.01811244754531,17.98481931823501,0 -92.01838462895178,17.98472587495305,0 -92.01852498965793,17.98466356826517,0 -92.01873967985638,17.98455394879592,0 -92.01889787513288,17.98442782656144,0 -92.01903701785474,17.98436527964914,0 -92.01912020412652,17.98428681676753,0 -92.0192213969389,17.98414578583946,0 -92.01938655898729,17.98399011551705,0 -92.01943221493322,17.98393573044702,0 -92.01955006887576,17.98373411637387,0 -92.01960430589895,17.98364920026881,0 -92.01964861067755,17.98349487284361,0 -92.01972895414258,17.98331843336063,0 -92.01974453985171,17.98327069437715,0 -92.02000583669809,17.98246310468202,0 -92.01965741307488,17.98085714546709,0 -92.01967358037589,17.98070560794132,0 -92.01962621855623,17.98038160246453,0 -92.01954537541235,17.98017175154256,0 -92.0194912180702,17.97997075636062,0 -92.01945437280244,17.97971468597043,0 -92.01940071446083,17.97951581361407,0 -92.01930361956906,17.9792745126196,0 -92.01927706502512,17.97917595750804,0 -92.01923307703409,17.97904230006967,0 -92.01911981526037,17.97885827655413,0 -92.0190330416831,17.97868220641003,0 -92.01890355068137,17.97846381048793,0 -92.01876600314017,17.97827347113366,0 -92.01874934063289,17.97814890626217,0 -92.01863881031639,17.97796582429935,0 -92.01861371619493,17.97786902147873,0 -92.01849462071813,17.97762936691521,0 -92.01844376803247,17.97752703519289,0 -92.01835053031974,17.97738341958005,0 -92.01825932746647,17.97706636238324,0 -92.01813358662342,17.97685652470363,0 -92.01801725488185,17.97662148950638,0 -92.01786727679652,17.97640627352702,0 -92.01776859296292,17.97620669827184,0 -92.01763613990593,17.9760263802209,0 -92.01753106561057,17.97576998134335,0 -92.01737450983133,17.97558399238989,0 -92.01727601362094,17.97547085086873,0 -92.01714574880981,17.97529263709969,0 -92.0170318858672,17.97514758064626,0 -92.01690925431623,17.97502798168795,0 -92.0167050327089,17.97482999047575,0 -92.01661685891493,17.97469418691919,0 -92.01652637169374,17.97464011938639,0 -92.01634833403257,17.97445090928274,0 -92.01629219900961,17.97437980235861,0 -92.01615535461698,17.97423057669702,0 -92.01597553654369,17.97412316580121,0 -92.01587380063636,17.97395719564748,0 -92.01577841471138,17.97384756105198,0 -92.0156093451855,17.97371602937475,0 -92.01552385729555,17.97358284434357,0 -92.01546891775682,17.97351271476268,0 -92.01534417859365,17.97334150507234,0 -92.01519539895379,17.97316357441459,0 -92.01511099389005,17.97303194235962,0 -92.01491852113608,17.97276250110874,0 -92.01482008015037,17.9726012586542,0 -92.01473671880085,17.97247122064309,0 -92.01448340020499,17.97216003553941,0 -92.01434764529051,17.97196332981732,0 -92.01414979978226,17.9717228593061,0 -92.01402509805644,17.97150518409377,0 -92.01385749949635,17.97132672977185,0 -92.01381479544408,17.97123719788619,0 -92.0136817795444,17.97104436259621,0 -92.01353949155205,17.97087474294844,0 -92.01331798613222,17.97058090127824,0 -92.01321469624186,17.9704493157797,0 -92.01304262570832,17.97017233007147,0 -92.01286167147323,17.9699189138882,0 -92.01273250818612,17.96973154276479,0 -92.01257681688583,17.96948760858032,0 -92.01247923578788,17.96940923385475,0 -92.0122644945649,17.96912455696375,0 -92.01220101474436,17.9690323912738,0 -92.01200743832551,17.96887712445828,0 -92.01181142337074,17.96867296673782,0 -92.01169184279246,17.96858880933623,0 -92.01156962877431,17.96845570375147,0 -92.01142448759562,17.96831599753993,0 -92.01130558038234,17.9682323708749,0 -92.01120751321059,17.96810714823433,0 -92.0110194102447,17.96800300541738,0 -92.01092193510679,17.96787835153915,0 -92.01069860087053,17.96774005145797,0 -92.01055557685434,17.96760221263769,0 -92.01040238997028,17.96748525789253,0 -92.01026199111922,17.96739591026384,0 -92.01009694875242,17.96725206651959,0 -92.01001545821083,17.96720410126948,0 -92.00988634280111,17.96709483220172,0 -92.0096763051146,17.96693802208018,0 -92.00950331023874,17.96686279365157,0 -92.00932903506579,17.96674045122773,0 -92.0092464025952,17.96664585225823,0 -92.00899296681058,17.9664763985828,0 -92.00886653897082,17.96641533639255,0 -92.00864717270237,17.96623354456789,0 -92.00846375485672,17.96613230097268,0 -92.00841809963507,17.96611863580591,0 -92.00833732134197,17.96602505759398,0 -92.00821114133612,17.96591802871302,0 -92.00815395329523,17.96587785997417,0 -92.00744833221557,17.96465801624261,0 -92.00732771049107,17.96458054616713,0 -92.00720337041999,17.96433634802524,0 -92.00714674541754,17.96427798218444,0 -92.00702300507233,17.96403418703775,0 -92.00690048847646,17.96379627522348,0 -92.00671496256268,17.96353797137846,0 -92.00653018862145,17.96328040002164,0 -92.00634621974844,17.96302395322474,0 -92.00618706138533,17.96281583048527,0 -92.00609114258383,17.96262713352128,0 -92.00592541058825,17.96245709788746,0 -92.00579013658368,17.96213733969284,0 -92.00568788421134,17.96198748710334,0 -92.0054844090448,17.96169130152418,0 -92.00539833845518,17.96147013088536,0 -92.00522750605458,17.96118608783324,0 -92.00507297688308,17.96083052326176,0 -92.00501148111491,17.96065805168683,0 -92.0049427054833,17.96036876129994,0 -92.00479807716613,17.95998214227981,0 -92.00469994932094,17.95968825269827,0 -92.00461714939135,17.95947515041138,0 -92.00454940432856,17.95934225278917,0 -92.00445934331574,17.95916557711395,0 -92.00427361656196,17.95870086057101,0 -92.00416236460372,17.95848282223863,0 -92.00416551446415,17.95818984624939,0 -92.00398296500484,17.95773417199135,0 -92.00394102085318,17.95750441976294,0 -92.00384981756633,17.95708169794709,0 -92.00371396185051,17.95672013292289,0 -92.00365158655492,17.95645351147473,0 -92.00347192944837,17.95615316549589,0 -92.00341059545605,17.95588966106245,0 -92.00329405425489,17.95547234727131,0 -92.00321259170029,17.95517195554343,0 -92.00316065199704,17.95488073367681,0 -92.0030801451226,17.95458374750121,0 -92.00296670220246,17.95417565582763,0 -92.00289192858577,17.95398803042892,0 -92.00284167925166,17.95370513169739,0 -92.00281586386467,17.95333270821393,0 -92.0026932559979,17.95309874811461,0 -92.00264830670383,17.95292143765761,0 -92.00257519434574,17.95273642264865,0 -92.00251850270836,17.9524928128199,0 -92.00247419134635,17.95231770117996,0 -92.00241388062858,17.95220283924616,0 -92.00236991006045,17.95202883468945,0 -92.00224636057061,17.95170389881172,0 -92.00211906894332,17.9515064816831,0 -92.00199227157815,17.9513098479505,0 -92.00192985701669,17.9511016927968,0 -92.0018039629775,17.95090667557386,0 -92.00172579341401,17.95075788050039,0 -92.00162016351963,17.95060121058895,0 -92.00151485896775,17.9504450230338,0 -92.00146510958187,17.95030592663134,0 -92.0013494419556,17.9500856491768,0 -92.00131100453827,17.9500124485577,0 -92.00120681706019,17.94985811609711,0 -92.00113876016971,17.94968442403143,0 -92.00107096127472,17.94951139127248,0 -92.00095929221517,17.94938650685184,0 -91.99989198834501,17.94731392960981,0 -91.99912550034,17.9459650354596,0 -91.99902957649331,17.94573762050371,0 -91.99888899273711,17.94554700276212,0 -91.99872285851133,17.94515261607969,0 -91.99842110520459,17.94472003169705,0 -91.99816793670885,17.94440125849546,0 -91.99796107022719,17.94404949489457,0 -91.99763157309847,17.94375847230162,0 -91.99754092722152,17.94368336222617,0 -91.99739380195786,17.94354354016884,0 -91.9972358960832,17.94330386941004,0 -91.99697696452775,17.94317737407047,0 -91.99685365224644,17.94295221816719,0 -91.9965510303639,17.94272075222468,0 -91.99646163467513,17.94264675082391,0 -91.99622760086007,17.94243528980167,0 -91.99591531437062,17.94224767703053,0 -91.99571623171633,17.9420474164507,0 -91.9954294241456,17.94177467738623,0 -91.99514378891074,17.94150303870923,0 -91.9950014064359,17.94136763400592,0 -91.99475079507286,17.94110761826024,0 -91.99458841484453,17.94092077792027,0 -91.99434765213266,17.9407567039059,0 -91.9941247031679,17.94041537380932,0 -91.99397189074482,17.94032395463575,0 -91.99367210250921,17.94000681221697,0 -91.99352555482616,17.93978188687205,0 -91.99334672690779,17.93954800038315,0 -91.99311600887501,17.93925451858053,0 -91.99289301664166,17.93905359827274,0 -91.99276872888035,17.93888267354945,0 -91.99263167499517,17.9387526943662,0 -91.99254069236197,17.93859241805803,0 -91.99238462499669,17.93841384317459,0 -91.99224203765979,17.93819660857631,0 -91.99208763765964,17.93801714034975,0 -91.99203094664483,17.93786710597181,0 -91.99184488875726,17.93767941997545,0 -91.99164821698473,17.93731707812186,0 -91.99152752647922,17.93715160515023,0 -91.99147153027764,17.93700571398288,0 -91.99130079402941,17.93678324691898,0 -91.99115812081075,17.93648412783408,0 -91.9910391864734,17.93632083443556,0 -91.99089339169285,17.93593854984313,0 -91.99083015640414,17.93562546641583,0 -91.99073143094172,17.93522059171082,0 -91.99065383480304,17.93486022951329,0 -91.9906108113766,17.93459856167885,0 -91.99055055692151,17.93429201628704,0 -91.99049409807841,17.93416181729724,0 -91.99045786253346,17.93370365087718,0 -91.99039157275877,17.93360422371326,0 -91.9903751091593,17.93328190498324,0 -91.9903761848055,17.93300643607632,0 -91.99031997822273,17.93279342354414,0 -91.99026448320107,17.93258050431913,0 -91.99025447700048,17.93234045353543,0 -91.99019649468536,17.93204975325355,0 -91.99017199652324,17.93184974652167,0 -91.99014760842107,17.93165064934487,0 -91.99009643283075,17.93152117732169,0 -91.9900553289721,17.93128065006863,0 -91.99001791258904,17.93111814866979,0 -91.99005032008083,17.93086471468219,0 -91.98993663676093,17.93064286265059,0 -91.9898864835868,17.93051588695811,0 -91.98978692271821,17.9302624059487,0 -91.98972784961691,17.92991147795534,0 -91.98957010189137,17.92964348389847,0 -91.98955381839295,17.92960185577424,0 -91.98953178054231,17.92941204110079,0 -91.98943187829872,17.92909064744632,0 -91.98939139144501,17.92878924715963,0 -91.9893431003814,17.92866714608801,0 -91.98930550031443,17.92844133896696,0 -91.9892575154838,17.92832018306015,0 -91.98922028924407,17.92809618383838,0 -91.98917260743718,17.92797596043922,0 -91.98910668268671,17.92774510362307,0 -91.98900722414872,17.9273658970932,0 -91.98891097641541,17.92705975604432,0 -91.98884641699863,17.926833684053,0 -91.9887799653595,17.92653976560227,0 -91.98873369383982,17.92642368083914,0 -91.98870966519658,17.92611116135097,0 -91.98860059635105,17.92577569027131,0 -91.98849630863636,17.92557725956382,0 -91.98844525056013,17.92526256762031,0 -91.98834019416563,17.92499983003866,0 -91.98829536075461,17.92488770655476,0 -91.98816319309933,17.92461881163566,0 -91.98805972327932,17.92435986497474,0 -91.988000873106,17.92421257978458,0 -91.98784659465292,17.92386982395517,0 -91.98771989110757,17.92360468082242,0 -91.98761855240831,17.92335210446183,0 -91.98743719105323,17.92313895020902,0 -91.98733808413344,17.92288821217799,0 -91.98715437145651,17.92268023369693,0 -91.98706585248516,17.92240807648804,0 -91.98690026334276,17.92217246472673,0 -91.98668110130589,17.92192177596525,0 -91.98654440175081,17.92169662135805,0 -91.98644692047677,17.92145554023388,0 -91.98628446009207,17.92116404108187,0 -91.98614986572196,17.9209426391925,0 -91.98606933315678,17.92085836204687,0 -91.98598911092577,17.92071429154991,0 -91.98592265128148,17.92054486773064,0 -91.98572370484979,17.9202176935624,0 -91.98561800250786,17.92006773364385,0 -91.98539400694077,17.91979454885197,0 -91.98527641478401,17.91961281197471,0 -91.98515929429834,17.91943180339315,0 -91.98502803366132,17.91933431031971,0 -91.98492543149436,17.91912949924369,0 -91.98482332007369,17.91892566562309,0 -91.98468052298915,17.91879661136639,0 -91.98466922522161,17.91870710239222,0 -91.984515878644,17.91848958416904,0 -91.98435092415374,17.91824102020331,0 -91.98426342535224,17.91807321556222,0 -91.98408446042019,17.91790677651625,0 -91.98394588709351,17.91772469746758,0 -91.98381987100129,17.91757489613893,0 -91.98371817745863,17.91748855506047,0 -91.98347755609733,17.91727715847606,0 -91.98337861307468,17.91713641845335,0 -91.98326366603312,17.91707430387131,0 -91.98313950323646,17.91692645319373,0 -91.98305060949195,17.91687223999098,0 -91.98293860190647,17.91675599147571,0 -91.98282685004101,17.91664001634662,0 -91.98270117673914,17.91654749796646,0 -91.98256429167677,17.91642432297357,0 -91.98243906839066,17.91633215137134,0 -91.98234261699636,17.91619412717442,0 -91.98221785499992,17.91610235123949,0 -91.98215867050149,17.91600311562454,0 -91.98202314315543,17.91588123724719,0 -91.98194214197841,17.91572185246343,0 -91.98191670014056,17.91571424384697,0 -91.98178527603277,17.91554029696357,0 -91.98163993310736,17.91538949674686,0 -91.98074284600071,17.91454641835236,0 -91.97892582527507,17.91301828009327,0 -91.97887271505225,17.91296974282536,0 -91.97863129849573,17.91276713670238,0 -91.97839062093391,17.912565150639,0 -91.97802822208379,17.91236105161389,0 -91.97749799359926,17.9120765391811,0 -91.97739368820092,17.91198128777415,0 -91.97710789411845,17.91186389316248,0 -91.97689262439042,17.9117005213408,0 -91.97644545662914,17.9114700225345,0 -91.97628471282245,17.9113605027092,0 -91.97589126618445,17.91118135091609,0 -91.97560724147573,17.91106498555513,0 -91.97525812570981,17.91096068735146,0 -91.97502538668746,17.91089115591524,0 -91.97482174213961,17.91083031619256,0 -91.97455991835852,17.91075209667911,0 -91.97441446197038,17.91070864156138,0 -91.97426900760739,17.91066518713945,0 -91.97397810332629,17.91057827901218,0 -91.97378207470182,17.91048798379829,0 -91.97344676225075,17.9104512449144,0 -91.97146823376393,17.90985829975281,0 -91.9712937584378,17.90980519840646,0 -91.97097362918018,17.9097110445603,0 -91.97071165602112,17.90963399426809,0 -91.97050797112168,17.90957332507946,0 -91.97027521829821,17.90950378956547,0 -91.96998429424913,17.90941680341527,0 -91.96975171875559,17.90934645481989,0 -91.96946104763529,17.90925853321738,0 -91.96931573183434,17.90921457809242,0 -91.96909344632333,17.9092121555889,0 -91.96887080851916,17.90920980024956,0 -91.9687251223102,17.90916641413193,0 -91.96833697941231,17.90917900814794,0 -91.96816199036991,17.90922320524316,0 -91.96784046688251,17.90931963884566,0 -91.96762534454345,17.90938416028312,0 -91.96732154075809,17.9094225588123,0 -91.96711514956141,17.90945801482304,0 -91.96694790174803,17.90947290899646,0 -91.96656257839717,17.90955294049065,0 -91.9663649512698,17.90955913583343,0 -91.96609749685416,17.90957726658051,0 -91.96602790535646,17.90958920092552,0 -91.96578926092873,17.90961622467139,0 -91.96543170564507,17.90960793207327,0 -91.9651513522022,17.90965589051424,0 -91.96488120408151,17.90967422017549,0 -91.96474036901331,17.90969829178396,0 -91.9645993274958,17.90972239849681,0 -91.96425710658897,17.90975293365207,0 -91.96408562026248,17.90976823469031,0 -91.96379467280457,17.90974793783426,0 -91.96352154440056,17.9097664688918,0 -91.96318808026599,17.90976719108658,0 -91.96284769825148,17.90969898562087,0 -91.9625967333721,17.90965752153025,0 -91.96236345037848,17.90965494483032,0 -91.9618958526311,17.90964978096568,0 -91.96173379110492,17.90963505586374,0 -91.96133688527048,17.90961770748214,0 -91.9611318331454,17.90962406202939,0 -91.96087113877141,17.90968171854822,0 -91.96047640933917,17.90973378069735,0 -91.96008021480553,17.9097860344441,0 -91.9599937989216,17.90982864709693,0 -91.95711462029524,17.90965825365022,0 -91.95604344884283,17.9098624859272,0 -91.95528163327444,17.90998769016489,0 -91.95511344537341,17.91004381264956,0 -91.95472961328872,17.91010695001009,0 -91.95459112125071,17.91017259477518,0 -91.95418979397297,17.91019574633814,0 -91.953864805186,17.91020622630843,0 -91.95366288421182,17.91025373303685,0 -91.95303825040746,17.91042835531717,0 -91.95089014364784,17.91033260682366,0 -91.95064747532946,17.91044466973211,0 -91.95031047986342,17.91052858473695,0 -91.95015025492683,17.91055470284597,0 -91.94976668473619,17.91058795679412,0 -91.94961977442064,17.91065537364908,0 -91.94923397205361,17.91068910187412,0 -91.94878374191764,17.91070410420186,0 -91.9485451155625,17.91066982236866,0 -91.94826981135645,17.91069972069313,0 -91.94807958832206,17.91064328084686,0 -91.94780778988954,17.91059995905712,0 -91.9477126339052,17.91057172609142,0 -91.94750404408455,17.91054718628806,0 -91.94724440164485,17.91054556155157,0 -91.94711770481997,17.9105076920355,0 -91.94687716076018,17.91047350935512,0 -91.9465417986726,17.9104106353984,0 -91.94638375070855,17.91036303771554,0 -91.9461114457041,17.91031908851446,0 -91.94595335194388,17.91027148260385,0 -91.94577396570668,17.91025690429225,0 -91.94567855911451,17.91022857459146,0 -91.94545649805704,17.91016220220185,0 -91.94517099237783,17.9100768665473,0 -91.94498066040923,17.91001997865921,0 -91.94479032832014,17.90996308842547,0 -91.94467544215915,17.90996658112049,0 -91.94458024109277,17.90993812449026,0 -91.9443580957995,17.90987172966097,0 -91.9441676929671,17.90981481803688,0 -91.94397728939981,17.90975790813197,0 -91.94238854212543,17.90930068590306,0 -91.94091254515205,17.90840120824734,0 -91.93966993065655,17.90736513154037,0 -91.93913846384696,17.90569577419723,0 -91.9391935015428,17.90538554593875,0 -91.93919100853746,17.90505957562412,0 -91.93927477496408,17.9046771442865,0 -91.93918719140707,17.90457335339942,0 -91.93924039612766,17.90410654466148,0 -91.93929328537531,17.90364247688391,0 -91.93937486326161,17.90326906731037,0 -91.9394560482703,17.90289743872345,0 -91.93948352773103,17.90282670152578,0 -91.93953530200668,17.90237003001248,0 -91.93967004540617,17.90186290853901,0 -91.93975168220098,17.90149444916687,0 -91.93986197286139,17.90121304779042,0 -91.93999922971322,17.90086285610069,0 -91.94013277757843,17.90052026658664,0 -91.94021173518308,17.90031713809474,0 -91.94039513805092,17.89984530322416,0 -91.94055155398199,17.89944289167092,0 -91.94068558725115,17.89925701199988,0 -91.94089759940638,17.89887037108451,0 -91.94111141313068,17.89863565685867,0 -91.94137596197696,17.89826886057477,0 -91.94161348945504,17.89797018048901,0 -91.94169358590796,17.89792039247507,0 -91.94195880889738,17.89770541653355,0 -91.94222305562566,17.89749123095666,0 -91.94253633600708,17.89714709260286,0 -91.94269451694512,17.89704899333359,0 -91.94300537737846,17.89670733296365,0 -91.94321165664003,17.89648061298945,0 -91.94333896283909,17.89630306986503,0 -91.94367567298272,17.89604568639029,0 -91.94395728098928,17.8957734537516,0 -91.9443921336257,17.89540715543713,0 -91.94466531768499,17.8949937352516,0 -91.94494267713358,17.89472544481666,0 -91.94534077038233,17.89428751160515,0 -91.94568283181165,17.89383794238447,0 -91.94590202236297,17.89356042271393,0 -91.94615050682847,17.89336069154312,0 -91.94639056880527,17.89302329310775,0 -91.94662937171508,17.89268766325239,0 -91.94682265144431,17.89247528558046,0 -91.94713325815152,17.8920976494172,0 -91.94715519389091,17.89203723095405,0 -91.94733826477176,17.89169132599054,0 -91.94749871208731,17.89140703358034,0 -91.9476800093218,17.89106443479091,0 -91.94775311213571,17.89102035711342,0 -91.94793319114372,17.89067981373035,0 -91.94814245566256,17.89041522262739,0 -91.94839354248593,17.89003315691344,0 -91.94852907937462,17.88981360044184,0 -91.94869381056577,17.88966936977826,0 -91.9489505619825,17.88942450065036,0 -91.94913496020389,17.88922300652267,0 -91.94934854528599,17.88909612201421,0 -91.94972376145878,17.88882749863302,0 -91.94988556227942,17.88868569619451,0 -91.95018830169221,17.8884593570311,0 -91.95054067510142,17.88824758703234,0 -91.95064162590759,17.88827706240813,0 -91.95084115645716,17.88802202742193,0 -91.95114033374023,17.8877974432941,0 -91.95141887831579,17.88763019752376,0 -91.95148836360141,17.88758847673675,0 -91.95172132765101,17.88722913554031,0 -91.95214096630549,17.88680271912524,0 -91.95226599333826,17.88659560296882,0 -91.9522847478507,17.88654033761155,0 -91.95251403921293,17.88618547597304,0 -91.95277289187072,17.88590209408186,0 -91.95296327001178,17.88565898063345,0 -91.95317121571198,17.88536216768015,0 -91.9532076210681,17.88525370346477,0 -91.95345045154829,17.88485085532244,0 -91.95365592112294,17.88455774134145,0 -91.95386038004042,17.88426606797045,0 -91.95397993097298,17.88406757778351,0 -91.95413429192273,17.88376381935323,0 -91.95435370302991,17.88342333760473,0 -91.95453722077401,17.8831895540976,0 -91.95471999641282,17.88295671848503,0 -91.95487112396665,17.88265848439892,0 -91.95497361817064,17.88234738621072,0 -91.95520499726415,17.88196344821566,0 -91.95530611157255,17.88165576953676,0 -91.95539000275014,17.88140050054578,0 -91.95544017538458,17.8812478279507,0 -91.95560422828743,17.88090683669806,0 -91.95578199864801,17.8806813179889,0 -91.95588029059671,17.88038112364117,0 -91.95602535572499,17.88009570096541,0 -91.95612304810933,17.87979697494055,0 -91.95625111727344,17.8795624671591,0 -91.95642541073157,17.87934282719192,0 -91.95647363647743,17.87919476297405,0 -91.95661631136953,17.87891357883034,0 -91.9566958422882,17.87866911297205,0 -91.95677471727014,17.87842671983758,0 -91.95683760024427,17.8782334740742,0 -91.95696227735324,17.87800614737644,0 -91.95705646317407,17.87771621897931,0 -91.95710395772981,17.87756989762545,0 -91.95721278965952,17.87723488016986,0 -91.95732066698952,17.87690289789056,0 -91.95738205267273,17.87671399201924,0 -91.95750423821919,17.87633799782506,0 -91.9576256723456,17.87596429945277,0 -91.95767115227379,17.87582430996074,0 -91.95776179798756,17.8755453012438,0 -91.95780699030165,17.87540618282891,0 -91.95788223567882,17.8751745247292,0 -91.95789724999287,17.87512830183411,0 -91.95789675799543,17.8748256868721,0 -91.95791127206782,17.8746296684797,0 -91.95797068795105,17.87444749784619,0 -91.95802930612315,17.87411712355993,0 -91.95799857389268,17.87391071007976,0 -91.95805688125532,17.87358307087565,0 -91.95805559214996,17.87328892103092,0 -91.95803968956388,17.87304044417765,0 -91.95797952082806,17.87277958323989,0 -91.95794940497449,17.87257642082679,0 -91.95788990266563,17.87231639507221,0 -91.95788978546324,17.87202544458372,0 -91.95772794366034,17.87178497697558,0 -91.95768375615233,17.87162827656494,0 -91.95755183219393,17.8713027067808,0 -91.95744963028348,17.8710346833475,0 -91.9573478017555,17.87076763735637,0 -91.95728971509102,17.87065583570222,0 -91.95711596497078,17.87032141014257,0 -91.95702937442644,17.8701547445026,0 -91.95692889978446,17.86989084438492,0 -91.95687213139293,17.8696409372088,0 -91.95680094724885,17.86943373708082,0 -91.95665819719285,17.86915946490231,0 -91.95657289690944,17.86899516835111,0 -91.95644475704556,17.8688181256882,0 -91.95637479129807,17.86861284692148,0 -91.95624720085895,17.86843668496667,0 -91.9561496345386,17.86817831680202,0 -91.95612156605578,17.8681242075819,0 -91.95599633750464,17.86781333746597,0 -91.95581496124159,17.86753033732755,0 -91.95577235424874,17.86751731865519,0 -91.95571989563368,17.86727352900014,0 -91.95550966765052,17.86707393108791,0 -91.95538395506975,17.86690190693291,0 -91.95517265122122,17.86670592213294,0 -91.95505938699262,17.86662851815181,0 -91.95491859220034,17.86649853034449,0 -91.95482113714483,17.86638046671548,0 -91.95451185326795,17.8661988599285,0 -91.95435737786653,17.86610815444293,0 -91.9542183722443,17.86597755803908,0 -91.95405273916256,17.86579448771598,0 -91.95378764930405,17.86562597947688,0 -91.95369193805342,17.86550842475879,0 -91.95358079203257,17.86543070866022,0 -91.95334309799104,17.86531505704697,0 -91.95317920843708,17.86513307313425,0 -91.95295695026543,17.86497909724984,0 -91.9527193540862,17.86486448305443,0 -91.95265088366844,17.86479996486333,0 -91.95237180591863,17.86467257095046,0 -91.95231943284129,17.86456902869703,0 -91.95216666198246,17.86447989608299,0 -91.95194576402996,17.86432673506904,0 -91.95183542886694,17.86425023315837,0 -91.95165711184214,17.86410983956234,0 -91.95147923200953,17.86396945052498,0 -91.9513017415109,17.86382918364153,0 -91.95108255713015,17.86367660631875,0 -91.95101500233778,17.86361291059015,0 -91.95085450557235,17.8634345893278,0 -91.95067795370376,17.86329510591906,0 -91.95051056090634,17.86324516610887,0 -91.95040152480709,17.86316927457998,0 -91.95020893215076,17.86306847585786,0 -91.95005827898999,17.86298021115879,0 -91.94984927752098,17.86291783869861,0 -91.94964027575718,17.86285546588906,0 -91.94948168044517,17.86267845281878,0 -91.94923114287755,17.86260368419759,0 -91.94693614308753,17.86222180621641,0 -91.9454906912466,17.86244479191738,0 -91.94512229504211,17.86251052743918,0 -91.9449166230872,17.86253717198146,0 -91.94460756845001,17.86257721018509,0 -91.94450475469665,17.86259044706554,0 -91.94434013593954,17.86262995315361,0 -91.94400895326801,17.86261782807678,0 -91.9438258978777,17.86269560302319,0 -91.94349229836423,17.86268416245587,0 -91.94328514514839,17.86271075945292,0 -91.94299706524818,17.86280216546817,0 -91.94272748689612,17.86285498923027,0 -91.94258095992475,17.86285566079889,0 -91.94227164034068,17.86298644598435,0 -91.94195796407595,17.86302686539287,0 -91.94179044265695,17.86306686000879,0 -91.94155765864099,17.86313430661267,0 -91.94134450569771,17.86316263668616,0 -91.94113376722888,17.8632822431031,0 -91.94091976459976,17.86331075628128,0 -91.94068494680107,17.86337878308558,0 -91.94028202932428,17.86348665590836,0 -91.94013419866575,17.86357979885324,0 -91.93989960240586,17.86364757003396,0 -91.939835591411,17.86367450327099,0 -91.93960023619786,17.86374252037954,0 -91.93921502664396,17.86390455186561,0 -91.93900020621309,17.86393272210363,0 -91.93874289212982,17.86404088623618,0 -91.93865617729848,17.8640150833953,0 -91.93837554734284,17.86407064829869,0 -91.93809491085676,17.8642195950083,0 -91.93787793551903,17.8642482482275,0 -91.93748678553895,17.86441231127936,0 -91.93729019374503,17.86449475248356,0 -91.93702657344295,17.86460528633067,0 -91.93682833798971,17.8647826375313,0 -91.93660853598975,17.86481201389017,0 -91.93638829317199,17.86493591759826,0 -91.93603673063944,17.86511515987732,0 -91.935949258371,17.86518350303412,0 -91.93570875011962,17.86534792727139,0 -91.93541580008771,17.86550276000072,0 -91.93512171997823,17.86565819334274,0 -91.93480294419737,17.8658560187399,0 -91.93461934117009,17.86599718271304,0 -91.9344590898035,17.86609669478077,0 -91.93411704150863,17.86624089222035,0 -91.93406942708577,17.86632512875833,0 -91.93383940709363,17.86645432680494,0 -91.93356390504188,17.86657062432069,0 -91.93328890084928,17.86668672196773,0 -91.93308210324477,17.86677402427886,0 -91.93285051271059,17.86690413053164,0 -91.93261878820891,17.86703439904653,0 -91.9324356022735,17.8670793758643,0 -91.93213359946655,17.86723940739537,0 -91.93203888305854,17.86731193692017,0 -91.93180376845521,17.867443881828,0 -91.93140191842015,17.86767913004149,0 -91.93099262628684,17.86801631173055,0 -91.93084527922936,17.86817745960498,0 -91.93064663033833,17.86842673702135,0 -91.930549780926,17.86850099741257,0 -91.93040134738283,17.86866351454402,0 -91.93027242090474,17.86888446023081,0 -91.93007113441026,17.86913701596393,0 -91.92994101640078,17.8693598207307,0 -91.92981038780815,17.86958349324477,0 -91.92958689146781,17.8697804597687,0 -91.92942864071507,17.87005100156681,0 -91.92929618675414,17.87027742236686,0 -91.92921647188913,17.87041369963411,0 -91.92910301874605,17.87070110988001,0 -91.92894237730863,17.87097595068786,0 -91.92875400067314,17.87129823974437,0 -91.92853783859894,17.87166855134656,0 -91.92832039093153,17.87204116550491,0 -91.9280804385341,17.87235572977967,0 -91.92783202629323,17.87278035934433,0 -91.92772915810649,17.87286097844912,0 -91.92745876542823,17.87322735514832,0 -91.92734674116016,17.87341853885297,0 -91.92729059439358,17.87351436408876,0 -91.92696942112674,17.87387062876466,0 -91.92675115660798,17.87414649928634,0 -91.9265031825548,17.87447243631498,0 -91.9263308359356,17.87476561878158,0 -91.92595568675971,17.87511487464932,0 -91.92592776215557,17.87516355374705,0 -91.92569870523751,17.87555705360647,0 -91.92566931150508,17.87560678587272,0 -91.92544391305512,17.87589143764922,0 -91.92526604464024,17.87619215421918,0 -91.92511714166324,17.8764438950487,0 -91.92490745433179,17.87679819462075,0 -91.92469139390948,17.87715759376874,0 -91.92459091884156,17.87742720565231,0 -91.92458236755196,17.87754292231322,0 -91.92450115947075,17.87787999077142,0 -91.92445963798129,17.87804961350979,0 -91.92442578212088,17.8784050385846,0 -91.92435352933006,17.87862805422275,0 -91.92434983496102,17.87893406109327,0 -91.92426567488489,17.87927897130123,0 -91.92422343437441,17.87945207902321,0 -91.92410788746517,17.87985262908133,0 -91.9241655396835,17.88005731572781,0 -91.92409904681918,17.88047683298728,0 -91.9240852398146,17.88091222663482,0 -91.9241530557631,17.88131114966483,0 -91.92415077310883,17.88162731285023,0 -91.92412867811579,17.88187508841543,0 -91.9241574520846,17.88213889507776,0 -91.92407311495663,17.88249817980806,0 -91.92408721938357,17.88289239321931,0 -91.92409279682465,17.88309136306675,0 -91.9240336576536,17.88340368944641,0 -91.92402088445621,17.88353159100861,0 -91.9240867043446,17.8839465994643,0 -91.92411349956049,17.88421939472741,0 -91.9241601054613,17.88456557805687,0 -91.92416735487527,17.88476789153532,0 -91.92421442670273,17.88511635413652,0 -91.92421043038863,17.88545021571529,0 -91.92422651271464,17.88585905092856,0 -91.924315152924,17.88635959597634,0 -91.92424678008535,17.88681618408933,0 -91.92422293248757,17.88708247261838,0 -91.92432530908246,17.88745571224459,0 -91.92435496474783,17.88773954773572,0 -91.9245127807466,17.88812997527174,0 -91.92454433481913,17.88841479966234,0 -91.92472681294321,17.88875576267427,0 -91.92468251025097,17.88895261276572,0 -91.92490390414177,17.88923007989558,0 -91.92517912215163,17.8895243518397,0 -91.92532750761112,17.88971027256735,0 -91.92556927144396,17.89006934825935,0 -91.92557921257085,17.89028552810486,0 -91.92569502573633,17.89053571935822,0 -91.92578304041685,17.89084439939482,0 -91.92579682761155,17.8910592255555,0 -91.92590780797877,17.89144727079744,0 -91.9259292328897,17.89188704372351,0 -91.92590714103537,17.89217110219203,0 -91.92591788323172,17.89239268704221,0 -91.92581848221378,17.89294977893828,0 -91.92576187841978,17.89330303742224,0 -91.9256832257205,17.89357741292647,0 -91.92556977523179,17.89391876042515,0 -91.92546432588962,17.89425291405164,0 -91.92539064595735,17.89452456647815,0 -91.92525006146825,17.89492767502982,0 -91.92505158170287,17.89531834892461,0 -91.9249186486595,17.89557998449562,0 -91.92468486850636,17.89604013941245,0 -91.92450895935491,17.89637905767493,0 -91.92430368927312,17.89664342277875,0 -91.92416206862943,17.89691654762922,0 -91.92391173637367,17.89715289397125,0 -91.92377392418253,17.89742258833793,0 -91.92355954155096,17.8975898927822,0 -91.92314363338048,17.89801807452308,0 -91.92301593568642,17.89813885308325,0 -91.92261021409479,17.89841687879115,0 -91.92229715368158,17.89864200780885,0 -91.92194683362882,17.89893731799972,0 -91.9216105119111,17.89907773754369,0 -91.92122607742253,17.89927222655347,0 -91.92001669890273,17.89999546994218,0 -91.91890642723646,17.90036850030162,0 -91.91852708686935,17.90050681543588,0 -91.91803015335215,17.90071207326526,0 -91.91761462708705,17.90079130630308,0 -91.91743928297571,17.9008913803162,0 -91.91687148584057,17.9009770582017,0 -91.9166294443724,17.90095580846461,0 -91.91637400713553,17.90098154025324,0 -91.91588890485005,17.90093863694285,0 -91.91555433487277,17.90088987507983,0 -91.91514619978284,17.90092209680975,0 -91.91462705514211,17.90081884269889,0 -91.91412569527206,17.90082111294657,0 -91.91388208254335,17.90079653553171,0 -91.9136064441232,17.90071216871149,0 -91.91322356998137,17.90065212353354,0 -91.91284010255444,17.90059315190394,0 -91.91265560745822,17.90053974587301,0 -91.91219465103732,17.90040460481306,0 -91.91187231663928,17.9003084986326,0 -91.91168812778453,17.90025358122973,0 -91.91150393375261,17.90019866567985,0 -91.91127369803593,17.90013002241966,0 -91.91093592035037,17.8999261124604,0 -91.91067522592778,17.89979684337523,0 -91.91062923144567,17.89978313004769,0 -91.91041472622436,17.89966766950559,0 -91.91013885562242,17.89958541986388,0 -91.90984836158592,17.89939590937454,0 -91.90949660114275,17.8992396420753,0 -91.90942056122948,17.89916561570245,0 -91.90920689942205,17.89905059564947,0 -91.90894751530656,17.89892198226938,0 -91.90880988799715,17.8988809500689,0 -91.90832145372485,17.89868409000323,0 -91.90826216387862,17.89856404139147,0 -91.90786608753463,17.89839482809719,0 -91.90772866318403,17.89835385831168,0 -91.9074245120772,17.89821208669531,0 -91.90714976852244,17.8981301742081,0 -91.90683358252763,17.89788285639924,0 -91.90660488334812,17.89781467195079,0 -91.90631846986865,17.89762743162501,0 -91.90618135044626,17.89758655082947,0 -91.9060155055718,17.89748624111006,0 -91.90571276362503,17.89734515614743,0 -91.90544458462708,17.89711293316233,0 -91.90541613059277,17.89705376668385,0 -91.90517699244961,17.89688121886842,0 -91.90486446326,17.89663643826959,0 -91.90459802950849,17.89640582722822,0 -91.90438764554534,17.89629359381666,0 -91.90407652740613,17.89605036961934,0 -91.90370323976951,17.89583873437961,0 -91.90353947690453,17.89573979746677,0 -91.90318488346162,17.89548387354087,0 -91.90294895984346,17.89531351489441,0 -91.90271338080341,17.89514340404509,0 -91.9023606560459,17.89488870043717,0 -91.90209893156722,17.8946615271639,0 -91.90181956790757,17.89447890247888,0 -91.90160393969168,17.89426604760367,0 -91.90146044478759,17.89412439875901,0 -91.90113740855004,17.8939290610656,0 -91.90094989618001,17.89377408153311,0 -91.9008709750012,17.8936025562634,0 -91.90065702403386,17.89339182655044,0 -91.90042532198916,17.89322454732572,0 -91.90032085947001,17.89299767962921,0 -91.90010859048495,17.89278791673696,0 -91.90000456383311,17.8925624728259,0 -91.89976707094728,17.89229776229017,0 -91.89961936095024,17.89206034316295,0 -91.89943445957772,17.89190866377414,0 -91.89919871194819,17.89164571291119,0 -91.89917296579314,17.89159019656924,0 -91.89902589251284,17.89135521360829,0 -91.89888069968565,17.8911198526406,0 -91.89869220622029,17.8908716432624,0 -91.89855384377213,17.89073472111465,0 -91.89850972329965,17.89072149159681,0 -91.89839073171659,17.8905429447902,0 -91.89813412079377,17.89022874571786,0 -91.89807902321921,17.89002285884385,0 -91.89796092015739,17.88984586195059,0 -91.89779919205316,17.88965613028693,0 -91.89768163982065,17.8894799096337,0 -91.89750120105808,17.88933210933119,0 -91.89736479263574,17.88919759545779,0 -91.89713627377904,17.88894219914429,0 -91.896981146104,17.88884899122681,0 -91.89684545233786,17.88871516396962,0 -91.89668888269635,17.88862298812585,0 -91.8964640425026,17.8884644851144,0 -91.89619707251573,17.88829260088189,0 -91.89615334044333,17.88827964675594,0 -91.89582325761099,17.88813551960482,0 -91.8956682168901,17.88804326730149,0 -91.89546958543445,17.88793813282845,0 -91.89522739369495,17.88782011789026,0 -91.89516023282405,17.8877538449017,0 -91.89487349032983,17.88762351369613,0 -91.89469857867216,17.88757189511427,0 -91.89451994052835,17.88742719304081,0 -91.8944764168872,17.88741422316506,0 -91.89414856301919,17.8872703810076,0 -91.89406155419194,17.88724444727665,0 -91.89386551612702,17.88713918759644,0 -91.89364909979355,17.88707400740594,0 -91.89334614966501,17.88698276241026,0 -91.893087299407,17.88690428287379,0 -91.89283006848598,17.88682526795052,0 -91.89256840023023,17.88674780318381,0 -91.89230585526843,17.8866706375048,0 -91.89195536176517,17.88666090349229,0 -91.89167321733973,17.88662289947062,0 -91.8912828081253,17.88659867126726,0 -91.89123930622763,17.88658566982836,0 -91.89082683197813,17.88660130989078,0 -91.89074019754629,17.88666819022245,0 -91.89054427223257,17.8866560641152,0 -91.89023914908245,17.88665790643503,0 -91.88993547111424,17.88675228582357,0 -91.88965093808112,17.88680748087854,0 -91.88942847653024,17.88692992431674,0 -91.88796814933515,17.88756005221091,0 -91.88320614489906,17.88864584055808,0 -91.87712172227171,17.89002833305135,0 -91.87309460972136,17.89092800640592,0 -91.87277950243421,17.89099696522139,0 -91.87246287576308,17.89106841474804,0 -91.87237350880214,17.89104152226374,0 -91.87194983946931,17.89113704146331,0 -91.87170933591167,17.89112054245298,0 -91.87155822079885,17.89113099680956,0 -91.87122769185885,17.89108750296707,0 -91.87086916010369,17.89097959595463,0 -91.87073471622396,17.89093913191083,0 -91.87037609303273,17.89083157951719,0 -91.87024128232868,17.89079211749574,0 -91.86979187901578,17.89066056222605,0 -91.86938769933585,17.89054134574947,0 -91.86895683646009,17.8903577044973,0 -91.86867873499143,17.890164307856,0 -91.86847269384795,17.89004773995766,0 -91.86816874583872,17.88979186291374,0 -91.86765046477871,17.88958233347408,0 -91.86756138286434,17.88955505552451,0 -91.86737501709229,17.889389017209,0 -91.86710637040642,17.88931056952906,0 -91.86683079472083,17.88911934780944,0 -91.86664527388272,17.88895425543235,0 -91.86623760599028,17.88872268521477,0 -91.86576113502784,17.88841564259624,0 -91.86544231628838,17.88821456378681,0 -91.86510639759592,17.88805964319502,0 -91.86490499494175,17.88794283203778,0 -91.86438514815347,17.88762831420038,0 -91.86429645176719,17.88760191082213,0 -91.86409445131689,17.88748767734628,0 -91.86371539808405,17.88732079164709,0 -91.86355812253964,17.88721996299558,0 -91.86333248992554,17.88704491698276,0 -91.86313136141312,17.88693118051351,0 -91.862906403183,17.88675661942008,0 -91.86261384421071,17.88650849332439,0 -91.86216938913529,17.8862690609282,0 -91.86207825076785,17.88613481865029,0 -91.86172316932657,17.88592222795874,0 -91.86132461456592,17.88569703767796,0 -91.86088414202089,17.88545765180354,0 -91.86050833224843,17.88518639689092,0 -91.86000457835902,17.88498143675474,0 -91.85945206500561,17.88466272735069,0 -91.85901392638175,17.88453245107471,0 -91.85857590078163,17.88429654944979,0 -91.85818201517927,17.88417931674621,0 -91.85785409184197,17.88402902052414,0 -91.8575478662337,17.8839378775562,0 -91.85706665227184,17.88379465416504,0 -91.85684791844992,17.88372955337434,0 -91.85645458419056,17.88361201819891,0 -91.85610506491024,17.88350746083873,0 -91.85566738740462,17.88337745608745,0 -91.85531723541204,17.88327345062313,0 -91.85479200861344,17.88311743948151,0 -91.85426683949932,17.88296137400098,0 -91.85378531211896,17.88281838330657,0 -91.85347924875927,17.88272710616748,0 -91.85317310858989,17.88263588347813,0 -91.85277937113256,17.88251870761363,0 -91.8523610380612,17.88244690878744,0 -91.85222973539135,17.88240783314262,0 -91.85191752850821,17.88242045325195,0 -91.85153591263854,17.88246553200354,0 -91.85137923284215,17.882471878583,0 -91.85119721821881,17.88252380026363,0 -91.85074423386372,17.88260174173632,0 -91.85037779511832,17.8827061860845,0 -91.85019409141951,17.88275854661793,0 -91.84985167023274,17.88281754079571,0 -91.84959680054129,17.88290301706047,0 -91.84927064752216,17.8830217714381,0 -91.84887216006121,17.88317428639878,0 -91.84859677805355,17.88320104019682,0 -91.84838218588403,17.88330146882453,0 -91.84826702266284,17.88332105141644,0 -91.84800779524119,17.88340801836996,0 -91.84763130520652,17.88351546166356,0 -91.84735320148496,17.88354268085686,0 -91.84719160926778,17.88354964258582,0 -91.84685724931921,17.88367103118831,0 -91.84661141042085,17.88381961459439,0 -91.84109091312925,17.88460646605121,0 -91.83612613552231,17.88657659998848,0 -91.83581004744006,17.88676083695372,0 -91.83534385156035,17.8869960017135,0 -91.83518425985937,17.88708933310753,0 -91.8346285859467,17.88730123967213,0 -91.83420912170416,17.88750790554339,0 -91.83404698830849,17.88760142256644,0 -91.83352660998379,17.88782308857001,0 -91.83329696876658,17.88799490493223,0 -91.83297998564157,17.88814151617562,0 -91.83251998206431,17.88829486438646,0 -91.83237810627668,17.88830102311611,0 -91.83218804279825,17.88848795660203,0 -91.83187364532351,17.88878599539856,0 -91.83154484610324,17.88913176774497,0 -91.83135141555921,17.88932203186886,0 -91.830930937822,17.88964536785413,0 -91.83073516478565,17.88983775021983,0 -91.83053859527874,17.89003091530573,0 -91.83022642376059,17.89029427973175,0 -91.83009853202084,17.89040829835598,0 -91.82969964839639,17.89079917859175,0 -91.82938279337249,17.89106407815949,0 -91.82929751315173,17.89119324209483,0 -91.82915364389814,17.89135708626413,0 -91.82890586895316,17.89154266417956,0 -91.82858450706364,17.89181023835905,0 -91.82824732230959,17.89212691791832,0 -91.82806951766995,17.8922309930146,0 -91.82775787626956,17.89245353975931,0 -91.82734108753004,17.89285904492177,0 -91.82693410737106,17.8930593025888,0 -91.82628171834899,17.89340469341058,0 -91.82589962067462,17.89367223889345,0 -91.82562193304453,17.89392230428589,0 -91.82534322941505,17.89417182898239,0 -91.8251415517811,17.89433301645342,0 -91.82487712461125,17.8945310030315,0 -91.82464193751207,17.89479453351049,0 -91.82431241987906,17.89503173786191,0 -91.82393453213095,17.89525628413895,0 -91.82345779117152,17.8956231165095,0 -91.8230583330437,17.89590263490898,0 -91.82267362895509,17.89613155945223,0 -91.82246326353048,17.89629885547985,0 -91.82205786243713,17.89658246601865,0 -91.82186304674008,17.89669850386005,0 -91.82158486672095,17.89690634576107,0 -91.8213709922711,17.89707604282593,0 -91.82126968792089,17.89722136142735,0 -91.82095910175799,17.89736384300927,0 -91.82077265186898,17.89760316225949,0 -91.82044142268364,17.89780109302277,0 -91.82029004080078,17.89793442919065,0 -91.81997525829375,17.89807965450313,0 -91.81980403266603,17.89826802623367,0 -91.81943897044107,17.89840011509477,0 -91.81916940533995,17.89856119685454,0 -91.81866621289625,17.89877528868975,0 -91.81837375084835,17.89899453828618,0 -91.81807116387355,17.89908892990258,0 -91.81774802072523,17.89923854538736,0 -91.8174440121383,17.89933270825727,0 -91.81707904680106,17.89959276184839,0 -91.81679401004816,17.8996305442236,0 -91.81648830334245,17.89972344713013,0 -91.81628014234244,17.8998455095764,0 -91.81599304667071,17.89988444725665,0 -91.81571202644946,17.90005177000921,0 -91.81545111790734,17.90016334314835,0 -91.81506909744185,17.90030297808676,0 -91.81492747539262,17.90038675425016,0 -91.81456605785809,17.90046853093041,0 -91.81428102538112,17.90063690064518,0 -91.81398921548467,17.90067702677998,0 -91.81381811582398,17.90069002322647,0 -91.81218923875959,17.9005932042711,0 -91.81070080903643,17.89919526730413,0 -91.81050368308611,17.89913544467248,0 -91.81027846156965,17.8990079765634,0 -91.80995619425774,17.89884892110343,0 -91.80975855281731,17.89866097286477,0 -91.80968262265358,17.89844858862889,0 -91.80938812247942,17.8982309132873,0 -91.8093379363043,17.89808999324648,0 -91.80923784971354,17.89780892487535,0 -91.80911443782129,17.89758359611895,0 -91.80903988460913,17.89737407004452,0 -91.80905435597683,17.89695558592281,0 -91.80892751281826,17.89673842591809,0 -91.80884916698508,17.89628918869368,0 -91.80884533423051,17.89580117362944,0 -91.80888891143283,17.89521022898758,0 -91.80895575283485,17.89457171071967,0 -91.80904764504803,17.89412389021233,0 -91.80904447941317,17.89376889484443,0 -91.80915873454875,17.89327504547623,0 -91.80920158862541,17.89282216438169,0 -91.80926962323784,17.8925529485516,0 -91.80928867353194,17.89215591677583,0 -91.80942437400473,17.89173898908948,0 -91.80950935221612,17.89108422940763,0 -91.80957712997939,17.89093544912169,0 -91.80968807654918,17.89057595022722,0 -91.80975197000137,17.89020479939628,0 -91.80979150163022,17.889773495037,0 -91.80976415927468,17.88948998997337,0 -91.80975568123779,17.88894029039615,0 -91.80977379121748,17.88867456900518,0 -91.80972613023151,17.88844174051579,0 -91.80972048273486,17.88811730289152,0 -91.8096229539521,17.88765918549069,0 -91.80964336785757,17.88750504899735,0 -91.80956694714391,17.88689834591211,0 -91.80944756103871,17.8863889906037,0 -91.8094202406742,17.88601470869485,0 -91.80943653402029,17.8855518379267,0 -91.8094310648854,17.88513735284894,0 -91.80938245575297,17.88481502658482,0 -91.80939872384704,17.88436082915962,0 -91.8093947503997,17.88405548036561,0 -91.80939056727411,17.88375178045989,0 -91.80938582243043,17.88334850994105,0 -91.80935941114683,17.88309237671157,0 -91.80874089780765,17.88132554887455,0 -91.80873350918549,17.88080669177959,0 -91.80874401541797,17.87997126331314,0 -91.80867006432294,17.87952501759894,0 -91.80867360909815,17.8792435866258,0 -91.80858619306807,17.878867852112,0 -91.80858988655741,17.87858895688439,0 -91.80852727995675,17.87836234050073,0 -91.80849674697221,17.87772988202267,0 -91.8083067656423,17.87733716684032,0 -91.80824506680656,17.87711999992055,0 -91.80821162353411,17.8767780474071,0 -91.80798585395773,17.87630865211508,0 -91.807887534127,17.87601622764366,0 -91.8077754424086,17.87578445660722,0 -91.80766366849606,17.87555256231638,0 -91.80756643721445,17.87525829575014,0 -91.80740410919631,17.87501172725917,0 -91.80730767699299,17.87471923653029,0 -91.80714623583819,17.87447440414213,0 -91.80691212858892,17.87407764772178,0 -91.80689003776811,17.87394058874514,0 -91.80660650335895,17.8735312881011,0 -91.80630285230124,17.87298844757109,0 -91.8061590815492,17.87268838374067,0 -91.80594441315755,17.87224034827559,0 -91.80571616809529,17.87185396211579,0 -91.80553910491646,17.87148421934341,0 -91.80533309308043,17.87123347028492,0 -91.80522766991633,17.87101307624424,0 -91.80500270237472,17.87063228542084,0 -91.80487832643242,17.87028275074232,0 -91.80460549264053,17.86989059323224,0 -91.80446745398039,17.86960158985419,0 -91.80423090282737,17.86928434538544,0 -91.80409402748629,17.8689976535653,0 -91.80390832402257,17.86869727640233,0 -91.80367405583685,17.86838336902708,0 -91.80347151539209,17.86795829756158,0 -91.80323907282065,17.86764710951445,0 -91.80317212726111,17.8675064526891,0 -91.80295642901466,17.86714141372012,0 -91.80269293988462,17.86676353414677,0 -91.80252790006654,17.86641618219313,0 -91.8023478351992,17.86612500872907,0 -91.80208739001911,17.86575128966972,0 -91.801989953278,17.8655439384147,0 -91.8019573956385,17.86547565915703,0 -91.80173077385743,17.8651750136557,0 -91.80156968096489,17.86501001311808,0 -91.80134464115834,17.86470944685659,0 -91.80116845441391,17.86442418484378,0 -91.80108846994023,17.86434233888915,0 -91.80080095515495,17.86408299214468,0 -91.80073753686725,17.86394839009907,0 -91.80048263693156,17.86375716988005,0 -91.80025965353356,17.86363307024421,0 -91.80010125148846,17.86347048396197,0 -91.79984755529466,17.86327977736021,0 -91.79970646459988,17.86306526133317,0 -91.79948460500265,17.86294190050702,0 -91.79937509927016,17.86279464980612,0 -91.79896632746032,17.86244444966216,0 -91.79880993601697,17.86228417035487,0 -91.7986196796536,17.86222800122523,0 -91.79854166751525,17.86214798971468,0 -91.79830394353567,17.86207780406749,0 -91.79813105199958,17.86196982728221,0 -91.79798847486988,17.86192773239573,0 -91.79626626617105,17.86130497421938,0 -91.79409204015418,17.85992695699201,0 -91.7935710497518,17.85977612558715,0 -91.79318623865402,17.85954667176565,0 -91.79295055325751,17.85947651697232,0 -91.79263987018763,17.85932842257757,0 -91.79242369840468,17.8592084054302,0 -91.79211350047616,17.85906055152915,0 -91.79185065545799,17.85892678586897,0 -91.79158803458357,17.85879313334013,0 -91.79130564146624,17.85870938112837,0 -91.7910365337858,17.85846256465792,0 -91.79086867623616,17.85835720608162,0 -91.79046612634956,17.85818229335412,0 -91.79020475881126,17.85804930367846,0 -91.78999053833368,17.85793034313529,0 -91.7899846203576,17.85781787179983,0 -91.7896331391229,17.85765356247277,0 -91.78937431351827,17.85751904807956,0 -91.78890055245002,17.85726889028509,0 -91.78859426210917,17.85712258643578,0 -91.78854749039037,17.85710870501568,0 -91.78835630749987,17.85694132679456,0 -91.78805065436443,17.85679535727914,0 -91.78774552343739,17.85664921708993,0 -91.78741998253992,17.85655077623081,0 -91.78718759679023,17.85648034372216,0 -91.78676165677105,17.85636188422225,0 -91.78643438172048,17.85626529874566,0 -91.78615384651897,17.85618250901382,0 -91.7856389917206,17.85603124400887,0 -91.78540448068033,17.8559629450927,0 -91.78514633392196,17.85583195680859,0 -91.78500645555582,17.85579022710531,0 -91.78468007439153,17.85569285685996,0 -91.78446966536701,17.85557526463483,0 -91.78428324051062,17.85551965110206,0 -91.78402651071062,17.85538828726748,0 -91.78379296834707,17.85520921134659,0 -91.78349025917285,17.85506427361309,0 -91.7832808889943,17.85494714693628,0 -91.78295545079348,17.85484998944451,0 -91.78276863769206,17.85468645342242,0 -91.78237373214785,17.8545145272705,0 -91.78204805992782,17.85431019003388,0 -91.78190936170228,17.85416074351601,0 -91.78158521322167,17.85395656969481,0 -91.78133182070621,17.85371958135459,0 -91.78121659578385,17.85363156552777,0 -91.78098799917927,17.85334873059695,0 -91.78094173311544,17.85333503153403,0 -91.78073618475736,17.85311327536207,0 -91.78062174204973,17.85302570677205,0 -91.78039398634216,17.8528501685304,0 -91.78023367870443,17.85274916935801,0 -91.78012153583771,17.85255622752696,0 -91.77996204005429,17.85245521700182,0 -91.77978079572107,17.85229481719834,0 -91.77955666710093,17.85201586605086,0 -91.77949182844516,17.85183812397519,0 -91.77935778738753,17.85169222812674,0 -91.77938214570223,17.85164674622082,0 -91.77930329137972,17.85120238536003,0 -91.77926717838471,17.85087785144239,0 -91.77922810672604,17.85065786312796,0 -91.77927962094255,17.85046571647408,0 -91.77923752692375,17.8503495632133,0 -91.77933705929644,17.85006979971429,0 -91.77940916395021,17.849937180108,0 -91.77943905899511,17.84968994035654,0 -91.77955852285677,17.84947057996896,0 -91.77960896889655,17.84928231892521,0 -91.77972765484125,17.84906458280995,0 -91.77973303138297,17.84886430735597,0 -91.78047894801152,17.84769012675547,0 -91.78142503299554,17.8461911553616,0 -91.78148053731228,17.84601229353554,0 -91.7818319320823,17.84567923372701,0 -91.78189706766425,17.84560181108985,0 -91.78204057792502,17.84540319944075,0 -91.78224544199597,17.84527167609347,0 -91.78267966830069,17.84492244811439,0 -91.78299655927873,17.84468407087695,0 -91.78323559558787,17.84456585021292,0 -91.7834238268335,17.84447962394045,0 -91.78372457725604,17.84428508946584,0 -91.78377455949705,17.84425276037887,0 -91.78397389240601,17.84412475435495,0 -91.78428397226836,17.84389162031709,0 -91.78450609717434,17.84368056744566,0 -91.78476414211329,17.84348116040783,0 -91.78514264165347,17.84313579474286,0 -91.78553134478554,17.8428871116544,0 -91.7858080583902,17.8426074928315,0 -91.78586784449645,17.84253515261246,0 -91.78610607160921,17.84224690735848,0 -91.78634283973038,17.84196042609116,0 -91.78664797176154,17.84156401973484,0 -91.78698653079141,17.84118158481619,0 -91.78718207814592,17.8408909583551,0 -91.78736562568425,17.8406420749444,0 -91.7876266634634,17.84024607815559,0 -91.78781460014781,17.83983232361739,0 -91.78793814346005,17.83965682013948,0 -91.78803632287955,17.83943246294518,0 -91.78831200992768,17.83896875822377,0 -91.7885150678992,17.83848880969103,0 -91.7886410949298,17.83815525083298,0 -91.78876628981652,17.83782389234709,0 -91.78887079921452,17.83756996002697,0 -91.78909310061684,17.83715081337803,0 -91.78918630194129,17.83693750703788,0 -91.7893231554684,17.83669830511811,0 -91.78941965236589,17.83632969826115,0 -91.78955909423188,17.83593740349844,0 -91.78968799525941,17.83558436875269,0 -91.7898311060885,17.83531580554891,0 -91.78996749839773,17.83493152310866,0 -91.79008441686413,17.8346211565403,0 -91.79019144627202,17.834348037321,0 -91.79037382387277,17.83406120070975,0 -91.79046140201419,17.83386109657988,0 -91.79050634672365,17.83368675955311,0 -91.79058438203538,17.83352288899534,0 -91.7906378499826,17.83331520185897,0 -91.79071763188458,17.83300529965177,0 -91.79076173925685,17.83283397103212,0 -91.79088237075061,17.83250256013179,0 -91.79089110005624,17.83246857671054,0 -91.79135104525459,17.83095093873763,0 -91.79158695694225,17.82888673150735,0 -91.79165205051621,17.82840454545446,0 -91.79178059466861,17.82769502006096,0 -91.79186592909448,17.82714283823176,0 -91.7919717874705,17.82651836103855,0 -91.79213936891328,17.82591622946505,0 -91.7921813606134,17.8252820453132,0 -91.7922227616709,17.82465398454663,0 -91.7922226947593,17.82417666304686,0 -91.79220205624519,17.82377471392891,0 -91.79224306991701,17.82315642582815,0 -91.79216126403405,17.82273972401542,0 -91.79210036359079,17.82225218450979,0 -91.79214148255473,17.82187487605678,0 -91.79210106996867,17.82155246101747,0 -91.79202030197276,17.82114191199982,0 -91.79194029700021,17.82050287782445,0 -91.7919610577153,17.82020285578005,0 -91.79186082175433,17.81986797092173,0 -91.7918614979971,17.81963907410437,0 -91.79182302248805,17.81909474869091,0 -91.79180419691939,17.81871076637755,0 -91.79168463300387,17.81845044687089,0 -91.79164561796418,17.81813930401515,0 -91.79152749391778,17.81765700361482,0 -91.79144838554859,17.81748511985281,0 -91.79121180500722,17.81697110253671,0 -91.79107504851629,17.81656198206757,0 -91.79080137322258,17.81596766801926,0 -91.7906090133711,17.8153261809657,0 -91.79051541355415,17.8147899771102,0 -91.79038389195138,17.81417331223188,0 -91.79032986493905,17.81372598696833,0 -91.79017937530197,17.81318108776025,0 -91.79012601205497,17.81273877304336,0 -91.78999712200617,17.81213489896041,0 -91.78992697980297,17.81155206657495,0 -91.78988927947131,17.81147083229312,0 -91.78991503894524,17.81099008940787,0 -91.78983991060076,17.81082862034366,0 -91.7897289446388,17.81038505247929,0 -91.78967795114211,17.80995379922711,0 -91.78950932534175,17.80969521367106,0 -91.7894785166981,17.80920699925201,0 -91.78931335780702,17.80874983191851,0 -91.78927642289574,17.80867091400623,0 -91.78903891386412,17.80805846923474,0 -91.7889704737057,17.80769745074506,0 -91.78880504454573,17.8074434695376,0 -91.78865909198707,17.80713258525392,0 -91.7884727312171,17.80694474385611,0 -91.78825027227693,17.80668023257527,0 -91.78810082192925,17.80656987609666,0 -91.7879558815677,17.80626294384873,0 -91.78786315224299,17.80616991560454,0 -91.78762715992369,17.80576939853913,0 -91.78746359688472,17.80552282229461,0 -91.78730040829791,17.80527680309919,0 -91.78715822984958,17.80497181273357,0 -91.78697512740004,17.80478642415231,0 -91.78679230136173,17.80460131345419,0 -91.78670726908111,17.8043148286852,0 -91.78665764118358,17.80410466692365,0 -91.78646793376684,17.80359409446147,0 -91.78641875616236,17.8033855211177,0 -91.78623814736653,17.80320173256122,0 -91.78602349047596,17.802942734673,0 -91.78593354925252,17.8028510107898,0 -91.78581610766999,17.80249497016381,0 -91.78574677384978,17.80234696315458,0 -91.78556638090085,17.80216712879621,0 -91.78542837376725,17.80187222199283,0 -91.78522766586013,17.80175028304513,0 -91.78445736684871,17.79979899647343,0 -91.78386924493948,17.79778586401666,0 -91.78356910690921,17.79721836495516,0 -91.78331567685065,17.79676198965309,0 -91.78301801644704,17.79619912160818,0 -91.78292784465022,17.79598312572007,0 -91.78281914754828,17.79557336628615,0 -91.78247140276787,17.79518814093047,0 -91.78226663101682,17.79484562816879,0 -91.78206232571603,17.79450430698954,0 -91.78191149943794,17.79399369422915,0 -91.78189372315248,17.79380267513583,0 -91.78164682001429,17.79335874306361,0 -91.78156808851706,17.79287378750863,0 -91.78144624707475,17.79228562958634,0 -91.78139583393225,17.79171856874078,0 -91.78129175102218,17.79132416560774,0 -91.78129344429564,17.7906015834551,0 -91.78133929350777,17.7899829831137,0 -91.78130558711857,17.78961499107161,0 -91.78133151819974,17.78953433326124,0 -91.7813312663685,17.78883009665179,0 -91.78135708321915,17.78875010648389,0 -91.78141892339146,17.7883248075612,0 -91.78135201697648,17.78760143543494,0 -91.78135370193577,17.78690410556147,0 -91.7813795531641,17.7868248565741,0 -91.78144921205802,17.78615311495671,0 -91.781509486429,17.78574065842805,0 -91.78159522472049,17.78525146305713,0 -91.78173188336324,17.78460822194754,0 -91.78178278894271,17.78445309436429,0 -91.78189168684958,17.7838960169206,0 -91.78193340349713,17.78332103578267,0 -91.78198322446181,17.78316967631088,0 -91.78206615883656,17.78269481930409,0 -91.78224039891917,17.78216623438297,0 -91.78238892399058,17.78171564903015,0 -91.78254407840258,17.78102444914198,0 -91.78267368186354,17.78041226675798,0 -91.78272954400201,17.78002442833795,0 -91.78285883523513,17.77941587798608,0 -91.78287284987815,17.77893968049322,0 -91.78294522770771,17.77872180507119,0 -91.78308791939384,17.77829188126103,0 -91.78314226959006,17.7779129132512,0 -91.78330886224028,17.77741187898499,0 -91.78347449851572,17.77691372262877,0 -91.78359812391039,17.77632880001508,0 -91.78373857448776,17.77590690469997,0 -91.78390155828829,17.77541731122456,0 -91.78397651243235,17.77498092471376,0 -91.78409192888857,17.77463465270018,0 -91.78438983885101,17.77374087197475,0 -91.78450827309683,17.77317674438818,0 -91.78464398144948,17.77277006674984,0 -91.78480149167922,17.77229807617497,0 -91.78495812114072,17.77182872176735,0 -91.7850472315648,17.77156169289813,0 -91.78511778077016,17.77114421125602,0 -91.78509953191838,17.77099314531852,0 -91.78523211965548,17.77059680658642,0 -91.78517355447011,17.77036245589799,0 -91.78526528137411,17.76988523461796,0 -91.78535667421053,17.76941016633442,0 -91.78544412068453,17.7691501137013,0 -91.78555652217449,17.76861416156191,0 -91.78560370126293,17.76827309611729,0 -91.78575359094091,17.76782800264852,0 -91.78586110946362,17.76750900886622,0 -91.78603224500772,17.76700132725543,0 -91.78613788116674,17.7666877056453,0 -91.78618218431438,17.76635745152161,0 -91.78630868260061,17.76598252996808,0 -91.78629248062403,17.76563552676234,0 -91.78635541011708,17.76544947270806,0 -91.78637866660694,17.76518416929292,0 -91.78648294960674,17.76487617271322,0 -91.78666887469753,17.76432675020924,0 -91.78679276558472,17.763960910869,0 -91.78693658838311,17.76353620796854,0 -91.78699799146753,17.7633548831672,0 -91.78716105415195,17.76287336273028,0 -91.78738154637875,17.76260863684096,0 -91.78752306034077,17.76218992080642,0 -91.78758378124832,17.76201040355841,0 -91.78776324359592,17.76147900542388,0 -91.78796131363715,17.76089253535483,0 -91.78805991384661,17.76060063645023,0 -91.78821690853843,17.76013585528244,0 -91.78821709451505,17.75994495955927,0 -91.78835355002686,17.75954147926502,0 -91.78856674999939,17.75891116780594,0 -91.788585834645,17.75866615922684,0 -91.78866275221002,17.75843901893422,0 -91.78866244278373,17.75825202874105,0 -91.78870042591772,17.75795265126515,0 -91.78869972865039,17.75758123730627,0 -91.78864154496296,17.75719447437866,0 -91.78867933074496,17.75689887404555,0 -91.78867849147801,17.7565324719625,0 -91.78867829337995,17.75616626107807,0 -91.7886783182135,17.75598349489261,0 -91.78856452227129,17.75576707887176,0 -91.78850746097709,17.75538788705107,0 -91.78839335067663,17.75499465891462,0 -91.78837438074606,17.7548694315902,0 -91.78822308512657,17.75440793396614,0 -91.78799700923149,17.75398592140446,0 -91.78743896109563,17.75293364062435,0 -91.78707189715726,17.75206410242732,0 -91.78685236872107,17.75147937965085,0 -91.78657935422544,17.75088091743084,0 -91.78632290155878,17.75057614927722,0 -91.78608885584693,17.75005071847045,0 -91.78574295236034,17.74966474983627,0 -91.78546974199558,17.74941427007812,0 -91.78527171470144,17.7491298519323,0 -91.7850357137354,17.74894681019702,0 -91.78463861872552,17.7485480578223,0 -91.78426313226673,17.74810013532682,0 -91.78420834825404,17.74808386695442,0 -91.78388464839168,17.74781983811754,0 -91.78352698497073,17.74749031472332,0 -91.78343772880928,17.74740807988542,0 -91.78315023624529,17.747211368839,0 -91.78299240444497,17.74699778552185,0 -91.78272596780545,17.74675230581913,0 -91.78241978924287,17.74660569836471,0 -91.78238576749006,17.74654017437843,0 -91.78201231128138,17.74626300295838,0 -91.78170553738147,17.7461177313529,0 -91.78165094707499,17.74610173456786,0 -91.78128940367172,17.7459407694182,0 -91.78103763716057,17.7458116206951,0 -91.78084048794857,17.74569859085288,0 -91.78040477327866,17.74557027362014,0 -91.78007795098416,17.74547402366109,0 -91.77979334995359,17.74528036466458,0 -91.77935886731923,17.74515159661491,0 -91.77897899462,17.74503879644274,0 -91.77870774077114,17.74495818278118,0 -91.77836083508515,17.74490989923502,0 -91.7780352646663,17.74481312208749,0 -91.77768803386371,17.7447647735526,0 -91.77744916902446,17.74474867439312,0 -91.77704721344146,17.74468412983548,0 -91.77675323688645,17.74465196990732,0 -91.7764602204557,17.74461941160898,0 -91.77622170565346,17.74460286732736,0 -91.775683737365,17.74455576848998,0 -91.77549679976151,17.74455619113681,0 -91.77520100000972,17.74452418358695,0 -91.77488208221597,17.74454075485541,0 -91.77429761436886,17.7445901253076,0 -91.77385478543658,17.74473622874564,0 -91.77329963883024,17.7448507565199,0 -91.7729237352452,17.74485104780538,0 -91.77238967163863,17.74491690380407,0 -91.77177441758221,17.74501601184538,0 -91.77150461544184,17.7450495575558,0 -91.77121052811479,17.74513230796317,0 -91.77075091238081,17.74516593227255,0 -91.77042554439846,17.74518292997302,0 -91.77017980239552,17.74516687398283,0 -91.76988406651198,17.74524978364738,0 -91.76947695821376,17.74530004817507,0 -91.76915461782961,17.74543296638656,0 -91.76877592287525,17.74554976138357,0 -91.76837153465715,17.74571655329621,0 -91.76807267836963,17.74580035597721,0 -91.76769572725431,17.74603481829824,0 -91.76761418844741,17.74606846179525,0 -91.76717956288819,17.74628742993063,0 -91.76467809011548,17.74705042780397,0 -91.76261098705754,17.74798103045059,0 -91.76218535357326,17.7481010625094,0 -91.76196996062005,17.74828323731192,0 -91.76172886659054,17.74854085267996,0 -91.76134606910088,17.74875682833527,0 -91.76107809244058,17.74909034265713,0 -91.7606416094644,17.74945875420143,0 -91.76029989746269,17.74977418179468,0 -91.75978825290193,17.75012485961255,0 -91.75973594404762,17.75027736476746,0 -91.75927404618052,17.75047729297916,0 -91.75875726154598,17.75083148742938,0 -91.75838053811201,17.75123213807111,0 -91.75827924354152,17.75129412035076,0 -91.75774956014693,17.75166949225425,0 -91.75762260887474,17.75180423934416,0 -91.75724044748722,17.75220986515699,0 -91.7569401417062,17.75238117067847,0 -91.75651010634718,17.75268985549054,0 -91.75603391390834,17.75289915904903,0 -91.75545435275825,17.75316768971994,0 -91.75501812241286,17.75348060647262,0 -91.75436060263777,17.75372996863076,0 -91.75405256499774,17.75390614356093,0 -91.75328897232723,17.75421292156246,0 -91.75251938308351,17.75452528058826,0 -91.75210337247258,17.75476158438596,0 -91.75154726433567,17.7549381260851,0 -91.75098346830997,17.75533308127801,0 -91.7505500926984,17.75538775542269,0 -91.7499886940235,17.75577215910205,0 -91.74962957448318,17.75584536761864,0 -91.74888518793911,17.75626588539862,0 -91.74859684722088,17.75636460694911,0 -91.74830414387225,17.75647013487347,0 -91.74768482493808,17.75676374957239,0 -91.74742678704044,17.75678079817474,0 -91.74706841648494,17.7570489716595,0 -91.74645148253127,17.75733189685727,0 -91.74615956968131,17.75743068523886,0 -91.7456832868462,17.75756766222007,0 -91.74535542387034,17.75775190494436,0 -91.74465455538889,17.75801706550775,0 -91.74439856668067,17.7582272101748,0 -91.7437659246913,17.75852159999836,0 -91.74346507172868,17.75862825334328,0 -91.74316363189277,17.75873511707773,0 -91.74248785384955,17.75912025233249,0 -91.74195943830665,17.75935472227075,0 -91.74142690759417,17.75939238556214,0 -91.74078187663652,17.75949083193466,0 -91.7404446849629,17.75967709978985,0 -91.73998738827457,17.75973556597977,0 -91.73960669267352,17.75981614607381,0 -91.7391119506257,17.75995931142933,0 -91.7388038553382,17.76006680568217,0 -91.73822306970482,17.76019690894999,0 -91.73760712453448,17.76040804083631,0 -91.73733691511165,17.76042641143796,0 -91.73683286622642,17.76037796902207,0 -91.7364832688727,17.76037523709916,0 -91.73605313786355,17.76035301017821,0 -91.73589602784767,17.76030991503326,0 -91.7338072643326,17.75949356141084,0 -91.73158913048913,17.75784976277854,0 -91.73105097906887,17.75768881655596,0 -91.73082602013062,17.75761373055511,0 -91.73051052852615,17.75753030333355,0 -91.73028114138269,17.75727227077815,0 -91.72968248417715,17.75707218091146,0 -91.72941430991563,17.75689797515805,0 -91.72876207370153,17.75660985505408,0 -91.72872495737806,17.75650437618862,0 -91.72826738220834,17.75617946693166,0 -91.72807752789772,17.75602826147518,0 -91.72792268742315,17.75598403991307,0 -91.72755799313389,17.75548478526729,0 -91.72711032679062,17.75515445844819,0 -91.72696751435807,17.75491717736328,0 -91.72675771797202,17.75446771703885,0 -91.72650428169791,17.7541045913069,0 -91.72639515662058,17.75397569899508,0 -91.72633924976792,17.75357472417891,0 -91.72621258102129,17.75314819191146,0 -91.72605351482905,17.75261854997828,0 -91.72595934939227,17.7523011959395,0 -91.72590751576962,17.75190357927175,0 -91.72580068797878,17.75159945926938,0 -91.72571861042768,17.75092387057799,0 -91.72556580505496,17.75022707842417,0 -91.72554397982273,17.7499418471179,0 -91.72561945814336,17.74931481850832,0 -91.72562002666513,17.74866968941946,0 -91.7256114925019,17.74820690654848,0 -91.72557380297276,17.74764389023931,0 -91.72553184554054,17.74708730382129,0 -91.72555356801728,17.74673210361494,0 -91.72553268006622,17.74645585912625,0 -91.72541700577824,17.74588426986865,0 -91.72541649775971,17.74526124151892,0 -91.72543680096145,17.74491330297861,0 -91.72541513482872,17.74464258211155,0 -91.72530125121102,17.7440802264824,0 -91.72532286704234,17.7437354079801,0 -91.72528264163523,17.74319896534509,0 -91.72527436584619,17.74276051890464,0 -91.72518313381084,17.74247244885585,0 -91.72531917564696,17.74207983236686,0 -91.72532057904628,17.74147848961867,0 -91.72542485792928,17.74099579729758,0 -91.72537403768449,17.74064056774702,0 -91.72547769552908,17.74016209823329,0 -91.72546680987185,17.73973828564266,0 -91.72549676010053,17.73924447741082,0 -91.72559794575027,17.73877380504538,0 -91.72576989001465,17.73832607980848,0 -91.72575981990427,17.73790937068622,0 -91.72577997004271,17.73758560142031,0 -91.72585418482298,17.73702977150091,0 -91.72587402347527,17.73670901526053,0 -91.72600512324856,17.73633981272821,0 -91.7259840350185,17.73609100678438,0 -91.72605312624286,17.73554614096601,0 -91.72615241592162,17.73509301764728,0 -91.72616185169976,17.7349358748916,0 -91.7260796907358,17.73451416983015,0 -91.726117521989,17.73389063578529,0 -91.7260756612238,17.73340584556049,0 -91.72609449849443,17.73309715849684,0 -91.72622268296819,17.7327423626448,0 -91.7261715141283,17.73241615930104,0 -91.72622952641473,17.7320443447381,0 -91.72629810248597,17.73152165017224,0 -91.72627812826508,17.73128442719891,0 -91.7262976373167,17.73098211646428,0 -91.7263563962609,17.73061544280429,0 -91.72652271611626,17.73020492751003,0 -91.72655061724205,17.72975750242095,0 -91.72656914076643,17.72946042655217,0 -91.72646068465163,17.72897744926194,0 -91.72649935416055,17.72891348362738,0 -91.72652712879449,17.72847221864233,0 -91.72657485984121,17.72826213057719,0 -91.7264378876033,17.72770252936758,0 -91.72644857235426,17.72755656154959,0 -91.72634658657974,17.72708099220413,0 -91.72627336134549,17.72668963254416,0 -91.72613133096861,17.72628121773452,0 -91.72594881618701,17.7259371121702,0 -91.72583498632029,17.72561296522153,0 -91.72558547314169,17.72525205571112,0 -91.72550039044091,17.72501052692989,0 -91.72521201918836,17.7247128827225,0 -91.72498094270524,17.72457585549978,0 -91.72484125140302,17.72417578242051,0 -91.72465551322047,17.72397689377354,0 -91.72433885048009,17.72373946585564,0 -91.72419423786643,17.72348057004736,0 -91.72385368820912,17.72316416741446,0 -91.72382692549644,17.72308488368452,0 -91.72344424726204,17.72283034277267,0 -91.72316622201409,17.72253600811431,0 -91.72313826419325,17.72245754830114,0 -91.72281378375665,17.72222540669264,0 -91.7224459496701,17.72183457222468,0 -91.72222388505736,17.72169849986714,0 -91.72191433062471,17.72146429634852,0 -91.72173508580707,17.72126902208753,0 -91.72168830592909,17.72097863153076,0 -91.72163594553933,17.72082340932059,0 -91.72139086315249,17.72061046162316,0 -91.71886490105358,17.71830334412764,0 -91.71638338986557,17.71676264135248,0 -91.71579219305113,17.7165894545781,0 -91.71549558266794,17.7165009847872,0 -91.71484400700159,17.71630811332115,0 -91.71473581414853,17.71621315725936,0 -91.71449910885791,17.7161433258832,0 -91.71420323190468,17.71605603934358,0 -91.71361147672185,17.71588147457357,0 -91.71301971146174,17.71570690862212,0 -91.71242793637703,17.71553233763558,0 -91.7119432411305,17.71545239336894,0 -91.71152882951296,17.71533014253648,0 -91.71090159219699,17.71533418997585,0 -91.7104749293246,17.71527180392775,0 -91.71011912513491,17.71516675960785,0 -91.7096797771499,17.71516397860904,0 -91.70929905305898,17.71517849039846,0 -91.7090362143976,17.71522686397072,0 -91.70854676381542,17.71514204069817,0 -91.70842744851011,17.71510556198553,0 -91.70773568875039,17.71509593792079,0 -91.70723271083331,17.71507357106011,0 -91.70661025605251,17.71501800489963,0 -91.70629874254081,17.71499057685609,0 -91.70612003813058,17.71493878455839,0 -91.70549606515286,17.71488381295481,0 -91.70499042791242,17.71486333852365,0 -91.70431919396695,17.71473124076094,0 -91.70361781621324,17.71471733701243,0 -91.70316927507453,17.7147139456306,0 -91.70246516203078,17.71470010563972,0 -91.70219483996796,17.71474980448678,0 -91.70189480844247,17.71466130732253,0 -91.70142809277456,17.71471817480726,0 -91.70123220667658,17.71472534237994,0 -91.70088427484617,17.71481648529006,0 -91.70012573348301,17.71498541841395,0 -91.69951739859732,17.71506483041757,0 -91.69912192330727,17.71507681259395,0 -91.69857126128319,17.71517558911668,0 -91.69843333528291,17.71520032990136,0 -91.69809666544806,17.71523052786907,0 -91.69749116346918,17.71551322835045,0 -91.69713482097345,17.71560886040203,0 -91.69654145968379,17.71583699415054,0 -91.69646283512968,17.71587941099562,0 -91.69600770551799,17.71607430685329,0 -91.69554963928556,17.71627824688586,0 -91.69502817522746,17.71646551157898,0 -91.69476935921328,17.71666268472155,0 -91.69467040810908,17.71677052439636,0 -91.69418739751742,17.71704095709591,0 -91.69382136847278,17.71714052970372,0 -91.69353967788702,17.71740319785055,0 -91.69333447674236,17.71741242528356,0 -91.69264024132913,17.71769004737712,0 -91.69241289601605,17.71776830651296,0 -91.69185772846282,17.71802251052895,0 -91.69130065804831,17.71827504328912,0 -91.69084388020381,17.7184211799786,0 -91.69048955841822,17.71845791383204,0 -91.69009307423954,17.71862312183794,0 -91.68980008970146,17.71867843914998,0 -91.68944372399218,17.71871550795785,0 -91.6890028678602,17.7187977951959,0 -91.68853881396898,17.7189466178711,0 -91.68845402469996,17.71899334365669,0 -91.68792392009581,17.71912682255887,0 -91.687563947827,17.71916428780425,0 -91.68696907476578,17.71927609993543,0 -91.68679742628385,17.71936999688947,0 -91.68628624047408,17.71943490604056,0 -91.68551372514656,17.71964198016787,0 -91.68529990899113,17.71965125460489,0 -91.68138411623369,17.72048467870781,0 -91.67887691767235,17.72177585948957,0 -91.67851087842882,17.72197150124076,0 -91.67814361109056,17.72216779651448,0 -91.67773668970108,17.72227668505428,0 -91.67732804532724,17.72238694993413,0 -91.67688956625497,17.72256859392166,0 -91.67638363143911,17.72273178281631,0 -91.67603599114634,17.72286411585439,0 -91.67543247216631,17.72307907172904,0 -91.67508326463211,17.72321098180523,0 -91.67474200392826,17.7235029689273,0 -91.67439072486658,17.72363581892142,0 -91.67411316714364,17.72394931147954,0 -91.67395936937613,17.72414197885397,0 -91.67361327230367,17.72443803245107,0 -91.67352502094445,17.72465166954987,0 -91.67324365207166,17.72496957916558,0 -91.67289401568738,17.72526913321955,0 -91.67261710344683,17.7257540577244,0 -91.67236187576665,17.72600417515091,0 -91.67201440499758,17.72647386462692,0 -91.67160576408871,17.72708993622496,0 -91.67141998660681,17.72753318800007,0 -91.67096602061685,17.7280674972188,0 -91.67080886002751,17.72844123399121,0 -91.67045551430624,17.72909794750554,0 -91.67010003023127,17.72975900188368,0 -91.66983843954148,17.73019580955153,0 -91.6695475310223,17.73088614196947,0 -91.6692499565724,17.73140646417467,0 -91.66908198108661,17.7316187405924,0 -91.66860970164538,17.7321788579877,0 -91.66841811239919,17.73245564103362,0 -91.66811195106544,17.7329890054619,0 -91.66794016295202,17.73320639615573,0 -91.66759513069098,17.73364300412233,0 -91.66714323581634,17.73414108650904,0 -91.66679384599479,17.73458300089813,0 -91.6663721016746,17.73519063273314,0 -91.66594719088138,17.73561663416658,0 -91.66573371010115,17.73592385507348,0 -91.66537628900807,17.7363759061934,0 -91.66490900177746,17.73689189440177,0 -91.66487267707028,17.7369753302409,0 -91.66440254095897,17.73749440832597,0 -91.66418526600732,17.73761834108241,0 -91.66393131379529,17.73801407920635,0 -91.66255890227421,17.7385360369945,0 -91.6616693401249,17.73870548256688,0 -91.6614062859871,17.73870027716306,0 -91.66092811759536,17.73877645991077,0 -91.6607268456366,17.73878994554621,0 -91.66013617274308,17.73876207551483,0 -91.65994856161112,17.73870719872748,0 -91.65934213073334,17.7387475232865,0 -91.6587783412333,17.73858110738817,0 -91.65846503638546,17.73848786934625,0 -91.65802658652079,17.73835886565971,0 -91.6573375895065,17.738156254776,0 -91.65708704026041,17.73808257662875,0 -91.6566485701309,17.73795363586044,0 -91.65627273202659,17.73784311138625,0 -91.65564636752711,17.73766017155927,0 -91.65501991836585,17.73747586434787,0 -91.65470668771891,17.73738370795508,0 -91.6542055070603,17.737236257517,0 -91.65382961529832,17.73712566643854,0 -91.65353335263904,17.73696575199576,0 -91.65294156539055,17.73664632881509,0 -91.65269127540391,17.73657269280275,0 -91.65220820963884,17.73635800444977,0 -91.65174357626772,17.73607101373619,0 -91.6514042691081,17.73582724047461,0 -91.65081596069835,17.73551048973695,0 -91.65039749515702,17.73531503083737,0 -91.65010414271318,17.73515557158511,0 -91.64967923953029,17.73474529899289,0 -91.64938652826528,17.734588377782,0 -91.6491127668745,17.73436545607148,0 -91.64883951877231,17.73414243521992,0 -91.648585677794,17.73385346663488,0 -91.6480846342908,17.73349230544844,0 -91.64774697489074,17.73303788132552,0 -91.64739142965141,17.73265027372875,0 -91.64718325899776,17.73244787730451,0 -91.64685217493847,17.73220954540544,0 -91.64672588504936,17.73196145045784,0 -91.64635401554983,17.73164151088957,0 -91.64600529323157,17.73124851186441,0 -91.64567618203009,17.73101516131902,0 -91.64538705319214,17.73065646441872,0 -91.6449979379427,17.73040610830725,0 -91.64458958634502,17.73000894786638,0 -91.64440620581388,17.72974783114018,0 -91.64424354112359,17.72963102981825,0 -91.64397955185724,17.72941563817319,0 -91.64361480202153,17.72910215776937,0 -91.64349308904792,17.72906633865011,0 -91.64323024150977,17.72885183957516,0 -91.64278554512272,17.72858404346242,0 -91.6424839592414,17.72829032011871,0 -91.64226237012501,17.72815662101997,0 -91.64206209074273,17.72796113553067,0 -91.64170176046028,17.7276506643465,0 -91.64148088761429,17.72751789357901,0 -91.64119969890955,17.72736742805927,0 -91.64079779460791,17.72718149652202,0 -91.64057754512424,17.72704906747582,0 -91.64029704676992,17.72689896475621,0 -91.63987409474416,17.72677450427449,0 -91.63965437271361,17.72664235768966,0 -91.63917109250522,17.72650032142707,0 -91.63879323012374,17.72625361920369,0 -91.63849159491495,17.72616459130064,0 -91.6380920256065,17.72597902504371,0 -91.63781333959652,17.7258291928334,0 -91.63763250757167,17.72577581942292,0 -91.63717238843141,17.72557432677451,0 -91.63689374722867,17.72542561615717,0 -91.63653372523875,17.72531687180041,0 -91.63637560660538,17.72520425584654,0 -91.6360600847098,17.72497873440574,0 -91.63572247035202,17.7248123008228,0 -91.63556573156346,17.7246988398974,0 -91.63502469230517,17.72453919165503,0 -91.63480879299877,17.72440739585609,0 -91.63456843727235,17.72433647229407,0 -91.63408772352288,17.72419462178666,0 -91.6337872789515,17.72410596516535,0 -91.63336665118496,17.72398184401363,0 -91.63312628981224,17.72391091668733,0 -91.63288593279717,17.72383998951173,0 -91.63240521518618,17.7236981338604,0 -91.63198410933769,17.72357454255864,0 -91.63192394702889,17.72355688860769,0 -91.63153721473306,17.72351111574771,0 -91.63123734638862,17.7234216353955,0 -91.63073975372204,17.72347630619032,0 -91.63053335153094,17.72348284572137,0 -91.63029325748855,17.7234109792495,0 -91.62883154725233,17.72317871824449,0 -91.62667364939207,17.72295313591436,0 -91.62631042172744,17.72284661142179,0 -91.62600590287732,17.72275938159744,0 -91.62588531835146,17.72272344747205,0 -91.62567712936479,17.72272876366064,0 -91.62525982271313,17.72273978694005,0 -91.62496173718836,17.72278761139277,0 -91.62439302619883,17.72282321074249,0 -91.6241226770788,17.72281090100253,0 -91.62370214565888,17.72282257204166,0 -91.6230970007653,17.72292186866558,0 -91.62294448006688,17.72294743197054,0 -91.62258150129279,17.7229780774792,0 -91.62224754106188,17.72294842329361,0 -91.62191469731395,17.72305754275001,0 -91.62155104104271,17.72322753152785,0 -91.62133773016144,17.72323399692572,0 -91.62100325746982,17.7234835815847,0 -91.62072832540247,17.72361209125763,0 -91.61990277712781,17.72484594316124,0 -91.61971737420446,17.72507554438336,0 -91.61953138247989,17.7254488260978,0 -91.61931335880128,17.7257430007962,0 -91.6190001120614,17.72622728458983,0 -91.61871732212487,17.72650612401001,0 -91.6186228196089,17.72669576956918,0 -91.61836954570271,17.72705850760076,0 -91.61814524551974,17.72750630119591,0 -91.61798421036825,17.72782778747444,0 -91.61779006313664,17.72821538378601,0 -91.61759491463951,17.72860496867299,0 -91.61746425754146,17.72886580879788,0 -91.61729967166129,17.72919362567774,0 -91.61700296390113,17.72978618803766,0 -91.61687035291945,17.73005102697019,0 -91.6167372717552,17.73031678991775,0 -91.61666566575434,17.73075502928265,0 -91.6165290889149,17.73117656101925,0 -91.6164954819666,17.731243865206,0 -91.61642283861372,17.73168700511482,0 -91.61638637359493,17.73190944574339,0 -91.61624810977091,17.73233695362312,0 -91.61627357808351,17.73273645109009,0 -91.61623668808906,17.73296163937719,0 -91.61626506121723,17.73320663616382,0 -91.61619095875814,17.73366003186609,0 -91.61621648748778,17.73406544234701,0 -91.61621067568215,17.73438332403973,0 -91.61620776262681,17.7345426862557,0 -91.61619899882406,17.73502247136453,0 -91.6162909109815,17.7354534171754,0 -91.61635147932049,17.73579565546439,0 -91.61634582887216,17.73611961656816,0 -91.61644134775634,17.73639263800969,0 -91.61650247349719,17.73673823855105,0 -91.61656646226552,17.73692129147605,0 -91.6166973104726,17.73712428570388,0 -91.61679134406053,17.73756459077964,0 -91.61712150049954,17.73799306981391,0 -91.61711934186377,17.73815862620751,0 -91.61748365852972,17.73868243506206,0 -91.6176836717881,17.73890842754488,0 -91.61805172397499,17.7392679532972,0 -91.61832012461336,17.7395147867118,0 -91.61858899467153,17.73976207333864,0 -91.61882489370815,17.73991562705578,0 -91.61926341621762,17.74029768175188,0 -91.61946619847458,17.74052646423562,0 -91.61970312841504,17.74068077846823,0 -91.61994027102352,17.74083523201302,0 -91.620381696159,17.74121974561895,0 -91.62089222129369,17.74162524780017,0 -91.62119858211142,17.74180057427296,0 -91.62177915790492,17.74222759391429,0 -91.62208647966671,17.74240350376983,0 -91.62246216167077,17.74259957238401,0 -91.62287379018036,17.74289215127771,0 -91.62348816862642,17.74307080399356,0 -91.62372965041475,17.74322586402628,0 -91.62420778195553,17.74336466770626,0 -91.62502734278726,17.74360258661224,0 -91.62536770215939,17.74370341138943,0 -91.62604555224085,17.74390970388153,0 -91.62665905603379,17.74408991050033,0 -91.62686355597671,17.74414998477607,0 -91.62734071342781,17.74429015469514,0 -91.62747704543966,17.74433020118408,0 -91.62816660895167,17.74470490067804,0 -91.62837128227041,17.74476502076317,0 -91.6288488504284,17.74490529364204,0 -91.62922851918519,17.74510298779481,0 -91.62963802260116,17.74522327244991,0 -91.6301839515002,17.74538367406243,0 -91.6307981789657,17.7455640955123,0 -91.63120773694496,17.74568426538915,0 -91.63172513563735,17.74592260316268,0 -91.63233959163442,17.74610310898173,0 -91.63272114006737,17.74630153343012,0 -91.63323970735843,17.74654027358826,0 -91.63386786017281,17.7468978635118,0 -91.63411394062429,17.74705680136152,0 -91.63442869396538,17.74723601535533,0 -91.63460676323081,17.74737513807722,0 -91.63512756049674,17.74761502012078,0 -91.63530611592584,17.74775443629931,0 -91.63575912280504,17.74797456026763,0 -91.63604865873948,17.74823394569465,0 -91.63639183565017,17.74833475188034,0 -91.63687245484905,17.74847546849216,0 -91.63718949881883,17.74865584169268,0 -91.63778174266773,17.74891651681097,0 -91.63846879295211,17.74911786891833,0 -91.63881230522583,17.74921853451143,0 -91.63922451015925,17.74933933612834,0 -91.63963670485552,17.74946013057345,0 -91.64011731464173,17.74960196846013,0 -91.64087249493829,17.7498251284381,0 -91.64135311900866,17.74996692693415,0 -91.64197124585482,17.75014852474042,0 -91.64210860428646,17.75018887434243,0 -91.64265803287459,17.75035029785975,0 -91.64279538813004,17.75039065231482,0 -91.64327612450026,17.75053189668009,0 -91.64368817728851,17.75065295885429,0 -91.64403154944311,17.7507538449585,0 -91.64464959961549,17.75093542786169,0 -91.64517649863288,17.7511775827385,0 -91.64565747220274,17.7513184139165,0 -91.64611650172311,17.7515394235119,0 -91.64680381746007,17.75174098713549,0 -91.64705724556723,17.75190176988271,0 -91.64722066980276,17.75212285510405,0 -91.64768082743919,17.75234747766283,0 -91.64793449703689,17.75251406622745,0 -91.64844346410835,17.75283995047546,0 -91.64883626806527,17.75304352818418,0 -91.64911919357982,17.75338828335877,0 -91.64944435717429,17.75356626717239,0 -91.64988686072097,17.75387804345935,0 -91.65012262865478,17.75412749500489,0 -91.65058722251661,17.75435067546877,0 -91.65082429194243,17.75459623551859,0 -91.65133929347772,17.7549239144569,0 -91.65140867306313,17.75494426920968,0 -91.65173595987056,17.75512870023782,0 -91.65232191405461,17.75547811761345,0 -91.65287755326119,17.75564698798351,0 -91.65313639004587,17.75581521204232,0 -91.65337662241505,17.75606507330397,0 -91.6538449584333,17.75628493922011,0 -91.65405375234842,17.75634396045372,0 -91.65431360257273,17.75650461690536,0 -91.65474597236,17.75689847493658,0 -91.65490037239535,17.75721737314806,0 -91.65521319989985,17.75749214101072,0 -91.65538673741908,17.75772630677632,0 -91.65563062823826,17.75798150891531,0 -91.65571688054399,17.7582827651075,0 -91.65578019165439,17.75976760831567,0 -91.65525907565193,17.76081495313636,0 -91.6546303277368,17.76128954900525,0 -91.65441206262969,17.76160845985278,0 -91.65390646490543,17.76185090710796,0 -91.65281715104402,17.76230360849489,0 -91.65246956642531,17.76248729827605,0 -91.65206908023468,17.76256152136638,0 -91.65141023632366,17.76275196870392,0 -91.65117286914204,17.76277871032877,0 -91.65045936934686,17.76285908803523,0 -91.64969275277249,17.76282866977392,0 -91.64916388471322,17.76277136672669,0 -91.64880142484087,17.76266614863874,0 -91.64836644535653,17.76253987878754,0 -91.64807664566337,17.76245369081939,0 -91.6479036866621,17.76221168412414,0 -91.64739703640601,17.76206087904026,0 -91.6468180835182,17.76188792294442,0 -91.64640678239172,17.76166965499681,0 -91.64590049100852,17.76151840338036,0 -91.64553886692082,17.76141037025232,0 -91.64517726258092,17.76130233761888,0 -91.64474335822723,17.76117270815095,0 -91.64459872562564,17.76112949690268,0 -91.64402022676305,17.76095666704362,0 -91.64380330217359,17.76089185751072,0 -91.6434417677433,17.76078384782899,0 -91.64293564768184,17.76063263568211,0 -91.64235711613524,17.76046059541621,0 -91.64221230481303,17.76041852747263,0 -91.64170544721249,17.7602712801101,0 -91.64141579666284,17.76018713305016,0 -91.6410535288633,17.76008254180393,0 -91.64062013750321,17.75995143974992,0 -91.64011479999441,17.75979663130914,0 -91.639753990998,17.7596861325242,0 -91.63933953981537,17.75975756825017,0 -91.63890564120679,17.75962718186039,0 -91.63851660560539,17.75960988069525,0 -91.63819957742942,17.75961432031725,0 -91.63790996833148,17.75952784865028,0 -91.63741793129344,17.75958608840228,0 -91.63699883451089,17.75966099115722,0 -91.6365048360947,17.75971834790266,0 -91.63583330930084,17.75983204710132,0 -91.63536796453971,17.7597920000398,0 -91.63522276067499,17.75974727728394,0 -91.63440544986172,17.75980598070008,0 -91.6340839742045,17.75981064684359,0 -91.63344002283098,17.7598199974631,0 -91.63300385500627,17.7596845490882,0 -91.63282679677722,17.75973427170619,0 -91.6323569467127,17.75969666184567,0 -91.63178238371499,17.75973017421686,0 -91.63109117979275,17.75962903438137,0 -91.63051766079818,17.75965388854643,0 -91.62973246507426,17.75981755615353,0 -91.62925690925339,17.75978487677873,0 -91.6288251773352,17.75985750001772,0 -91.62839259499822,17.75993026624179,0 -91.62831807058231,17.75991052372018,0 -91.62791718045479,17.75989242665173,0 -91.62758957660668,17.75989612269865,0 -91.62700415813292,17.75993250271582,0 -91.62689828927742,17.75999925128852,0 -91.62641801167076,17.7599680115035,0 -91.62598075930708,17.7600421643447,0 -91.62539788423321,17.76006557610705,0 -91.6249951983187,17.76004394262167,0 -91.62451786432595,17.7600008203659,0 -91.62390183350058,17.76010765253053,0 -91.62339044520924,17.76015164907789,0 -91.62294858262641,17.76022524434722,0 -91.62261514565091,17.76023005062431,0 -91.62202199976872,17.76047292896619,0 -91.62153807150534,17.76064493683902,0 -91.62097828857503,17.76100520695598,0 -91.62086598108284,17.76107748704716,0 -91.62026496693372,17.76153456174393,0 -91.62000076101823,17.7617751004139,0 -91.61958440733002,17.76218375562825,0 -91.6192802276652,17.76252077544645,0 -91.61885860578015,17.7631476370668,0 -91.61859014228513,17.76339199803187,0 -91.61831854018834,17.76385360343697,0 -91.61800599864978,17.76441527366921,0 -91.61777111095365,17.76478396214024,0 -91.61757711340177,17.76526630410021,0 -91.61738367897213,17.76574821156283,0 -91.61726716231223,17.7660385113241,0 -91.61707218711045,17.7665242598589,0 -91.61691550682818,17.76691460203932,0 -91.61675700478573,17.76730867348855,0 -91.616222629931,17.7701219342955,0 -91.61662100437103,17.77224416613235,0 -91.61681502007173,17.77289063486217,0 -91.61692819357236,17.77351628200944,0 -91.61705163193589,17.77389233427422,0 -91.61714481061037,17.77434593312167,0 -91.61732988908781,17.77457130328393,0 -91.61747419889571,17.77512964006476,0 -91.61770084040539,17.77571542054831,0 -91.61790928837063,17.77612176123199,0 -91.61822448858941,17.77673187045019,0 -91.61848814762757,17.77724221431117,0 -91.61872979872378,17.77757358241948,0 -91.61887927448254,17.77814392156876,0 -91.61908968676964,17.77855893841239,0 -91.61929199309144,17.77923971262729,0 -91.61941193932972,17.77989914139047,0 -91.61947999209355,17.78045567556292,0 -91.61958692684357,17.78066610690348,0 -91.61971733361156,17.781062989145,0 -91.61984794487012,17.78146128478786,0 -91.61997963920679,17.78185975487946,0 -91.62022614623584,17.7822031074441,0 -91.62030334929577,17.78249880767944,0 -91.62062895055338,17.78314003784442,0 -91.62073254347224,17.78362534703358,0 -91.62092818758923,17.78386283100462,0 -91.62106310635401,17.78426724540386,0 -91.62116789715225,17.78475649605923,0 -91.6213895879427,17.78518737442599,0 -91.62166480096859,17.78573257087432,0 -91.62196879383536,17.78619994666088,0 -91.62210269213912,17.78661781266538,0 -91.62229441520527,17.78714406854889,0 -91.62237660086467,17.78744837829132,0 -91.62251157148651,17.78814417464728,0 -91.62256024937449,17.78881928073203,0 -91.62261274666292,17.78921423023137,0 -91.6227786284316,17.78983418920573,0 -91.62280143369431,17.7903191366603,0 -91.6228279944669,17.79051870173933,0 -91.62279403841124,17.79089332294528,0 -91.6229613913551,17.79152103857698,0 -91.62304514913949,17.79183642007547,0 -91.62310213499984,17.79195055071779,0 -91.62325117120929,17.79405724935653,0 -91.62355529827784,17.79574461552254,0 -91.62357933521452,17.79625400465088,0 -91.62345276209,17.79692321595613,0 -91.62329815613589,17.79738468745698,0 -91.62326716014181,17.79747720189033,0 -91.62319996726364,17.79826623550803,0 -91.62313810581578,17.79845148898667,0 -91.62298250492513,17.79891727741441,0 -91.62285285725866,17.79960132466726,0 -91.62278985048465,17.79979006841827,0 -91.62269084935835,17.8003840839858,0 -91.62253230641021,17.80085961686616,0 -91.62243687131654,17.80114585860804,0 -91.62236369123036,17.80196477170151,0 -91.62226305733992,17.80256855040184,0 -91.62213517627767,17.80295374150891,0 -91.6219425893925,17.80353383046364,0 -91.62171669469109,17.80421424082429,0 -91.62171097788405,17.80453528789474,0 -91.62148273195102,17.80522345156522,0 -91.62141116480728,17.80574489648558,0 -91.62131265873728,17.80604226687231,0 -91.62127365376166,17.80646695022815,0 -91.62110256873365,17.80729241172831,0 -91.62097005511336,17.80769347855566,0 -91.62083079177587,17.80842505456632,0 -91.62085165090159,17.80898403799754,0 -91.62068469004168,17.80949131772097,0 -91.62051704772705,17.81000066825196,0 -91.62031537085674,17.81061344892214,0 -91.62011279016433,17.81122900863163,0 -91.61997718262607,17.81164106015479,0 -91.61968203334723,17.81222257620403,0 -91.61941442265555,17.8127183736411,0 -91.6190155349388,17.81329394087392,0 -91.61871015563524,17.81390024551831,0 -91.61860471497366,17.81421847210395,0 -91.61823662054898,17.81469490179785,0 -91.61786693970424,17.81517337887103,0 -91.61753154655813,17.81554644619688,0 -91.61729154648197,17.81594850472142,0 -91.61708782538898,17.81624130098401,0 -91.61681193565512,17.81674889742604,0 -91.61640141379044,17.81733917643695,0 -91.61528412933394,17.81787348413561,0 -91.61501509395158,17.81793020400848,0 -91.61473008910467,17.81804459356911,0 -91.61441463264138,17.81828526679822,0 -91.61397760162031,17.81849364296415,0 -91.61349391155099,17.81862283061945,0 -91.61335765002215,17.81865086089136,0 -91.61278009092548,17.81888893100638,0 -91.61252191434819,17.81888143684436,0 -91.61185139105726,17.81895597327917,0 -91.61151541898481,17.81899467996575,0 -91.61111806842013,17.81901444110133,0 -91.61070356603541,17.81909787459451,0 -91.61033824123174,17.8189903984657,0 -91.61013881289419,17.81900029139842,0 -91.60989516328017,17.81892860917888,0 -91.60957361530021,17.81890262881292,0 -91.60908609928597,17.81875980100668,0 -91.60878139329938,17.81867054433141,0 -91.60839829301489,17.81862686740945,0 -91.60797150148949,17.8185017656449,0 -91.60764899168935,17.81847491424512,0 -91.60732640533274,17.81844647804603,0 -91.60694250943371,17.81840072697245,0 -91.60669823803046,17.81833021287709,0 -91.60614894221405,17.81816853443041,0 -91.60580114465152,17.81799763071901,0 -91.60549608505721,17.81790783850181,0 -91.60520963749281,17.817755042252,0 -91.6051486470338,17.81773708944852,0 -91.6048811535648,17.81752153972019,0 -91.60457642200619,17.81743184045369,0 -91.60416877199886,17.81724351933437,0 -91.60396317555194,17.81704640944708,0 -91.60373882155194,17.81691193830603,0 -91.60339295747339,17.81674177216069,0 -91.60314960117039,17.81667018094567,0 -91.60268244548188,17.81646437947945,0 -91.60237835268605,17.81637491936709,0 -91.60179005013002,17.81613352455888,0 -91.60138450003667,17.815945945983,0 -91.60108061747425,17.81585654880378,0 -91.60081721971451,17.8156426754571,0 -91.60047318204444,17.81547334684455,0 -91.60012939736932,17.81530414212563,0 -91.59960386452762,17.8150815158436,0 -91.59932129609851,17.81493041790566,0 -91.59905979018028,17.81471770103369,0 -91.59871715928264,17.8145490828395,0 -91.59815375935872,17.81424773714011,0 -91.59793293424094,17.81411492661724,0 -91.5974917797478,17.81384960440011,0 -91.59709014125187,17.81366367653476,0 -91.59674921873363,17.81349568391301,0 -91.59644714774282,17.81340668975439,0 -91.59622737315685,17.81327443853882,0 -91.59576628484898,17.81307114143743,0 -91.59540423890245,17.81296411449129,0 -91.59490589121867,17.8126820406004,0 -91.59466471658612,17.81261074400705,0 -91.59420375295052,17.81240949134113,0 -91.59372086668786,17.81226801036983,0 -91.5933814790219,17.81210158169586,0 -91.59301929796381,17.81199566745726,0 -91.59265746803709,17.81188921945163,0 -91.5920550835219,17.81171086264957,0 -91.59181433003727,17.81163925917159,0 -91.59151340406261,17.81154975842227,0 -91.59115058589904,17.81144458332449,0 -91.59054788233588,17.8112666616722,0 -91.59028234178894,17.81125612696372,0 -91.59007683512975,17.81126347611907,0 -91.58915782039783,17.811195944148,0 -91.58883105318658,17.81116723467558,0 -91.58844355574237,17.81112071014092,0 -91.58585178362105,17.81049333091185,0 -91.58551448352284,17.81032651343482,0 -91.58483092165541,17.81032832350002,0 -91.58408513299044,17.81031229713769,0 -91.58369457994026,17.81026529832211,0 -91.58318933800344,17.81032065507015,0 -91.58249397478393,17.81018419712607,0 -91.58206856153114,17.81005904850985,0 -91.5812840558889,17.80996463413019,0 -91.58097993541132,17.80987517505609,0 -91.58043843948809,17.80985141077045,0 -91.57980392421501,17.80973060967966,0 -91.57937899379142,17.80960425279514,0 -91.57919646884149,17.80955041096485,0 -91.57870850445622,17.80940771621904,0 -91.57852617286852,17.80935372546693,0 -91.57807238513354,17.80928732130349,0 -91.57764368697488,17.8091634507295,0 -91.57739916746225,17.80909233054213,0 -91.57691007879549,17.80895007501572,0 -91.5762383455908,17.80875387291692,0 -91.57593352779625,17.80866433926576,0 -91.57538482942377,17.80850317248585,0 -91.57471427964022,17.80830610997161,0 -91.57422675759442,17.80816268097784,0 -91.57364763106463,17.80778751398524,0 -91.57337373097118,17.80763876946063,0 -91.57322169735899,17.80752592812311,0 -91.57288735010692,17.80735949634449,0 -91.5724316647815,17.80715741136583,0 -91.57212873012233,17.80693240860801,0 -91.57185654840279,17.8067840029115,0 -91.57149456148566,17.80654122583154,0 -91.57128349254275,17.80641102425582,0 -91.57095201423058,17.80624487466083,0 -91.57071420326199,17.80603768534483,0 -91.57038841588928,17.80586947302544,0 -91.56994375432303,17.80566494839129,0 -91.56967352768264,17.80551752865047,0 -91.56952368395187,17.80540616376722,0 -91.56901356104423,17.80518709653104,0 -91.56880541296576,17.80492562907031,0 -91.56841773602825,17.80474233184817,0 -91.5681164312569,17.80452213356379,0 -91.56784164025036,17.80437817331966,0 -91.56775319904544,17.80415467404156,0 -91.5673711544281,17.80384019431281,0 -91.56731260896777,17.8038218208429,0 -91.56708382683307,17.80361638253314,0 -91.56674241515992,17.803328858803,0 -91.56650998015046,17.80312590373535,0 -91.56624346457964,17.80298053028715,0 -91.56589082368335,17.80274311636189,0 -91.56559622761212,17.80252455228268,0 -91.56513193863472,17.80225016664909,0 -91.56492351031893,17.80212416347553,0 -91.56465724603126,17.80198001037213,0 -91.56451022575013,17.80187136194325,0 -91.56445445821359,17.80172503363154,0 -91.56422041249509,17.80152587903228,0 -91.56180642895058,17.79972999430511,0 -91.56044833605965,17.79795779193766,0 -91.5600045997224,17.79782625395955,0 -91.55984681203203,17.7974347492,0 -91.55960095378518,17.79701809221337,0 -91.55931951604683,17.79670602009814,0 -91.55919951150706,17.79621435557377,0 -91.55886740386934,17.79577495519019,0 -91.55878505828495,17.79518395873396,0 -91.55871832128892,17.79482533030385,0 -91.55854911810761,17.79421237887247,0 -91.55846804165338,17.79362824136104,0 -91.55830017186031,17.79302075585789,0 -91.55814758692267,17.79264201872441,0 -91.558016854108,17.79194025612419,0 -91.5579370748306,17.79136741278891,0 -91.55790810329496,17.79092124800641,0 -91.55781454181022,17.79013143232308,0 -91.55772155780033,17.78934649247735,0 -91.55748567971138,17.78895326537459,0 -91.55744385168765,17.78829712427818,0 -91.55736626001824,17.78774064127865,0 -91.55721684106058,17.78737875433828,0 -91.55709009332685,17.78670695606498,0 -91.55694233766226,17.78634643330872,0 -91.55678188912815,17.78577255779569,0 -91.55663505077597,17.78541451161044,0 -91.55643985971398,17.78493856530254,0 -91.5562813371796,17.78437072239524,0 -91.55605151121669,17.78399160970211,0 -91.55594268077478,17.78354512686948,0 -91.55571401462554,17.78316817158958,0 -91.55560677309293,17.78272335882569,0 -91.55559541369691,17.78251358114331,0 -91.55572709161463,17.77981374100517,0 -91.55634656789098,17.77732161402855,0 -91.55641627288864,17.77714623676459,0 -91.55652060373113,17.77688372873124,0 -91.55659982534591,17.77622590228509,0 -91.55670348926856,17.77596565417726,0 -91.55686419174539,17.77533544392267,0 -91.55713940186058,17.77464671753154,0 -91.55737762699979,17.77404948052581,0 -91.55739875657872,17.77377076918738,0 -91.55770230625755,17.7730102927723,0 -91.55800360333379,17.77225545419102,0 -91.55820323385622,17.771755327462,0 -91.55826955243509,17.77158916850603,0 -91.55846786822465,17.77109232026067,0 -91.55866521356786,17.7705979088966,0 -91.55873077877808,17.77043364256183,0 -91.55905643293718,17.76961711817219,0 -91.55918594261011,17.76929237654166,0 -91.55934901548554,17.76888542718986,0 -91.55954157274405,17.76840248036034,0 -91.55966911840856,17.76808220951965,0 -91.55985967715348,17.76760370230384,0 -91.56001778162211,17.76720668360571,0 -91.56027167158776,17.76657172999569,0 -91.56049283088201,17.76601903835246,0 -91.56080442442334,17.76523778427342,0 -91.56117379623178,17.76431007585101,0 -91.56129676341044,17.76400198049615,0 -91.56131204099718,17.76374902174867,0 -91.56157137670569,17.76288641595178,0 -91.56160177969532,17.76281040450261,0 -91.56163140400103,17.76231085533547,0 -91.56163064969826,17.76188891391641,0 -91.56181060865687,17.76101977401727,0 -91.5618694462451,17.76045442512843,0 -91.56182281655431,17.75994383720658,0 -91.56192663991237,17.75947975315941,0 -91.56207365832596,17.75870372143232,0 -91.56210160485871,17.75822340956167,0 -91.56224705149246,17.75745692688567,0 -91.56242320089459,17.75702561773699,0 -91.56257992079277,17.75603350016943,0 -91.56262161338122,17.75572908641319,0 -91.56270840410096,17.75551722729915,0 -91.562922929366,17.75479292159389,0 -91.56309478377334,17.75437388755039,0 -91.56307876149054,17.7542131246016,0 -91.56322131431028,17.75386592432087,0 -91.56324598719215,17.75340818413309,0 -91.56328661395969,17.75311129033569,0 -91.5632705486745,17.75295249294668,0 -91.56314998437099,17.75245620405314,0 -91.56320652172137,17.75231966867971,0 -91.56323104403903,17.75186877234324,0 -91.56321511231816,17.75171183762922,0 -91.56338368428105,17.75130601110563,0 -91.56336768410662,17.75114995130831,0 -91.56328426690145,17.74999740857852,0 -91.56340635515315,17.74837167131548,0 -91.56332397878708,17.74828318292707,0 -91.56338094447108,17.74779704201229,0 -91.56344489908219,17.74713221515259,0 -91.56353192807759,17.74672499225128,0 -91.5635988796452,17.74637571752296,0 -91.56359544056863,17.74606855917489,0 -91.563661924275,17.74572254161804,0 -91.56362747918357,17.7453485155431,0 -91.56366273586775,17.74493676335143,0 -91.56364787550842,17.7445124280861,0 -91.56369463738764,17.74422707541032,0 -91.56380678157765,17.74360639688334,0 -91.56386429078637,17.74344601934774,0 -91.56391789537383,17.74299140134109,0 -91.56386634770269,17.74268026666129,0 -91.56390341025927,17.74227764449067,0 -91.56389123217384,17.74186297055419,0 -91.56395655564724,17.74153454032424,0 -91.56396484087993,17.74136339091364,0 -91.563962710355,17.74107364046461,0 -91.56388244888662,17.74070450267508,0 -91.56385104982088,17.74035167167708,0 -91.5638406197385,17.74023446548366,0 -91.56381981466581,17.74000066067794,0 -91.56372157690723,17.73968805465989,0 -91.56369082174763,17.73934040618337,0 -91.56361225308892,17.73898029581541,0 -91.56352405354664,17.73850774637466,0 -91.56352290562035,17.7382299676371,0 -91.56347179223832,17.73794313392699,0 -91.56343894492464,17.73760932462196,0 -91.56338784068072,17.73732552232192,0 -91.56333693371434,17.73704280989194,0 -91.5633230541533,17.7366649675281,0 -91.56325519760118,17.73643105191099,0 -91.56318755776462,17.73619787984522,0 -91.5631387402677,17.73591757183087,0 -91.5630615642166,17.73557728985527,0 -91.56296617060882,17.73528599322277,0 -91.56282420022529,17.73498242303861,0 -91.56272065168223,17.73484791270302,0 -91.56256087359144,17.73459290200483,0 -91.56248588473414,17.73451922825643,0 -91.56225288908797,17.73419067417849,0 -91.56216989177932,17.73400977511064,0 -91.56198957302895,17.73380787651936,0 -91.56183255090473,17.73355516560861,0 -91.56170348294282,17.73336281568398,0 -91.56143536468966,17.73313091588026,0 -91.56135345810164,17.73295282681598,0 -91.56115986428412,17.73279439549557,0 -91.56099364434952,17.73269530304302,0 -91.5607554454002,17.73252261152651,0 -91.56058924707246,17.73242405601871,0 -91.56039671615746,17.73226631017895,0 -91.56035057480746,17.73225287705812,0 -91.5591503529424,17.73108541719926,0 -91.55720692802159,17.72966647455731,0 -91.55593847848164,17.72895109171599,0 -91.55383640637318,17.72847884022258,0 -91.55198745343446,17.7283253091546,0 -91.54972442464673,17.72831388950312,0 -91.54811012472868,17.72911701583518,0 -91.54801790499118,17.72908969483492,0 -91.54648135436072,17.73040664232886,0 -91.54550106546225,17.73226738842071,0 -91.5453187368386,17.73259637108326,0 -91.54518785907615,17.73283251730334,0 -91.54508277307511,17.73302213224168,0 -91.54497260354455,17.73332184046138,0 -91.54484020255747,17.7335609451642,0 -91.54462721730961,17.73394557440572,0 -91.54449338306928,17.73418726311311,0 -91.54443969385545,17.73428422524503,0 -91.54427808286883,17.73457607024928,0 -91.54411565883959,17.73486938024035,0 -91.54397968050793,17.73511493139126,0 -91.54387048690347,17.73531211315044,0 -91.54373347927645,17.73555952496837,0 -91.54356845098624,17.73585770400108,0 -91.54340470146042,17.73615604853532,0 -91.54329508570149,17.73635576092639,0 -91.54318510557502,17.73655613482065,0 -91.54307476205759,17.73675717124002,0 -91.53919258707482,17.74599360082141,0 -91.53913951217015,17.7463185395145,0 -91.53901129757203,17.74655452153348,0 -91.53897916688408,17.74661365373599,0 -91.53758921927863,17.749996526079,0 -91.53751039627706,17.75026123447339,0 -91.5374398974289,17.75074772077157,0 -91.53733934669481,17.7509356980983,0 -91.53556704788018,17.75532501110295,0 -91.53308253177144,17.7613531605063,0 -91.53291945213994,17.76154076053609,0 -91.53279926740413,17.76174136443482,0 -91.53266316976671,17.76198555300522,0 -91.53258581453797,17.76219998171565,0 -91.53249368361679,17.76245649128376,0 -91.53240116168276,17.7627140976429,0 -91.53233925788483,17.76288644868733,0 -91.53212788818941,17.76320579519601,0 -91.53201829428291,17.76351024782355,0 -91.53192749374003,17.76362772183988,0 -91.53183282115322,17.76389042763636,0 -91.53165999848446,17.76423257637661,0 -91.53151718956238,17.76448980311967,0 -91.53143457911227,17.7647161234449,0 -91.53134048284967,17.76483913021204,0 -91.53120962473983,17.76519958651192,0 -91.5310336605758,17.76554834581164,0 -91.53101718574892,17.7655937290763,0 -91.53084493475971,17.76579485924017,0 -91.53002207165814,17.76875473326545,0 -91.52826052769737,17.78428924666629,0 -91.52760188265393,17.78557847138316,0 -91.52655095307145,17.786488457736,0 -91.52452865753746,17.78732403451144,0 -91.52204293182064,17.78724824522941,0 -91.51956500402802,17.78604023833556,0 -91.51784110286259,17.78433892777835,0 -91.5155492816796,17.78376021464208,0 -91.51313719813851,17.78332386612328,0 -91.50959882459239,17.78334109299297,0 -91.49953745490069,17.78542430251175,0 -91.49294047957193,17.78611640144024,0 -91.48460583756237,17.78612679558634,0 -91.48074678631747,17.78727994228399,0 -91.47881037773689,17.78744262875951,0 -91.47870691407209,17.78746420900661,0 -91.47841534301639,17.78748520863867,0 -91.47789554519267,17.78759354335615,0 -91.47770665888112,17.7875929967439,0 -91.47758427728914,17.7876569545977,0 -91.47721379850476,17.78764715990834,0 -91.47708933768604,17.78761076956799,0 -91.47677936145209,17.78756944772194,0 -91.47669662302803,17.78754488378553,0 -91.47530917236053,17.78708534994249,0 -91.47365091513431,17.78603308553567,0 -91.47242281943481,17.78481852971625,0 -91.47158946044235,17.78276862929425,0 -91.47185656428256,17.78084815687722,0 -91.47262627444623,17.77822990029724,0 -91.47437705890911,17.7762895573673,0 -91.47629311807735,17.77375440956918,0 -91.4783313601437,17.77033487317965,0 -91.48031050446585,17.76636285506084,0 -91.48121234201533,17.76251097099254,0 -91.48167213076815,17.75882847280424,0 -91.48225430717987,17.75563648294163,0 -91.48194863161757,17.75245623308497,0 -91.48104584891138,17.75008088663001,0 -91.47978896047515,17.7482975994322,0 -91.47683840228919,17.74587540781375,0 -91.47442023847712,17.74467540220449,0 -91.47109801185782,17.74343555049057,0 -91.4669056534636,17.74357655397939,0 -91.46377507362178,17.74401730683421,0 -91.45978701831194,17.74612045770149,0 -91.45713353702487,17.7474524720509,0 -91.45446814780691,17.74889181012458,0 -91.45188969588048,17.7506456181997,0 -91.45146120798829,17.75085272098408,0 -91.45134968677426,17.75105931468148,0 -91.4491901864032,17.75251129702695,0 -91.44693030507058,17.75355323735709,0 -91.44649524053484,17.753865884654,0 -91.44584380078996,17.7542832864571,0 -91.44551411511586,17.75459631115491,0 -91.44508163290303,17.75480556965817,0 -91.44474761167402,17.75522334084665,0 -91.44452345063554,17.75553690784978,0 -91.44419269132682,17.75585094897439,0 -91.44385773380564,17.75626984563559,0 -91.44362894929216,17.75668896972617,0 -91.44308013649051,17.75710921578018,0 -91.44209576205812,17.75774077991892,0 -91.44175884521903,17.75816172031433,0 -91.44121224534661,17.75847834834329,0 -91.44055397292489,17.75890077498049,0 -91.44022013495773,17.75921755466002,0 -91.43988154977687,17.75964009711434,0 -91.43944465558017,17.75985211960893,0 -91.43900291819702,17.76016990894701,0 -91.43866789504324,17.76048772612285,0 -91.4382301790783,17.76070021526742,0 -91.43778745080225,17.76101870257054,0 -91.437441929361,17.76154922844802,0 -91.43732987112921,17.76165551487365,0 -91.43599281219257,17.76272045549433,0 -91.43380230680509,17.76357704203133,0 -91.43186351757483,17.76367248130956,0 -91.42930517861825,17.76309015180086,0 -91.42674572218922,17.76130922974918,0 -91.42552338093591,17.76009840888867,0 -91.4251203182552,17.75887521302696,0 -91.42487117390694,17.75822375459547,0 -91.42477420802642,17.75691499731762,0 -91.42465273472055,17.7556792862577,0 -91.42451786056377,17.75380604745367,0 -91.42478519909442,17.75121418435839,0 -91.42482369402784,17.75059472687144,0 -91.42484932199648,17.75018229883438,0 -91.42489410313219,17.7494615935199,0 -91.4251308678714,17.74904996155221,0 -91.42515627897266,17.74863915939657,0 -91.42518166218844,17.74822878844065,0 -91.42518800365197,17.74812626281353,0 -91.42524715419735,17.74547019473739,0 -91.42571245956377,17.74303369406602,0 -91.42574979182221,17.74242708607618,0 -91.42577464616919,17.74202320661587,0 -91.42579947350843,17.74161974706377,0 -91.425922635421,17.74131725380527,0 -91.42616866642229,17.74071297888422,0 -91.42630379010174,17.74021025365893,0 -91.4263343969377,17.73970835177287,0 -91.42646923308195,17.73920693236456,0 -91.42650577565833,17.73860628826947,0 -91.42664636653615,17.73800641170336,0 -91.42666454548556,17.73770690503409,0 -91.4267988098194,17.737208081425,0 -91.42705481722234,17.7364112441684,0 -91.4272864563964,17.73601328689016,0 -91.42752970679962,17.73541728394141,0 -91.4275652325972,17.73482251736005,0 -91.42759479366791,17.73432757973449,0 -91.42761841393714,17.73393208773907,0 -91.42765379682919,17.73333961114616,0 -91.42768323908484,17.73284657763902,0 -91.42771264190019,17.7323541762995,0 -91.42774200535715,17.73186240586415,0 -91.42776546783139,17.7314694430582,0 -91.4278006145227,17.73088075266968,0 -91.42782986035289,17.73039086808975,0 -91.4277502094988,17.72999955065464,0 -91.42777945124534,17.72951079034942,0 -91.42769406327182,17.72921797109512,0 -91.4274984859412,17.72768788503954,0 -91.42867852611867,17.72479064983548,0 -91.43109502425766,17.72211688069579,0 -91.43317126796003,17.72005716361269,0 -91.43551122392891,17.71711048877133,0 -91.43825744833843,17.71365251466706,0 -91.44010363247052,17.71075039605487,0 -91.4418175574242,17.70578070019776,0 -91.4428864750482,17.70270238808077,0 -91.44414623415501,17.70095347345028,0 -91.44848868214007,17.70065867367745,0 -91.45185073230044,17.69881235166084,0 -91.45478537532415,17.69761374654545,0 -91.45709494275027,17.69529354540394,0 -91.45743317422064,17.69255049140287,0 -91.45533290559469,17.68901876126423,0 -91.44979267906089,17.68575619504717,0 -91.44543817870199,17.68302204111306,0 -91.43614076378616,17.68086953492871,0 -91.42578095008052,17.68048924957625,0 -91.41741533927252,17.68428746435004,0 -91.41143411470907,17.68795727182129,0 -91.40177208595,17.69603017920937,0 -91.39434166149829,17.69856212670967,0 -91.3865744014068,17.69735143931118,0 -91.38062030413177,17.69513760078707,0 -91.376524314897,17.69110280919952,0 -91.37578410656009,17.68734111224497,0 -91.37568603776195,17.68301316372601,0 -91.37784417104154,17.67858828189847,0 -91.3802332578172,17.67403916482414,0 -91.38538434097718,17.66702576382187,0 -91.38794482158033,17.65725820672579,0 -91.38995174559852,17.65174800717147,0 -91.39094082349411,17.64709965257786,0 -91.39332421019841,17.64213777181696,0 -91.39702662551049,17.63777728065547,0 -91.40188316629015,17.63503217098463,0 -91.40577834550476,17.63326679584741,0 -91.409114682994,17.63202504508303,0 -91.41188365876981,17.6298830160293,0 -91.41160937091544,17.62773478316009,0 -91.40938696388049,17.62589659236144,0 -91.39892478081208,17.62507404499576,0 -91.39290208609135,17.62562382133555,0 -91.38524743939955,17.62285855676355,0 -91.37547041195761,17.61735730320702,0 -91.36770494799406,17.61332367476615,0 -91.36025024480999,17.60768475667272,0 -91.35731191615632,17.60374474262962,0 -91.35473321692919,17.5995159338619,0 -91.35307663020529,17.59421434647586,0 -91.35740355549949,17.58830551881776,0 -91.36659441603481,17.57922935557604,0 -91.37514382600422,17.5715979306289,0 -91.38042909478212,17.56411626468267,0 -91.38446938754704,17.55689917217306,0 -91.39053424625784,17.55113103078661,0 -91.39683178580103,17.54600858632867,0 -91.40280134549849,17.5428790708692,0 -91.40875465796339,17.54126803876075,0 -91.41084043271869,17.54129609342463,0 -91.41109046034926,17.54129623348636,0 -91.4115058210845,17.54129611876667,0 -91.41191442811957,17.54145288644938,0 -91.41233122550398,17.54145311501605,0 -91.41257660593634,17.54153133253229,0 -91.4129887872669,17.54160965643079,0 -91.41323428261968,17.54168790157285,0 -91.41364202137866,17.54184439621384,0 -91.41404991809569,17.54200094930157,0 -91.41437338967302,17.54215763544373,0 -91.41453211041728,17.54231388088934,0 -91.41494114338082,17.54247076217125,0 -91.41534570416577,17.54270592546295,0 -91.41575048649059,17.54294121256718,0 -91.41608058803251,17.54301980219609,0 -91.41640640742366,17.54317679993495,0 -91.4167280489195,17.54341228783534,0 -91.4169704673311,17.54356936991566,0 -91.41754011015036,17.54388383316827,0 -91.41794708775613,17.54411986841445,0 -91.41827869685368,17.54419881855486,0 -91.41852275473913,17.54435629433148,0 -91.41902308967072,17.54443543056753,0 -91.41951507493145,17.5446718642217,0 -91.41968238044633,17.54467194995037,0 -91.42017839231058,17.5447506620324,0 -91.42050588304949,17.54482920241979,0 -91.42075062212439,17.54490781697476,0 -91.42099543559674,17.54498645244867,0 -91.42140615704763,17.54506503801377,0 -91.42165494241827,17.54506493614065,0 -91.42214886059787,17.54514352881926,0 -91.42281373565608,17.5451430699478,0 -91.42331846503029,17.54514351712512,0 -91.42374070197222,17.54514442719673,0 -91.42432989702499,17.54514480326253,0 -91.42491595056516,17.54514506395137,0 -91.42533776249709,17.54506644327214,0 -91.42558875063705,17.54506657522589,0 -91.42617489137156,17.54506683608295,0 -91.42642605860854,17.54506694342719,0 -91.42684465585624,17.5450671288961,0 -91.42701209281115,17.54506719982391,0 -91.42751148529177,17.54514623960464,0 -91.42775620041461,17.54530400745029,0 -91.4281717025175,17.5453830137291,0 -91.42841662078338,17.5455407576855,0 -91.42874821216631,17.5456197000221,0 -91.42924059229405,17.54585652658906,0 -91.42956902314479,17.54601449811179,0 -91.42981680032976,17.54609351442024,0 -91.43022936554064,17.54625168997051,0 -91.4306403971992,17.54648905780443,0 -91.43088795880266,17.54664743512819,0 -91.43129917613351,17.54680560183416,0 -91.43154577790594,17.54696401188127,0 -91.43187123574477,17.54728091490342,0 -91.43211547953828,17.54751873794476,0 -91.43227287449511,17.54783596128794,0 -91.43260101404955,17.54807410238908,0 -91.43284526944713,17.5483123482514,0 -91.43308646752577,17.54863013442359,0 -91.43332752999336,17.54894821975638,0 -91.43356612095884,17.54934616737,0 -91.43381039265144,17.54958523612302,0 -91.43396559019713,17.54998377287953,0 -91.43420519847719,17.55038272838289,0 -91.43453148405061,17.55078183868527,0 -91.43469475912838,17.55110113811574,0 -91.43493749811836,17.55150078700191,0 -91.43509760747257,17.55174104451715,0 -91.43525283251881,17.55214169547016,0 -91.43548246009344,17.55262425625581,0 -91.43578935349248,17.55334901111595,0 -91.43611292350197,17.5538320260889,0 -91.4361883182676,17.55415416979034,0 -91.43634807060843,17.55447671105434,0 -91.43634300445761,17.55463810380176,0 -91.43641258481652,17.55512271302265,0 -91.43647725134356,17.55576975887947,0 -91.4366374165281,17.55609359496269,0 -91.43662533013563,17.55649870283758,0 -91.43660852786178,17.55706648777435,0 -91.43659891334894,17.55739129640261,0 -91.43658929036079,17.5577163643109,0 -91.4365796651641,17.55804168149474,0 -91.4365676197925,17.55844869324922,0 -91.4365506220054,17.55901932090024,0 -91.43653865125879,17.55942719471676,0 -91.43652413816847,17.55991735358354,0 -91.43650960781105,17.56040810162128,0 -91.43649990988388,17.5607355917613,0 -91.43639985284851,17.56122741326003,0 -91.43639012947349,17.56155554563247,0 -91.43620979121525,17.56188367923356,0 -91.4361981417819,17.56229416793617,0 -91.43610792681929,17.56245844611536,0 -91.43600798070975,17.56295182432522,0 -91.43582406236479,17.56336379910111,0 -91.4356399604297,17.56385715271017,0 -91.43554378908227,17.56426851465132,0 -91.43553478905162,17.56459833091836,0 -91.43552118479631,17.56509347840843,0 -91.43550962092631,17.56542555007135,0 -91.4354973338709,17.56583958549825,0 -91.43548325063961,17.56633645159952,0 -91.43538789256762,17.56666797861977,0 -91.43528540230676,17.56724869896388,0 -91.43518507282106,17.56774716024043,0 -91.43518018428938,17.5679135306353,0 -91.43490967009446,17.5683295735634,0 -91.43481009914601,17.56882834643821,0 -91.43472020561745,17.56931983913718,0 -91.43462201347207,17.56981820775941,0 -91.43451813835024,17.57032169263522,0 -91.43450186550349,17.57082465519447,0 -91.43449108793327,17.57124192769236,0 -91.43456637941632,17.5715781731463,0 -91.4347222954728,17.57192004070841,0 -91.43487731809704,17.57234509800402,0 -91.43503873397856,17.57260134513011,0 -91.43520046160464,17.5729394813907,0 -91.43536359826402,17.57327667467086,0 -91.4357012731446,17.57361310859105,0 -91.43577748621284,17.57395136259796,0 -91.43602679821942,17.57429040631552,0 -91.43636550127144,17.57462717475448,0 -91.43661884225722,17.57488083006124,0 -91.43695949947701,17.57513426242008,0 -91.4372101555996,17.57555575245278,0 -91.43737813900476,17.57580868623152,0 -91.43771851867913,17.57614566516851,0 -91.43797187797308,17.57648319646696,0 -91.43814019753634,17.57673657726062,0 -91.43848307784114,17.57698943452239,0 -91.43873856336451,17.57724311159378,0 -91.43915811617465,17.57767509940168,0 -91.43950251376033,17.57784498947212,0 -91.43975591952329,17.57810288874808,0 -91.44010133683756,17.57827188523455,0 -91.44044566443546,17.57844269355909,0 -91.44079378402407,17.57860802085028,0 -91.44114601555911,17.57868466917454,0 -91.4414969332433,17.57868086712962,0 -91.44210715516937,17.57868023576159,0 -91.44263590735113,17.57867003192759,0 -91.44788982858421,17.57853162653072,0 -91.44800314910535,17.57853175153542,0 -91.44834311438424,17.57853212604092,0 -91.44853199146813,17.57853233312127,0 -91.44868309541829,17.57853249911917,0 -91.44891029927645,17.57849561405507,0 -91.44898578929025,17.57849588083181,0 -91.4491371012431,17.57845992723952,0 -91.44940202282515,17.57838763229992,0 -91.44974282585235,17.57831387937985,0 -91.44985652606375,17.57827700058824,0 -91.45012125573366,17.57824016477477,0 -91.45031086279381,17.57816595384582,0 -91.45050012284746,17.578128336509,0 -91.45065185943672,17.57805402320216,0 -91.45087946488509,17.5779418778099,0 -91.45091755507818,17.5779045991778,0 -91.4511067145627,17.57786607183606,0 -91.45122088401629,17.57775399219377,0 -91.45144814877048,17.57764100474976,0 -91.45163739650273,17.57752908171586,0 -91.45178882888705,17.57741733000088,0 -91.45197781557424,17.57730523139432,0 -91.45224199593049,17.57715663562845,0 -91.45231739950241,17.57711947832772,0 -91.45246814250824,17.57704519517737,0 -91.4526941836582,17.57689753121459,0 -91.45284498374154,17.57671339692244,0 -91.45307038590111,17.57664081463837,0 -91.45337102008023,17.57634772906825,0 -91.45359612052951,17.57620080115043,0 -91.45370858340959,17.57605393601475,0 -91.45389584005035,17.57590727128748,0 -91.4539332033012,17.57579729397243,0 -91.4547570600523,17.57513558495067,0 -91.45501892407354,17.5748828056466,0 -91.45528283114091,17.57429184233504,0 -91.45537104667986,17.57403885821574,0 -91.45546033813211,17.57361679396985,0 -91.45546195379609,17.57336345362905,0 -91.45546496021028,17.57285831639726,0 -91.45564060320139,17.57243748756692,0 -91.45564315807168,17.57201672361407,0 -91.4556455109167,17.57159732997036,0 -91.45573379416535,17.57126218265025,0 -91.45573576562526,17.57092659517745,0 -91.45573869832482,17.57042389224803,0 -91.45582678830712,17.57008980993094,0 -91.4558291135465,17.5696718971945,0 -91.45583107205709,17.56933743966902,0 -91.45591905571879,17.56900396026882,0 -91.45600706180201,17.56867039957368,0 -91.45609500376756,17.56833705128207,0 -91.45618330625317,17.56792074780195,0 -91.45627110164502,17.56758797681879,0 -91.45653089861536,17.5672553133592,0 -91.45661813973302,17.56700590505618,0 -91.45670540078731,17.56667516738931,0 -91.45679319373129,17.56626068384712,0 -91.45688054655356,17.56592937073164,0 -91.45696783605484,17.56559830530684,0 -91.45722707076233,17.56518461458827,0 -91.45731422509301,17.56485374023658,0 -91.4574870037526,17.56452339737799,0 -91.45766023649104,17.56402833284771,0 -91.45783246501807,17.56378094287786,0 -91.45809124858269,17.56320422668082,0 -91.45826341803664,17.56287504211408,0 -91.4583501338392,17.56246388381565,0 -91.45860755124559,17.56213527632233,0 -91.45877911513833,17.56188899144255,0 -91.45895131300124,17.56131431909358,0 -91.45912264416036,17.5610681170956,0 -91.45937936703203,17.56074006567369,0 -91.45946536067824,17.56033039560808,0 -91.45980704340732,17.55992117755328,0 -91.46014830777136,17.5595937608978,0 -91.46031885564364,17.55934850335362,0 -91.46048926887018,17.55918495812455,0 -91.46082986557649,17.55893959340968,0 -91.46117015038465,17.55861298037104,0 -91.46159538454206,17.55844979528297,0 -91.46185009547636,17.55812415796557,0 -91.46218988576841,17.55796131081076,0 -91.46261410593819,17.55763599482299,0 -91.46286832374987,17.55739223083678,0 -91.46320732014712,17.5571486998483,0 -91.46380028300298,17.55674354488029,0 -91.46413958139806,17.55666281978946,0 -91.46439397922929,17.55658212620676,0 -91.46481762531901,17.55642041179636,0 -91.46507095604596,17.55617770376532,0 -91.46549475785338,17.55609703611924,0 -91.46583375786773,17.55601646804388,0 -91.46625746875613,17.55593587535289,0 -91.46659614541257,17.55585506522719,0 -91.46693558176378,17.55585536322134,0 -91.46718887292438,17.55569384787664,0 -91.46778170026163,17.55561310209617,0 -91.46820414615445,17.55553169891097,0 -91.46871184492653,17.55545089941598,0 -91.46904997009737,17.55537011177626,0 -91.46955749714851,17.55528937895745,0 -91.46998120938228,17.55528946625107,0 -91.47040482230182,17.55528948859891,0 -91.47108148020898,17.55528882639017,0 -91.47150377881103,17.55520793440946,0 -91.47175780622776,17.55520797473764,0 -91.47218139728365,17.55520805308927,0 -91.47268714971538,17.55504662215029,0 -91.47327984364178,17.55504661917499,0 -91.4737033233196,17.55504669752457,0 -91.47421066893841,17.55504639333135,0 -91.47463387720659,17.55504629311693,0 -91.47497316464721,17.55504661181927,0 -91.47548282624052,17.55512740751124,0 -91.47590787530724,17.5552082039071,0 -91.47624828679122,17.55528899982889,0 -91.47667350039191,17.5553698233835,0 -91.47701244421501,17.55536989812855,0 -91.47735469315131,17.55553150478705,0 -91.47778158613124,17.55569306683044,0 -91.47820796329758,17.55585443169179,0 -91.47863518421933,17.55601613285066,0 -91.47897792932405,17.55617796437558,0 -91.47923425836886,17.55625894595261,0 -91.47966418075137,17.55650193504333,0 -91.4798358313126,17.55658296798214,0 -91.48035099365478,17.55682616941642,0 -91.48069247377217,17.55690727270684,0 -91.48095120256636,17.55706946940541,0 -91.48121213087992,17.55731287882605,0 -91.48164093828905,17.55747524348014,0 -91.48206991560708,17.55763767108842,0 -91.48241411061549,17.55780015874536,0 -91.48284248266106,17.55796230103509,0 -91.48309895228657,17.55804329869427,0 -91.48344352664316,17.55820596368573,0 -91.48378643062543,17.55828754644719,0 -91.4840483915514,17.55853159131402,0 -91.48439364912451,17.55869455316272,0 -91.48473688351231,17.55877624418229,0 -91.48508246169851,17.55893936080739,0 -91.48543087740923,17.55918402777374,0 -91.4858678785973,17.55951083472706,0 -91.48604593338599,17.5597557402245,0 -91.48613367997795,17.55983740669889,0 -91.48665672528655,17.56016485697006,0 -91.48692355760639,17.56049215083308,0 -91.48702200692969,17.56090127068916,0 -91.48703490535651,17.56131064618915,0 -91.48941242292108,17.56438409615795,0 -91.49032436222079,17.56519936237423,0 -91.49058288108587,17.56553846359746,0 -91.4909297269687,17.56579342654938,0 -91.49109966808953,17.56621796012117,0 -91.49135820943957,17.56655795196708,0 -91.49161887392954,17.56672813412946,0 -91.49196474469518,17.56715253295841,0 -91.49231300734131,17.56748985553383,0 -91.492572576542,17.56799595577855,0 -91.49265911915863,17.56816469629934,0 -91.49292046486705,17.56841786186363,0 -91.49318075733815,17.56875655219316,0 -91.49335237873396,17.56909740348738,0 -91.49369950709736,17.56935506444707,0 -91.493870119664,17.56978207139845,0 -91.49421671052588,17.57020863376234,0 -91.49438910340419,17.57054929509,0 -91.49473558028016,17.5708936931523,0 -91.49490732413926,17.57115304839612,0 -91.49525389803306,17.57149837813787,0 -91.49551525724367,17.5716708453741,0 -91.49595048561461,17.57209901730729,0 -91.49621350457626,17.57235146143678,0 -91.49656356396115,17.57268989042263,0 -91.49682599465335,17.57294420013144,0 -91.49708707375271,17.57328606860587,0 -91.49743669521325,17.57354306833252,0 -91.49761051273843,17.57380007822849,0 -91.49795965372094,17.57414292940081,0 -91.49822226522275,17.57431444417881,0 -91.49866034248174,17.57473890655149,0 -91.49892286068281,17.57507863444803,0 -91.49909627368201,17.57533874352892,0 -91.49935741984915,17.57560041047445,0 -91.49961832931831,17.57603103606497,0 -91.4999684154769,17.57637463305877,0 -91.5002299415208,17.57680445312573,0 -91.50049272367565,17.57706232000166,0 -91.50084267554098,17.57749241171158,0 -91.50119387009902,17.57775034537047,0 -91.50145688521575,17.57800870393188,0 -91.50180819033235,17.57826733950395,0 -91.5019836878451,17.57843952442578,0 -91.50251135863618,17.57878345083079,0 -91.50286253563101,17.57904479168022,0 -91.50321379010695,17.57930669533885,0 -91.50365366776292,17.57956762083615,0 -91.50400611182799,17.57974014535554,0 -91.50435922732443,17.57999227595469,0 -91.50471246633155,17.58007577828065,0 -91.50515405489021,17.58015878030168,0 -91.5055954458266,17.5802433030357,0 -91.50612505096292,17.58032874055431,0 -91.50647792779961,17.58041595766186,0 -91.50683105578661,17.58041696922144,0 -91.50744827484863,17.58042989967446,0 -91.50797799882031,17.58043425659933,0 -91.50850780827518,17.58052259874076,0 -91.50894953904998,17.58052265682131,0 -91.50930292409473,17.58052270148414,0 -91.50992140342969,17.580519452387,0 -91.51036312012401,17.58051677488106,0 -91.51098143621412,17.5805130273285,0 -91.5114230082867,17.58042466976935,0 -91.51186446089706,17.58025066289017,0 -91.51230594501422,17.58008085497067,0 -91.51274724541206,17.57982370765274,0 -91.51310013520609,17.57956617717935,0 -91.51310004958368,17.57948049198984,0 -91.51345244121518,17.57888044864287,0 -91.51362850970958,17.57853774882521,0 -91.51371632406106,17.57819553522707,0 -91.5138920072812,17.57768124015926,0 -91.51397966549541,17.57733827719689,0 -91.51406701285673,17.57682405527293,0 -91.51424260058394,17.57639575673053,0 -91.51433013893892,17.57605324598845,0 -91.51432923009428,17.57553968916998,0 -91.51432842906598,17.57502756923662,0 -91.51432814628659,17.57485672677812,0 -91.51441504555869,17.57417353966309,0 -91.51441405865312,17.57366035135691,0 -91.51441340157415,17.57331838510036,0 -91.51432472892739,17.57297625955412,0 -91.51423609190878,17.57271803493404,0 -91.5139712220372,17.57228830809398,0 -91.51370696927589,17.57194813424979,0 -91.51344279829603,17.57160806252442,0 -91.51317869404734,17.57135163978084,0 -91.51300245724816,17.57100995461435,0 -91.51282637637588,17.57075353854866,0 -91.51256246902497,17.57049672227156,0 -91.51221067710068,17.57006936543671,0 -91.51212277188787,17.56998382792395,0 -91.51177117732688,17.5694716811993,0 -91.51150761469908,17.56912917462321,0 -91.51106866034498,17.56870138772322,0 -91.51089315246729,17.56844502387677,0 -91.51054231929191,17.56801506796245,0 -91.5101041143275,17.56750134287532,0 -91.50975371674421,17.56716019613444,0 -91.50940354431314,17.56673469146699,0 -91.5090532967584,17.56656391297819,0 -91.50870330810311,17.56622423875404,0 -91.50844096861874,17.56596878123616,0 -91.50817885334452,17.56562865619624,0 -91.50791664750976,17.56537413789295,0 -91.50739198905534,17.56511919815828,0 -91.50704255413972,17.5648641881266,0 -91.50660575410369,17.5646092119014,0 -91.50643126033002,17.56443946466693,0 -91.50608164416458,17.56435420102049,0 -91.50249778115283,17.56052118610867,0 -91.49991919678806,17.55642910412603,0 -91.49963269543257,17.55574687645869,0 -91.49948953122649,17.55520150069391,0 -91.49891620660455,17.5547923365365,0 -91.49848618299866,17.55424525742325,0 -91.49791277291091,17.55383453279739,0 -91.4976260550644,17.55328367818854,0 -91.49719606005304,17.55287050406162,0 -91.49676613967976,17.55245740337146,0 -91.49619306126678,17.55149994735383,0 -91.49576317927044,17.55095449678589,0 -91.49547662080319,17.55040833041281,0 -91.49519007653396,17.5498618179066,0 -91.49476014163567,17.54945249014726,0 -91.49476024957519,17.54917844852914,0 -91.4943305050127,17.54835775537242,0 -91.49418729712349,17.54794748454223,0 -91.49375778950971,17.54712505554209,0 -91.49361466468874,17.54685067409623,0 -91.49318549951464,17.54616304204074,0 -91.49289911961905,17.54561622405919,0 -91.49275584678594,17.54561619845939,0 -91.48998835232635,17.54007200191928,0 -91.48902972328877,17.53465505161303,0 -91.48872506980371,17.53369137830089,0 -91.48859645437895,17.53312918707596,0 -91.48838142482656,17.53236813049486,0 -91.48812137768016,17.53176959983383,0 -91.48790772345836,17.5310141322231,0 -91.48782662343437,17.53030113555451,0 -91.48774038746876,17.53010404107951,0 -91.48753289248378,17.52884787450728,0 -91.48744685996844,17.52865323479704,0 -91.4802461654551,17.51617167124686,0 -91.47597835590977,17.50968983151811,0 -91.4753660606724,17.50904399693485,0 -91.47500747924667,17.50847299093153,0 -91.4746780549869,17.50822193872914,0 -91.47439806801485,17.50782977669845,0 -91.47374109104747,17.50732832728014,0 -91.47321090115302,17.50686429889543,0 -91.47275779307088,17.50657740660769,0 -91.47222946249597,17.50611367405109,0 -91.47177662539916,17.50582849240583,0 -91.47105186035213,17.5051481080503,0 -91.47060241636947,17.50485970801357,0 -91.47020430295963,17.50443184052991,0 -91.46955731143639,17.50393068719442,0 -91.4692324968366,17.50368378304131,0 -91.46843489170463,17.50284408114848,0 -91.46836097079442,17.50267036865452,0 -91.46763707499269,17.50201154407977,0 -91.46718947507239,17.50173060701185,0 -91.46664939720142,17.50096486250722,0 -91.46620532259975,17.5006804617123,0 -91.4654930432032,17.50001526655192,0 -91.46535045593876,17.49966865043076,0 -91.46471103282887,17.49918003171681,0 -91.46425035688563,17.49859103699087,0 -91.46403877787493,17.4980746581668,0 -91.46377416045901,17.49769558738536,0 -91.46319139937654,17.49707658197526,0 -91.46311935734965,17.49690879005792,0 -91.46276442232083,17.496065216427,0 -91.46230487946785,17.49549037731211,0 -91.46197293636423,17.49494807221949,0 -91.46159094615024,17.4945357604464,0 -91.46108737300518,17.49408777564038,0 -91.46077700614418,17.49384289300939,0 -91.46007008471038,17.49321175440735,0 -91.45939608128784,17.49285712990042,0 -91.458948580099,17.49259922499311,0 -91.45838580799477,17.49229669488794,0 -91.45807003076797,17.4920629705593,0 -91.45739688580942,17.49171084740078,0 -91.45691955715505,17.49155381014656,0 -91.45636012635403,17.49124945511898,0 -91.45561549114443,17.49104982061716,0 -91.45525086060395,17.49094057749131,0 -91.45434284438701,17.49081771039875,0 -91.45409667916181,17.49074841770786,0 -91.45104784147479,17.49045793130002,0 -91.44835967716762,17.48996748825502,0 -91.44799235694033,17.4898597885968,0 -91.44707861633597,17.49003741618711,0 -91.44683343034741,17.48996552753197,0 -91.44597991240275,17.49031044490732,0 -91.44536823972763,17.49042879847169,0 -91.4448797619642,17.49058235568247,0 -91.44390391676956,17.49088641390879,0 -91.44335238435909,17.49087122040018,0 -91.44298366098776,17.49076182134291,0 -91.44218159309396,17.49067763938778,0 -91.44193272408853,17.49060753289744,0 -91.43777896694975,17.49045339661081,0 -91.4349186375966,17.48963292319475,0 -91.43448918279051,17.48935596957243,0 -91.43381488770871,17.48900511605176,0 -91.43357351412484,17.48863522754902,0 -91.43308226944924,17.48819647217704,0 -91.43278510227822,17.48766019896204,0 -91.43224135621118,17.48734398136658,0 -91.43212929240663,17.48700942238811,0 -91.4314751011226,17.48636033443743,0 -91.4310458924293,17.48608956474593,0 -91.43055696753488,17.4856566084712,0 -91.43027593269473,17.48511754687002,0 -91.43011470564737,17.48461855550682,0 -91.4299972349925,17.48429420848699,0 -91.429488646845,17.48142183173885,0 -91.42927488069901,17.4789056076229,0 -91.42912155629124,17.47814441700091,0 -91.42914333257458,17.4775801701454,0 -91.42910050377607,17.4771399848246,0 -91.42907559103132,17.47641641022554,0 -91.42909669165282,17.4758581534634,0 -91.42917041038403,17.47518803789674,0 -91.4293743431066,17.47454833094343,0 -91.42952143742458,17.47402630488208,0 -91.42997934678493,17.47318140616098,0 -91.43017451548022,17.47282100092887,0 -91.43102764126552,17.47251384805912,0 -91.43174090702863,17.47245195925977,0 -91.43227182867948,17.47247460489004,0 -91.43338593412221,17.47240671574198,0 -91.43421225726257,17.47238072682037,0 -91.43475296667084,17.47239591199385,0 -91.43523430772609,17.47225968579298,0 -91.43587940496921,17.47231723120432,0 -91.43894941996126,17.47132602537503,0 -91.44188380968313,17.47191056878137,0 -91.44241102983318,17.4719296946942,0 -91.44311450809246,17.47213429218755,0 -91.44370071536034,17.47230478631335,0 -91.44405242592387,17.47240707310251,0 -91.44452136242954,17.47254345404268,0 -91.44499361193735,17.47267737583951,0 -91.44581225992445,17.47291740237425,0 -91.44616241094209,17.47302080973738,0 -91.44669385004519,17.47358126432658,0 -91.44699041643352,17.47380112866702,0 -91.44723114426984,17.47413940512418,0 -91.45065509266472,17.47595157486576,0 -91.45332097941531,17.47713008560836,0 -91.45386480911942,17.47769768245718,0 -91.45434584590004,17.47811141623559,0 -91.4549990398778,17.47843967023945,0 -91.45548154064286,17.47885446821502,0 -91.45571742883426,17.47892370152726,0 -91.45649139476141,17.47928580902493,0 -91.45691140838102,17.47954468192248,0 -91.45750266248477,17.47971673471929,0 -91.45821214072295,17.47992318519554,0 -91.45844862463356,17.47999200032591,0 -91.45915806491028,17.48019843614636,0 -91.4600242633968,17.48003821220661,0 -91.46054877113708,17.48005338831041,0 -91.46112023203915,17.47995150506426,0 -91.46128893600982,17.47986495988258,0 -91.46221544096797,17.47986294635666,0 -91.46278743007339,17.47975807229804,0 -91.46307309182237,17.47970569488945,0 -91.46342597789307,17.47980851662907,0 -91.46716639327921,17.4790097948462,0 -91.47009718098018,17.47786528701527,0 -91.47417539946353,17.47621308704855,0 -91.474484206894,17.47605038212997,0 -91.47499596513315,17.47582824446616,0 -91.47522487602319,17.4757082764917,0 -91.4758210225713,17.47557244713223,0 -91.47604818255441,17.47545318057486,0 -91.47664072589947,17.47531830487546,0 -91.47738114374066,17.47510407504013,0 -91.47760618681639,17.47498428020036,0 -91.4782590827739,17.47499002224556,0 -91.47878120793398,17.47502217254513,0 -91.47906869072534,17.47504608328541,0 -91.47964364591398,17.47509267355398,0 -91.48001782718241,17.4752018562778,0 -91.48053821067199,17.47523252008044,0 -91.48091198110279,17.47534177571853,0 -91.48117889317729,17.47541993303167,0 -91.48155256965862,17.4755293527879,0 -91.48187286236534,17.47562313969985,0 -91.48242543297583,17.47572472501856,0 -91.48258551577578,17.47577160051299,0 -91.48301239762031,17.47589659638918,0 -91.48340505971507,17.47594923526989,0 -91.48383166577331,17.47607436510424,0 -91.48416964287156,17.47611348237723,0 -91.48484530927183,17.47619020520603,0 -91.48512946549417,17.47621296280696,0 -91.4856620735694,17.47636847272396,0 -91.48587528413132,17.47643010414653,0 -91.48624837145437,17.47653795062881,0 -91.48662142171557,17.47664578360954,0 -91.48690486020011,17.47666771055256,0 -91.48727769704992,17.4767754838794,0 -91.48782688001671,17.47687428297256,0 -91.4883223482537,17.47695760792938,0 -91.48842875347789,17.47698836596089,0 -91.48888578691675,17.47700614644631,0 -91.48916693319347,17.47703205457314,0 -91.4897987048754,17.47703729882236,0 -91.49006395073711,17.47711495892134,0 -91.49018580706512,17.47709013294989,0 -91.49072497771307,17.47700793151273,0 -91.49126223041959,17.47692749996799,0 -91.49190332787877,17.47687818094765,0 -91.49248970360881,17.47681361134808,0 -91.49290196554729,17.47675742174242,0 -91.49307423818874,17.47674892948942,0 -91.49329895694437,17.47675577774855,0 -91.49357605481654,17.476777946602,0 -91.49402454425075,17.47679159978673,0 -91.49418209676853,17.47683754578081,0 -91.49460222108807,17.47696006144696,0 -91.49479858191515,17.47707575433325,0 -91.49786465455921,17.47738437951805,0 -91.50260261874001,17.47800923720958,0 -91.50529163295585,17.47765907143432,0 -91.50607834933908,17.47749406677429,0 -91.50663738193754,17.47737603897607,0 -91.50691175366184,17.4773440143796,0 -91.50727983817988,17.47739575202151,0 -91.50797208449966,17.47743045106833,0 -91.50846585293159,17.47735149882869,0 -91.50911148236825,17.47731775201617,0 -91.50932368454218,17.47732431268501,0 -91.51001769385023,17.47730546979358,0 -91.51028744943353,17.47727371996197,0 -91.51070215679619,17.4773394658589,0 -91.51102824811282,17.47726829966216,0 -91.51144843719149,17.47728019532053,0 -91.51182436255421,17.47722501085129,0 -91.51229364607785,17.4772515027535,0 -91.51245217676488,17.47724286145572,0 -91.51303458383967,17.47719380522495,0 -91.51356483633768,17.47713040079932,0 -91.51387967033585,17.47711328869389,0 -91.51429458825844,17.47712521394443,0 -91.51483902458759,17.47690642029678,0 -91.51532046513911,17.47677937476509,0 -91.51570050442405,17.47662428420535,0 -91.51607337599803,17.47652074813764,0 -91.51644401490525,17.4764161550285,0 -91.51672320898912,17.47617929887086,0 -91.51689204619692,17.47601713604071,0 -91.51705564928133,17.47590672453329,0 -91.51722820680374,17.47569425786042,0 -91.51744512171727,17.47554801591684,0 -91.51756689770889,17.47532246699334,0 -91.51768375930732,17.47514840107756,0 -91.51790333043914,17.47495314558271,0 -91.51813494911258,17.47460775806286,0 -91.51834845150746,17.47446451067793,0 -91.5185654367217,17.47427172782018,0 -91.51867159702522,17.47420053401171,0 -91.51883455164392,17.47404417701475,0 -91.51895122486347,17.47382353724178,0 -91.51926444907572,17.4736096228385,0 -91.51942848798973,17.47340492940232,0 -91.51959192031514,17.47320099107014,0 -91.51971802492174,17.472837855129,0 -91.51982845356424,17.47267060977938,0 -91.51994559489232,17.47240685166297,0 -91.5200074697011,17.47222705172007,0 -91.52002489855845,17.4719858261393,0 -91.52009335930737,17.47171124003602,0 -91.51996445520933,17.47147850002408,0 -91.51992039926648,17.47141698408454,0 -91.51974665945572,17.47054424323365,0 -91.51925565636536,17.46822622895615,0 -91.51736599612933,17.46637525813886,0 -91.51716689456464,17.46625333066541,0 -91.51694841490223,17.46599812988573,0 -91.51682105625876,17.46583352770684,0 -91.51667653468047,17.46572804548924,0 -91.51412928055163,17.4644735284671,0 -91.50257159690246,17.46022499896396,0 -91.4996144007924,17.45898948241194,0 -91.49953211983248,17.45890310152048,0 -91.49915898385295,17.45879387521266,0 -91.49878726959282,17.45868319281718,0 -91.49838718308288,17.45850189911915,0 -91.49806802940591,17.45840783237904,0 -91.49769548816107,17.45829829813215,0 -91.49753524038273,17.45825191636594,0 -91.49713305698093,17.45807365043048,0 -91.49678173744748,17.45778666766643,0 -91.49659372424803,17.45767058465941,0 -91.49654040747609,17.45765515059267,0 -91.49629926069824,17.45752373366295,0 -91.4960305599695,17.45732287108068,0 -91.49562978957972,17.45702087434814,0 -91.49560268245028,17.45695124114981,0 -91.49536335019567,17.45681979517093,0 -91.49507116951932,17.45667299963354,0 -91.49483224466212,17.45654177245805,0 -91.49454030647857,17.45627224194791,0 -91.49438135461081,17.45610320756761,0 -91.49406468821144,17.45588772099775,0 -91.4937765436876,17.45573997780761,0 -91.4934893383256,17.45547051034869,0 -91.49335953231713,17.45536990081557,0 -91.49315140599698,17.45530624821156,0 -91.4929448278468,17.4551209296409,0 -91.49254886127768,17.45494613578114,0 -91.49252128604671,17.45487933411217,0 -91.4923325560066,17.454649158239,0 -91.49214596389579,17.45453748146411,0 -91.49198982723125,17.4543712314005,0 -91.49170396478682,17.45410681659604,0 -91.49152373856666,17.45387358517376,0 -91.49142126156728,17.4537235339949,0 -91.49121427914906,17.45354318114557,0 -91.49085072898792,17.45331738148676,0 -91.49074906147237,17.45316813972273,0 -91.49059839613831,17.45288561393003,0 -91.49049719525487,17.45273709104566,0 -91.49045139687834,17.45248632962918,0 -91.49040575370549,17.45223638431588,0 -91.49025651771824,17.4519569986633,0 -91.49023557818245,17.45177450604419,0 -91.49021468514518,17.45159246240076,0 -91.49009047873304,17.45138071415118,0 -91.49004573528374,17.45113430478636,0 -91.48978058956189,17.45087158678028,0 -91.48964848473082,17.45077927061896,0 -91.48870124564317,17.44822448648563,0 -91.48809326817123,17.44528213824565,0 -91.48802204915738,17.44495110494477,0 -91.48779322960957,17.44198789508003,0 -91.48792057423265,17.44165505947636,0 -91.48790527817509,17.44136073590384,0 -91.48792221404716,17.4411493463203,0 -91.48781088756526,17.44061158728905,0 -91.48783028792768,17.44039774990562,0 -91.48781207063124,17.43995550820082,0 -91.48778793824735,17.43936964777711,0 -91.4877819312682,17.43922385321241,0 -91.4877639801941,17.43878807346094,0 -91.48772090567643,17.43841868544701,0 -91.48775940978867,17.43800341206957,0 -91.48779079308218,17.43744940894034,0 -91.48784019288368,17.43732418275022,0 -91.48782181389232,17.436899681259,0 -91.48785477227477,17.43635036795646,0 -91.48789188471713,17.43594706556226,0 -91.48791006981672,17.43574669458202,0 -91.48800820144641,17.43550109961103,0 -91.4880929512567,17.43498133471415,0 -91.4882389705925,17.43461700191106,0 -91.48835361361589,17.43417853507984,0 -91.48844352745793,17.43380260489346,0 -91.48851552132335,17.4336232967314,0 -91.4886590727685,17.4332659062672,0 -91.48874861968214,17.4328932969936,0 -91.48881376453564,17.43258185128713,0 -91.48890930095119,17.43234549137269,0 -91.48907568319436,17.43193390565319,0 -91.48919388438829,17.43164149672205,0 -91.48935667070947,17.43123700132924,0 -91.48944861668291,17.43100788314659,0 -91.48954025288243,17.43077954391519,0 -91.48974529184298,17.43026861214446,0 -91.48995712629211,17.42988856443249,0 -91.48997980013527,17.42983215089431,0 -91.4902008182962,17.42957811844244,0 -91.49046595206974,17.4292128474763,0 -91.49060670550445,17.42900662614958,0 -91.49075997767002,17.42862109832949,0 -91.49086966643009,17.42834600440512,0 -91.49093617571408,17.42818018011334,0 -91.49113466594,17.42768528202024,0 -91.49111852903656,17.42743642075471,0 -91.49113238609864,17.42725786216954,0 -91.49120364261015,17.42679393147089,0 -91.49112742611969,17.42641125848357,0 -91.49118314810283,17.42613017880075,0 -91.49116631049847,17.42588772703045,0 -91.49127695645511,17.42533092088605,0 -91.49118812701066,17.42512814204152,0 -91.49122208457517,17.42490425024249,0 -91.49136121065018,17.42442212229342,0 -91.49133181245361,17.42435519702142,0 -91.49142939477039,17.42397808184143,0 -91.4915055177043,17.42365429215625,0 -91.49158935594916,17.42344950234188,0 -91.49171556714539,17.42314238566262,0 -91.49192575174384,17.42263242120093,0 -91.49205101748656,17.42232849980477,0 -91.49211341341694,17.42217711069406,0 -91.49223773184241,17.42187547431459,0 -91.49236078833637,17.42157611269209,0 -91.49251370077872,17.42121685762163,0 -91.49274890472282,17.42093222775662,0 -91.49309534692274,17.42061027753161,0 -91.4933507016829,17.42037380233975,0 -91.49338684555248,17.42028052681766,0 -91.4936217541016,17.41997073462288,0 -91.49373004782223,17.4198393072493,0 -91.49383203911351,17.41959336791571,0 -91.49408336409603,17.4193613393628,0 -91.49422580782843,17.41913967221306,0 -91.49441831516138,17.418930501031,0 -91.49454475061737,17.41875293474317,0 -91.49462600116706,17.41855775283504,0 -91.49496755433249,17.41826529968155,0 -91.49510093479275,17.41807990134886,0 -91.49526271345962,17.41781176692053,0 -91.49549314251682,17.41750885397211,0 -91.49561842552531,17.41733339860353,0 -91.49586008356722,17.41713631387003,0 -91.49609194297938,17.41683195282138,0 -91.49628880939656,17.41673561534811,0 -91.49658629206652,17.41651663851045,0 -91.49678332647574,17.41641925698807,0 -91.49704538206932,17.41614748210459,0 -91.4972857050435,17.41592548773097,0 -91.49730081235508,17.41588341718404,0 -91.49747042472755,17.41555858692931,0 -91.49758269595432,17.41525723134183,0 -91.49771625534525,17.41504816642668,0 -91.49773339283652,17.41500395867092,0 -91.49913171236835,17.41236328194837,0 -91.50064902521837,17.40979273793083,0 -91.50071225589198,17.40972724351181,0 -91.50200484022595,17.4078113123685,0 -91.50207664136373,17.40771695650543,0 -91.50367910612165,17.4059786665333,0 -91.50383656460632,17.40585090857609,0 -91.50389746649971,17.40578477065618,0 -91.50461690113559,17.40385792610041,0 -91.50468762712359,17.40366062154052,0 -91.50480243530025,17.4033384002355,0 -91.50490522918575,17.40315065374094,0 -91.50495522736165,17.4029137599451,0 -91.50495831826153,17.40280763072848,0 -91.50499633010988,17.40260493183701,0 -91.50498774280143,17.40253174186936,0 -91.50497487569044,17.40227861164777,0 -91.50502517482973,17.40204479217308,0 -91.50500091770724,17.40182592924527,0 -91.50497678203692,17.40160819123773,0 -91.50500763871736,17.40133676381368,0 -91.50495305636363,17.40111169722698,0 -91.50496472439417,17.4010802616245,0 -91.5049295895592,17.40089707673195,0 -91.50482070059816,17.4007284459849,0 -91.50480128450555,17.40068859188776,0 -91.50477881538059,17.40047524408262,0 -91.50471402161904,17.40028486766606,0 -91.50467957968951,17.40010524651303,0 -91.5046760854016,17.39993505978315,0 -91.50454541811449,17.39983075618654,0 -91.50449983349901,17.39968327494684,0 -91.50444304196722,17.39956603182808,0 -91.50441830396969,17.39945593982614,0 -91.50443539997737,17.39932546756999,0 -91.50403793185406,17.39893428018516,0 -91.50331692420569,17.39876969944763,0 -91.50320178529726,17.39873602632181,0 -91.50289568435718,17.39879430566582,0 -91.50280449034996,17.39880455568095,0 -91.50241028215818,17.39883998246087,0 -91.50223113210281,17.3988215903509,0 -91.50205176220344,17.39880274445079,0 -91.5018960275694,17.39882787611113,0 -91.50172165964179,17.39877398587284,0 -91.50151281199163,17.39874611667197,0 -91.50136766446229,17.39870230467814,0 -91.50119404224866,17.39865373236719,0 -91.50099129019263,17.39859586501522,0 -91.50074102267649,17.39844066098816,0 -91.50049407752329,17.39831043615571,0 -91.500281430757,17.39814487153687,0 -91.50001512806098,17.39789764865653,0 -91.49991907539743,17.39776624924781,0 -91.49990324795093,17.39769465705016,0 -91.49972821225252,17.39751098449575,0 -91.49965482946841,17.39741786889481,0 -91.49958780641747,17.39728860791772,0 -91.49949866545788,17.3971151190636,0 -91.49943879188677,17.39695630991465,0 -91.49932245964045,17.39678513326562,0 -91.4992785662492,17.39670212142805,0 -91.49916921383448,17.39649531417907,0 -91.49908870116538,17.39629792415423,0 -91.49905188605076,17.39618331172424,0 -91.49901514077021,17.39606820831025,0 -91.49892876990286,17.39590383433823,0 -91.49889233374149,17.39578939646241,0 -91.49881979863578,17.39556156396359,0 -91.49872104864018,17.39546349309941,0 -91.49864375456528,17.39540574138076,0 -91.4984886069811,17.39515491973803,0 -91.49836276112588,17.39504757962944,0 -91.49818845346316,17.39489371556474,0 -91.49803550196465,17.3947834050176,0 -91.49790356616536,17.39471295817577,0 -91.49759161746286,17.39452699330802,0 -91.49745993975422,17.39446113066039,0 -91.49723754188614,17.39440731439547,0 -91.49718190200322,17.39439385026624,0 -91.49701560798634,17.39433970117068,0 -91.49689024879811,17.39435792687107,0 -91.49673673286003,17.39437235837956,0 -91.49655513691471,17.39437995796446,0 -91.49651988826207,17.39439979398694,0 -91.49621867370797,17.39440752143495,0 -91.49600863082711,17.39440554251103,0 -91.495889604787,17.39440028370141,0 -91.49558026565782,17.39442784231327,0 -91.49528556843856,17.39440221016871,0 -91.49511758468213,17.39435644405441,0 -91.49492134756663,17.39430413876031,0 -91.4947814842638,17.39426459577313,0 -91.49463063817235,17.39415630963203,0 -91.49455350388,17.39400048666703,0 -91.49440623714784,17.3938771873983,0 -91.49428047456126,17.3936880639708,0 -91.49413806387841,17.39355819539686,0 -91.49396656366719,17.39332331534466,0 -91.49381787385207,17.39311334410329,0 -91.49365985417607,17.39293892689104,0 -91.49353886169615,17.3927434107054,0 -91.49339398696678,17.39262776776762,0 -91.4932876293197,17.39248490585457,0 -91.49315026319246,17.39234921421588,0 -91.49307706621779,17.39220051008338,0 -91.49286749955979,17.39201324940783,0 -91.49270464524662,17.39186914904906,0 -91.49257760602855,17.39180075641214,0 -91.49242335032844,17.39172477564143,0 -91.49229611257635,17.39165770375432,0 -91.49210643056348,17.39150901113205,0 -91.49197149618391,17.39146675892752,0 -91.49184487590321,17.39139928493524,0 -91.49166444930763,17.39131498802263,0 -91.49145725440519,17.39122232131759,0 -91.49123968004641,17.39116000777854,0 -91.49097836617358,17.39105194501421,0 -91.49076536020723,17.39089324650446,0 -91.49065720795127,17.39086116170688,0 -91.49056992791783,17.39077116678216,0 -91.49033637835502,17.3906722198321,0 -91.49011365237273,17.39054456286901,0 -91.48988082696025,17.39044539660352,0 -91.4897186317712,17.39039823660819,0 -91.48952939754291,17.39034321348787,0 -91.48932410873876,17.39025173562634,0 -91.48916197124576,17.39020459157522,0 -91.48902685252293,17.39016530217854,0 -91.48884889561351,17.39008179878298,0 -91.48863280167538,17.3900189502241,0 -91.48844103929528,17.3899680843066,0 -91.48834252542042,17.38991111693736,0 -91.48810329730688,17.38983461557609,0 -91.48781543048173,17.38972350510555,0 -91.48762766271236,17.38966679847404,0 -91.48738630278102,17.38959390179415,0 -91.48719782237551,17.38953827947314,0 -91.48705997188968,17.38943488259209,0 -91.48674850367087,17.38931269824956,0 -91.48648890490348,17.38914254632513,0 -91.48615208752959,17.38901202642881,0 -91.485896323148,17.38890508655508,0 -91.48563891097997,17.3887355267515,0 -91.48546239093697,17.38865458936545,0 -91.48530120338491,17.38854365797886,0 -91.48505818075968,17.38847508330555,0 -91.48487038129049,17.38835699280641,0 -91.4847095275144,17.38824712796696,0 -91.48453516546441,17.38810267657098,0 -91.48433630139658,17.38794929072149,0 -91.48421838793365,17.38788125058299,0 -91.48405139148466,17.38773239684464,0 -91.48390009363733,17.38761701035425,0 -91.48361904011635,17.38750685874409,0 -91.48355020112858,17.38745912978413,0 -91.4831557279245,17.38732424787866,0 -91.48294711045465,17.38719896026966,0 -91.48269299530314,17.38711272977595,0 -91.48243924341634,17.3870266225338,0 -91.48221117610721,17.38694923045349,0 -91.48193479273908,17.38695549576841,0 -91.4816479107956,17.38692593381284,0 -91.48138389760717,17.38690646491508,0 -91.48106117617654,17.3868750558693,0 -91.48096105751002,17.3868397867553,0 -91.48078308405317,17.38678011106447,0 -91.48059956465072,17.38672428981091,0 -91.48036615110399,17.38665093265126,0 -91.48011546775582,17.38660538505468,0 -91.47990270245919,17.38654361558142,0 -91.47974824568819,17.38649409017217,0 -91.47951662672983,17.38641990521426,0 -91.47928312335394,17.38634700912123,0 -91.47900648774041,17.38625293810355,0 -91.47873269911477,17.38615762751315,0 -91.4785340049346,17.38611101698827,0 -91.47836347160069,17.38607101421161,0 -91.47815387454895,17.38600768080951,0 -91.4779325909459,17.38595069348758,0 -91.47768339831183,17.38588651917726,0 -91.47754825591426,17.38584904675801,0 -91.47730492024129,17.38578157223054,0 -91.47703357813774,17.38570698591761,0 -91.47683608072491,17.38565846516182,0 -91.47669296099301,17.38562471703501,0 -91.47632116202303,17.38545993270053,0 -91.47624105877688,17.38543683999128,0 -91.47613424920912,17.38540604626258,0 -91.47602323250264,17.38528366746245,0 -91.4758694347248,17.38517920414551,0 -91.47576014822489,17.3851121597153,0 -91.47571315836274,17.38500139212438,0 -91.47564297581532,17.38491910510868,0 -91.47548400660679,17.38483594631508,0 -91.47537132205152,17.38473436235254,0 -91.47528596252944,17.38462253601988,0 -91.47509074361142,17.38448221769173,0 -91.47493460607521,17.38434487111738,0 -91.47479708093881,17.38418278989232,0 -91.47468676142225,17.3840288040455,0 -91.47460137182566,17.38388366735578,0 -91.47372831495123,17.38317162842945,0 -91.47368474623319,17.38312938962995,0 -91.47359152153291,17.38294091327413,0 -91.47349854088404,17.38288835614362,0 -91.47334379353444,17.3827595324696,0 -91.47319587675877,17.38259519498264,0 -91.47302880601642,17.38253043998919,0 -91.47286165182572,17.38246565431071,0 -91.47275086879141,17.38237756073873,0 -91.4726153945182,17.38228496170648,0 -91.47237376016173,17.38220484736555,0 -91.47216558982036,17.38207470103457,0 -91.47204294224294,17.38202935228265,0 -91.47187881224745,17.3819325999923,0 -91.47175665445641,17.38188595647369,0 -91.47161036573067,17.38182885163946,0 -91.47154497640493,17.38176651971223,0 -91.47132605774763,17.38168257578202,0 -91.47097003505074,17.3816207659642,0 -91.4707329408261,17.38162040398734,0 -91.47057417464404,17.38162883270079,0 -91.47038968526228,17.38163322259,0 -91.4702635668973,17.38161287391046,0 -91.47001339117625,17.38155790987543,0 -91.46963988865565,17.38146276915089,0 -91.4695397078728,17.38143968808228,0 -91.46934237242309,17.3813791631797,0 -91.46914925940267,17.38130082103429,0 -91.46892677154734,17.38123613759088,0 -91.46875372032855,17.38118582457317,0 -91.46860825128726,17.38113189148638,0 -91.46848427960369,17.38109752416439,0 -91.46820572402412,17.38095286658356,0 -91.46801807496097,17.38086373274203,0 -91.46792839684169,17.38080631382024,0 -91.46779857986502,17.38070596897373,0 -91.4677004851055,17.38059144952759,0 -91.46761747144807,17.38051460504369,0 -91.46746797518671,17.38039400958956,0 -91.46733178058123,17.38023430206071,0 -91.46721337153882,17.38010447443981,0 -91.46711016350162,17.38001107056224,0 -91.46706550409033,17.37990387202315,0 -91.46696206978054,17.37981269580022,0 -91.4668440297929,17.37968643204565,0 -91.46676734152004,17.37959783837723,0 -91.46663190524886,17.37952497060377,0 -91.46652091823958,17.37945933996659,0 -91.46631300950787,17.37936523524985,0 -91.46609351679115,17.37930354463564,0 -91.46585181031962,17.37923002972855,0 -91.4656838856428,17.37917593109205,0 -91.46551604540531,17.37912185775558,0 -91.46539621055683,17.37908325126874,0 -91.46520477023923,17.37902110147562,0 -91.46503813953144,17.37896520630525,0 -91.4648255684814,17.37889055400694,0 -91.46470992113073,17.37884471552908,0 -91.46457421939566,17.37878443189853,0 -91.46429159267491,17.37868584574013,0 -91.46420681656789,17.37869455508269,0 -91.46398360020859,17.37864890935193,0 -91.46380884496197,17.37867409575172,0 -91.46356080456148,17.37861270724951,0 -91.46346667122532,17.37863551391568,0 -91.46286657408348,17.37830093190055,0 -91.46267154986414,17.37813021457004,0 -91.46235051574203,17.37788292317132,0 -91.46234289438061,17.37784238235525,0 -91.46201341041278,17.37772317744507,0 -91.46189015588584,17.3776919479273,0 -91.46170132391478,17.3776307707925,0 -91.46161765352133,17.37752621696593,0 -91.46145606833946,17.37746881180609,0 -91.46127819595297,17.37744331419647,0 -91.46107472699703,17.37741258283312,0 -91.46082159647617,17.37736949760265,0 -91.46056456045412,17.37733061599722,0 -91.46027173197432,17.3772510873784,0 -91.45995202260747,17.37716739813011,0 -91.45964589664472,17.37706860334979,0 -91.45940485644763,17.37699874886164,0 -91.45928433305882,17.37696381871236,0 -91.45896678581599,17.37687721557377,0 -91.45891602248292,17.37686580165638,0 -91.45863650559053,17.37680295793398,0 -91.45841015366733,17.37674875098542,0 -91.45810114859572,17.37653755849835,0 -91.45792830133276,17.37649283726045,0 -91.45773281761778,17.37643970069972,0 -91.4575373809388,17.37634451820994,0 -91.45747361248249,17.37630274316032,0 -91.45718939776468,17.37624315776541,0 -91.45696256887771,17.37614778477401,0 -91.45688202426516,17.37605199934869,0 -91.45675683930251,17.37598067002194,0 -91.45662968865079,17.37595169757819,0 -91.45631914753788,17.37587213250734,0 -91.45615135146122,17.37582278391919,0 -91.4557455600056,17.37572712338554,0 -91.45560290255376,17.37568374966894,0 -91.45543970049947,17.37563074376559,0 -91.45541564380079,17.37562373866083,0 -91.455200544421,17.37555961971199,0 -91.45513620625601,17.37553284644273,0 -91.4548580223078,17.37541708390759,0 -91.45468732842259,17.37534605201956,0 -91.45458083751267,17.37530173697498,0 -91.45445774027581,17.37526913869493,0 -91.45328493399859,17.37535343349327,0 -91.45273753254737,17.37590595053393,0 -91.45252390862542,17.37619112722579,0 -91.45239496454319,17.37634488823808,0 -91.45231028288104,17.37647793330859,0 -91.4522276230616,17.37660996696963,0 -91.45212378382774,17.37673254377469,0 -91.45197190774961,17.3769340198158,0 -91.45177833489093,17.37712523799417,0 -91.45175734604959,17.37715504476029,0 -91.4515467147333,17.37741440143762,0 -91.45136020515613,17.37761742120541,0 -91.45127575715492,17.37769757823566,0 -91.4510847569131,17.37784830840728,0 -91.45085055698182,17.3781016175219,0 -91.45065177937602,17.37828932916538,0 -91.45052592932382,17.37846162163048,0 -91.45036940514942,17.37864574055555,0 -91.45027570725993,17.37876455611157,0 -91.45015958447215,17.37891533449057,0 -91.44997501314984,17.37917373406231,0 -91.44984741275942,17.37934493892221,0 -91.44965236974453,17.37952800942924,0 -91.44962645666465,17.3795627109961,0 -91.44940702727105,17.37983873360385,0 -91.44925231463516,17.38007957402563,0 -91.44905275309931,17.3803430956184,0 -91.44891621048376,17.38054064559841,0 -91.44879944057577,17.38066406344619,0 -91.44861006003281,17.380934683604,0 -91.4483721593094,17.38123109981167,0 -91.44825250099044,17.38140280164797,0 -91.44807165779092,17.38158005661449,0 -91.44775616155542,17.38201724080862,0 -91.44772625463412,17.38205663965039,0 -91.44749912118961,17.38231729852558,0 -91.44732099167831,17.38255425104195,0 -91.4472164387703,17.38265511497876,0 -91.44704982071262,17.38285398476246,0 -91.44686639580772,17.38295639637554,0 -91.44661824529838,17.38312846421786,0 -91.44644390943706,17.38320943221292,0 -91.44641613969684,17.3832642683233,0 -91.4461377892104,17.38335160409162,0 -91.44600888255033,17.38339391720015,0 -91.44577751276172,17.3834714778984,0 -91.44560412297798,17.38353423017798,0 -91.4454296237917,17.38361442180924,0 -91.44517550421419,17.38363119292928,0 -91.44505521240208,17.38364922908357,0 -91.44499553735916,17.38363435338622,0 -91.44402477899196,17.38370811747184,0 -91.4432056011813,17.38372125508403,0 -91.44301407207466,17.38382055675033,0 -91.44290811944474,17.38383486569823,0 -91.44267297803046,17.38392056757088,0 -91.44264042992967,17.38393881149114,0 -91.44243797177428,17.38398964173099,0 -91.44236538354018,17.38403901361454,0 -91.44216598812258,17.38408157943917,0 -91.4419799553545,17.38409147014919,0 -91.44191123614662,17.38406963887207,0 -91.44165762493076,17.38410844188424,0 -91.44130622254535,17.38407168892275,0 -91.44114751111618,17.3840782081448,0 -91.44089924262427,17.38411196475264,0 -91.44076013724984,17.3840785207815,0 -91.4404113998286,17.38406226106462,0 -91.44017414700618,17.38403832136817,0 -91.4400725256024,17.38399320504121,0 -91.4398906726781,17.38401156364333,0 -91.43979463206175,17.38399856191336,0 -91.43960969934813,17.38391527008536,0 -91.43941176595369,17.38386097940676,0 -91.439236568376,17.3837684900258,0 -91.4390977420684,17.38378551741999,0 -91.4389060947131,17.38371568891839,0 -91.43879497099077,17.3836423886821,0 -91.4386767728886,17.38362357013459,0 -91.43840505573539,17.38360479499351,0 -91.43817826326088,17.3835233465766,0 -91.43790855289691,17.38345966361022,0 -91.4377639494983,17.38340707380255,0 -91.43755542094478,17.38329927522789,0 -91.43744323709953,17.38327577371527,0 -91.4372192361997,17.38322884668558,0 -91.43696699573758,17.38315186976685,0 -91.43689602496784,17.38314666860641,0 -91.43671134658651,17.38303911800658,0 -91.43656113528893,17.38295673401394,0 -91.4364996149996,17.38293110172636,0 -91.43640876359582,17.38282567384879,0 -91.43622178405246,17.38267363163423,0 -91.43611402489191,17.38255907868338,0 -91.43595777882504,17.38235937565534,0 -91.43588618337205,17.38226794749377,0 -91.43579431503588,17.38220684649001,0 -91.43563487090817,17.38205262629446,0 -91.43553006942464,17.38197838718278,0 -91.43536696878843,17.38187893424604,0 -91.43517072579584,17.38171014629976,0 -91.43500515539309,17.38157899267861,0 -91.43477187475789,17.38139641603553,0 -91.43460426103273,17.38127012152419,0 -91.43451821578894,17.38109216747547,0 -91.43437316495584,17.38085891009385,0 -91.4342896557359,17.38068355102181,0 -91.4341218793264,17.38048416494791,0 -91.43403813486771,17.38034586624333,0 -91.43400261796927,17.38021733265143,0 -91.43387327759581,17.38003830010356,0 -91.43376423710767,17.37989984618896,0 -91.43375305499765,17.37984262255132,0 -91.43366417581264,17.3797122395052,0 -91.43349020510607,17.37948310179759,0 -91.43335060612289,17.37942309154917,0 -91.43325026868285,17.37934582577726,0 -91.43315121850262,17.37926807142157,0 -91.43302920292413,17.37915490531581,0 -91.43293757410852,17.37910430509706,0 -91.4328259244967,17.37900374516872,0 -91.4327200253601,17.37890050109904,0 -91.43260266982492,17.37884685128763,0 -91.43236632481137,17.37872728055483,0 -91.43219211094546,17.37863937636223,0 -91.43201957628833,17.37855071185515,0 -91.43195205582295,17.37853491571915,0 -91.43171982224088,17.37838407507704,0 -91.43159694888087,17.37833327405878,0 -91.43145723139283,17.37821860020316,0 -91.43130611922921,17.37812264405595,0 -91.43127286281491,17.37809326585516,0 -91.43116244750566,17.37798118255011,0 -91.43036354735436,17.37767365786108,0 -91.43033009680407,17.37760323132898,0 -91.43011664538228,17.37752944831635,0 -91.42987450239083,17.37745003699553,0 -91.42969959869754,17.37742891374874,0 -91.4295396827219,17.37740748824142,0 -91.42939657924175,17.3773830082528,0 -91.42915370991342,17.37733912276875,0 -91.42897340528758,17.37729548324738,0 -91.42883141667065,17.37726691203778,0 -91.42861632396931,17.37726116641362,0 -91.42840496797176,17.3772185175364,0 -91.42832343177446,17.37719482993817,0 -91.42822830534212,17.37716719338763,0 -91.4280618173307,17.37712470067683,0 -91.42781282726959,17.37709300653416,0 -91.42773008029984,17.37707071661652,0 -91.42763350804759,17.37704470149656,0 -91.42743436366668,17.37700035233994,0 -91.42718703844209,17.37695269853775,0 -91.42702653013762,17.37692177181367,0 -91.42680670479939,17.37684749402047,0 -91.42650016805815,17.37676773752787,0 -91.42626352028488,17.37673622737473,0 -91.42607815351224,17.37670393100878,0 -91.42591742409302,17.37663116133416,0 -91.42578019997993,17.37657706668315,0 -91.42569835697248,17.37654530388193,0 -91.42558599891044,17.37645227982208,0 -91.42548386640928,17.37639853314407,0 -91.42536683706177,17.37634857151792,0 -91.42528812324737,17.37628954579782,0 -91.42517205933154,17.37623900762902,0 -91.42507005527963,17.37619234713111,0 -91.42491233915,17.37613040821164,0 -91.42477710518249,17.37604809010323,0 -91.42469925789149,17.37599669237073,0 -91.42462313979082,17.37596722637822,0 -91.42447114551342,17.37590839036851,0 -91.42440834849468,17.37583785459202,0 -91.4243599196966,17.37581659913833,0 -91.42393264156119,17.37568824238248,0 -91.42338122690052,17.37542983729873,0 -91.42332243122277,17.37533378036337,0 -91.42314973532226,17.37528685955429,0 -91.42280475001569,17.37518876261205,0 -91.42250947824174,17.37510121561262,0 -91.42228817781377,17.37503469595736,0 -91.42218983188431,17.37500513425641,0 -91.42199337428437,17.37494473791773,0 -91.42196884709479,17.37493702959849,0 -91.42174810493268,17.37486796139931,0 -91.42163415931331,17.37479442161248,0 -91.42149585197542,17.37471373102231,0 -91.42132427322412,17.37466152370465,0 -91.42124502759749,17.37455714300167,0 -91.42107521810618,17.37449801379865,0 -91.42086654913003,17.37438606618928,0 -91.4207074188103,17.37428822202776,0 -91.42054869983883,17.37419063314042,0 -91.42035212105122,17.37404070121701,0 -91.42020412687616,17.37390918056633,0 -91.42004725551841,17.37381139958492,0 -91.41996229568622,17.37373990810642,0 -91.41983964317109,17.37361792043587,0 -91.41970263962533,17.37345792224641,0 -91.4196376712558,17.3733231803269,0 -91.4195493834299,17.37318073294428,0 -91.41940427646955,17.37305556138086,0 -91.41937413543548,17.37289797443407,0 -91.4192530783758,17.37278378841083,0 -91.41910787435111,17.37266545644881,0 -91.41908098496484,17.3725856567013,0 -91.41890076704767,17.37241749354732,0 -91.41877851003743,17.3722340129253,0 -91.41864653670034,17.37208367308268,0 -91.41857200893591,17.37199593721494,0 -91.41847480799098,17.37189966047923,0 -91.41840794227929,17.37171397191705,0 -91.41826861154205,17.3714417506422,0 -91.41820545501253,17.37132622978824,0 -91.41819221352148,17.37129009860265,0 -91.41815236526234,17.37118255635041,0 -91.41809846429707,17.371042397164,0 -91.41802912017992,17.37087405471483,0 -91.41801098049108,17.37077970394127,0 -91.41792797207027,17.37058061471773,0 -91.41789223970373,17.37039404247755,0 -91.4178374391927,17.37026280409023,0 -91.4178154839161,17.37011151035749,0 -91.417746503724,17.36995145359513,0 -91.41774755707061,17.3698085770671,0 -91.41767976026867,17.36971592216099,0 -91.41761364863693,17.36948166447346,0 -91.41761323305151,17.36934501896069,0 -91.41757378896428,17.36917790315037,0 -91.41752137645248,17.36898000330245,0 -91.4175248242508,17.36876814704651,0 -91.41749060676175,17.3686582503967,0 -91.41749213055196,17.36851667912426,0 -91.417448754951,17.368231785425,0 -91.41747179633752,17.36790121625407,0 -91.41747194942091,17.36776550704918,0 -91.4174618712196,17.36752754651968,0 -91.41744455494984,17.36731134812108,0 -91.41745238536764,17.36709666759982,0 -91.41745711032098,17.36688931403321,0 -91.41746180716494,17.36668326447122,0 -91.41747872293338,17.36650847634379,0 -91.4174876219159,17.36629060214391,0 -91.41749538482694,17.36614058757283,0 -91.41746696765364,17.36602432093452,0 -91.41742516111647,17.36588138757948,0 -91.4173974047565,17.36576505802412,0 -91.41738093391102,17.36567978286313,0 -91.41733391572052,17.36554766405454,0 -91.4173164398421,17.36540141398931,0 -91.41725544760644,17.36530776342041,0 -91.41717940055312,17.36514225554669,0 -91.41711711785464,17.36494880262811,0 -91.4170863739775,17.3647940930796,0 -91.41702356602174,17.36465909029314,0 -91.41697433065433,17.36455024696782,0 -91.41693437137849,17.36437468821837,0 -91.41686581039625,17.36426687741829,0 -91.41677027782039,17.36410296864416,0 -91.41671192177778,17.36401881043938,0 -91.41668378804825,17.36391968966743,0 -91.41660899616512,17.36382423841927,0 -91.41653432073622,17.36367833352916,0 -91.41644481812033,17.36362092643735,0 -91.41635512820366,17.36351382704397,0 -91.41620491948822,17.36337966537638,0 -91.41606000492453,17.36328068408123,0 -91.41602607074977,17.36325093268411,0 -91.41592764974074,17.36320672870798,0 -91.41582740232107,17.36307591656426,0 -91.41579725788941,17.36304186802679,0 -91.41575791887418,17.36297943543326,0 -91.41562884847373,17.36281576477433,0 -91.4155112497357,17.36267021898827,0 -91.41552806315975,17.36245306509093,0 -91.4154624956157,17.36217936078335,0 -91.41515681144061,17.36101466569898,0 -91.41514540685232,17.36084633218122,0 -91.41509374689871,17.36069955727828,0 -91.41500456433856,17.36046585466517,0 -91.41486484408493,17.36018635479808,0 -91.41487595976568,17.36015327688066,0 -91.41479947945442,17.35998473131732,0 -91.41468948011445,17.35972173743538,0 -91.41457814572431,17.35946931887313,0 -91.41455815515457,17.35933694591942,0 -91.41446403642881,17.35913463956122,0 -91.41447761421922,17.3588242078705,0 -91.41445648384271,17.35870252228708,0 -91.41446482753402,17.35832388087415,0 -91.41451410764398,17.35810463996465,0 -91.414647726929,17.35766300794267,0 -91.41476886635088,17.35725377737792,0 -91.41483072126368,17.35700348562756,0 -91.41483106533533,17.3569159027816,0 -91.41484945797727,17.35660856036919,0 -91.41495061465912,17.35625411502222,0 -91.41498461501531,17.35607926493388,0 -91.41505618669657,17.35572311891437,0 -91.41519588156201,17.35536681094789,0 -91.41528060735773,17.35507188203991,0 -91.41557343647546,17.35435620639629,0 -91.415813263365,17.3537606583537,0 -91.41587107052523,17.3536167599151,0 -91.41601771948577,17.35324353247249,0 -91.41616399365682,17.35294358791917,0 -91.41622323000934,17.35286391355647,0 -91.41639069800055,17.35257096900802,0 -91.41659965072461,17.35224142061363,0 -91.41670151162579,17.35196210606212,0 -91.41677287510572,17.35176803473632,0 -91.41693172657521,17.35133398514859,0 -91.4170416838077,17.351106531057,0 -91.41710566263644,17.3509304679677,0 -91.41717685287084,17.35073337653532,0 -91.41722564760683,17.35059753500236,0 -91.41727500918772,17.35046050893407,0 -91.41732432379347,17.35032368350952,0 -91.41736357363709,17.35021477752412,0 -91.41742921355663,17.35003142765617,0 -91.41746589341821,17.3499286892118,0 -91.41746227430852,17.34978937149731,0 -91.41748293723124,17.34965711337037,0 -91.41751877886884,17.34955688005562,0 -91.41754584539527,17.34940604710471,0 -91.41752984816317,17.34915176391922,0 -91.41753918725242,17.34905150636783,0 -91.41755777898503,17.34885189592232,0 -91.41755046865492,17.34872501247461,0 -91.41757326636613,17.34851289385034,0 -91.41753358693968,17.34847763940847,0 -91.41753163857665,17.34833549497952,0 -91.41753511532224,17.34817708246793,0 -91.41753327687321,17.34810831460489,0 -91.41746705434365,17.34792867331776,0 -91.41746541336104,17.34785998391864,0 -91.41744861577884,17.34769020017522,0 -91.4174325730859,17.34759115041147,0 -91.41737130706522,17.34747587833365,0 -91.41735190940906,17.34731935884816,0 -91.41727502109309,17.34724828728175,0 -91.41724402058797,17.34719227586941,0 -91.41721452503418,17.34706338683219,0 -91.41684259665587,17.34606803637319,0 -91.41648489478597,17.3455315026193,0 -91.41644883730871,17.34543821874037,0 -91.41632705895847,17.34532021813278,0 -91.41623295747172,17.34520225426673,0 -91.41611828006273,17.34513299766061,0 -91.41595305055276,17.34506049404496,0 -91.41586946475789,17.34502599304015,0 -91.41575730577021,17.34494719583384,0 -91.41562552276766,17.34485896131122,0 -91.4155247522158,17.34481187735773,0 -91.41538400786385,17.34474611675306,0 -91.41528371631296,17.34469925599178,0 -91.41512420620764,17.3446237793835,0 -91.41499581369277,17.34453501814917,0 -91.41481879112821,17.34444912295533,0 -91.41461733516373,17.34436105476135,0 -91.41433708468011,17.34423743065694,0 -91.41421832300828,17.3441835056458,0 -91.41405815853535,17.34411439322965,0 -91.4138984032692,17.34404545721913,0 -91.4137791103083,17.34399357771958,0 -91.41366106849753,17.34394065179429,0 -91.41347422918585,17.34388239078999,0 -91.41335275907996,17.34383405239274,0 -91.41320295217295,17.34379642767808,0 -91.41303521055396,17.3437976593665,0 -91.4129161651248,17.34374740029165,0 -91.41273156091935,17.34372737427241,0 -91.41263773029074,17.3437189053498,0 -91.41245775525928,17.34368406955962,0 -91.4122604906899,17.34363842283746,0 -91.41204374929688,17.34363225622938,0 -91.41177684838951,17.34361943855484,0 -91.41147153782734,17.34362566417311,0 -91.41122864583036,17.34359498269143,0 -91.41099662177567,17.34359055945187,0 -91.41075077863231,17.3435611083227,0 -91.41058570582439,17.34352640129839,0 -91.41042038496334,17.34349164183559,0 -91.41025609063919,17.34345574531405,0 -91.41002181526902,17.34340370541983,0 -91.40990451633222,17.34337764897669,0 -91.40976361958793,17.3433463509247,0 -91.4095500657389,17.3433120222126,0 -91.40941677067661,17.34327431016863,0 -91.40925917251279,17.343231932565,0 -91.40910150906261,17.34318953741969,0 -91.40897402982533,17.34315858426664,0 -91.40879901610575,17.34312891839012,0 -91.4087214126267,17.34309532560658,0 -91.40857597916289,17.34305537236184,0 -91.40844467259539,17.34300524048123,0 -91.40834993476086,17.34297367164223,0 -91.40826572598824,17.34295698626583,0 -91.40816219012952,17.34296579592101,0 -91.4079300591272,17.34294552154644,0 -91.40766994958925,17.3429013630417,0 -91.40748969104246,17.3429100720902,0 -91.40724379290047,17.34286626115106,0 -91.40695683014953,17.34285242221258,0 -91.40677735639866,17.34281570039317,0 -91.40651748970467,17.34278114007918,0 -91.4062118096772,17.34276714522538,0 -91.40599952767118,17.34273061256472,0 -91.40567193039949,17.34270920291318,0 -91.4054806234585,17.34264726831407,0 -91.40537382259069,17.34264509166836,0 -91.40528646839005,17.34261896916548,0 -91.40506298467602,17.34258843438954,0 -91.40492601146744,17.34255267339305,0 -91.40483573639699,17.34252818337926,0 -91.40470219426599,17.3424903381506,0 -91.40465767767765,17.34247772203507,0 -91.40001940594243,17.34017634131181,0 -91.39912442645262,17.33928896896728,0 -91.39905106592551,17.33919633440476,0 -91.39894526644379,17.33913477865786,0 -91.3988304961247,17.3390505680477,0 -91.39862094781937,17.33892727378345,0 -91.39855688632912,17.33890201951011,0 -91.39837279788632,17.33880914309837,0 -91.39819892652292,17.33873821718407,0 -91.39800980463457,17.33866105996787,0 -91.3978690385409,17.338602500177,0 -91.39774322915586,17.33855168811538,0 -91.39772752066122,17.33854534166322,0 -91.39755645908713,17.33847395231744,0 -91.39738678471559,17.33840179082404,0 -91.39727757003001,17.33831831142809,0 -91.39707706446438,17.33822680924442,0 -91.39695726417862,17.33816400959053,0 -91.39688450699627,17.33811968592285,0 -91.39674719121577,17.33801494800009,0 -91.39669886250792,17.33796004182852,0 -91.3966027995376,17.33788828509941,0 -91.39651399417885,17.33780147266728,0 -91.39645629474684,17.33768934645948,0 -91.39639883733422,17.33757768231765,0 -91.39634209704472,17.33750331098448,0 -91.39629235185932,17.33737720561683,0 -91.39622740775675,17.33724587090006,0 -91.39620301825001,17.33718311115954,0 -91.39616542893943,17.33706764305442,0 -91.39612761069624,17.33695294535614,0 -91.39611462663952,17.3368276937371,0 -91.39607550731679,17.33664331952103,0 -91.39604665671878,17.33651448412929,0 -91.39604080394302,17.33637686540098,0 -91.39601267411626,17.33628418148075,0 -91.39599366893147,17.3362110383734,0 -91.39592674710768,17.33612338122887,0 -91.39590603117507,17.33605207980077,0 -91.39582755081142,17.33591313137036,0 -91.39581875945662,17.33589393578229,0 -91.39576125522458,17.3358261832246,0 -91.39571981163017,17.33576339389958,0 -91.39566142094408,17.33566231408846,0 -91.39561170351328,17.33558070241847,0 -91.39557782532273,17.33550422753556,0 -91.39552952711215,17.33545622439253,0 -91.39545719620274,17.33538435127749,0 -91.39543927871212,17.33531326280676,0 -91.39537557027077,17.33526064297607,0 -91.39532549427258,17.33514719215968,0 -91.39522959247434,17.33505246569144,0 -91.39521399217602,17.33504759568358,0 -91.39512778544301,17.33493791369004,0 -91.39259113044929,17.33052876330509,0 -91.39081361024239,17.32708387973204,0 -91.38937155718436,17.32443363611486,0 -91.38832840253014,17.32336243145108,0 -91.38828207543868,17.32326168992978,0 -91.38813007185001,17.32307465102859,0 -91.38800902350113,17.32301393432028,0 -91.38782659184866,17.32296778151117,0 -91.38768283563077,17.32290139126895,0 -91.38750567229607,17.32285037244013,0 -91.38723521863376,17.32277793576022,0 -91.38691210645527,17.32262571257685,0 -91.38669349833177,17.32252321055686,0 -91.38651143388499,17.32244027499727,0 -91.3863847258995,17.32238545601784,0 -91.3862600978826,17.32229312889555,0 -91.38602059877061,17.32217312156214,0 -91.38592580953663,17.32210528336563,0 -91.38571183619676,17.32193030365988,0 -91.38549948059016,17.32177971800736,0 -91.38528575674648,17.32159718134274,0 -91.3851525073086,17.32143409266872,0 -91.38503220639885,17.3212968511035,0 -91.38494606892371,17.32115843801017,0 -91.38488118105303,17.321073107742,0 -91.38481978057033,17.32090784861688,0 -91.38479928030193,17.32079044443514,0 -91.38473243351841,17.32061857994755,0 -91.38472073014009,17.32043334575993,0 -91.38470913926852,17.32024990452503,0 -91.38472803283329,17.32004387404635,0 -91.38469770430709,17.31993716082423,0 -91.38472364712692,17.3197790151503,0 -91.38470860266678,17.31960899433523,0 -91.38468829905989,17.31941270935099,0 -91.38467820282682,17.31931511399377,0 -91.38465237146625,17.3191665676814,0 -91.38463641758258,17.31911546260021,0 -91.38456696030961,17.31895721940482,0 -91.38455412868123,17.31890490058854,0 -91.38449280314188,17.31881501038622,0 -91.38443166470198,17.3187253956164,0 -91.38437071401188,17.31863605523336,0 -91.38434344064524,17.31860440472433,0 -91.38425482588072,17.31855462083415,0 -91.38423932209132,17.31847579281887,0 -91.38417913276568,17.31835849609266,0 -91.38413953645335,17.31834587908133,0 -91.38408982902413,17.31828116238889,0 -91.38403021626465,17.31816476121267,0 -91.38363655692378,17.31469663182895,0 -91.38353239270005,17.31300898733,0 -91.38349994094999,17.31269249888725,0 -91.38362139527879,17.31224116778845,0 -91.38364950327157,17.31198023254163,0 -91.38371935721716,17.31172783235585,0 -91.38377528597839,17.3113122505588,0 -91.38382908910816,17.31100239364202,0 -91.38389472647206,17.31056283757959,0 -91.38383510323403,17.31049966644662,0 -91.38390733658436,17.3101524137356,0 -91.38393567359861,17.30990143660216,0 -91.38402559296402,17.3096135588857,0 -91.38409505348274,17.30917977101034,0 -91.38424962834119,17.30875747972781,0 -91.38433831755873,17.30847618593868,0 -91.3843996217804,17.30834388883089,0 -91.38449198666549,17.30815310546897,0 -91.38461898377592,17.30789911567801,0 -91.38482541245388,17.30781521853553,0 -91.38508101455487,17.30763093724488,0 -91.38510447509445,17.30758266220067,0 -91.38530386484881,17.30750689847371,0 -91.38558369666484,17.30725567670462,0 -91.38569400698491,17.30719438340502,0 -91.38588280328344,17.3070536710201,0 -91.3860762148767,17.30681288059843,0 -91.38624797563989,17.30661774016125,0 -91.38663831484689,17.30629897884596,0 -91.38692916269589,17.30601123217954,0 -91.38710916703896,17.30578746966317,0 -91.38742565701645,17.30543156448108,0 -91.38757238366448,17.30517900894323,0 -91.38760399152886,17.30510418139785,0 -91.38776800004055,17.30481253757747,0 -91.38781728831063,17.30469789693992,0 -91.38793171666401,17.30443174692324,0 -91.38804286650769,17.30417106853392,0 -91.38819249212936,17.30384143386677,0 -91.38826914361913,17.30358604244906,0 -91.38832412074056,17.30320154669541,0 -91.3884500656286,17.30275076189752,0 -91.38844926680007,17.3024073453129,0 -91.38844867645663,17.30215186661511,0 -91.38847941479274,17.30199626851439,0 -91.38848987896984,17.30179843686034,0 -91.38843036899127,17.30166881929931,0 -91.3883696387125,17.30145767650765,0 -91.38829602774229,17.30127932526167,0 -91.38833896434771,17.30109655023479,0 -91.38832062558011,17.30105225984747,0 -91.38878065670187,17.29973156840066,0 -91.38992183206337,17.29943160916892,0 -91.39005159137753,17.29938988946152,0 -91.39039411538016,17.29928648109511,0 -91.39049301402888,17.29931302804116,0 -91.39083501127367,17.29920743420367,0 -91.39109530550749,17.29919951696565,0 -91.39122417194969,17.29923795526589,0 -91.3916203110232,17.29932639042628,0 -91.39203403221632,17.29945926215855,0 -91.39216062742044,17.29950143143336,0 -91.39222394947237,17.29952252352106,0 -91.39235063760408,17.29956472389707,0 -91.39254189806113,17.29962627428272,0 -91.39276069495733,17.2997170784171,0 -91.39301264636573,17.29981603465662,0 -91.39323217864079,17.2999055597205,0 -91.39346370952534,17.29996304462566,0 -91.39365914942258,17.30001748794578,0 -91.39383634529334,17.30012579301605,0 -91.39413066654375,17.30020503407504,0 -91.39428390408688,17.30027830837311,0 -91.39456043199603,17.30040210330938,0 -91.39474854309668,17.30048007798191,0 -91.39510500439589,17.30058355004391,0 -91.39528762364588,17.30067362372844,0 -91.3953530299837,17.3006911507648,0 -91.39554663055259,17.30085411338113,0 -91.39576469868447,17.30094792103386,0 -91.39605984536983,17.30102519413918,0 -91.396274068019,17.30113345674311,0 -91.39656858455109,17.30131602375902,0 -91.3969029656396,17.30149104913941,0 -91.39735109173706,17.30164674111409,0 -91.39755578006996,17.30167286997889,0 -91.39775853749478,17.30170331733934,0 -91.39794350690781,17.30179115639238,0 -91.3981880121445,17.30191447615367,0 -91.39830497003457,17.30199575795178,0 -91.3983697626629,17.30201525833913,0 -91.39852006745139,17.30210399959405,0 -91.39867331854276,17.30218204839495,0 -91.39882476874534,17.30226802894536,0 -91.39903118263013,17.30240914397671,0 -91.39912750408075,17.3024438874475,0 -91.3993512821969,17.30253053693515,0 -91.39966062915633,17.30269615652738,0 -91.39996298431123,17.30289048217648,0 -91.40025904413764,17.30296915511045,0 -91.40038274584066,17.3030292926864,0 -91.4005464962634,17.30307687732766,0 -91.40093565921191,17.30321950270839,0 -91.40121880042503,17.30336506598182,0 -91.40147996761488,17.30345594717757,0 -91.40161239270111,17.30348470914174,0 -91.40200977192794,17.30356133354781,0 -91.40223933364335,17.30362787842454,0 -91.4025020681114,17.30369755706175,0 -91.40286907589444,17.30395807818546,0 -91.40299184568622,17.30404762730299,0 -91.40328757531954,17.30415679756944,0 -91.40357626099288,17.30428114974459,0 -91.403733336553,17.30436246358401,0 -91.40404017848299,17.30456379498209,0 -91.40416469444935,17.30463897141712,0 -91.40424858260235,17.30473443178298,0 -91.40460716452758,17.30499125547702,0 -91.4047318762964,17.30505711305671,0 -91.40488276531592,17.30517696764403,0 -91.40511872537166,17.30539267973454,0 -91.40530436443007,17.30553615000704,0 -91.40544963303532,17.30569806014627,0 -91.40566872822976,17.30583907124549,0 -91.40588815484408,17.3059792475861,0 -91.40610818209849,17.30612188494554,0 -91.40645505614894,17.30633437965861,0 -91.40685582024388,17.30644815165989,0 -91.4070562243287,17.30650553158078,0 -91.40745644072277,17.30661641595563,0 -91.40782590827811,17.30673592119984,0 -91.40809503662081,17.30682408841091,0 -91.40853292473639,17.30696800961628,0 -91.40880264164448,17.30705647732254,0 -91.40924011468205,17.30719412856793,0 -91.40974811984252,17.30736541712508,0 -91.41001746400551,17.30744839501819,0 -91.41035707434561,17.30756349419793,0 -91.4107663855408,17.30759601311956,0 -91.41100333689342,17.30761907685749,0 -91.411202198149,17.30767026112415,0 -91.41144306243001,17.30765657547326,0 -91.41164142811994,17.30770743604519,0 -91.41187918732923,17.30768640699864,0 -91.41191170586589,17.30769331580419,0 -91.41211093852554,17.30769841358618,0 -91.41233891969009,17.30774964817158,0 -91.41260660093154,17.30778223514108,0 -91.41277517722618,17.30778896128311,0 -91.41393556758531,17.30750366555001,0 -91.41465454605834,17.30720344493538,0 -91.4149219102364,17.30707897500295,0 -91.41502060426953,17.30706668699286,0 -91.41512061821841,17.30697394993055,0 -91.41537136177746,17.30686163195131,0 -91.41556862970477,17.30667826607528,0 -91.41569252567832,17.30662293622359,0 -91.41579357334541,17.30649902580843,0 -91.41592124539315,17.30641414567915,0 -91.41613895090663,17.30634572242893,0 -91.41620470398988,17.30628899939944,0 -91.41639830613055,17.30615284190761,0 -91.41643112254165,17.30612507555938,0 -91.41659103119055,17.30601793714324,0 -91.41675262476362,17.30587794474076,0 -91.41701251176484,17.30562401338935,0 -91.41720225230816,17.30545628849965,0 -91.41739306612844,17.30529386570006,0 -91.41758604158264,17.30510215305864,0 -91.41780911662151,17.30488545218774,0 -91.4178791532636,17.3047740626195,0 -91.41801456491409,17.30465138644589,0 -91.41812838501849,17.30446619117073,0 -91.41820516862667,17.3043334439293,0 -91.41826025752323,17.30410329278349,0 -91.4183573615839,17.30399923800105,0 -91.41845225234137,17.30392685996023,0 -91.41857838353562,17.30383065174767,0 -91.41870103550076,17.30376406104952,0 -91.41897182012782,17.3036678881052,0 -91.41920969632007,17.3036286345309,0 -91.41945113397344,17.30352984984944,0 -91.4197807137965,17.30345544045379,0 -91.41992713913508,17.30342674048154,0 -91.42071314628845,17.30330764758507,0 -91.42171102017254,17.3028759019013,0 -91.42296942044725,17.30278562374141,0 -91.42372773736172,17.30277706839823,0 -91.42453447767436,17.30263755376978,0 -91.4251063011335,17.30231197811866,0 -91.42558386957587,17.30147118242914,0 -91.42597531874051,17.30037877307385,0 -91.42626709548561,17.29807099775276,0 -91.42673933613543,17.29480172782466,0 -91.42731686078636,17.29205165332681,0 -91.42741059916067,17.29049957197011,0 -91.42736268473598,17.28924886343795,0 -91.42738244853885,17.28917897424167,0 -91.42738088518327,17.28808638734466,0 -91.4274051178278,17.28800216769869,0 -91.42752321960256,17.28688991679939,0 -91.42755347184961,17.28684956295947,0 -91.42780421459919,17.28543382311396,0 -91.42928420985238,17.27737144134259,0 -91.42933560433386,17.27734118688114,0 -91.42972412491898,17.2750498679755,0 -91.43037162018528,17.27275776143162,0 -91.4311771927988,17.27102642521457,0 -91.43134238983301,17.27069745366148,0 -91.43138349175126,17.27061969962327,0 -91.43150650039514,17.27051543406263,0 -91.43158817761947,17.27021513764511,0 -91.43171057762528,17.27007501210714,0 -91.43183232996724,17.26978020503463,0 -91.43187247467517,17.2695613767793,0 -91.43191194066533,17.26923876139198,0 -91.43191072058669,17.26886515918225,0 -91.43191061576148,17.26882961428477,0 -91.43190999201929,17.2686167002615,0 -91.4319093637671,17.26842913774794,0 -91.43190884409307,17.26825244798951,0 -91.4319080150083,17.2679706470877,0 -91.43190754367593,17.26782452693579,0 -91.43190701235802,17.26759730249809,0 -91.4318659836086,17.26724743557894,0 -91.43186589673496,17.26721327370197,0 -91.43186484681513,17.26685359093648,0 -91.43182451814606,17.26667566410991,0 -91.43182297741006,17.26617426773934,0 -91.43182214125892,17.26587988528929,0 -91.43182203704683,17.26584318929488,0 -91.43186105380448,17.26569216171032,0 -91.43193768850099,17.26532730739072,0 -91.43205295529157,17.26503696416342,0 -91.43212836194465,17.26473014018465,0 -91.43224426694928,17.26454071838387,0 -91.43236005659109,17.26438257103415,0 -91.43255100095385,17.26414908781012,0 -91.43281524835866,17.26379456593151,0 -91.43292738318024,17.2636366116623,0 -91.43315357290696,17.26344588126899,0 -91.43334103144714,17.26329346016833,0 -91.43352529260338,17.26307726163353,0 -91.43392458010133,17.2626017126304,0 -91.43413829713496,17.26233669267152,0 -91.43431757030304,17.26215913226161,0 -91.43459892644215,17.26183816073288,0 -91.43476981463975,17.26158568471887,0 -91.43498065879049,17.26135637467746,0 -91.43522414289312,17.26110380782618,0 -91.43549828693806,17.26082038454322,0 -91.43566685538968,17.26063694540968,0 -91.4358653040578,17.26036951993167,0 -91.43609338161254,17.26004915744524,0 -91.43622274570004,17.25987876092992,0 -91.43641403392552,17.25960611519769,0 -91.4365779099398,17.25944367824125,0 -91.43670303030807,17.25922467300978,0 -91.43679833795805,17.25908994433206,0 -91.43688649098183,17.25885030416527,0 -91.43707485074354,17.25858453197921,0 -91.43715905678103,17.25831379610888,0 -91.4372854043221,17.25817377802148,0 -91.43736964736242,17.2579131709718,0 -91.43752020013163,17.25766311466279,0 -91.43760875528828,17.25749948409143,0 -91.43775655195836,17.25724867225651,0 -91.43783024472879,17.25693796982402,0 -91.4379644268929,17.2565765774494,0 -91.43813515401743,17.25627964687477,0 -91.43823975259006,17.25599938148171,0 -91.43834782268834,17.25573959576354,0 -91.43852483714913,17.25551329822429,0 -91.43863266781725,17.25528492260528,0 -91.43871120117302,17.25511844891406,0 -91.43877751358011,17.25486778450789,0 -91.43890680739391,17.2545894923474,0 -91.43895820145933,17.25447490680185,0 -91.43908315893003,17.25417096320168,0 -91.43910767692645,17.2539073171462,0 -91.43917626613782,17.25370648447324,0 -91.4392493102259,17.25354392858112,0 -91.43927560632564,17.2532962916579,0 -91.43931890982103,17.25314706431702,0 -91.43945029709819,17.25293330115412,0 -91.43953313281841,17.25263292225911,0 -91.43963270010644,17.25244881553786,0 -91.4396932489603,17.25241995914159,0 -91.43975805687909,17.2522308253603,0 -91.43988987966969,17.25205581416078,0 -91.4400085436111,17.25184739004281,0 -91.44013909627029,17.25171575509872,0 -91.44016839446185,17.25171029390037,0 
			</coordinates>
		</LineString>
		<atom:link rel="app" href="https://www.google.com/earth/about/versions/#earth-pro" title="Google Earth Pro 7.3.6.10201"></atom:link>
	</Placemark>
</Document>
</kml>
