# Blender 4.3.0
# www.blender.org
mtllib PLACA CRYSTAL.mtl
o Text
v -1.039966 0.751315 -0.130583
v -1.041722 0.751196 -0.130583
v -1.043408 0.750849 -0.130583
v -1.045009 0.750290 -0.130583
v -1.046508 0.749535 -0.130583
v -1.047890 0.748600 -0.130583
v -1.049139 0.747500 -0.130583
v -1.050239 0.746251 -0.130583
v -1.051174 0.744869 -0.130583
v -1.051929 0.743370 -0.130583
v -1.052488 0.741770 -0.130583
v -1.052835 0.740084 -0.130583
v -1.052954 0.738327 -0.130583
v -1.052835 0.736571 -0.130583
v -1.052488 0.734885 -0.130583
v -1.051929 0.733284 -0.130583
v -1.051174 0.731785 -0.130583
v -1.050238 0.730403 -0.130583
v -1.049138 0.729155 -0.130583
v -1.047889 0.728055 -0.130583
v -1.046508 0.727119 -0.130583
v -1.045008 0.726364 -0.130583
v -1.043408 0.725805 -0.130583
v -1.041722 0.725459 -0.130583
v -1.039966 0.725339 -0.130583
v -1.038209 0.725459 -0.130583
v -1.036523 0.725805 -0.130583
v -1.034923 0.726364 -0.130583
v -1.033424 0.727119 -0.130583
v -1.032042 0.728055 -0.130583
v -1.030793 0.729155 -0.130583
v -1.029693 0.730403 -0.130583
v -1.028757 0.731785 -0.130583
v -1.028002 0.733284 -0.130583
v -1.027444 0.734885 -0.130583
v -1.027097 0.736571 -0.130583
v -1.026978 0.738327 -0.130583
v -1.027097 0.740083 -0.130583
v -1.027444 0.741770 -0.130583
v -1.028003 0.743370 -0.130583
v -1.028758 0.744869 -0.130583
v -1.029693 0.746251 -0.130583
v -1.030793 0.747500 -0.130583
v -1.032042 0.748600 -0.130583
v -1.033424 0.749535 -0.130583
v -1.034923 0.750290 -0.130583
v -1.036523 0.750849 -0.130583
v -1.038210 0.751196 -0.130583
v -1.067024 0.744605 -0.130583
v -1.068096 0.743820 -0.130583
v -1.069145 0.743092 -0.130583
v -1.070166 0.742423 -0.130583
v -1.071153 0.741815 -0.130583
v -1.072100 0.741269 -0.130583
v -1.073004 0.740790 -0.130583
v -1.073857 0.740377 -0.130583
v -1.074656 0.740035 -0.130583
v -1.075395 0.739765 -0.130583
v -1.076068 0.739569 -0.130583
v -1.076671 0.739450 -0.130583
v -1.077198 0.739410 -0.130583
v -1.077770 0.739437 -0.130583
v -1.078297 0.739523 -0.130583
v -1.078777 0.739670 -0.130583
v -1.079210 0.739883 -0.130583
v -1.079595 0.740164 -0.130583
v -1.079931 0.740519 -0.130583
v -1.080217 0.740950 -0.130583
v -1.080453 0.741462 -0.130583
v -1.080637 0.742058 -0.130583
v -1.080770 0.742742 -0.130583
v -1.080851 0.743517 -0.130583
v -1.080878 0.744388 -0.130583
v -1.080878 0.794392 -0.130583
v -1.081196 0.799660 -0.130583
v -1.082123 0.804431 -0.130583
v -1.083621 0.808712 -0.130583
v -1.085648 0.812511 -0.130583
v -1.088165 0.815834 -0.130583
v -1.091133 0.818690 -0.130583
v -1.094511 0.821086 -0.130583
v -1.098259 0.823029 -0.130583
v -1.102338 0.824528 -0.130583
v -1.106708 0.825589 -0.130583
v -1.111329 0.826220 -0.130583
v -1.116162 0.826429 -0.130583
v -1.119607 0.826338 -0.130583
v -1.122910 0.826067 -0.130583
v -1.126072 0.825614 -0.130583
v -1.129093 0.824978 -0.130583
v -1.131977 0.824158 -0.130583
v -1.134723 0.823155 -0.130583
v -1.137335 0.821966 -0.130583
v -1.139812 0.820592 -0.130583
v -1.142158 0.819032 -0.130583
v -1.144372 0.817284 -0.130583
v -1.146457 0.815349 -0.130583
v -1.148415 0.813224 -0.130583
v -1.148415 0.792227 -0.130583
v -1.146057 0.794861 -0.130583
v -1.143643 0.797247 -0.130583
v -1.141177 0.799387 -0.130583
v -1.138666 0.801287 -0.130583
v -1.136116 0.802948 -0.130583
v -1.133533 0.804376 -0.130583
v -1.130923 0.805574 -0.130583
v -1.128292 0.806546 -0.130583
v -1.125645 0.807295 -0.130583
v -1.122990 0.807826 -0.130583
v -1.120332 0.808141 -0.130583
v -1.117677 0.808246 -0.130583
v -1.114876 0.808141 -0.130583
v -1.112319 0.807821 -0.130583
v -1.110006 0.807278 -0.130583
v -1.107936 0.806506 -0.130583
v -1.106109 0.805496 -0.130583
v -1.104527 0.804241 -0.130583
v -1.103187 0.802734 -0.130583
v -1.102091 0.800966 -0.130583
v -1.101239 0.798931 -0.130583
v -1.100630 0.796621 -0.130583
v -1.100265 0.794028 -0.130583
v -1.100143 0.791145 -0.130583
v -1.100143 0.785950 -0.130583
v -1.117244 0.779889 -0.130583
v -1.121170 0.778470 -0.130583
v -1.125109 0.776995 -0.130583
v -1.128994 0.775421 -0.130583
v -1.132757 0.773699 -0.130583
v -1.136331 0.771786 -0.130583
v -1.139648 0.769634 -0.130583
v -1.142640 0.767197 -0.130583
v -1.145240 0.764431 -0.130583
v -1.147380 0.761290 -0.130583
v -1.148992 0.757726 -0.130583
v -1.150009 0.753695 -0.130583
v -1.150363 0.749151 -0.130583
v -1.150167 0.746045 -0.130583
v -1.149591 0.743027 -0.130583
v -1.148652 0.740133 -0.130583
v -1.147365 0.737397 -0.130583
v -1.145747 0.734854 -0.130583
v -1.143815 0.732537 -0.130583
v -1.141585 0.730482 -0.130583
v -1.139075 0.728723 -0.130583
v -1.136300 0.727294 -0.130583
v -1.133276 0.726231 -0.130583
v -1.130022 0.725568 -0.130583
v -1.126552 0.725339 -0.130583
v -1.124333 0.725407 -0.130583
v -1.122116 0.725611 -0.130583
v -1.119902 0.725952 -0.130583
v -1.117693 0.726430 -0.130583
v -1.115489 0.727046 -0.130583
v -1.113293 0.727802 -0.130583
v -1.111106 0.728697 -0.130583
v -1.108930 0.729733 -0.130583
v -1.106766 0.730910 -0.130583
v -1.104615 0.732229 -0.130583
v -1.102479 0.733691 -0.130583
v -1.100360 0.735297 -0.130583
v -1.099867 0.733646 -0.130583
v -1.099254 0.732154 -0.130583
v -1.098516 0.730819 -0.130583
v -1.097650 0.729637 -0.130583
v -1.096651 0.728605 -0.130583
v -1.095516 0.727720 -0.130583
v -1.094241 0.726980 -0.130583
v -1.092823 0.726381 -0.130583
v -1.091258 0.725921 -0.130583
v -1.089541 0.725596 -0.130583
v -1.087670 0.725403 -0.130583
v -1.085640 0.725339 -0.130583
v -1.084170 0.725377 -0.130583
v -1.082773 0.725495 -0.130583
v -1.081422 0.725701 -0.130583
v -1.080092 0.726005 -0.130583
v -1.078756 0.726414 -0.130583
v -1.077387 0.726936 -0.130583
v -1.075960 0.727580 -0.130583
v -1.074448 0.728354 -0.130583
v -1.072824 0.729266 -0.130583
v -1.071064 0.730325 -0.130583
v -1.069139 0.731539 -0.130583
v -1.067024 0.732916 -0.130583
v -1.100143 0.746986 -0.130583
v -1.101451 0.745782 -0.130583
v -1.102777 0.744664 -0.130583
v -1.104121 0.743634 -0.130583
v -1.105483 0.742697 -0.130583
v -1.106863 0.741855 -0.130583
v -1.108261 0.741114 -0.130583
v -1.109677 0.740477 -0.130583
v -1.111111 0.739947 -0.130583
v -1.112563 0.739528 -0.130583
v -1.114033 0.739224 -0.130583
v -1.115521 0.739039 -0.130583
v -1.117027 0.738977 -0.130583
v -1.118982 0.739092 -0.130583
v -1.120835 0.739431 -0.130583
v -1.122571 0.739981 -0.130583
v -1.124179 0.740732 -0.130583
v -1.125645 0.741673 -0.130583
v -1.126958 0.742792 -0.130583
v -1.128103 0.744078 -0.130583
v -1.129069 0.745519 -0.130583
v -1.129843 0.747104 -0.130583
v -1.130411 0.748823 -0.130583
v -1.130762 0.750663 -0.130583
v -1.130881 0.752614 -0.130583
v -1.130591 0.755364 -0.130583
v -1.129747 0.757890 -0.130583
v -1.128392 0.760214 -0.130583
v -1.126568 0.762355 -0.130583
v -1.124317 0.764334 -0.130583
v -1.121681 0.766170 -0.130583
v -1.118703 0.767885 -0.130583
v -1.115424 0.769498 -0.130583
v -1.111886 0.771030 -0.130583
v -1.108132 0.772502 -0.130583
v -1.104204 0.773933 -0.130583
v -1.100143 0.775343 -0.130583
v -1.226775 0.824481 -0.130583
v -1.226775 0.727288 -0.130583
v -1.207510 0.727288 -0.130583
v -1.207510 0.778157 -0.130583
v -1.207298 0.782246 -0.130583
v -1.206679 0.786157 -0.130583
v -1.205680 0.789856 -0.130583
v -1.204327 0.793310 -0.130583
v -1.202646 0.796483 -0.130583
v -1.200664 0.799344 -0.130583
v -1.198407 0.801857 -0.130583
v -1.195901 0.803989 -0.130583
v -1.193172 0.805706 -0.130583
v -1.190248 0.806974 -0.130583
v -1.187153 0.807760 -0.130583
v -1.183915 0.808029 -0.130583
v -1.182718 0.807949 -0.130583
v -1.181412 0.807714 -0.130583
v -1.180012 0.807332 -0.130583
v -1.178536 0.806810 -0.130583
v -1.176999 0.806156 -0.130583
v -1.175419 0.805377 -0.130583
v -1.173812 0.804481 -0.130583
v -1.172194 0.803475 -0.130583
v -1.170582 0.802367 -0.130583
v -1.168993 0.801164 -0.130583
v -1.167443 0.799874 -0.130583
v -1.165949 0.798505 -0.130583
v -1.155775 0.815173 -0.130583
v -1.157764 0.816986 -0.130583
v -1.159730 0.818637 -0.130583
v -1.161677 0.820128 -0.130583
v -1.163608 0.821458 -0.130583
v -1.165526 0.822629 -0.130583
v -1.167437 0.823642 -0.130583
v -1.169343 0.824496 -0.130583
v -1.171248 0.825194 -0.130583
v -1.173156 0.825735 -0.130583
v -1.175071 0.826121 -0.130583
v -1.176997 0.826352 -0.130583
v -1.178936 0.826429 -0.130583
v -1.181214 0.826278 -0.130583
v -1.183501 0.825820 -0.130583
v -1.185799 0.825045 -0.130583
v -1.188108 0.823943 -0.130583
v -1.190429 0.822505 -0.130583
v -1.192763 0.820719 -0.130583
v -1.195111 0.818578 -0.130583
v -1.197472 0.816070 -0.130583
v -1.199849 0.813187 -0.130583
v -1.202242 0.809918 -0.130583
v -1.204651 0.806254 -0.130583
v -1.207077 0.802185 -0.130583
v -1.207510 0.802185 -0.130583
v -1.207510 0.824481 -0.130583
v -1.250587 0.755428 -0.130583
v -1.253397 0.753652 -0.130583
v -1.256201 0.752007 -0.130583
v -1.259002 0.750497 -0.130583
v -1.261803 0.749126 -0.130583
v -1.264607 0.747901 -0.130583
v -1.267417 0.746824 -0.130583
v -1.270236 0.745900 -0.130583
v -1.273067 0.745134 -0.130583
v -1.275913 0.744530 -0.130583
v -1.278777 0.744094 -0.130583
v -1.281662 0.743828 -0.130583
v -1.284572 0.743739 -0.130583
v -1.289068 0.743946 -0.130583
v -1.293246 0.744566 -0.130583
v -1.297106 0.745596 -0.130583
v -1.300646 0.747034 -0.130583
v -1.303864 0.748878 -0.130583
v -1.306759 0.751126 -0.130583
v -1.309330 0.753775 -0.130583
v -1.311574 0.756823 -0.130583
v -1.313490 0.760268 -0.130583
v -1.315077 0.764108 -0.130583
v -1.316334 0.768340 -0.130583
v -1.317258 0.772962 -0.130583
v -1.248855 0.772962 -0.130583
v -1.249193 0.781562 -0.130583
v -1.250193 0.789399 -0.130583
v -1.251828 0.796475 -0.130583
v -1.254074 0.802794 -0.130583
v -1.256907 0.808358 -0.130583
v -1.260300 0.813170 -0.130583
v -1.264231 0.817234 -0.130583
v -1.268673 0.820552 -0.130583
v -1.273603 0.823128 -0.130583
v -1.278995 0.824964 -0.130583
v -1.284824 0.826063 -0.130583
v -1.291066 0.826429 -0.130583
v -1.297599 0.826020 -0.130583
v -1.303753 0.824817 -0.130583
v -1.309492 0.822857 -0.130583
v -1.314781 0.820175 -0.130583
v -1.319582 0.816808 -0.130583
v -1.323860 0.812791 -0.130583
v -1.327579 0.808161 -0.130583
v -1.330703 0.802954 -0.130583
v -1.333195 0.797206 -0.130583
v -1.335020 0.790952 -0.130583
v -1.336142 0.784230 -0.130583
v -1.336523 0.777075 -0.130583
v -1.336174 0.770418 -0.130583
v -1.335132 0.763922 -0.130583
v -1.333412 0.757667 -0.130583
v -1.331024 0.751732 -0.130583
v -1.327980 0.746197 -0.130583
v -1.324293 0.741141 -0.130583
v -1.319975 0.736645 -0.130583
v -1.315037 0.732787 -0.130583
v -1.309492 0.729648 -0.130583
v -1.303352 0.727308 -0.130583
v -1.296629 0.725845 -0.130583
v -1.289334 0.725339 -0.130583
v -1.285339 0.725416 -0.130583
v -1.281563 0.725648 -0.130583
v -1.277983 0.726036 -0.130583
v -1.274574 0.726582 -0.130583
v -1.271313 0.727287 -0.130583
v -1.268174 0.728153 -0.130583
v -1.265135 0.729182 -0.130583
v -1.262172 0.730374 -0.130583
v -1.259259 0.731732 -0.130583
v -1.256373 0.733256 -0.130583
v -1.253490 0.734949 -0.130583
v -1.250587 0.736812 -0.130583
v -1.316825 0.785733 -0.130583
v -1.316045 0.789434 -0.130583
v -1.315005 0.792850 -0.130583
v -1.313707 0.795971 -0.130583
v -1.312151 0.798793 -0.130583
v -1.310340 0.801309 -0.130583
v -1.308275 0.803510 -0.130583
v -1.305957 0.805392 -0.130583
v -1.303388 0.806947 -0.130583
v -1.300570 0.808168 -0.130583
v -1.297504 0.809048 -0.130583
v -1.294191 0.809582 -0.130583
v -1.290633 0.809761 -0.130583
v -1.287333 0.809569 -0.130583
v -1.284259 0.809003 -0.130583
v -1.281419 0.808077 -0.130583
v -1.278823 0.806803 -0.130583
v -1.276480 0.805195 -0.130583
v -1.274398 0.803267 -0.130583
v -1.272586 0.801032 -0.130583
v -1.271055 0.798505 -0.130583
v -1.269811 0.795697 -0.130583
v -1.268866 0.792624 -0.130583
v -1.268227 0.789298 -0.130583
v -1.267904 0.785733 -0.130583
v -1.335441 0.874917 -0.130583
v -1.339542 0.875930 -0.130583
v -1.343410 0.876597 -0.130583
v -1.347056 0.876933 -0.130583
v -1.350489 0.876953 -0.130583
v -1.353722 0.876673 -0.130583
v -1.356763 0.876108 -0.130583
v -1.359624 0.875271 -0.130583
v -1.362315 0.874179 -0.130583
v -1.364846 0.872847 -0.130583
v -1.367229 0.871289 -0.130583
v -1.369474 0.869521 -0.130583
v -1.371591 0.867557 -0.130583
v -1.373471 0.865577 -0.130583
v -1.375211 0.863512 -0.130583
v -1.376806 0.861334 -0.130583
v -1.378253 0.859011 -0.130583
v -1.379547 0.856513 -0.130583
v -1.380682 0.853812 -0.130583
v -1.381656 0.850875 -0.130583
v -1.382462 0.847674 -0.130583
v -1.383097 0.844179 -0.130583
v -1.383556 0.840359 -0.130583
v -1.383835 0.836184 -0.130583
v -1.383929 0.831624 -0.130583
v -1.383929 0.824481 -0.130583
v -1.397567 0.824481 -0.130583
v -1.397567 0.807163 -0.130583
v -1.383929 0.807163 -0.130583
v -1.383929 0.727288 -0.130583
v -1.364664 0.727288 -0.130583
v -1.364664 0.807163 -0.130583
v -1.347130 0.807163 -0.130583
v -1.347130 0.824481 -0.130583
v -1.364664 0.824481 -0.130583
v -1.364664 0.833789 -0.130583
v -1.364557 0.837399 -0.130583
v -1.364223 0.840755 -0.130583
v -1.363642 0.843844 -0.130583
v -1.362796 0.846656 -0.130583
v -1.361664 0.849180 -0.130583
v -1.360226 0.851403 -0.130583
v -1.358464 0.853316 -0.130583
v -1.356358 0.854906 -0.130583
v -1.353888 0.856162 -0.130583
v -1.351035 0.857074 -0.130583
v -1.347778 0.857629 -0.130583
v -1.344100 0.857816 -0.130583
v -1.343264 0.857807 -0.130583
v -1.342481 0.857778 -0.130583
v -1.341742 0.857728 -0.130583
v -1.341037 0.857656 -0.130583
v -1.340356 0.857559 -0.130583
v -1.339689 0.857437 -0.130583
v -1.339027 0.857288 -0.130583
v -1.338359 0.857111 -0.130583
v -1.337677 0.856903 -0.130583
v -1.336969 0.856664 -0.130583
v -1.336227 0.856391 -0.130583
v -1.335441 0.856084 -0.130583
v -1.412719 0.818419 -0.130583
v -1.415245 0.819714 -0.130583
v -1.417737 0.820892 -0.130583
v -1.420197 0.821954 -0.130583
v -1.422629 0.822901 -0.130583
v -1.425033 0.823734 -0.130583
v -1.427412 0.824453 -0.130583
v -1.429769 0.825060 -0.130583
v -1.432105 0.825555 -0.130583
v -1.434423 0.825938 -0.130583
v -1.436726 0.826211 -0.130583
v -1.439015 0.826375 -0.130583
v -1.441293 0.826429 -0.130583
v -1.446016 0.826223 -0.130583
v -1.450430 0.825615 -0.130583
v -1.454517 0.824616 -0.130583
v -1.458257 0.823238 -0.130583
v -1.461630 0.821493 -0.130583
v -1.464617 0.819394 -0.130583
v -1.467198 0.816951 -0.130583
v -1.469353 0.814178 -0.130583
v -1.471063 0.811087 -0.130583
v -1.472309 0.807688 -0.130583
v -1.473071 0.803995 -0.130583
v -1.473330 0.800020 -0.130583
v -1.472435 0.793854 -0.130583
v -1.469962 0.788394 -0.130583
v -1.466227 0.783552 -0.130583
v -1.461544 0.779239 -0.130583
v -1.456230 0.775369 -0.130583
v -1.450601 0.771852 -0.130583
v -1.444971 0.768602 -0.130583
v -1.439657 0.765530 -0.130583
v -1.434975 0.762548 -0.130583
v -1.431239 0.759568 -0.130583
v -1.428766 0.756502 -0.130583
v -1.427872 0.753263 -0.130583
v -1.428004 0.751599 -0.130583
v -1.428389 0.750071 -0.130583
v -1.429008 0.748677 -0.130583
v -1.429844 0.747419 -0.130583
v -1.430878 0.746296 -0.130583
v -1.432093 0.745308 -0.130583
v -1.433470 0.744456 -0.130583
v -1.434991 0.743739 -0.130583
v -1.436639 0.743157 -0.130583
v -1.438394 0.742711 -0.130583
v -1.440240 0.742400 -0.130583
v -1.442158 0.742224 -0.130583
v -1.444182 0.742310 -0.130583
v -1.446350 0.742568 -0.130583
v -1.448653 0.743002 -0.130583
v -1.451082 0.743611 -0.130583
v -1.453628 0.744397 -0.130583
v -1.456283 0.745362 -0.130583
v -1.459037 0.746508 -0.130583
v -1.461881 0.747836 -0.130583
v -1.464806 0.749347 -0.130583
v -1.467804 0.751043 -0.130583
v -1.470864 0.752925 -0.130583
v -1.473979 0.754995 -0.130583
v -1.473979 0.734214 -0.130583
v -1.470904 0.732676 -0.130583
v -1.467945 0.731302 -0.130583
v -1.465080 0.730088 -0.130583
v -1.462290 0.729027 -0.130583
v -1.459554 0.728114 -0.130583
v -1.456851 0.727342 -0.130583
v -1.454162 0.726705 -0.130583
v -1.451467 0.726197 -0.130583
v -1.448744 0.725813 -0.130583
v -1.445974 0.725546 -0.130583
v -1.443136 0.725390 -0.130583
v -1.440210 0.725339 -0.130583
v -1.435715 0.725575 -0.130583
v -1.431448 0.726268 -0.130583
v -1.427442 0.727399 -0.130583
v -1.423727 0.728947 -0.130583
v -1.420333 0.730892 -0.130583
v -1.417292 0.733213 -0.130583
v -1.414634 0.735891 -0.130583
v -1.412390 0.738904 -0.130583
v -1.410592 0.742234 -0.130583
v -1.409269 0.745858 -0.130583
v -1.408453 0.749758 -0.130583
v -1.408173 0.753913 -0.130583
v -1.408298 0.756339 -0.130583
v -1.408681 0.758654 -0.130583
v -1.409337 0.760884 -0.130583
v -1.410282 0.763052 -0.130583
v -1.411531 0.765185 -0.130583
v -1.413098 0.767307 -0.130583
v -1.414999 0.769442 -0.130583
v -1.417249 0.771615 -0.130583
v -1.419863 0.773851 -0.130583
v -1.422855 0.776176 -0.130583
v -1.426241 0.778613 -0.130583
v -1.430037 0.781187 -0.130583
v -1.434093 0.783580 -0.130583
v -1.437722 0.785787 -0.130583
v -1.440938 0.787823 -0.130583
v -1.443754 0.789702 -0.130583
v -1.446186 0.791436 -0.130583
v -1.448247 0.793039 -0.130583
v -1.449951 0.794525 -0.130583
v -1.451314 0.795907 -0.130583
v -1.452349 0.797199 -0.130583
v -1.453071 0.798414 -0.130583
v -1.453493 0.799567 -0.130583
v -1.453631 0.800669 -0.130583
v -1.453529 0.801935 -0.130583
v -1.453226 0.803131 -0.130583
v -1.452732 0.804248 -0.130583
v -1.452052 0.805279 -0.130583
v -1.451195 0.806217 -0.130583
v -1.450168 0.807055 -0.130583
v -1.448979 0.807784 -0.130583
v -1.447634 0.808398 -0.130583
v -1.446143 0.808888 -0.130583
v -1.444512 0.809248 -0.130583
v -1.442748 0.809469 -0.130583
v -1.440860 0.809544 -0.130583
v -1.439012 0.809481 -0.130583
v -1.437047 0.809287 -0.130583
v -1.434971 0.808959 -0.130583
v -1.432794 0.808494 -0.130583
v -1.430524 0.807888 -0.130583
v -1.428169 0.807136 -0.130583
v -1.425738 0.806236 -0.130583
v -1.423238 0.805183 -0.130583
v -1.420678 0.803974 -0.130583
v -1.418066 0.802605 -0.130583
v -1.415410 0.801071 -0.130583
v -1.412719 0.799371 -0.130583
v -1.540001 0.868856 -0.130583
v -1.554504 0.837035 -0.130583
v -1.542598 0.837035 -0.130583
v -1.518354 0.868856 -0.130583
v -1.543248 0.826429 -0.130583
v -1.550351 0.825987 -0.130583
v -1.557120 0.824696 -0.130583
v -1.563501 0.822610 -0.130583
v -1.569440 0.819782 -0.130583
v -1.574883 0.816266 -0.130583
v -1.579776 0.812115 -0.130583
v -1.584065 0.807382 -0.130583
v -1.587695 0.802120 -0.130583
v -1.590613 0.796384 -0.130583
v -1.592764 0.790226 -0.130583
v -1.594095 0.783699 -0.130583
v -1.594550 0.776858 -0.130583
v -1.594111 0.769569 -0.130583
v -1.592824 0.762670 -0.130583
v -1.590735 0.756206 -0.130583
v -1.587888 0.750225 -0.130583
v -1.584328 0.744773 -0.130583
v -1.580101 0.739897 -0.130583
v -1.575252 0.735643 -0.130583
v -1.569825 0.732058 -0.130583
v -1.563866 0.729188 -0.130583
v -1.557420 0.727081 -0.130583
v -1.550533 0.725783 -0.130583
v -1.543248 0.725339 -0.130583
v -1.535665 0.725766 -0.130583
v -1.528528 0.727021 -0.130583
v -1.521879 0.729067 -0.130583
v -1.515757 0.731865 -0.130583
v -1.510203 0.735380 -0.130583
v -1.505258 0.739572 -0.130583
v -1.500963 0.744405 -0.130583
v -1.497357 0.749840 -0.130583
v -1.494482 0.755841 -0.130583
v -1.492378 0.762369 -0.130583
v -1.491086 0.769387 -0.130583
v -1.490647 0.776858 -0.130583
v -1.491099 0.783881 -0.130583
v -1.492424 0.790527 -0.130583
v -1.494574 0.796749 -0.130583
v -1.497502 0.802505 -0.130583
v -1.501160 0.807750 -0.130583
v -1.505502 0.812440 -0.130583
v -1.510479 0.816529 -0.130583
v -1.516045 0.819975 -0.130583
v -1.522153 0.822732 -0.130583
v -1.528754 0.824756 -0.130583
v -1.535801 0.826003 -0.130583
v -1.543464 0.809111 -0.130583
v -1.538766 0.808832 -0.130583
v -1.534322 0.808014 -0.130583
v -1.530162 0.806686 -0.130583
v -1.526316 0.804878 -0.130583
v -1.522812 0.802619 -0.130583
v -1.519680 0.799939 -0.130583
v -1.516950 0.796866 -0.130583
v -1.514650 0.793430 -0.130583
v -1.512811 0.789660 -0.130583
v -1.511461 0.785586 -0.130583
v -1.510629 0.781237 -0.130583
v -1.510345 0.776642 -0.130583
v -1.510608 0.771562 -0.130583
v -1.511385 0.766834 -0.130583
v -1.512659 0.762473 -0.130583
v -1.514410 0.758499 -0.130583
v -1.516621 0.754927 -0.130583
v -1.519274 0.751775 -0.130583
v -1.522352 0.749061 -0.130583
v -1.525834 0.746802 -0.130583
v -1.529705 0.745014 -0.130583
v -1.533946 0.743716 -0.130583
v -1.538538 0.742924 -0.130583
v -1.543464 0.742657 -0.130583
v -1.547993 0.742937 -0.130583
v -1.552253 0.743762 -0.130583
v -1.556222 0.745109 -0.130583
v -1.559876 0.746954 -0.130583
v -1.563189 0.749274 -0.130583
v -1.566139 0.752046 -0.130583
v -1.568701 0.755246 -0.130583
v -1.570851 0.758851 -0.130583
v -1.572565 0.762839 -0.130583
v -1.573820 0.767184 -0.130583
v -1.574590 0.771865 -0.130583
v -1.574852 0.776858 -0.130583
v -1.574582 0.781403 -0.130583
v -1.573790 0.785711 -0.130583
v -1.572505 0.789751 -0.130583
v -1.570755 0.793494 -0.130583
v -1.568570 0.796909 -0.130583
v -1.565977 0.799966 -0.130583
v -1.563005 0.802635 -0.130583
v -1.559683 0.804886 -0.130583
v -1.556040 0.806690 -0.130583
v -1.552103 0.808015 -0.130583
v -1.547902 0.808832 -0.130583
v -1.756466 0.824481 -0.130583
v -1.756466 0.727288 -0.130583
v -1.737201 0.727288 -0.130583
v -1.737201 0.797855 -0.130583
v -1.735227 0.800053 -0.130583
v -1.733301 0.802001 -0.130583
v -1.731404 0.803710 -0.130583
v -1.729520 0.805191 -0.130583
v -1.727634 0.806456 -0.130583
v -1.725728 0.807515 -0.130583
v -1.723786 0.808380 -0.130583
v -1.721792 0.809063 -0.130583
v -1.719728 0.809575 -0.130583
v -1.717579 0.809926 -0.130583
v -1.715327 0.810129 -0.130583
v -1.712957 0.810194 -0.130583
v -1.710611 0.810053 -0.130583
v -1.708351 0.809624 -0.130583
v -1.706199 0.808898 -0.130583
v -1.704178 0.807869 -0.130583
v -1.702310 0.806527 -0.130583
v -1.700618 0.804863 -0.130583
v -1.699125 0.802871 -0.130583
v -1.697852 0.800541 -0.130583
v -1.696823 0.797865 -0.130583
v -1.696061 0.794836 -0.130583
v -1.695586 0.791444 -0.130583
v -1.695423 0.787681 -0.130583
v -1.695423 0.727288 -0.130583
v -1.676158 0.727288 -0.130583
v -1.676158 0.797855 -0.130583
v -1.674397 0.799603 -0.130583
v -1.672585 0.801265 -0.130583
v -1.670736 0.802827 -0.130583
v -1.668862 0.804277 -0.130583
v -1.666976 0.805601 -0.130583
v -1.665091 0.806784 -0.130583
v -1.663219 0.807815 -0.130583
v -1.661374 0.808679 -0.130583
v -1.659568 0.809362 -0.130583
v -1.657813 0.809851 -0.130583
v -1.656124 0.810133 -0.130583
v -1.654511 0.810194 -0.130583
v -1.651796 0.810028 -0.130583
v -1.649187 0.809532 -0.130583
v -1.646708 0.808712 -0.130583
v -1.644385 0.807572 -0.130583
v -1.642243 0.806116 -0.130583
v -1.640306 0.804349 -0.130583
v -1.638598 0.802275 -0.130583
v -1.637146 0.799900 -0.130583
v -1.635973 0.797226 -0.130583
v -1.635104 0.794260 -0.130583
v -1.634565 0.791004 -0.130583
v -1.634380 0.787465 -0.130583
v -1.634380 0.727288 -0.130583
v -1.615114 0.727288 -0.130583
v -1.615114 0.788331 -0.130583
v -1.615373 0.793901 -0.130583
v -1.616136 0.799120 -0.130583
v -1.617384 0.803964 -0.130583
v -1.619099 0.808406 -0.130583
v -1.621262 0.812421 -0.130583
v -1.623854 0.815984 -0.130583
v -1.626857 0.819069 -0.130583
v -1.630251 0.821650 -0.130583
v -1.634018 0.823703 -0.130583
v -1.638139 0.825200 -0.130583
v -1.642595 0.826117 -0.130583
v -1.647368 0.826429 -0.130583
v -1.650756 0.826266 -0.130583
v -1.653997 0.825791 -0.130583
v -1.657099 0.825028 -0.130583
v -1.660067 0.823999 -0.130583
v -1.662909 0.822727 -0.130583
v -1.665632 0.821234 -0.130583
v -1.668242 0.819542 -0.130583
v -1.670746 0.817674 -0.130583
v -1.673151 0.815653 -0.130583
v -1.675463 0.813501 -0.130583
v -1.677690 0.811241 -0.130583
v -1.679838 0.808895 -0.130583
v -1.681537 0.811650 -0.130583
v -1.683384 0.814177 -0.130583
v -1.685374 0.816475 -0.130583
v -1.687502 0.818540 -0.130583
v -1.689762 0.820370 -0.130583
v -1.692149 0.821964 -0.130583
v -1.694658 0.823319 -0.130583
v -1.697283 0.824432 -0.130583
v -1.700020 0.825302 -0.130583
v -1.702862 0.825927 -0.130583
v -1.705805 0.826303 -0.130583
v -1.708844 0.826429 -0.130583
v -1.711122 0.826329 -0.130583
v -1.713410 0.826030 -0.130583
v -1.715710 0.825529 -0.130583
v -1.718024 0.824825 -0.130583
v -1.720353 0.823917 -0.130583
v -1.722698 0.822803 -0.130583
v -1.725061 0.821481 -0.130583
v -1.727444 0.819951 -0.130583
v -1.729848 0.818210 -0.130583
v -1.732274 0.816257 -0.130583
v -1.734725 0.814090 -0.130583
v -1.737201 0.811709 -0.130583
v -1.737201 0.824481 -0.130583
v -1.805171 0.844612 -0.130583
v -1.841321 0.809328 -0.130583
v -1.841321 0.807163 -0.130583
v -1.824437 0.807163 -0.130583
v -1.824437 0.755861 -0.130583
v -1.824216 0.751577 -0.130583
v -1.823554 0.747512 -0.130583
v -1.822451 0.743695 -0.130583
v -1.820909 0.740155 -0.130583
v -1.818928 0.736922 -0.130583
v -1.816509 0.734025 -0.130583
v -1.813652 0.731493 -0.130583
v -1.810358 0.729356 -0.130583
v -1.806629 0.727643 -0.130583
v -1.802464 0.726383 -0.130583
v -1.797865 0.725605 -0.130583
v -1.792833 0.725339 -0.130583
v -1.791182 0.725397 -0.130583
v -1.789387 0.725565 -0.130583
v -1.787475 0.725836 -0.130583
v -1.785473 0.726205 -0.130583
v -1.783407 0.726664 -0.130583
v -1.781306 0.727206 -0.130583
v -1.779195 0.727825 -0.130583
v -1.777103 0.728514 -0.130583
v -1.775055 0.729266 -0.130583
v -1.773080 0.730074 -0.130583
v -1.771204 0.730932 -0.130583
v -1.769454 0.731833 -0.130583
v -1.769454 0.749800 -0.130583
v -1.771389 0.748659 -0.130583
v -1.773299 0.747617 -0.130583
v -1.775184 0.746675 -0.130583
v -1.777047 0.745831 -0.130583
v -1.778888 0.745087 -0.130583
v -1.780710 0.744442 -0.130583
v -1.782515 0.743897 -0.130583
v -1.784302 0.743450 -0.130583
v -1.786075 0.743103 -0.130583
v -1.787834 0.742855 -0.130583
v -1.789581 0.742706 -0.130583
v -1.791317 0.742657 -0.130583
v -1.792772 0.742727 -0.130583
v -1.794298 0.742950 -0.130583
v -1.795856 0.743343 -0.130583
v -1.797410 0.743923 -0.130583
v -1.798922 0.744708 -0.130583
v -1.800355 0.745714 -0.130583
v -1.801670 0.746960 -0.130583
v -1.802830 0.748461 -0.130583
v -1.803798 0.750236 -0.130583
v -1.804536 0.752302 -0.130583
v -1.805006 0.754677 -0.130583
v -1.805171 0.757376 -0.130583
v -1.805171 0.807163 -0.130583
v -1.774433 0.807163 -0.130583
v -1.774433 0.824481 -0.130583
v -1.805171 0.824481 -0.130583
v -1.844784 0.744605 -0.130583
v -1.845857 0.743820 -0.130583
v -1.846906 0.743092 -0.130583
v -1.847926 0.742423 -0.130583
v -1.848913 0.741815 -0.130583
v -1.849861 0.741269 -0.130583
v -1.850764 0.740790 -0.130583
v -1.851618 0.740377 -0.130583
v -1.852417 0.740035 -0.130583
v -1.853155 0.739765 -0.130583
v -1.853829 0.739569 -0.130583
v -1.854431 0.739450 -0.130583
v -1.854958 0.739410 -0.130583
v -1.855531 0.739437 -0.130583
v -1.856058 0.739523 -0.130583
v -1.856538 0.739670 -0.130583
v -1.856971 0.739883 -0.130583
v -1.857355 0.740164 -0.130583
v -1.857691 0.740519 -0.130583
v -1.857977 0.740950 -0.130583
v -1.858213 0.741462 -0.130583
v -1.858398 0.742058 -0.130583
v -1.858531 0.742742 -0.130583
v -1.858611 0.743517 -0.130583
v -1.858638 0.744388 -0.130583
v -1.858638 0.794392 -0.130583
v -1.858956 0.799660 -0.130583
v -1.859884 0.804431 -0.130583
v -1.861381 0.808712 -0.130583
v -1.863408 0.812511 -0.130583
v -1.865926 0.815834 -0.130583
v -1.868893 0.818690 -0.130583
v -1.872271 0.821086 -0.130583
v -1.876019 0.823029 -0.130583
v -1.880099 0.824528 -0.130583
v -1.884469 0.825589 -0.130583
v -1.889090 0.826220 -0.130583
v -1.893922 0.826429 -0.130583
v -1.897368 0.826338 -0.130583
v -1.900670 0.826067 -0.130583
v -1.903832 0.825614 -0.130583
v -1.906854 0.824978 -0.130583
v -1.909737 0.824158 -0.130583
v -1.912484 0.823155 -0.130583
v -1.915095 0.821966 -0.130583
v -1.917573 0.820592 -0.130583
v -1.919918 0.819032 -0.130583
v -1.922133 0.817284 -0.130583
v -1.924218 0.815349 -0.130583
v -1.926175 0.813224 -0.130583
v -1.926175 0.792227 -0.130583
v -1.923818 0.794861 -0.130583
v -1.921403 0.797247 -0.130583
v -1.918937 0.799387 -0.130583
v -1.916426 0.801287 -0.130583
v -1.913876 0.802948 -0.130583
v -1.911293 0.804376 -0.130583
v -1.908683 0.805574 -0.130583
v -1.906052 0.806546 -0.130583
v -1.903406 0.807295 -0.130583
v -1.900751 0.807826 -0.130583
v -1.898092 0.808141 -0.130583
v -1.895437 0.808246 -0.130583
v -1.892637 0.808141 -0.130583
v -1.890080 0.807821 -0.130583
v -1.887766 0.807278 -0.130583
v -1.885696 0.806506 -0.130583
v -1.883870 0.805496 -0.130583
v -1.882287 0.804241 -0.130583
v -1.880948 0.802734 -0.130583
v -1.879852 0.800966 -0.130583
v -1.878999 0.798931 -0.130583
v -1.878391 0.796621 -0.130583
v -1.878025 0.794028 -0.130583
v -1.877903 0.791145 -0.130583
v -1.877903 0.785950 -0.130583
v -1.895004 0.779889 -0.130583
v -1.898930 0.778470 -0.130583
v -1.902869 0.776995 -0.130583
v -1.906754 0.775421 -0.130583
v -1.910518 0.773699 -0.130583
v -1.914092 0.771786 -0.130583
v -1.917408 0.769634 -0.130583
v -1.920401 0.767197 -0.130583
v -1.923000 0.764431 -0.130583
v -1.925140 0.761290 -0.130583
v -1.926753 0.757726 -0.130583
v -1.927769 0.753695 -0.130583
v -1.928123 0.749151 -0.130583
v -1.927928 0.746045 -0.130583
v -1.927352 0.743027 -0.130583
v -1.926412 0.740133 -0.130583
v -1.925125 0.737397 -0.130583
v -1.923507 0.734854 -0.130583
v -1.921575 0.732537 -0.130583
v -1.919346 0.730482 -0.130583
v -1.916835 0.728723 -0.130583
v -1.914060 0.727294 -0.130583
v -1.911037 0.726231 -0.130583
v -1.907782 0.725568 -0.130583
v -1.904312 0.725339 -0.130583
v -1.902094 0.725407 -0.130583
v -1.899877 0.725611 -0.130583
v -1.897663 0.725952 -0.130583
v -1.895453 0.726430 -0.130583
v -1.893250 0.727046 -0.130583
v -1.891054 0.727802 -0.130583
v -1.888867 0.728697 -0.130583
v -1.886690 0.729733 -0.130583
v -1.884526 0.730910 -0.130583
v -1.882375 0.732229 -0.130583
v -1.880239 0.733691 -0.130583
v -1.878120 0.735297 -0.130583
v -1.877628 0.733646 -0.130583
v -1.877015 0.732154 -0.130583
v -1.876277 0.730819 -0.130583
v -1.875410 0.729637 -0.130583
v -1.874411 0.728605 -0.130583
v -1.873277 0.727720 -0.130583
v -1.872002 0.726980 -0.130583
v -1.870584 0.726381 -0.130583
v -1.869018 0.725921 -0.130583
v -1.867302 0.725596 -0.130583
v -1.865430 0.725403 -0.130583
v -1.863400 0.725339 -0.130583
v -1.861930 0.725377 -0.130583
v -1.860533 0.725495 -0.130583
v -1.859183 0.725701 -0.130583
v -1.857852 0.726005 -0.130583
v -1.856516 0.726414 -0.130583
v -1.855148 0.726936 -0.130583
v -1.853720 0.727580 -0.130583
v -1.852208 0.728354 -0.130583
v -1.850585 0.729266 -0.130583
v -1.848824 0.730325 -0.130583
v -1.846899 0.731539 -0.130583
v -1.844784 0.732916 -0.130583
v -1.877903 0.746986 -0.130583
v -1.879211 0.745782 -0.130583
v -1.880537 0.744664 -0.130583
v -1.881881 0.743634 -0.130583
v -1.883243 0.742697 -0.130583
v -1.884623 0.741855 -0.130583
v -1.886021 0.741114 -0.130583
v -1.887437 0.740477 -0.130583
v -1.888871 0.739947 -0.130583
v -1.890323 0.739528 -0.130583
v -1.891793 0.739224 -0.130583
v -1.893282 0.739039 -0.130583
v -1.894788 0.738977 -0.130583
v -1.896743 0.739092 -0.130583
v -1.898595 0.739431 -0.130583
v -1.900331 0.739981 -0.130583
v -1.901939 0.740732 -0.130583
v -1.903406 0.741673 -0.130583
v -1.904718 0.742792 -0.130583
v -1.905864 0.744078 -0.130583
v -1.906830 0.745519 -0.130583
v -1.907603 0.747104 -0.130583
v -1.908172 0.748823 -0.130583
v -1.908522 0.750663 -0.130583
v -1.908642 0.752614 -0.130583
v -1.908351 0.755364 -0.130583
v -1.907507 0.757890 -0.130583
v -1.906152 0.760214 -0.130583
v -1.904328 0.762355 -0.130583
v -1.902077 0.764334 -0.130583
v -1.899442 0.766170 -0.130583
v -1.896463 0.767885 -0.130583
v -1.893184 0.769498 -0.130583
v -1.889647 0.771030 -0.130583
v -1.885893 0.772502 -0.130583
v -1.881964 0.773933 -0.130583
v -1.877903 0.775343 -0.130583
v 1.959162 0.961070 -0.130583
v 1.958090 0.960286 -0.130583
v 1.957041 0.959558 -0.130583
v 1.956020 0.958889 -0.130583
v 1.955034 0.958280 -0.130583
v 1.954086 0.957735 -0.130583
v 1.953183 0.957255 -0.130583
v 1.952329 0.956843 -0.130583
v 1.951530 0.956500 -0.130583
v 1.950791 0.956230 -0.130583
v 1.950118 0.956034 -0.130583
v 1.949515 0.955915 -0.130583
v 1.948989 0.955875 -0.130583
v 1.948416 0.955903 -0.130583
v 1.947889 0.955988 -0.130583
v 1.947409 0.956135 -0.130583
v 1.946976 0.956348 -0.130583
v 1.946592 0.956630 -0.130583
v 1.946256 0.956984 -0.130583
v 1.945970 0.957416 -0.130583
v 1.945734 0.957927 -0.130583
v 1.945549 0.958523 -0.130583
v 1.945416 0.959207 -0.130583
v 1.945336 0.959983 -0.130583
v 1.945309 0.960854 -0.130583
v 1.945309 1.010857 -0.130583
v 1.944991 1.016126 -0.130583
v 1.944063 1.020897 -0.130583
v 1.942566 1.025178 -0.130583
v 1.940538 1.028976 -0.130583
v 1.938021 1.032300 -0.130583
v 1.935054 1.035156 -0.130583
v 1.931676 1.037551 -0.130583
v 1.927927 1.039495 -0.130583
v 1.923848 1.040993 -0.130583
v 1.919478 1.042054 -0.130583
v 1.914858 1.042686 -0.130583
v 1.910025 1.042894 -0.130583
v 1.906579 1.042804 -0.130583
v 1.903276 1.042532 -0.130583
v 1.900115 1.042079 -0.130583
v 1.897093 1.041443 -0.130583
v 1.894209 1.040624 -0.130583
v 1.891462 1.039620 -0.130583
v 1.888851 1.038432 -0.130583
v 1.886373 1.037058 -0.130583
v 1.884028 1.035497 -0.130583
v 1.881814 1.033749 -0.130583
v 1.879729 1.031814 -0.130583
v 1.877771 1.029690 -0.130583
v 1.877771 1.008693 -0.130583
v 1.880129 1.011327 -0.130583
v 1.882544 1.013712 -0.130583
v 1.885009 1.015853 -0.130583
v 1.887520 1.017752 -0.130583
v 1.890070 1.019414 -0.130583
v 1.892653 1.020842 -0.130583
v 1.895263 1.022040 -0.130583
v 1.897895 1.023011 -0.130583
v 1.900541 1.023761 -0.130583
v 1.903196 1.024291 -0.130583
v 1.905854 1.024607 -0.130583
v 1.908510 1.024711 -0.130583
v 1.911310 1.024606 -0.130583
v 1.913867 1.024286 -0.130583
v 1.916180 1.023744 -0.130583
v 1.918250 1.022971 -0.130583
v 1.920077 1.021961 -0.130583
v 1.921660 1.020706 -0.130583
v 1.922999 1.019199 -0.130583
v 1.924095 1.017431 -0.130583
v 1.924947 1.015396 -0.130583
v 1.925556 1.013086 -0.130583
v 1.925921 1.010493 -0.130583
v 1.926043 1.007610 -0.130583
v 1.926043 1.002415 -0.130583
v 1.908943 0.996354 -0.130583
v 1.905017 0.994935 -0.130583
v 1.901078 0.993461 -0.130583
v 1.897193 0.991886 -0.130583
v 1.893429 0.990165 -0.130583
v 1.889856 0.988251 -0.130583
v 1.886539 0.986099 -0.130583
v 1.883546 0.983663 -0.130583
v 1.880946 0.980897 -0.130583
v 1.878807 0.977755 -0.130583
v 1.877194 0.974191 -0.130583
v 1.876177 0.970160 -0.130583
v 1.875823 0.965616 -0.130583
v 1.876019 0.962510 -0.130583
v 1.876595 0.959493 -0.130583
v 1.877534 0.956599 -0.130583
v 1.878821 0.953863 -0.130583
v 1.880439 0.951319 -0.130583
v 1.882371 0.949002 -0.130583
v 1.884600 0.946947 -0.130583
v 1.887111 0.945188 -0.130583
v 1.889886 0.943760 -0.130583
v 1.892910 0.942697 -0.130583
v 1.896164 0.942033 -0.130583
v 1.899634 0.941805 -0.130583
v 1.901853 0.941873 -0.130583
v 1.904070 0.942076 -0.130583
v 1.906284 0.942417 -0.130583
v 1.908494 0.942895 -0.130583
v 1.910697 0.943512 -0.130583
v 1.912893 0.944267 -0.130583
v 1.915080 0.945162 -0.130583
v 1.917256 0.946198 -0.130583
v 1.919421 0.947375 -0.130583
v 1.921571 0.948695 -0.130583
v 1.923707 0.950157 -0.130583
v 1.925827 0.951762 -0.130583
v 1.926319 0.950111 -0.130583
v 1.926932 0.948619 -0.130583
v 1.927670 0.947284 -0.130583
v 1.928537 0.946102 -0.130583
v 1.929535 0.945070 -0.130583
v 1.930670 0.944186 -0.130583
v 1.931945 0.943446 -0.130583
v 1.933363 0.942847 -0.130583
v 1.934929 0.942387 -0.130583
v 1.936646 0.942061 -0.130583
v 1.938517 0.941868 -0.130583
v 1.940547 0.941805 -0.130583
v 1.942017 0.941842 -0.130583
v 1.943414 0.941960 -0.130583
v 1.944764 0.942167 -0.130583
v 1.946095 0.942470 -0.130583
v 1.947431 0.942879 -0.130583
v 1.948799 0.943401 -0.130583
v 1.950227 0.944045 -0.130583
v 1.951738 0.944819 -0.130583
v 1.953362 0.945732 -0.130583
v 1.955123 0.946791 -0.130583
v 1.957048 0.948004 -0.130583
v 1.959162 0.949381 -0.130583
v 1.926043 0.963451 -0.130583
v 1.924735 0.962248 -0.130583
v 1.923409 0.961129 -0.130583
v 1.922065 0.960099 -0.130583
v 1.920703 0.959162 -0.130583
v 1.919324 0.958321 -0.130583
v 1.917926 0.957580 -0.130583
v 1.916509 0.956942 -0.130583
v 1.915076 0.956412 -0.130583
v 1.913624 0.955993 -0.130583
v 1.912153 0.955690 -0.130583
v 1.910665 0.955505 -0.130583
v 1.909159 0.955442 -0.130583
v 1.907204 0.955557 -0.130583
v 1.905352 0.955896 -0.130583
v 1.903615 0.956447 -0.130583
v 1.902008 0.957198 -0.130583
v 1.900541 0.958139 -0.130583
v 1.899229 0.959257 -0.130583
v 1.898083 0.960543 -0.130583
v 1.897117 0.961984 -0.130583
v 1.896343 0.963570 -0.130583
v 1.895775 0.965288 -0.130583
v 1.895424 0.967129 -0.130583
v 1.895305 0.969079 -0.130583
v 1.895596 0.971829 -0.130583
v 1.896440 0.974356 -0.130583
v 1.897795 0.976679 -0.130583
v 1.899619 0.978820 -0.130583
v 1.901870 0.980799 -0.130583
v 1.904505 0.982636 -0.130583
v 1.907484 0.984350 -0.130583
v 1.910763 0.985964 -0.130583
v 1.914301 0.987496 -0.130583
v 1.918055 0.988967 -0.130583
v 1.921983 0.990398 -0.130583
v 1.926043 0.991808 -0.130583
v 1.856125 1.091383 -0.130583
v 1.836860 1.091383 -0.130583
v 1.836860 0.943753 -0.130583
v 1.856125 0.943753 -0.130583
v 1.683559 0.961070 -0.130583
v 1.682487 0.960286 -0.130583
v 1.681437 0.959558 -0.130583
v 1.680417 0.958889 -0.130583
v 1.679430 0.958280 -0.130583
v 1.678483 0.957735 -0.130583
v 1.677579 0.957255 -0.130583
v 1.676725 0.956843 -0.130583
v 1.675926 0.956500 -0.130583
v 1.675188 0.956230 -0.130583
v 1.674514 0.956034 -0.130583
v 1.673912 0.955915 -0.130583
v 1.673385 0.955875 -0.130583
v 1.672812 0.955903 -0.130583
v 1.672286 0.955988 -0.130583
v 1.671805 0.956135 -0.130583
v 1.671373 0.956348 -0.130583
v 1.670988 0.956630 -0.130583
v 1.670652 0.956984 -0.130583
v 1.670366 0.957416 -0.130583
v 1.670130 0.957927 -0.130583
v 1.669945 0.958523 -0.130583
v 1.669812 0.959207 -0.130583
v 1.669732 0.959983 -0.130583
v 1.669705 0.960854 -0.130583
v 1.669705 1.010857 -0.130583
v 1.669387 1.016126 -0.130583
v 1.668459 1.020897 -0.130583
v 1.666962 1.025178 -0.130583
v 1.664935 1.028976 -0.130583
v 1.662417 1.032300 -0.130583
v 1.659450 1.035156 -0.130583
v 1.656072 1.037551 -0.130583
v 1.652324 1.039495 -0.130583
v 1.648245 1.040993 -0.130583
v 1.643875 1.042054 -0.130583
v 1.639254 1.042686 -0.130583
v 1.634421 1.042894 -0.130583
v 1.630975 1.042804 -0.130583
v 1.627672 1.042532 -0.130583
v 1.624511 1.042079 -0.130583
v 1.621489 1.041443 -0.130583
v 1.618606 1.040624 -0.130583
v 1.615859 1.039620 -0.130583
v 1.613247 1.038432 -0.130583
v 1.610770 1.037058 -0.130583
v 1.608425 1.035497 -0.130583
v 1.606210 1.033749 -0.130583
v 1.604125 1.031814 -0.130583
v 1.602168 1.029690 -0.130583
v 1.602168 1.008693 -0.130583
v 1.604525 1.011327 -0.130583
v 1.606940 1.013712 -0.130583
v 1.609406 1.015853 -0.130583
v 1.611917 1.017752 -0.130583
v 1.614467 1.019414 -0.130583
v 1.617049 1.020842 -0.130583
v 1.619660 1.022040 -0.130583
v 1.622291 1.023011 -0.130583
v 1.624937 1.023761 -0.130583
v 1.627592 1.024291 -0.130583
v 1.630250 1.024607 -0.130583
v 1.632906 1.024711 -0.130583
v 1.635707 1.024606 -0.130583
v 1.638263 1.024286 -0.130583
v 1.640577 1.023744 -0.130583
v 1.642647 1.022971 -0.130583
v 1.644473 1.021961 -0.130583
v 1.646056 1.020706 -0.130583
v 1.647395 1.019199 -0.130583
v 1.648491 1.017431 -0.130583
v 1.649343 1.015396 -0.130583
v 1.649952 1.013086 -0.130583
v 1.650318 1.010493 -0.130583
v 1.650440 1.007610 -0.130583
v 1.650440 1.002415 -0.130583
v 1.633339 0.996354 -0.130583
v 1.629414 0.994935 -0.130583
v 1.625474 0.993461 -0.130583
v 1.621589 0.991886 -0.130583
v 1.617826 0.990165 -0.130583
v 1.614252 0.988251 -0.130583
v 1.610935 0.986099 -0.130583
v 1.607943 0.983663 -0.130583
v 1.605343 0.980897 -0.130583
v 1.603203 0.977755 -0.130583
v 1.601591 0.974191 -0.130583
v 1.600574 0.970160 -0.130583
v 1.600219 0.965616 -0.130583
v 1.600415 0.962510 -0.130583
v 1.600991 0.959493 -0.130583
v 1.601931 0.956599 -0.130583
v 1.603218 0.953863 -0.130583
v 1.604836 0.951319 -0.130583
v 1.606767 0.949002 -0.130583
v 1.608997 0.946947 -0.130583
v 1.611507 0.945188 -0.130583
v 1.614283 0.943760 -0.130583
v 1.617306 0.942697 -0.130583
v 1.620561 0.942033 -0.130583
v 1.624031 0.941805 -0.130583
v 1.626249 0.941873 -0.130583
v 1.628466 0.942076 -0.130583
v 1.630680 0.942417 -0.130583
v 1.632890 0.942895 -0.130583
v 1.635093 0.943512 -0.130583
v 1.637290 0.944267 -0.130583
v 1.639477 0.945162 -0.130583
v 1.641653 0.946198 -0.130583
v 1.643817 0.947375 -0.130583
v 1.645968 0.948695 -0.130583
v 1.648103 0.950157 -0.130583
v 1.650223 0.951762 -0.130583
v 1.650715 0.950111 -0.130583
v 1.651329 0.948619 -0.130583
v 1.652066 0.947284 -0.130583
v 1.652933 0.946102 -0.130583
v 1.653932 0.945070 -0.130583
v 1.655067 0.944186 -0.130583
v 1.656341 0.943446 -0.130583
v 1.657759 0.942847 -0.130583
v 1.659325 0.942387 -0.130583
v 1.661042 0.942061 -0.130583
v 1.662913 0.941868 -0.130583
v 1.664943 0.941805 -0.130583
v 1.666413 0.941842 -0.130583
v 1.667810 0.941960 -0.130583
v 1.669161 0.942167 -0.130583
v 1.670491 0.942470 -0.130583
v 1.671827 0.942879 -0.130583
v 1.673196 0.943401 -0.130583
v 1.674623 0.944045 -0.130583
v 1.676135 0.944819 -0.130583
v 1.677758 0.945732 -0.130583
v 1.679519 0.946791 -0.130583
v 1.681444 0.948004 -0.130583
v 1.683559 0.949381 -0.130583
v 1.650440 0.963451 -0.130583
v 1.649132 0.962248 -0.130583
v 1.647806 0.961129 -0.130583
v 1.646462 0.960099 -0.130583
v 1.645100 0.959162 -0.130583
v 1.643720 0.958321 -0.130583
v 1.642322 0.957580 -0.130583
v 1.640906 0.956942 -0.130583
v 1.639472 0.956412 -0.130583
v 1.638020 0.955993 -0.130583
v 1.636550 0.955690 -0.130583
v 1.635062 0.955505 -0.130583
v 1.633555 0.955442 -0.130583
v 1.631601 0.955557 -0.130583
v 1.629748 0.955896 -0.130583
v 1.628012 0.956447 -0.130583
v 1.626404 0.957198 -0.130583
v 1.624938 0.958139 -0.130583
v 1.623625 0.959257 -0.130583
v 1.622479 0.960543 -0.130583
v 1.621513 0.961984 -0.130583
v 1.620739 0.963570 -0.130583
v 1.620171 0.965288 -0.130583
v 1.619820 0.967129 -0.130583
v 1.619701 0.969079 -0.130583
v 1.619992 0.971829 -0.130583
v 1.620836 0.974356 -0.130583
v 1.622191 0.976679 -0.130583
v 1.624015 0.978820 -0.130583
v 1.626266 0.980799 -0.130583
v 1.628902 0.982636 -0.130583
v 1.631881 0.984350 -0.130583
v 1.635159 0.985964 -0.130583
v 1.638697 0.987496 -0.130583
v 1.642451 0.988967 -0.130583
v 1.646380 0.990398 -0.130583
v 1.650440 0.991808 -0.130583
v 1.582470 1.070385 -0.130583
v 1.582364 1.071930 -0.130583
v 1.582056 1.073415 -0.130583
v 1.581560 1.074826 -0.130583
v 1.580890 1.076150 -0.130583
v 1.580061 1.077371 -0.130583
v 1.579087 1.078476 -0.130583
v 1.577982 1.079450 -0.130583
v 1.576761 1.080279 -0.130583
v 1.575438 1.080948 -0.130583
v 1.574027 1.081444 -0.130583
v 1.572542 1.081752 -0.130583
v 1.570997 1.081858 -0.130583
v 1.569453 1.081752 -0.130583
v 1.567967 1.081444 -0.130583
v 1.566556 1.080948 -0.130583
v 1.565232 1.080279 -0.130583
v 1.564011 1.079450 -0.130583
v 1.562906 1.078476 -0.130583
v 1.561932 1.077371 -0.130583
v 1.561103 1.076150 -0.130583
v 1.560433 1.074826 -0.130583
v 1.559937 1.073415 -0.130583
v 1.559629 1.071930 -0.130583
v 1.559524 1.070385 -0.130583
v 1.559630 1.068841 -0.130583
v 1.559938 1.067356 -0.130583
v 1.560434 1.065944 -0.130583
v 1.561103 1.064621 -0.130583
v 1.561932 1.063400 -0.130583
v 1.562906 1.062295 -0.130583
v 1.564011 1.061321 -0.130583
v 1.565233 1.060492 -0.130583
v 1.566556 1.059822 -0.130583
v 1.567968 1.059327 -0.130583
v 1.569453 1.059018 -0.130583
v 1.570997 1.058913 -0.130583
v 1.572542 1.059018 -0.130583
v 1.574027 1.059327 -0.130583
v 1.575438 1.059822 -0.130583
v 1.576761 1.060492 -0.130583
v 1.577982 1.061321 -0.130583
v 1.579087 1.062295 -0.130583
v 1.580061 1.063400 -0.130583
v 1.580890 1.064621 -0.130583
v 1.581560 1.065944 -0.130583
v 1.582056 1.067356 -0.130583
v 1.582364 1.068841 -0.130583
v 1.580521 1.040946 -0.130583
v 1.561256 1.040946 -0.130583
v 1.561256 0.943753 -0.130583
v 1.580521 0.943753 -0.130583
v 1.537445 1.036184 -0.130583
v 1.535151 1.037180 -0.130583
v 1.532910 1.038109 -0.130583
v 1.530704 1.038967 -0.130583
v 1.528514 1.039751 -0.130583
v 1.526320 1.040457 -0.130583
v 1.524105 1.041081 -0.130583
v 1.521850 1.041620 -0.130583
v 1.519534 1.042068 -0.130583
v 1.517141 1.042424 -0.130583
v 1.514651 1.042683 -0.130583
v 1.512045 1.042841 -0.130583
v 1.509305 1.042894 -0.130583
v 1.502175 1.042475 -0.130583
v 1.495523 1.041239 -0.130583
v 1.489376 1.039214 -0.130583
v 1.483762 1.036432 -0.130583
v 1.478706 1.032923 -0.130583
v 1.474237 1.028716 -0.130583
v 1.470381 1.023841 -0.130583
v 1.467165 1.018329 -0.130583
v 1.464617 1.012210 -0.130583
v 1.462764 1.005514 -0.130583
v 1.461632 0.998270 -0.130583
v 1.461249 0.990510 -0.130583
v 1.461666 0.983549 -0.130583
v 1.462891 0.976980 -0.130583
v 1.464882 0.970845 -0.130583
v 1.467599 0.965183 -0.130583
v 1.471001 0.960035 -0.130583
v 1.475049 0.955442 -0.130583
v 1.479701 0.951444 -0.130583
v 1.484916 0.948082 -0.130583
v 1.490654 0.945397 -0.130583
v 1.496876 0.943428 -0.130583
v 1.503539 0.942217 -0.130583
v 1.510603 0.941805 -0.130583
v 1.513187 0.941858 -0.130583
v 1.515833 0.942011 -0.130583
v 1.518514 0.942258 -0.130583
v 1.521202 0.942590 -0.130583
v 1.523868 0.943001 -0.130583
v 1.526486 0.943482 -0.130583
v 1.529027 0.944027 -0.130583
v 1.531464 0.944627 -0.130583
v 1.533768 0.945275 -0.130583
v 1.535913 0.945964 -0.130583
v 1.537869 0.946686 -0.130583
v 1.539609 0.947433 -0.130583
v 1.539609 0.966482 -0.130583
v 1.537214 0.965445 -0.130583
v 1.534890 0.964498 -0.130583
v 1.532632 0.963641 -0.130583
v 1.530430 0.962874 -0.130583
v 1.528276 0.962198 -0.130583
v 1.526161 0.961611 -0.130583
v 1.524079 0.961115 -0.130583
v 1.522020 0.960709 -0.130583
v 1.519975 0.960394 -0.130583
v 1.517938 0.960168 -0.130583
v 1.515899 0.960033 -0.130583
v 1.513850 0.959988 -0.130583
v 1.509019 0.960238 -0.130583
v 1.504498 0.960979 -0.130583
v 1.500308 0.962197 -0.130583
v 1.496469 0.963876 -0.130583
v 1.493003 0.966004 -0.130583
v 1.489931 0.968565 -0.130583
v 1.487274 0.971546 -0.130583
v 1.485052 0.974932 -0.130583
v 1.483288 0.978709 -0.130583
v 1.482002 0.982862 -0.130583
v 1.481215 0.987378 -0.130583
v 1.480947 0.992241 -0.130583
v 1.481196 0.997027 -0.130583
v 1.481926 1.001518 -0.130583
v 1.483115 1.005692 -0.130583
v 1.484739 1.009526 -0.130583
v 1.486775 1.012996 -0.130583
v 1.489200 1.016079 -0.130583
v 1.491990 1.018752 -0.130583
v 1.495122 1.020991 -0.130583
v 1.498572 1.022773 -0.130583
v 1.502318 1.024075 -0.130583
v 1.506336 1.024873 -0.130583
v 1.510603 1.025144 -0.130583
v 1.512694 1.025097 -0.130583
v 1.514756 1.024950 -0.130583
v 1.516806 1.024691 -0.130583
v 1.518861 1.024310 -0.130583
v 1.520936 1.023797 -0.130583
v 1.523050 1.023142 -0.130583
v 1.525217 1.022333 -0.130583
v 1.527455 1.021360 -0.130583
v 1.529781 1.020213 -0.130583
v 1.532209 1.018881 -0.130583
v 1.534759 1.017353 -0.130583
v 1.537445 1.015620 -0.130583
v 1.448910 0.961070 -0.130583
v 1.447838 0.960286 -0.130583
v 1.446789 0.959558 -0.130583
v 1.445768 0.958889 -0.130583
v 1.444782 0.958280 -0.130583
v 1.443834 0.957735 -0.130583
v 1.442930 0.957255 -0.130583
v 1.442077 0.956843 -0.130583
v 1.441278 0.956500 -0.130583
v 1.440539 0.956230 -0.130583
v 1.439866 0.956034 -0.130583
v 1.439263 0.955915 -0.130583
v 1.438737 0.955875 -0.130583
v 1.438164 0.955903 -0.130583
v 1.437637 0.955988 -0.130583
v 1.437157 0.956135 -0.130583
v 1.436724 0.956348 -0.130583
v 1.436339 0.956630 -0.130583
v 1.436003 0.956984 -0.130583
v 1.435717 0.957416 -0.130583
v 1.435481 0.957927 -0.130583
v 1.435296 0.958523 -0.130583
v 1.435163 0.959207 -0.130583
v 1.435083 0.959983 -0.130583
v 1.435057 0.960854 -0.130583
v 1.435057 1.010857 -0.130583
v 1.434739 1.016126 -0.130583
v 1.433811 1.020897 -0.130583
v 1.432314 1.025178 -0.130583
v 1.430287 1.028976 -0.130583
v 1.427769 1.032300 -0.130583
v 1.424802 1.035156 -0.130583
v 1.421424 1.037551 -0.130583
v 1.417675 1.039495 -0.130583
v 1.413596 1.040993 -0.130583
v 1.409226 1.042054 -0.130583
v 1.404605 1.042686 -0.130583
v 1.399773 1.042894 -0.130583
v 1.396327 1.042804 -0.130583
v 1.393024 1.042532 -0.130583
v 1.389863 1.042079 -0.130583
v 1.386841 1.041443 -0.130583
v 1.383957 1.040624 -0.130583
v 1.381211 1.039620 -0.130583
v 1.378599 1.038432 -0.130583
v 1.376122 1.037058 -0.130583
v 1.373776 1.035497 -0.130583
v 1.371562 1.033749 -0.130583
v 1.369477 1.031814 -0.130583
v 1.367519 1.029690 -0.130583
v 1.367519 1.008693 -0.130583
v 1.369877 1.011327 -0.130583
v 1.372292 1.013712 -0.130583
v 1.374758 1.015853 -0.130583
v 1.377269 1.017752 -0.130583
v 1.379818 1.019414 -0.130583
v 1.382401 1.020842 -0.130583
v 1.385012 1.022040 -0.130583
v 1.387643 1.023011 -0.130583
v 1.390289 1.023761 -0.130583
v 1.392944 1.024291 -0.130583
v 1.395602 1.024607 -0.130583
v 1.398257 1.024711 -0.130583
v 1.401058 1.024606 -0.130583
v 1.403615 1.024286 -0.130583
v 1.405929 1.023744 -0.130583
v 1.407999 1.022971 -0.130583
v 1.409825 1.021961 -0.130583
v 1.411408 1.020706 -0.130583
v 1.412747 1.019199 -0.130583
v 1.413843 1.017431 -0.130583
v 1.414695 1.015396 -0.130583
v 1.415304 1.013086 -0.130583
v 1.415669 1.010493 -0.130583
v 1.415791 1.007610 -0.130583
v 1.415791 1.002415 -0.130583
v 1.398690 0.996354 -0.130583
v 1.394765 0.994935 -0.130583
v 1.390826 0.993461 -0.130583
v 1.386940 0.991886 -0.130583
v 1.383177 0.990165 -0.130583
v 1.379603 0.988251 -0.130583
v 1.376287 0.986099 -0.130583
v 1.373294 0.983663 -0.130583
v 1.370694 0.980897 -0.130583
v 1.368555 0.977755 -0.130583
v 1.366942 0.974191 -0.130583
v 1.365925 0.970160 -0.130583
v 1.365571 0.965616 -0.130583
v 1.365767 0.962510 -0.130583
v 1.366343 0.959493 -0.130583
v 1.367283 0.956599 -0.130583
v 1.368570 0.953863 -0.130583
v 1.370187 0.951319 -0.130583
v 1.372119 0.949002 -0.130583
v 1.374349 0.946947 -0.130583
v 1.376859 0.945188 -0.130583
v 1.379634 0.943760 -0.130583
v 1.382658 0.942697 -0.130583
v 1.385912 0.942033 -0.130583
v 1.389382 0.941805 -0.130583
v 1.391601 0.941873 -0.130583
v 1.393818 0.942076 -0.130583
v 1.396032 0.942417 -0.130583
v 1.398242 0.942895 -0.130583
v 1.400445 0.943512 -0.130583
v 1.402641 0.944267 -0.130583
v 1.404828 0.945162 -0.130583
v 1.407005 0.946198 -0.130583
v 1.409169 0.947375 -0.130583
v 1.411320 0.948695 -0.130583
v 1.413456 0.950157 -0.130583
v 1.415575 0.951762 -0.130583
v 1.416067 0.950111 -0.130583
v 1.416680 0.948619 -0.130583
v 1.417418 0.947284 -0.130583
v 1.418284 0.946102 -0.130583
v 1.419283 0.945070 -0.130583
v 1.420418 0.944186 -0.130583
v 1.421693 0.943446 -0.130583
v 1.423111 0.942847 -0.130583
v 1.424676 0.942387 -0.130583
v 1.426393 0.942061 -0.130583
v 1.428264 0.941868 -0.130583
v 1.430294 0.941805 -0.130583
v 1.431764 0.941842 -0.130583
v 1.433161 0.941960 -0.130583
v 1.434512 0.942167 -0.130583
v 1.435843 0.942470 -0.130583
v 1.437179 0.942879 -0.130583
v 1.438547 0.943401 -0.130583
v 1.439974 0.944045 -0.130583
v 1.441486 0.944819 -0.130583
v 1.443110 0.945732 -0.130583
v 1.444871 0.946791 -0.130583
v 1.446795 0.948004 -0.130583
v 1.448910 0.949381 -0.130583
v 1.415791 0.963451 -0.130583
v 1.414484 0.962248 -0.130583
v 1.413158 0.961129 -0.130583
v 1.411814 0.960099 -0.130583
v 1.410452 0.959162 -0.130583
v 1.409072 0.958321 -0.130583
v 1.407674 0.957580 -0.130583
v 1.406258 0.956942 -0.130583
v 1.404824 0.956412 -0.130583
v 1.403372 0.955993 -0.130583
v 1.401901 0.955690 -0.130583
v 1.400413 0.955505 -0.130583
v 1.398907 0.955442 -0.130583
v 1.396952 0.955557 -0.130583
v 1.395100 0.955896 -0.130583
v 1.393363 0.956447 -0.130583
v 1.391756 0.957198 -0.130583
v 1.390289 0.958139 -0.130583
v 1.388977 0.959257 -0.130583
v 1.387831 0.960543 -0.130583
v 1.386865 0.961984 -0.130583
v 1.386091 0.963570 -0.130583
v 1.385523 0.965288 -0.130583
v 1.385173 0.967129 -0.130583
v 1.385053 0.969079 -0.130583
v 1.385344 0.971829 -0.130583
v 1.386188 0.974356 -0.130583
v 1.387543 0.976679 -0.130583
v 1.389366 0.978820 -0.130583
v 1.391617 0.980799 -0.130583
v 1.394253 0.982636 -0.130583
v 1.397231 0.984350 -0.130583
v 1.400510 0.985964 -0.130583
v 1.404048 0.987496 -0.130583
v 1.407802 0.988967 -0.130583
v 1.411731 0.990398 -0.130583
v 1.415791 0.991808 -0.130583
v 1.284180 1.091383 -0.130583
v 1.264915 1.091383 -0.130583
v 1.264915 0.943753 -0.130583
v 1.284180 0.943753 -0.130583
v 1.284180 1.013455 -0.130583
v 1.286406 1.015869 -0.130583
v 1.288547 1.018030 -0.130583
v 1.290617 1.019945 -0.130583
v 1.292630 1.021624 -0.130583
v 1.294602 1.023075 -0.130583
v 1.296546 1.024305 -0.130583
v 1.298476 1.025324 -0.130583
v 1.300407 1.026138 -0.130583
v 1.302353 1.026757 -0.130583
v 1.304329 1.027189 -0.130583
v 1.306348 1.027443 -0.130583
v 1.308424 1.027525 -0.130583
v 1.311255 1.027334 -0.130583
v 1.313894 1.026770 -0.130583
v 1.316332 1.025847 -0.130583
v 1.318558 1.024583 -0.130583
v 1.320562 1.022990 -0.130583
v 1.322332 1.021085 -0.130583
v 1.323859 1.018883 -0.130583
v 1.325132 1.016397 -0.130583
v 1.326141 1.013644 -0.130583
v 1.326874 1.010639 -0.130583
v 1.327322 1.007396 -0.130583
v 1.327473 1.003930 -0.130583
v 1.327473 0.943753 -0.130583
v 1.346739 0.943753 -0.130583
v 1.346739 1.003281 -0.130583
v 1.346451 1.009654 -0.130583
v 1.345608 1.015460 -0.130583
v 1.344243 1.020703 -0.130583
v 1.342386 1.025385 -0.130583
v 1.340068 1.029507 -0.130583
v 1.337322 1.033072 -0.130583
v 1.334180 1.036083 -0.130583
v 1.330672 1.038541 -0.130583
v 1.326831 1.040449 -0.130583
v 1.322687 1.041809 -0.130583
v 1.318273 1.042623 -0.130583
v 1.313620 1.042894 -0.130583
v 1.310916 1.042782 -0.130583
v 1.308224 1.042450 -0.130583
v 1.305556 1.041903 -0.130583
v 1.302924 1.041146 -0.130583
v 1.300341 1.040185 -0.130583
v 1.297817 1.039025 -0.130583
v 1.295366 1.037670 -0.130583
v 1.292999 1.036128 -0.130583
v 1.290728 1.034401 -0.130583
v 1.288566 1.032497 -0.130583
v 1.286523 1.030419 -0.130583
v 1.284613 1.028175 -0.130583
v 1.284180 1.028175 -0.130583
v 1.107068 0.971893 -0.130583
v 1.104258 0.970117 -0.130583
v 1.101454 0.968472 -0.130583
v 1.098653 0.966962 -0.130583
v 1.095852 0.965592 -0.130583
v 1.093048 0.964366 -0.130583
v 1.090238 0.963289 -0.130583
v 1.087419 0.962365 -0.130583
v 1.084588 0.961599 -0.130583
v 1.081742 0.960996 -0.130583
v 1.078878 0.960559 -0.130583
v 1.075993 0.960294 -0.130583
v 1.073083 0.960204 -0.130583
v 1.068587 0.960411 -0.130583
v 1.064409 0.961031 -0.130583
v 1.060549 0.962061 -0.130583
v 1.057009 0.963499 -0.130583
v 1.053791 0.965343 -0.130583
v 1.050896 0.967591 -0.130583
v 1.048326 0.970240 -0.130583
v 1.046082 0.973288 -0.130583
v 1.044165 0.976733 -0.130583
v 1.042578 0.980573 -0.130583
v 1.041322 0.984805 -0.130583
v 1.040397 0.989427 -0.130583
v 1.108800 0.989427 -0.130583
v 1.108462 0.998028 -0.130583
v 1.107462 1.005865 -0.130583
v 1.105827 1.012941 -0.130583
v 1.103581 1.019259 -0.130583
v 1.100748 1.024823 -0.130583
v 1.097354 1.029636 -0.130583
v 1.093424 1.033699 -0.130583
v 1.088982 1.037017 -0.130583
v 1.084052 1.039593 -0.130583
v 1.078660 1.041429 -0.130583
v 1.072831 1.042528 -0.130583
v 1.066589 1.042894 -0.130583
v 1.060056 1.042485 -0.130583
v 1.053902 1.041283 -0.130583
v 1.048163 1.039322 -0.130583
v 1.042874 1.036641 -0.130583
v 1.038073 1.033273 -0.130583
v 1.033795 1.029257 -0.130583
v 1.030076 1.024627 -0.130583
v 1.026952 1.019420 -0.130583
v 1.024460 1.013671 -0.130583
v 1.022635 1.007418 -0.130583
v 1.021514 1.000695 -0.130583
v 1.021132 0.993540 -0.130583
v 1.021482 0.986883 -0.130583
v 1.022523 0.980388 -0.130583
v 1.024243 0.974133 -0.130583
v 1.026631 0.968198 -0.130583
v 1.029675 0.962662 -0.130583
v 1.033362 0.957607 -0.130583
v 1.037680 0.953110 -0.130583
v 1.042618 0.949253 -0.130583
v 1.048163 0.946114 -0.130583
v 1.054303 0.943773 -0.130583
v 1.061026 0.942310 -0.130583
v 1.068321 0.941805 -0.130583
v 1.072316 0.941882 -0.130583
v 1.076092 0.942113 -0.130583
v 1.079672 0.942501 -0.130583
v 1.083081 0.943047 -0.130583
v 1.086342 0.943753 -0.130583
v 1.089481 0.944619 -0.130583
v 1.092520 0.945647 -0.130583
v 1.095484 0.946840 -0.130583
v 1.098396 0.948197 -0.130583
v 1.101282 0.949722 -0.130583
v 1.104165 0.951415 -0.130583
v 1.107068 0.953277 -0.130583
v 1.040830 1.002199 -0.130583
v 1.041610 1.005900 -0.130583
v 1.042650 1.009315 -0.130583
v 1.043948 1.012437 -0.130583
v 1.045504 1.015259 -0.130583
v 1.047315 1.017774 -0.130583
v 1.049380 1.019976 -0.130583
v 1.051698 1.021858 -0.130583
v 1.054266 1.023412 -0.130583
v 1.057085 1.024633 -0.130583
v 1.060151 1.025514 -0.130583
v 1.063464 1.026047 -0.130583
v 1.067022 1.026226 -0.130583
v 1.070322 1.026035 -0.130583
v 1.073396 1.025469 -0.130583
v 1.076236 1.024542 -0.130583
v 1.078832 1.023268 -0.130583
v 1.081175 1.021660 -0.130583
v 1.083257 1.019732 -0.130583
v 1.085068 1.017498 -0.130583
v 1.086600 1.014970 -0.130583
v 1.087843 1.012163 -0.130583
v 1.088789 1.009089 -0.130583
v 1.089428 1.005764 -0.130583
v 1.089751 1.002199 -0.130583
v 0.976323 1.061077 -0.130583
v 0.940173 1.025793 -0.130583
v 0.940173 1.023629 -0.130583
v 0.957058 1.023629 -0.130583
v 0.957058 0.972326 -0.130583
v 0.957279 0.968043 -0.130583
v 0.957941 0.963977 -0.130583
v 0.959043 0.960160 -0.130583
v 0.960585 0.956621 -0.130583
v 0.962567 0.953388 -0.130583
v 0.964986 0.950490 -0.130583
v 0.967843 0.947959 -0.130583
v 0.971136 0.945821 -0.130583
v 0.974865 0.944108 -0.130583
v 0.979030 0.942848 -0.130583
v 0.983629 0.942070 -0.130583
v 0.988662 0.941805 -0.130583
v 0.990312 0.941862 -0.130583
v 0.992107 0.942030 -0.130583
v 0.994019 0.942302 -0.130583
v 0.996021 0.942671 -0.130583
v 0.998087 0.943129 -0.130583
v 1.000188 0.943672 -0.130583
v 1.002299 0.944291 -0.130583
v 1.004391 0.944980 -0.130583
v 1.006439 0.945732 -0.130583
v 1.008414 0.946540 -0.130583
v 1.010290 0.947398 -0.130583
v 1.012040 0.948299 -0.130583
v 1.012040 0.966265 -0.130583
v 1.010105 0.965124 -0.130583
v 1.008196 0.964083 -0.130583
v 1.006310 0.963140 -0.130583
v 1.004448 0.962297 -0.130583
v 1.002606 0.961553 -0.130583
v 1.000784 0.960908 -0.130583
v 0.998980 0.960362 -0.130583
v 0.997192 0.959916 -0.130583
v 0.995420 0.959568 -0.130583
v 0.993661 0.959320 -0.130583
v 0.991914 0.959172 -0.130583
v 0.990177 0.959122 -0.130583
v 0.988722 0.959193 -0.130583
v 0.987196 0.959416 -0.130583
v 0.985638 0.959809 -0.130583
v 0.984084 0.960389 -0.130583
v 0.982572 0.961173 -0.130583
v 0.981140 0.962180 -0.130583
v 0.979825 0.963425 -0.130583
v 0.978664 0.964926 -0.130583
v 0.977697 0.966702 -0.130583
v 0.976959 0.968768 -0.130583
v 0.976489 0.971142 -0.130583
v 0.976323 0.973842 -0.130583
v 0.976323 1.023629 -0.130583
v 1.007061 1.023629 -0.130583
v 1.007061 1.040946 -0.130583
v 0.976323 1.040946 -0.130583
v 0.864410 1.040946 -0.130583
v 0.845145 1.040946 -0.130583
v 0.845145 0.943753 -0.130583
v 0.864410 0.943753 -0.130583
v 0.864410 1.013455 -0.130583
v 0.866636 1.015869 -0.130583
v 0.868777 1.018030 -0.130583
v 0.870847 1.019945 -0.130583
v 0.872861 1.021624 -0.130583
v 0.874832 1.023075 -0.130583
v 0.876776 1.024305 -0.130583
v 0.878706 1.025324 -0.130583
v 0.880638 1.026138 -0.130583
v 0.882584 1.026757 -0.130583
v 0.884559 1.027189 -0.130583
v 0.886578 1.027443 -0.130583
v 0.888655 1.027525 -0.130583
v 0.891485 1.027334 -0.130583
v 0.894125 1.026770 -0.130583
v 0.896563 1.025847 -0.130583
v 0.898788 1.024583 -0.130583
v 0.900792 1.022990 -0.130583
v 0.902563 1.021085 -0.130583
v 0.904090 1.018883 -0.130583
v 0.905363 1.016397 -0.130583
v 0.906371 1.013644 -0.130583
v 0.907104 1.010639 -0.130583
v 0.907552 1.007396 -0.130583
v 0.907704 1.003930 -0.130583
v 0.907704 0.943753 -0.130583
v 0.926969 0.943753 -0.130583
v 0.926969 1.003714 -0.130583
v 0.926669 1.010078 -0.130583
v 0.925793 1.015861 -0.130583
v 0.924382 1.021068 -0.130583
v 0.922472 1.025705 -0.130583
v 0.920101 1.029777 -0.130583
v 0.917309 1.033288 -0.130583
v 0.914134 1.036245 -0.130583
v 0.910614 1.038653 -0.130583
v 0.906787 1.040516 -0.130583
v 0.902692 1.041841 -0.130583
v 0.898367 1.042632 -0.130583
v 0.893850 1.042894 -0.130583
v 0.891146 1.042782 -0.130583
v 0.888454 1.042450 -0.130583
v 0.885787 1.041903 -0.130583
v 0.883155 1.041146 -0.130583
v 0.880571 1.040185 -0.130583
v 0.878048 1.039025 -0.130583
v 0.875597 1.037670 -0.130583
v 0.873230 1.036128 -0.130583
v 0.870959 1.034401 -0.130583
v 0.868796 1.032497 -0.130583
v 0.866754 1.030419 -0.130583
v 0.864844 1.028175 -0.130583
v 0.864410 1.028175 -0.130583
v 0.823066 0.971893 -0.130583
v 0.820256 0.970117 -0.130583
v 0.817451 0.968472 -0.130583
v 0.814651 0.966962 -0.130583
v 0.811850 0.965592 -0.130583
v 0.809046 0.964366 -0.130583
v 0.806236 0.963289 -0.130583
v 0.803416 0.962365 -0.130583
v 0.800586 0.961599 -0.130583
v 0.797739 0.960996 -0.130583
v 0.794875 0.960559 -0.130583
v 0.791990 0.960294 -0.130583
v 0.789081 0.960204 -0.130583
v 0.784585 0.960411 -0.130583
v 0.780406 0.961031 -0.130583
v 0.776546 0.962061 -0.130583
v 0.773006 0.963499 -0.130583
v 0.769788 0.965343 -0.130583
v 0.766893 0.967591 -0.130583
v 0.764323 0.970240 -0.130583
v 0.762079 0.973288 -0.130583
v 0.760162 0.976733 -0.130583
v 0.758575 0.980573 -0.130583
v 0.757319 0.984805 -0.130583
v 0.756394 0.989427 -0.130583
v 0.824797 0.989427 -0.130583
v 0.824459 0.998028 -0.130583
v 0.823459 1.005865 -0.130583
v 0.821824 1.012941 -0.130583
v 0.819578 1.019259 -0.130583
v 0.816746 1.024823 -0.130583
v 0.813352 1.029636 -0.130583
v 0.809421 1.033699 -0.130583
v 0.804979 1.037017 -0.130583
v 0.800049 1.039593 -0.130583
v 0.794657 1.041429 -0.130583
v 0.788828 1.042528 -0.130583
v 0.782587 1.042894 -0.130583
v 0.776054 1.042485 -0.130583
v 0.769899 1.041283 -0.130583
v 0.764160 1.039322 -0.130583
v 0.758872 1.036641 -0.130583
v 0.754070 1.033273 -0.130583
v 0.749792 1.029257 -0.130583
v 0.746073 1.024627 -0.130583
v 0.742949 1.019420 -0.130583
v 0.740457 1.013671 -0.130583
v 0.738632 1.007418 -0.130583
v 0.737511 1.000695 -0.130583
v 0.737129 0.993540 -0.130583
v 0.737479 0.986883 -0.130583
v 0.738520 0.980388 -0.130583
v 0.740241 0.974133 -0.130583
v 0.742629 0.968198 -0.130583
v 0.745672 0.962662 -0.130583
v 0.749359 0.957607 -0.130583
v 0.753677 0.953110 -0.130583
v 0.758615 0.949253 -0.130583
v 0.764160 0.946114 -0.130583
v 0.770300 0.943773 -0.130583
v 0.777024 0.942310 -0.130583
v 0.784318 0.941805 -0.130583
v 0.788313 0.941882 -0.130583
v 0.792089 0.942113 -0.130583
v 0.795669 0.942501 -0.130583
v 0.799078 0.943047 -0.130583
v 0.802340 0.943753 -0.130583
v 0.805478 0.944619 -0.130583
v 0.808517 0.945647 -0.130583
v 0.811481 0.946840 -0.130583
v 0.814394 0.948197 -0.130583
v 0.817279 0.949722 -0.130583
v 0.820162 0.951415 -0.130583
v 0.823066 0.953277 -0.130583
v 0.756827 1.002199 -0.130583
v 0.757607 1.005900 -0.130583
v 0.758647 1.009315 -0.130583
v 0.759946 1.012437 -0.130583
v 0.761501 1.015259 -0.130583
v 0.763312 1.017774 -0.130583
v 0.765378 1.019976 -0.130583
v 0.767695 1.021858 -0.130583
v 0.770264 1.023412 -0.130583
v 0.773082 1.024633 -0.130583
v 0.776149 1.025514 -0.130583
v 0.779461 1.026047 -0.130583
v 0.783020 1.026226 -0.130583
v 0.786319 1.026035 -0.130583
v 0.789393 1.025469 -0.130583
v 0.792233 1.024542 -0.130583
v 0.794829 1.023268 -0.130583
v 0.797172 1.021660 -0.130583
v 0.799254 1.019732 -0.130583
v 0.801066 1.017498 -0.130583
v 0.802597 1.014970 -0.130583
v 0.803840 1.012163 -0.130583
v 0.804786 1.009089 -0.130583
v 0.805425 1.005764 -0.130583
v 0.805748 1.002199 -0.130583
v 0.574131 1.040946 -0.130583
v 0.574131 0.943753 -0.130583
v 0.593396 0.943753 -0.130583
v 0.593396 1.014321 -0.130583
v 0.595369 1.016519 -0.130583
v 0.597296 1.018467 -0.130583
v 0.599193 1.020175 -0.130583
v 0.601076 1.021656 -0.130583
v 0.602962 1.022921 -0.130583
v 0.604868 1.023980 -0.130583
v 0.606810 1.024846 -0.130583
v 0.608805 1.025529 -0.130583
v 0.610869 1.026040 -0.130583
v 0.613018 1.026392 -0.130583
v 0.615270 1.026594 -0.130583
v 0.617640 1.026659 -0.130583
v 0.619986 1.026518 -0.130583
v 0.622246 1.026089 -0.130583
v 0.624398 1.025364 -0.130583
v 0.626419 1.024334 -0.130583
v 0.628287 1.022992 -0.130583
v 0.629979 1.021329 -0.130583
v 0.631472 1.019336 -0.130583
v 0.632745 1.017006 -0.130583
v 0.633773 1.014331 -0.130583
v 0.634536 1.011301 -0.130583
v 0.635010 1.007909 -0.130583
v 0.635174 1.004147 -0.130583
v 0.635174 0.943753 -0.130583
v 0.654439 0.943753 -0.130583
v 0.654439 1.014321 -0.130583
v 0.656200 1.016068 -0.130583
v 0.658012 1.017730 -0.130583
v 0.659861 1.019293 -0.130583
v 0.661735 1.020743 -0.130583
v 0.663621 1.022066 -0.130583
v 0.665506 1.023250 -0.130583
v 0.667377 1.024280 -0.130583
v 0.669223 1.025144 -0.130583
v 0.671029 1.025827 -0.130583
v 0.672783 1.026316 -0.130583
v 0.674473 1.026598 -0.130583
v 0.676086 1.026659 -0.130583
v 0.678801 1.026493 -0.130583
v 0.681410 1.025998 -0.130583
v 0.683888 1.025178 -0.130583
v 0.686211 1.024038 -0.130583
v 0.688354 1.022582 -0.130583
v 0.690291 1.020815 -0.130583
v 0.691998 1.018741 -0.130583
v 0.693451 1.016365 -0.130583
v 0.694624 1.013692 -0.130583
v 0.695492 1.010725 -0.130583
v 0.696031 1.007470 -0.130583
v 0.696217 1.003930 -0.130583
v 0.696217 0.943753 -0.130583
v 0.715482 0.943753 -0.130583
v 0.715482 1.004796 -0.130583
v 0.715224 1.010366 -0.130583
v 0.714461 1.015585 -0.130583
v 0.713213 1.020429 -0.130583
v 0.711498 1.024871 -0.130583
v 0.709335 1.028887 -0.130583
v 0.706742 1.032450 -0.130583
v 0.703740 1.035535 -0.130583
v 0.700346 1.038116 -0.130583
v 0.696579 1.040168 -0.130583
v 0.692457 1.041665 -0.130583
v 0.688001 1.042583 -0.130583
v 0.683229 1.042894 -0.130583
v 0.679841 1.042731 -0.130583
v 0.676600 1.042257 -0.130583
v 0.673498 1.041494 -0.130583
v 0.670530 1.040465 -0.130583
v 0.667687 1.039192 -0.130583
v 0.664965 1.037699 -0.130583
v 0.662355 1.036007 -0.130583
v 0.659851 1.034139 -0.130583
v 0.657446 1.032118 -0.130583
v 0.655134 1.029966 -0.130583
v 0.652907 1.027706 -0.130583
v 0.650759 1.025360 -0.130583
v 0.649060 1.028116 -0.130583
v 0.647213 1.030643 -0.130583
v 0.645223 1.032940 -0.130583
v 0.643095 1.035005 -0.130583
v 0.640835 1.036836 -0.130583
v 0.638448 1.038429 -0.130583
v 0.635939 1.039784 -0.130583
v 0.633314 1.040898 -0.130583
v 0.630577 1.041768 -0.130583
v 0.627735 1.042392 -0.130583
v 0.624791 1.042768 -0.130583
v 0.621753 1.042894 -0.130583
v 0.619475 1.042795 -0.130583
v 0.617187 1.042495 -0.130583
v 0.614887 1.041994 -0.130583
v 0.612573 1.041291 -0.130583
v 0.610245 1.040383 -0.130583
v 0.607899 1.039268 -0.130583
v 0.605536 1.037947 -0.130583
v 0.603153 1.036416 -0.130583
v 0.600749 1.034675 -0.130583
v 0.598322 1.032722 -0.130583
v 0.595872 1.030556 -0.130583
v 0.593396 1.028175 -0.130583
v 0.593396 1.040946 -0.130583
v 0.552484 0.971893 -0.130583
v 0.549674 0.970117 -0.130583
v 0.546870 0.968472 -0.130583
v 0.544069 0.966962 -0.130583
v 0.541268 0.965592 -0.130583
v 0.538464 0.964366 -0.130583
v 0.535654 0.963289 -0.130583
v 0.532835 0.962365 -0.130583
v 0.530004 0.961599 -0.130583
v 0.527158 0.960996 -0.130583
v 0.524293 0.960559 -0.130583
v 0.521408 0.960294 -0.130583
v 0.518499 0.960204 -0.130583
v 0.514003 0.960411 -0.130583
v 0.509824 0.961031 -0.130583
v 0.505964 0.962061 -0.130583
v 0.502424 0.963499 -0.130583
v 0.499206 0.965343 -0.130583
v 0.496311 0.967591 -0.130583
v 0.493741 0.970240 -0.130583
v 0.491497 0.973288 -0.130583
v 0.489581 0.976733 -0.130583
v 0.487993 0.980573 -0.130583
v 0.486737 0.984805 -0.130583
v 0.485812 0.989427 -0.130583
v 0.554216 0.989427 -0.130583
v 0.553877 0.998028 -0.130583
v 0.552878 1.005865 -0.130583
v 0.551243 1.012941 -0.130583
v 0.548996 1.019259 -0.130583
v 0.546164 1.024823 -0.130583
v 0.542770 1.029636 -0.130583
v 0.538839 1.033699 -0.130583
v 0.534397 1.037017 -0.130583
v 0.529468 1.039593 -0.130583
v 0.524076 1.041429 -0.130583
v 0.518247 1.042528 -0.130583
v 0.512005 1.042894 -0.130583
v 0.505472 1.042485 -0.130583
v 0.499317 1.041283 -0.130583
v 0.493578 1.039322 -0.130583
v 0.488290 1.036641 -0.130583
v 0.483489 1.033273 -0.130583
v 0.479210 1.029257 -0.130583
v 0.475491 1.024627 -0.130583
v 0.472368 1.019420 -0.130583
v 0.469875 1.013671 -0.130583
v 0.468050 1.007418 -0.130583
v 0.466929 1.000695 -0.130583
v 0.466547 0.993540 -0.130583
v 0.466897 0.986883 -0.130583
v 0.467938 0.980388 -0.130583
v 0.469659 0.974133 -0.130583
v 0.472047 0.968198 -0.130583
v 0.475090 0.962662 -0.130583
v 0.478777 0.957607 -0.130583
v 0.483096 0.953110 -0.130583
v 0.488033 0.949253 -0.130583
v 0.493578 0.946114 -0.130583
v 0.499718 0.943773 -0.130583
v 0.506442 0.942310 -0.130583
v 0.513736 0.941805 -0.130583
v 0.517732 0.941882 -0.130583
v 0.521507 0.942113 -0.130583
v 0.525088 0.942501 -0.130583
v 0.528497 0.943047 -0.130583
v 0.531758 0.943753 -0.130583
v 0.534896 0.944619 -0.130583
v 0.537935 0.945647 -0.130583
v 0.540899 0.946840 -0.130583
v 0.543812 0.948197 -0.130583
v 0.546698 0.949722 -0.130583
v 0.549580 0.951415 -0.130583
v 0.552484 0.953277 -0.130583
v 0.486245 1.002199 -0.130583
v 0.487025 1.005900 -0.130583
v 0.488065 1.009315 -0.130583
v 0.489364 1.012437 -0.130583
v 0.490919 1.015259 -0.130583
v 0.492730 1.017774 -0.130583
v 0.494796 1.019976 -0.130583
v 0.497113 1.021858 -0.130583
v 0.499682 1.023412 -0.130583
v 0.502500 1.024633 -0.130583
v 0.505567 1.025514 -0.130583
v 0.508880 1.026047 -0.130583
v 0.512438 1.026226 -0.130583
v 0.515737 1.026035 -0.130583
v 0.518811 1.025469 -0.130583
v 0.521651 1.024542 -0.130583
v 0.524247 1.023268 -0.130583
v 0.526591 1.021660 -0.130583
v 0.528672 1.019732 -0.130583
v 0.530484 1.017498 -0.130583
v 0.532016 1.014970 -0.130583
v 0.533259 1.012163 -0.130583
v 0.534204 1.009089 -0.130583
v 0.534843 1.005764 -0.130583
v 0.535167 1.002199 -0.130583
v 0.421739 1.061077 -0.130583
v 0.385589 1.025793 -0.130583
v 0.385589 1.023629 -0.130583
v 0.402473 1.023629 -0.130583
v 0.402473 0.972326 -0.130583
v 0.402694 0.968043 -0.130583
v 0.403356 0.963977 -0.130583
v 0.404459 0.960160 -0.130583
v 0.406001 0.956621 -0.130583
v 0.407982 0.953388 -0.130583
v 0.410401 0.950490 -0.130583
v 0.413258 0.947959 -0.130583
v 0.416552 0.945821 -0.130583
v 0.420281 0.944108 -0.130583
v 0.424445 0.942848 -0.130583
v 0.429044 0.942070 -0.130583
v 0.434077 0.941805 -0.130583
v 0.435728 0.941862 -0.130583
v 0.437522 0.942030 -0.130583
v 0.439435 0.942302 -0.130583
v 0.441437 0.942671 -0.130583
v 0.443502 0.943129 -0.130583
v 0.445604 0.943672 -0.130583
v 0.447714 0.944291 -0.130583
v 0.449807 0.944980 -0.130583
v 0.451854 0.945732 -0.130583
v 0.453829 0.946540 -0.130583
v 0.455705 0.947398 -0.130583
v 0.457455 0.948299 -0.130583
v 0.457455 0.966265 -0.130583
v 0.455521 0.965124 -0.130583
v 0.453611 0.964083 -0.130583
v 0.451726 0.963140 -0.130583
v 0.449863 0.962297 -0.130583
v 0.448021 0.961553 -0.130583
v 0.446199 0.960908 -0.130583
v 0.444395 0.960362 -0.130583
v 0.442608 0.959916 -0.130583
v 0.440835 0.959568 -0.130583
v 0.439076 0.959320 -0.130583
v 0.437329 0.959172 -0.130583
v 0.435592 0.959122 -0.130583
v 0.434138 0.959193 -0.130583
v 0.432612 0.959416 -0.130583
v 0.431053 0.959809 -0.130583
v 0.429499 0.960389 -0.130583
v 0.427987 0.961173 -0.130583
v 0.426555 0.962180 -0.130583
v 0.425240 0.963425 -0.130583
v 0.424080 0.964926 -0.130583
v 0.423112 0.966702 -0.130583
v 0.422374 0.968768 -0.130583
v 0.421904 0.971142 -0.130583
v 0.421739 0.973842 -0.130583
v 0.421739 1.023629 -0.130583
v 0.452477 1.023629 -0.130583
v 0.452477 1.040946 -0.130583
v 0.421739 1.040946 -0.130583
v 0.309826 1.040946 -0.130583
v 0.290561 1.040946 -0.130583
v 0.290561 0.943753 -0.130583
v 0.309826 0.943753 -0.130583
v 0.309826 1.013455 -0.130583
v 0.312052 1.015869 -0.130583
v 0.314192 1.018030 -0.130583
v 0.316262 1.019945 -0.130583
v 0.318276 1.021624 -0.130583
v 0.320248 1.023075 -0.130583
v 0.322192 1.024305 -0.130583
v 0.324122 1.025324 -0.130583
v 0.326053 1.026138 -0.130583
v 0.327999 1.026757 -0.130583
v 0.329974 1.027189 -0.130583
v 0.331993 1.027443 -0.130583
v 0.334070 1.027525 -0.130583
v 0.336900 1.027334 -0.130583
v 0.339540 1.026770 -0.130583
v 0.341978 1.025847 -0.130583
v 0.344204 1.024583 -0.130583
v 0.346208 1.022990 -0.130583
v 0.347978 1.021085 -0.130583
v 0.349505 1.018883 -0.130583
v 0.350778 1.016397 -0.130583
v 0.351786 1.013644 -0.130583
v 0.352520 1.010639 -0.130583
v 0.352968 1.007396 -0.130583
v 0.353119 1.003930 -0.130583
v 0.353119 0.943753 -0.130583
v 0.372385 0.943753 -0.130583
v 0.372385 1.003714 -0.130583
v 0.372084 1.010078 -0.130583
v 0.371209 1.015861 -0.130583
v 0.369797 1.021068 -0.130583
v 0.367887 1.025705 -0.130583
v 0.365517 1.029777 -0.130583
v 0.362725 1.033288 -0.130583
v 0.359550 1.036245 -0.130583
v 0.356029 1.038653 -0.130583
v 0.352202 1.040516 -0.130583
v 0.348107 1.041841 -0.130583
v 0.343782 1.042632 -0.130583
v 0.339265 1.042894 -0.130583
v 0.336561 1.042782 -0.130583
v 0.333870 1.042450 -0.130583
v 0.331202 1.041903 -0.130583
v 0.328570 1.041146 -0.130583
v 0.325987 1.040185 -0.130583
v 0.323463 1.039025 -0.130583
v 0.321012 1.037670 -0.130583
v 0.318645 1.036128 -0.130583
v 0.316374 1.034401 -0.130583
v 0.314212 1.032497 -0.130583
v 0.312169 1.030419 -0.130583
v 0.310259 1.028175 -0.130583
v 0.309826 1.028175 -0.130583
v 0.273893 0.961070 -0.130583
v 0.272820 0.960286 -0.130583
v 0.271771 0.959558 -0.130583
v 0.270751 0.958889 -0.130583
v 0.269764 0.958280 -0.130583
v 0.268816 0.957735 -0.130583
v 0.267913 0.957255 -0.130583
v 0.267059 0.956843 -0.130583
v 0.266260 0.956500 -0.130583
v 0.265522 0.956230 -0.130583
v 0.264848 0.956034 -0.130583
v 0.264246 0.955915 -0.130583
v 0.263719 0.955875 -0.130583
v 0.263146 0.955903 -0.130583
v 0.262619 0.955988 -0.130583
v 0.262139 0.956135 -0.130583
v 0.261706 0.956348 -0.130583
v 0.261322 0.956630 -0.130583
v 0.260986 0.956984 -0.130583
v 0.260700 0.957416 -0.130583
v 0.260463 0.957927 -0.130583
v 0.260279 0.958523 -0.130583
v 0.260146 0.959207 -0.130583
v 0.260066 0.959983 -0.130583
v 0.260039 0.960854 -0.130583
v 0.260039 1.010857 -0.130583
v 0.259721 1.016126 -0.130583
v 0.258793 1.020897 -0.130583
v 0.257296 1.025178 -0.130583
v 0.255269 1.028976 -0.130583
v 0.252752 1.032300 -0.130583
v 0.249784 1.035156 -0.130583
v 0.246406 1.037551 -0.130583
v 0.242658 1.039495 -0.130583
v 0.238578 1.040993 -0.130583
v 0.234208 1.042054 -0.130583
v 0.229587 1.042686 -0.130583
v 0.224755 1.042894 -0.130583
v 0.221309 1.042804 -0.130583
v 0.218007 1.042532 -0.130583
v 0.214845 1.042079 -0.130583
v 0.211823 1.041443 -0.130583
v 0.208940 1.040624 -0.130583
v 0.206193 1.039620 -0.130583
v 0.203582 1.038432 -0.130583
v 0.201104 1.037058 -0.130583
v 0.198759 1.035497 -0.130583
v 0.196544 1.033749 -0.130583
v 0.194459 1.031814 -0.130583
v 0.192502 1.029690 -0.130583
v 0.192502 1.008693 -0.130583
v 0.194859 1.011327 -0.130583
v 0.197274 1.013712 -0.130583
v 0.199740 1.015853 -0.130583
v 0.202251 1.017752 -0.130583
v 0.204801 1.019414 -0.130583
v 0.207384 1.020842 -0.130583
v 0.209994 1.022040 -0.130583
v 0.212625 1.023011 -0.130583
v 0.215271 1.023761 -0.130583
v 0.217927 1.024291 -0.130583
v 0.220585 1.024607 -0.130583
v 0.223240 1.024711 -0.130583
v 0.226040 1.024606 -0.130583
v 0.228597 1.024286 -0.130583
v 0.230911 1.023744 -0.130583
v 0.232981 1.022971 -0.130583
v 0.234807 1.021961 -0.130583
v 0.236390 1.020706 -0.130583
v 0.237730 1.019199 -0.130583
v 0.238825 1.017431 -0.130583
v 0.239678 1.015396 -0.130583
v 0.240286 1.013086 -0.130583
v 0.240652 1.010493 -0.130583
v 0.240774 1.007610 -0.130583
v 0.240774 1.002415 -0.130583
v 0.223673 0.996354 -0.130583
v 0.219747 0.994935 -0.130583
v 0.215808 0.993461 -0.130583
v 0.211923 0.991886 -0.130583
v 0.208159 0.990165 -0.130583
v 0.204586 0.988251 -0.130583
v 0.201269 0.986099 -0.130583
v 0.198277 0.983663 -0.130583
v 0.195677 0.980897 -0.130583
v 0.193537 0.977755 -0.130583
v 0.191925 0.974191 -0.130583
v 0.190908 0.970160 -0.130583
v 0.190554 0.965616 -0.130583
v 0.190749 0.962510 -0.130583
v 0.191325 0.959493 -0.130583
v 0.192265 0.956599 -0.130583
v 0.193552 0.953863 -0.130583
v 0.195169 0.951319 -0.130583
v 0.197101 0.949002 -0.130583
v 0.199331 0.946947 -0.130583
v 0.201842 0.945188 -0.130583
v 0.204617 0.943760 -0.130583
v 0.207640 0.942697 -0.130583
v 0.210895 0.942033 -0.130583
v 0.214365 0.941805 -0.130583
v 0.216583 0.941873 -0.130583
v 0.218801 0.942076 -0.130583
v 0.221014 0.942417 -0.130583
v 0.223224 0.942895 -0.130583
v 0.225427 0.943512 -0.130583
v 0.227624 0.944267 -0.130583
v 0.229810 0.945162 -0.130583
v 0.231987 0.946198 -0.130583
v 0.234152 0.947375 -0.130583
v 0.236302 0.948695 -0.130583
v 0.238438 0.950157 -0.130583
v 0.240557 0.951762 -0.130583
v 0.241049 0.950111 -0.130583
v 0.241662 0.948619 -0.130583
v 0.242400 0.947284 -0.130583
v 0.243267 0.946102 -0.130583
v 0.244266 0.945070 -0.130583
v 0.245400 0.944186 -0.130583
v 0.246675 0.943446 -0.130583
v 0.248093 0.942847 -0.130583
v 0.249659 0.942387 -0.130583
v 0.251375 0.942061 -0.130583
v 0.253246 0.941868 -0.130583
v 0.255277 0.941805 -0.130583
v 0.256747 0.941842 -0.130583
v 0.258144 0.941960 -0.130583
v 0.259495 0.942167 -0.130583
v 0.260825 0.942470 -0.130583
v 0.262161 0.942879 -0.130583
v 0.263530 0.943401 -0.130583
v 0.264956 0.944045 -0.130583
v 0.266469 0.944819 -0.130583
v 0.268092 0.945732 -0.130583
v 0.269853 0.946791 -0.130583
v 0.271778 0.948004 -0.130583
v 0.273893 0.949381 -0.130583
v 0.240774 0.963451 -0.130583
v 0.239466 0.962248 -0.130583
v 0.238140 0.961129 -0.130583
v 0.236796 0.960099 -0.130583
v 0.235434 0.959162 -0.130583
v 0.234054 0.958321 -0.130583
v 0.232656 0.957580 -0.130583
v 0.231240 0.956942 -0.130583
v 0.229806 0.956412 -0.130583
v 0.228354 0.955993 -0.130583
v 0.226884 0.955690 -0.130583
v 0.225395 0.955505 -0.130583
v 0.223889 0.955442 -0.130583
v 0.221934 0.955557 -0.130583
v 0.220082 0.955896 -0.130583
v 0.218346 0.956447 -0.130583
v 0.216738 0.957198 -0.130583
v 0.215271 0.958139 -0.130583
v 0.213959 0.959257 -0.130583
v 0.212813 0.960543 -0.130583
v 0.211848 0.961984 -0.130583
v 0.211074 0.963570 -0.130583
v 0.210505 0.965288 -0.130583
v 0.210155 0.967129 -0.130583
v 0.210036 0.969079 -0.130583
v 0.210326 0.971829 -0.130583
v 0.211170 0.974356 -0.130583
v 0.212525 0.976679 -0.130583
v 0.214349 0.978820 -0.130583
v 0.216600 0.980799 -0.130583
v 0.219235 0.982636 -0.130583
v 0.222214 0.984350 -0.130583
v 0.225493 0.985964 -0.130583
v 0.229030 0.987496 -0.130583
v 0.232784 0.988967 -0.130583
v 0.236713 0.990398 -0.130583
v 0.240774 0.991808 -0.130583
v 0.148992 1.061077 -0.130583
v 0.112843 1.025793 -0.130583
v 0.112843 1.023629 -0.130583
v 0.129727 1.023629 -0.130583
v 0.129727 0.972326 -0.130583
v 0.129948 0.968043 -0.130583
v 0.130610 0.963977 -0.130583
v 0.131712 0.960160 -0.130583
v 0.133254 0.956621 -0.130583
v 0.135236 0.953388 -0.130583
v 0.137655 0.950490 -0.130583
v 0.140512 0.947959 -0.130583
v 0.143805 0.945821 -0.130583
v 0.147534 0.944108 -0.130583
v 0.151699 0.942848 -0.130583
v 0.156298 0.942070 -0.130583
v 0.161331 0.941805 -0.130583
v 0.162981 0.941862 -0.130583
v 0.164776 0.942030 -0.130583
v 0.166688 0.942302 -0.130583
v 0.168690 0.942671 -0.130583
v 0.170756 0.943129 -0.130583
v 0.172857 0.943672 -0.130583
v 0.174968 0.944291 -0.130583
v 0.177060 0.944980 -0.130583
v 0.179108 0.945732 -0.130583
v 0.181083 0.946540 -0.130583
v 0.182959 0.947398 -0.130583
v 0.184709 0.948299 -0.130583
v 0.184709 0.966265 -0.130583
v 0.182774 0.965124 -0.130583
v 0.180865 0.964083 -0.130583
v 0.178979 0.963140 -0.130583
v 0.177117 0.962297 -0.130583
v 0.175275 0.961553 -0.130583
v 0.173453 0.960908 -0.130583
v 0.171649 0.960362 -0.130583
v 0.169861 0.959916 -0.130583
v 0.168089 0.959568 -0.130583
v 0.166330 0.959320 -0.130583
v 0.164582 0.959172 -0.130583
v 0.162846 0.959122 -0.130583
v 0.161391 0.959193 -0.130583
v 0.159865 0.959416 -0.130583
v 0.158307 0.959809 -0.130583
v 0.156753 0.960389 -0.130583
v 0.155241 0.961173 -0.130583
v 0.153809 0.962180 -0.130583
v 0.152493 0.963425 -0.130583
v 0.151333 0.964926 -0.130583
v 0.150366 0.966702 -0.130583
v 0.149628 0.968768 -0.130583
v 0.149158 0.971142 -0.130583
v 0.148992 0.973842 -0.130583
v 0.148992 1.023629 -0.130583
v 0.179730 1.023629 -0.130583
v 0.179730 1.040946 -0.130583
v 0.148992 1.040946 -0.130583
v 0.099638 1.034885 -0.130583
v 0.097112 1.036179 -0.130583
v 0.094620 1.037357 -0.130583
v 0.092160 1.038419 -0.130583
v 0.089729 1.039367 -0.130583
v 0.087325 1.040200 -0.130583
v 0.084946 1.040919 -0.130583
v 0.082589 1.041526 -0.130583
v 0.080253 1.042020 -0.130583
v 0.077935 1.042404 -0.130583
v 0.075632 1.042677 -0.130583
v 0.073343 1.042840 -0.130583
v 0.071065 1.042894 -0.130583
v 0.066342 1.042689 -0.130583
v 0.061927 1.042080 -0.130583
v 0.057840 1.041081 -0.130583
v 0.054100 1.039703 -0.130583
v 0.050727 1.037958 -0.130583
v 0.047741 1.035859 -0.130583
v 0.045160 1.033417 -0.130583
v 0.043004 1.030644 -0.130583
v 0.041294 1.027552 -0.130583
v 0.040048 1.024154 -0.130583
v 0.039286 1.020461 -0.130583
v 0.039028 1.016485 -0.130583
v 0.039922 1.010319 -0.130583
v 0.042395 1.004859 -0.130583
v 0.046131 1.000017 -0.130583
v 0.050813 0.995705 -0.130583
v 0.056127 0.991834 -0.130583
v 0.061757 0.988318 -0.130583
v 0.067386 0.985067 -0.130583
v 0.072700 0.981995 -0.130583
v 0.077383 0.979013 -0.130583
v 0.081118 0.976033 -0.130583
v 0.083591 0.972968 -0.130583
v 0.084485 0.969729 -0.130583
v 0.084353 0.968065 -0.130583
v 0.083968 0.966536 -0.130583
v 0.083349 0.965142 -0.130583
v 0.082513 0.963884 -0.130583
v 0.081479 0.962761 -0.130583
v 0.080264 0.961774 -0.130583
v 0.078887 0.960921 -0.130583
v 0.077366 0.960204 -0.130583
v 0.075718 0.959623 -0.130583
v 0.073963 0.959176 -0.130583
v 0.072117 0.958865 -0.130583
v 0.070199 0.958689 -0.130583
v 0.068175 0.958775 -0.130583
v 0.066008 0.959034 -0.130583
v 0.063705 0.959467 -0.130583
v 0.061276 0.960076 -0.130583
v 0.058729 0.960862 -0.130583
v 0.056074 0.961828 -0.130583
v 0.053321 0.962973 -0.130583
v 0.050476 0.964301 -0.130583
v 0.047551 0.965812 -0.130583
v 0.044554 0.967508 -0.130583
v 0.041493 0.969390 -0.130583
v 0.038378 0.971461 -0.130583
v 0.038378 0.950680 -0.130583
v 0.041453 0.949141 -0.130583
v 0.044412 0.947768 -0.130583
v 0.047277 0.946554 -0.130583
v 0.050068 0.945493 -0.130583
v 0.052804 0.944579 -0.130583
v 0.055506 0.943807 -0.130583
v 0.058195 0.943170 -0.130583
v 0.060891 0.942663 -0.130583
v 0.063614 0.942278 -0.130583
v 0.066384 0.942011 -0.130583
v 0.069221 0.941855 -0.130583
v 0.072147 0.941805 -0.130583
v 0.076643 0.942040 -0.130583
v 0.080909 0.942734 -0.130583
v 0.084915 0.943865 -0.130583
v 0.088630 0.945413 -0.130583
v 0.092024 0.947357 -0.130583
v 0.095065 0.949679 -0.130583
v 0.097723 0.952356 -0.130583
v 0.099967 0.955370 -0.130583
v 0.101766 0.958699 -0.130583
v 0.103089 0.962324 -0.130583
v 0.103905 0.966224 -0.130583
v 0.104184 0.970378 -0.130583
v 0.104060 0.972804 -0.130583
v 0.103677 0.975119 -0.130583
v 0.103020 0.977349 -0.130583
v 0.102075 0.979518 -0.130583
v 0.100827 0.981651 -0.130583
v 0.099259 0.983772 -0.130583
v 0.097358 0.985907 -0.130583
v 0.095109 0.988080 -0.130583
v 0.092495 0.990317 -0.130583
v 0.089502 0.992641 -0.130583
v 0.086116 0.995078 -0.130583
v 0.082321 0.997653 -0.130583
v 0.078264 1.000045 -0.130583
v 0.074635 1.002253 -0.130583
v 0.071420 1.004289 -0.130583
v 0.068603 1.006167 -0.130583
v 0.066172 1.007901 -0.130583
v 0.064111 1.009504 -0.130583
v 0.062406 1.010990 -0.130583
v 0.061043 1.012372 -0.130583
v 0.060008 1.013664 -0.130583
v 0.059286 1.014880 -0.130583
v 0.058864 1.016032 -0.130583
v 0.058726 1.017135 -0.130583
v 0.058828 1.018401 -0.130583
v 0.059131 1.019596 -0.130583
v 0.059626 1.020713 -0.130583
v 0.060306 1.021745 -0.130583
v 0.061163 1.022683 -0.130583
v 0.062190 1.023520 -0.130583
v 0.063379 1.024250 -0.130583
v 0.064723 1.024863 -0.130583
v 0.066215 1.025354 -0.130583
v 0.067846 1.025713 -0.130583
v 0.069609 1.025934 -0.130583
v 0.071498 1.026010 -0.130583
v 0.073345 1.025946 -0.130583
v 0.075311 1.025752 -0.130583
v 0.077386 1.025425 -0.130583
v 0.079563 1.024960 -0.130583
v 0.081833 1.024353 -0.130583
v 0.084188 1.023602 -0.130583
v 0.086620 1.022702 -0.130583
v 0.089120 1.021649 -0.130583
v 0.091680 1.020439 -0.130583
v 0.094292 1.019070 -0.130583
v 0.096947 1.017537 -0.130583
v 0.099638 1.015836 -0.130583
v -0.046260 1.040946 -0.130583
v -0.065525 1.040946 -0.130583
v -0.065525 0.943753 -0.130583
v -0.046260 0.943753 -0.130583
v -0.046260 1.013455 -0.130583
v -0.044034 1.015869 -0.130583
v -0.041893 1.018030 -0.130583
v -0.039823 1.019945 -0.130583
v -0.037809 1.021624 -0.130583
v -0.035838 1.023075 -0.130583
v -0.033894 1.024305 -0.130583
v -0.031964 1.025324 -0.130583
v -0.030033 1.026138 -0.130583
v -0.028087 1.026757 -0.130583
v -0.026111 1.027189 -0.130583
v -0.024092 1.027443 -0.130583
v -0.022016 1.027525 -0.130583
v -0.019185 1.027334 -0.130583
v -0.016546 1.026770 -0.130583
v -0.014108 1.025847 -0.130583
v -0.011882 1.024583 -0.130583
v -0.009878 1.022990 -0.130583
v -0.008108 1.021085 -0.130583
v -0.006581 1.018883 -0.130583
v -0.005308 1.016397 -0.130583
v -0.004299 1.013644 -0.130583
v -0.003566 1.010639 -0.130583
v -0.003118 1.007396 -0.130583
v -0.002967 1.003930 -0.130583
v -0.002967 0.943753 -0.130583
v 0.016299 0.943753 -0.130583
v 0.016299 1.003714 -0.130583
v 0.015998 1.010078 -0.130583
v 0.015123 1.015861 -0.130583
v 0.013711 1.021068 -0.130583
v 0.011801 1.025705 -0.130583
v 0.009431 1.029777 -0.130583
v 0.006639 1.033288 -0.130583
v 0.003464 1.036245 -0.130583
v -0.000056 1.038653 -0.130583
v -0.003883 1.040516 -0.130583
v -0.007978 1.041841 -0.130583
v -0.012303 1.042632 -0.130583
v -0.016820 1.042894 -0.130583
v -0.019524 1.042782 -0.130583
v -0.022216 1.042450 -0.130583
v -0.024884 1.041903 -0.130583
v -0.027515 1.041146 -0.130583
v -0.030099 1.040185 -0.130583
v -0.032622 1.039025 -0.130583
v -0.035074 1.037670 -0.130583
v -0.037441 1.036128 -0.130583
v -0.039712 1.034401 -0.130583
v -0.041874 1.032497 -0.130583
v -0.043916 1.030419 -0.130583
v -0.045827 1.028175 -0.130583
v -0.046260 1.028175 -0.130583
v -0.139123 1.042894 -0.130583
v -0.146226 1.042452 -0.130583
v -0.152995 1.041161 -0.130583
v -0.159376 1.039076 -0.130583
v -0.165316 1.036248 -0.130583
v -0.170759 1.032732 -0.130583
v -0.175652 1.028580 -0.130583
v -0.179940 1.023847 -0.130583
v -0.183571 1.018586 -0.130583
v -0.186489 1.012849 -0.130583
v -0.188640 1.006691 -0.130583
v -0.189970 1.000165 -0.130583
v -0.190426 0.993324 -0.130583
v -0.189987 0.986035 -0.130583
v -0.188700 0.979135 -0.130583
v -0.186610 0.972671 -0.130583
v -0.183763 0.966690 -0.130583
v -0.180204 0.961238 -0.130583
v -0.175977 0.956362 -0.130583
v -0.171127 0.952108 -0.130583
v -0.165701 0.948523 -0.130583
v -0.159742 0.945654 -0.130583
v -0.153296 0.943546 -0.130583
v -0.146408 0.942248 -0.130583
v -0.139123 0.941805 -0.130583
v -0.131540 0.942231 -0.130583
v -0.124404 0.943486 -0.130583
v -0.117754 0.945532 -0.130583
v -0.111632 0.948331 -0.130583
v -0.106079 0.951845 -0.130583
v -0.101134 0.956037 -0.130583
v -0.096838 0.960870 -0.130583
v -0.093233 0.966305 -0.130583
v -0.090358 0.972306 -0.130583
v -0.088254 0.978834 -0.130583
v -0.086962 0.985853 -0.130583
v -0.086522 0.993324 -0.130583
v -0.086974 1.000347 -0.130583
v -0.088299 1.006992 -0.130583
v -0.090449 1.013215 -0.130583
v -0.093377 1.018971 -0.130583
v -0.097036 1.024216 -0.130583
v -0.101377 1.028905 -0.130583
v -0.106355 1.032995 -0.130583
v -0.111921 1.036440 -0.130583
v -0.118028 1.039197 -0.130583
v -0.124629 1.041221 -0.130583
v -0.131677 1.042469 -0.130583
v -0.139340 1.025577 -0.130583
v -0.134641 1.025298 -0.130583
v -0.130197 1.024480 -0.130583
v -0.126037 1.023152 -0.130583
v -0.122191 1.021344 -0.130583
v -0.118687 1.019085 -0.130583
v -0.115556 1.016404 -0.130583
v -0.112825 1.013331 -0.130583
v -0.110526 1.009895 -0.130583
v -0.108686 1.006125 -0.130583
v -0.107336 1.002051 -0.130583
v -0.106504 0.997702 -0.130583
v -0.106221 0.993107 -0.130583
v -0.106484 0.988028 -0.130583
v -0.107261 0.983299 -0.130583
v -0.108534 0.978939 -0.130583
v -0.110285 0.974964 -0.130583
v -0.112496 0.971392 -0.130583
v -0.115150 0.968241 -0.130583
v -0.118227 0.965526 -0.130583
v -0.121710 0.963267 -0.130583
v -0.125581 0.961479 -0.130583
v -0.129821 0.960181 -0.130583
v -0.134414 0.959390 -0.130583
v -0.139340 0.959122 -0.130583
v -0.143868 0.959402 -0.130583
v -0.148129 0.960227 -0.130583
v -0.152098 0.961574 -0.130583
v -0.155751 0.963419 -0.130583
v -0.159065 0.965739 -0.130583
v -0.162014 0.968511 -0.130583
v -0.164577 0.971711 -0.130583
v -0.166727 0.975317 -0.130583
v -0.168441 0.979304 -0.130583
v -0.169695 0.983650 -0.130583
v -0.170465 0.988331 -0.130583
v -0.170727 0.993324 -0.130583
v -0.170457 0.997869 -0.130583
v -0.169665 1.002177 -0.130583
v -0.168380 1.006217 -0.130583
v -0.166630 1.009959 -0.130583
v -0.164445 1.013374 -0.130583
v -0.161852 1.016431 -0.130583
v -0.158880 1.019101 -0.130583
v -0.155559 1.021352 -0.130583
v -0.151915 1.023155 -0.130583
v -0.147978 1.024481 -0.130583
v -0.143777 1.025298 -0.130583
v -0.207960 1.036184 -0.130583
v -0.210254 1.037180 -0.130583
v -0.212494 1.038109 -0.130583
v -0.214700 1.038967 -0.130583
v -0.216891 1.039751 -0.130583
v -0.219084 1.040457 -0.130583
v -0.221299 1.041081 -0.130583
v -0.223555 1.041620 -0.130583
v -0.225870 1.042068 -0.130583
v -0.228263 1.042424 -0.130583
v -0.230753 1.042683 -0.130583
v -0.233359 1.042841 -0.130583
v -0.236100 1.042894 -0.130583
v -0.243230 1.042475 -0.130583
v -0.249882 1.041239 -0.130583
v -0.256028 1.039214 -0.130583
v -0.261643 1.036432 -0.130583
v -0.266698 1.032923 -0.130583
v -0.271167 1.028716 -0.130583
v -0.275023 1.023841 -0.130583
v -0.278239 1.018329 -0.130583
v -0.280787 1.012210 -0.130583
v -0.282640 1.005514 -0.130583
v -0.283772 0.998270 -0.130583
v -0.284155 0.990510 -0.130583
v -0.283738 0.983549 -0.130583
v -0.282514 0.976980 -0.130583
v -0.280523 0.970845 -0.130583
v -0.277806 0.965183 -0.130583
v -0.274403 0.960035 -0.130583
v -0.270356 0.955442 -0.130583
v -0.265704 0.951444 -0.130583
v -0.260489 0.948082 -0.130583
v -0.254750 0.945397 -0.130583
v -0.248529 0.943428 -0.130583
v -0.241866 0.942217 -0.130583
v -0.234801 0.941805 -0.130583
v -0.232217 0.941858 -0.130583
v -0.229571 0.942011 -0.130583
v -0.226890 0.942258 -0.130583
v -0.224202 0.942590 -0.130583
v -0.221536 0.943001 -0.130583
v -0.218918 0.943482 -0.130583
v -0.216377 0.944027 -0.130583
v -0.213940 0.944627 -0.130583
v -0.211636 0.945275 -0.130583
v -0.209492 0.945964 -0.130583
v -0.207536 0.946686 -0.130583
v -0.205795 0.947433 -0.130583
v -0.205795 0.966482 -0.130583
v -0.208191 0.965445 -0.130583
v -0.210514 0.964498 -0.130583
v -0.212773 0.963641 -0.130583
v -0.214975 0.962874 -0.130583
v -0.217129 0.962198 -0.130583
v -0.219243 0.961611 -0.130583
v -0.221325 0.961115 -0.130583
v -0.223385 0.960709 -0.130583
v -0.225429 0.960394 -0.130583
v -0.227466 0.960168 -0.130583
v -0.229506 0.960033 -0.130583
v -0.231554 0.959988 -0.130583
v -0.236385 0.960238 -0.130583
v -0.240906 0.960979 -0.130583
v -0.245097 0.962197 -0.130583
v -0.248935 0.963876 -0.130583
v -0.252401 0.966004 -0.130583
v -0.255474 0.968565 -0.130583
v -0.258131 0.971546 -0.130583
v -0.260352 0.974932 -0.130583
v -0.262116 0.978709 -0.130583
v -0.263403 0.982862 -0.130583
v -0.264190 0.987378 -0.130583
v -0.264457 0.992241 -0.130583
v -0.264208 0.997027 -0.130583
v -0.263478 1.001518 -0.130583
v -0.262289 1.005692 -0.130583
v -0.260665 1.009526 -0.130583
v -0.258629 1.012996 -0.130583
v -0.256204 1.016079 -0.130583
v -0.253414 1.018752 -0.130583
v -0.250282 1.020991 -0.130583
v -0.246832 1.022773 -0.130583
v -0.243086 1.024075 -0.130583
v -0.239068 1.024873 -0.130583
v -0.234801 1.025144 -0.130583
v -0.232710 1.025097 -0.130583
v -0.230648 1.024950 -0.130583
v -0.228598 1.024691 -0.130583
v -0.226544 1.024310 -0.130583
v -0.224468 1.023797 -0.130583
v -0.222355 1.023142 -0.130583
v -0.220187 1.022333 -0.130583
v -0.217949 1.021360 -0.130583
v -0.215624 1.020213 -0.130583
v -0.213195 1.018881 -0.130583
v -0.210646 1.017353 -0.130583
v -0.207960 1.015620 -0.130583
v -0.432261 0.961070 -0.130583
v -0.433333 0.960286 -0.130583
v -0.434382 0.959558 -0.130583
v -0.435403 0.958889 -0.130583
v -0.436390 0.958280 -0.130583
v -0.437337 0.957735 -0.130583
v -0.438241 0.957255 -0.130583
v -0.439094 0.956843 -0.130583
v -0.439893 0.956500 -0.130583
v -0.440632 0.956230 -0.130583
v -0.441305 0.956034 -0.130583
v -0.441908 0.955915 -0.130583
v -0.442435 0.955875 -0.130583
v -0.443007 0.955903 -0.130583
v -0.443534 0.955988 -0.130583
v -0.444014 0.956135 -0.130583
v -0.444447 0.956348 -0.130583
v -0.444832 0.956630 -0.130583
v -0.445168 0.956984 -0.130583
v -0.445454 0.957416 -0.130583
v -0.445690 0.957927 -0.130583
v -0.445874 0.958523 -0.130583
v -0.446007 0.959207 -0.130583
v -0.446088 0.959983 -0.130583
v -0.446115 0.960854 -0.130583
v -0.446115 1.010857 -0.130583
v -0.446433 1.016126 -0.130583
v -0.447360 1.020897 -0.130583
v -0.448858 1.025178 -0.130583
v -0.450885 1.028976 -0.130583
v -0.453402 1.032300 -0.130583
v -0.456370 1.035156 -0.130583
v -0.459748 1.037551 -0.130583
v -0.463496 1.039495 -0.130583
v -0.467575 1.040993 -0.130583
v -0.471945 1.042054 -0.130583
v -0.476566 1.042686 -0.130583
v -0.481398 1.042894 -0.130583
v -0.484844 1.042804 -0.130583
v -0.488147 1.042532 -0.130583
v -0.491309 1.042079 -0.130583
v -0.494330 1.041443 -0.130583
v -0.497214 1.040624 -0.130583
v -0.499960 1.039620 -0.130583
v -0.502572 1.038432 -0.130583
v -0.505049 1.037058 -0.130583
v -0.507395 1.035497 -0.130583
v -0.509609 1.033749 -0.130583
v -0.511694 1.031814 -0.130583
v -0.513652 1.029690 -0.130583
v -0.513652 1.008693 -0.130583
v -0.511294 1.011327 -0.130583
v -0.508880 1.013712 -0.130583
v -0.506414 1.015853 -0.130583
v -0.503903 1.017752 -0.130583
v -0.501353 1.019414 -0.130583
v -0.498770 1.020842 -0.130583
v -0.496160 1.022040 -0.130583
v -0.493529 1.023011 -0.130583
v -0.490882 1.023761 -0.130583
v -0.488227 1.024291 -0.130583
v -0.485569 1.024607 -0.130583
v -0.482914 1.024711 -0.130583
v -0.480113 1.024606 -0.130583
v -0.477556 1.024286 -0.130583
v -0.475243 1.023744 -0.130583
v -0.473173 1.022971 -0.130583
v -0.471346 1.021961 -0.130583
v -0.469764 1.020706 -0.130583
v -0.468424 1.019199 -0.130583
v -0.467328 1.017431 -0.130583
v -0.466476 1.015396 -0.130583
v -0.465867 1.013086 -0.130583
v -0.465502 1.010493 -0.130583
v -0.465380 1.007610 -0.130583
v -0.465380 1.002415 -0.130583
v -0.482481 0.996354 -0.130583
v -0.486407 0.994935 -0.130583
v -0.490346 0.993461 -0.130583
v -0.494231 0.991886 -0.130583
v -0.497994 0.990165 -0.130583
v -0.501568 0.988251 -0.130583
v -0.504885 0.986099 -0.130583
v -0.507877 0.983663 -0.130583
v -0.510477 0.980897 -0.130583
v -0.512617 0.977755 -0.130583
v -0.514229 0.974191 -0.130583
v -0.515246 0.970160 -0.130583
v -0.515600 0.965616 -0.130583
v -0.515404 0.962510 -0.130583
v -0.514828 0.959493 -0.130583
v -0.513889 0.956599 -0.130583
v -0.512601 0.953863 -0.130583
v -0.510984 0.951319 -0.130583
v -0.509052 0.949002 -0.130583
v -0.506822 0.946947 -0.130583
v -0.504312 0.945188 -0.130583
v -0.501536 0.943760 -0.130583
v -0.498513 0.942697 -0.130583
v -0.495258 0.942033 -0.130583
v -0.491789 0.941805 -0.130583
v -0.489570 0.941873 -0.130583
v -0.487353 0.942076 -0.130583
v -0.485139 0.942417 -0.130583
v -0.482930 0.942895 -0.130583
v -0.480726 0.943512 -0.130583
v -0.478530 0.944267 -0.130583
v -0.476343 0.945162 -0.130583
v -0.474167 0.946198 -0.130583
v -0.472002 0.947375 -0.130583
v -0.469851 0.948695 -0.130583
v -0.467716 0.950157 -0.130583
v -0.465597 0.951762 -0.130583
v -0.465104 0.950111 -0.130583
v -0.464491 0.948619 -0.130583
v -0.463753 0.947284 -0.130583
v -0.462887 0.946102 -0.130583
v -0.461888 0.945070 -0.130583
v -0.460753 0.944186 -0.130583
v -0.459478 0.943446 -0.130583
v -0.458060 0.942847 -0.130583
v -0.456495 0.942387 -0.130583
v -0.454778 0.942061 -0.130583
v -0.452907 0.941868 -0.130583
v -0.450877 0.941805 -0.130583
v -0.449407 0.941842 -0.130583
v -0.448010 0.941960 -0.130583
v -0.446659 0.942167 -0.130583
v -0.445329 0.942470 -0.130583
v -0.443993 0.942879 -0.130583
v -0.442624 0.943401 -0.130583
v -0.441197 0.944045 -0.130583
v -0.439685 0.944819 -0.130583
v -0.438061 0.945732 -0.130583
v -0.436301 0.946791 -0.130583
v -0.434376 0.948004 -0.130583
v -0.432261 0.949381 -0.130583
v -0.465380 0.963451 -0.130583
v -0.466688 0.962248 -0.130583
v -0.468014 0.961129 -0.130583
v -0.469358 0.960099 -0.130583
v -0.470720 0.959162 -0.130583
v -0.472100 0.958321 -0.130583
v -0.473498 0.957580 -0.130583
v -0.474914 0.956942 -0.130583
v -0.476348 0.956412 -0.130583
v -0.477800 0.955993 -0.130583
v -0.479270 0.955690 -0.130583
v -0.480758 0.955505 -0.130583
v -0.482264 0.955442 -0.130583
v -0.484219 0.955557 -0.130583
v -0.486072 0.955896 -0.130583
v -0.487808 0.956447 -0.130583
v -0.489416 0.957198 -0.130583
v -0.490882 0.958139 -0.130583
v -0.492195 0.959257 -0.130583
v -0.493340 0.960543 -0.130583
v -0.494306 0.961984 -0.130583
v -0.495080 0.963570 -0.130583
v -0.495648 0.965288 -0.130583
v -0.495999 0.967129 -0.130583
v -0.496118 0.969079 -0.130583
v -0.495827 0.971829 -0.130583
v -0.494984 0.974356 -0.130583
v -0.493629 0.976679 -0.130583
v -0.491805 0.978820 -0.130583
v -0.489554 0.980799 -0.130583
v -0.486918 0.982636 -0.130583
v -0.483940 0.984350 -0.130583
v -0.480661 0.985964 -0.130583
v -0.477123 0.987496 -0.130583
v -0.473369 0.988967 -0.130583
v -0.469441 0.990398 -0.130583
v -0.465380 0.991808 -0.130583
v -0.534865 0.943753 -0.130583
v -0.534865 1.040946 -0.130583
v -0.554131 1.040946 -0.130583
v -0.554131 0.971461 -0.130583
v -0.555740 0.969328 -0.130583
v -0.557425 0.967369 -0.130583
v -0.559180 0.965586 -0.130583
v -0.561002 0.963980 -0.130583
v -0.562883 0.962556 -0.130583
v -0.564819 0.961314 -0.130583
v -0.566805 0.960257 -0.130583
v -0.568835 0.959387 -0.130583
v -0.570904 0.958706 -0.130583
v -0.573007 0.958217 -0.130583
v -0.575138 0.957922 -0.130583
v -0.577293 0.957823 -0.130583
v -0.580458 0.957984 -0.130583
v -0.583353 0.958464 -0.130583
v -0.585975 0.959254 -0.130583
v -0.588324 0.960349 -0.130583
v -0.590400 0.961741 -0.130583
v -0.592202 0.963424 -0.130583
v -0.593728 0.965392 -0.130583
v -0.594979 0.967636 -0.130583
v -0.595953 0.970152 -0.130583
v -0.596649 0.972931 -0.130583
v -0.597068 0.975967 -0.130583
v -0.597207 0.979253 -0.130583
v -0.597207 1.040946 -0.130583
v -0.616473 1.040946 -0.130583
v -0.616473 0.980552 -0.130583
v -0.616189 0.974606 -0.130583
v -0.615356 0.969114 -0.130583
v -0.614001 0.964087 -0.130583
v -0.612152 0.959539 -0.130583
v -0.609837 0.955481 -0.130583
v -0.607084 0.951925 -0.130583
v -0.603920 0.948882 -0.130583
v -0.600374 0.946367 -0.130583
v -0.596474 0.944389 -0.130583
v -0.592246 0.942961 -0.130583
v -0.587719 0.942096 -0.130583
v -0.582921 0.941805 -0.130583
v -0.580506 0.941921 -0.130583
v -0.578037 0.942262 -0.130583
v -0.575531 0.942819 -0.130583
v -0.573004 0.943585 -0.130583
v -0.570473 0.944548 -0.130583
v -0.567958 0.945701 -0.130583
v -0.565473 0.947034 -0.130583
v -0.563038 0.948539 -0.130583
v -0.560669 0.950206 -0.130583
v -0.558383 0.952027 -0.130583
v -0.556198 0.953991 -0.130583
v -0.554131 0.956091 -0.130583
v -0.554131 0.943753 -0.130583
v -0.630760 1.040946 -0.130583
v -0.670806 1.040946 -0.130583
v -0.677143 1.040683 -0.130583
v -0.683043 1.039904 -0.130583
v -0.688485 1.038626 -0.130583
v -0.693446 1.036865 -0.130583
v -0.697906 1.034639 -0.130583
v -0.701841 1.031963 -0.130583
v -0.705231 1.028854 -0.130583
v -0.708054 1.025328 -0.130583
v -0.710287 1.021403 -0.130583
v -0.711909 1.017095 -0.130583
v -0.712898 1.012419 -0.130583
v -0.713233 1.007394 -0.130583
v -0.713197 1.005630 -0.130583
v -0.713089 1.003912 -0.130583
v -0.712908 1.002239 -0.130583
v -0.712656 1.000611 -0.130583
v -0.712331 0.999028 -0.130583
v -0.711934 0.997491 -0.130583
v -0.711465 0.995998 -0.130583
v -0.710924 0.994550 -0.130583
v -0.710310 0.993148 -0.130583
v -0.709625 0.991790 -0.130583
v -0.708867 0.990478 -0.130583
v -0.708038 0.989211 -0.130583
v -0.707082 0.987934 -0.130583
v -0.706054 0.986703 -0.130583
v -0.704953 0.985517 -0.130583
v -0.703781 0.984376 -0.130583
v -0.702536 0.983280 -0.130583
v -0.701219 0.982230 -0.130583
v -0.699830 0.981224 -0.130583
v -0.698369 0.980264 -0.130583
v -0.696836 0.979348 -0.130583
v -0.695230 0.978478 -0.130583
v -0.693553 0.977652 -0.130583
v -0.691803 0.976872 -0.130583
v -0.691803 0.976439 -0.130583
v -0.694061 0.975832 -0.130583
v -0.696173 0.975097 -0.130583
v -0.698131 0.974244 -0.130583
v -0.699924 0.973280 -0.130583
v -0.701543 0.972215 -0.130583
v -0.702978 0.971055 -0.130583
v -0.704219 0.969809 -0.130583
v -0.705256 0.968486 -0.130583
v -0.706080 0.967094 -0.130583
v -0.706680 0.965641 -0.130583
v -0.707048 0.964135 -0.130583
v -0.707172 0.962585 -0.130583
v -0.707108 0.961512 -0.130583
v -0.706917 0.960454 -0.130583
v -0.706594 0.959410 -0.130583
v -0.706138 0.958376 -0.130583
v -0.705547 0.957352 -0.130583
v -0.704818 0.956335 -0.130583
v -0.703950 0.955322 -0.130583
v -0.702939 0.954312 -0.130583
v -0.701784 0.953301 -0.130583
v -0.700483 0.952288 -0.130583
v -0.699033 0.951271 -0.130583
v -0.697431 0.950247 -0.130583
v -0.701459 0.949128 -0.130583
v -0.705106 0.947823 -0.130583
v -0.708376 0.946327 -0.130583
v -0.711277 0.944635 -0.130583
v -0.713814 0.942741 -0.130583
v -0.715993 0.940641 -0.130583
v -0.717820 0.938329 -0.130583
v -0.719302 0.935800 -0.130583
v -0.720444 0.933048 -0.130583
v -0.721252 0.930068 -0.130583
v -0.721733 0.926856 -0.130583
v -0.721892 0.923405 -0.130583
v -0.721510 0.919234 -0.130583
v -0.720391 0.915287 -0.130583
v -0.718574 0.911591 -0.130583
v -0.716095 0.908172 -0.130583
v -0.712994 0.905058 -0.130583
v -0.709309 0.902273 -0.130583
v -0.705079 0.899844 -0.130583
v -0.700341 0.897798 -0.130583
v -0.695134 0.896161 -0.130583
v -0.689497 0.894959 -0.130583
v -0.683467 0.894219 -0.130583
v -0.677083 0.893966 -0.130583
v -0.670133 0.894207 -0.130583
v -0.663687 0.894921 -0.130583
v -0.657767 0.896093 -0.130583
v -0.652390 0.897710 -0.130583
v -0.647575 0.899756 -0.130583
v -0.643342 0.902219 -0.130583
v -0.639708 0.905082 -0.130583
v -0.636693 0.908333 -0.130583
v -0.634315 0.911956 -0.130583
v -0.632593 0.915938 -0.130583
v -0.631546 0.920264 -0.130583
v -0.631193 0.924920 -0.130583
v -0.631349 0.927966 -0.130583
v -0.631834 0.930923 -0.130583
v -0.632667 0.933775 -0.130583
v -0.633870 0.936505 -0.130583
v -0.635464 0.939097 -0.130583
v -0.637470 0.941534 -0.130583
v -0.639909 0.943800 -0.130583
v -0.642802 0.945878 -0.130583
v -0.646169 0.947751 -0.130583
v -0.650033 0.949403 -0.130583
v -0.654414 0.950818 -0.130583
v -0.659333 0.951979 -0.130583
v -0.664009 0.952941 -0.130583
v -0.668294 0.953886 -0.130583
v -0.672186 0.954823 -0.130583
v -0.675680 0.955763 -0.130583
v -0.678775 0.956715 -0.130583
v -0.681467 0.957688 -0.130583
v -0.683753 0.958693 -0.130583
v -0.685629 0.959739 -0.130583
v -0.687095 0.960837 -0.130583
v -0.688145 0.961995 -0.130583
v -0.688777 0.963224 -0.130583
v -0.688989 0.964534 -0.130583
v -0.688462 0.967041 -0.130583
v -0.686972 0.968918 -0.130583
v -0.684660 0.970300 -0.130583
v -0.681661 0.971324 -0.130583
v -0.678115 0.972126 -0.130583
v -0.674161 0.972840 -0.130583
v -0.669936 0.973605 -0.130583
v -0.665579 0.974555 -0.130583
v -0.661227 0.975827 -0.130583
v -0.657020 0.977557 -0.130583
v -0.653096 0.979880 -0.130583
v -0.649592 0.982933 -0.130583
v -0.648458 0.984165 -0.130583
v -0.647340 0.985575 -0.130583
v -0.646254 0.987141 -0.130583
v -0.645215 0.988842 -0.130583
v -0.644239 0.990657 -0.130583
v -0.643342 0.992566 -0.130583
v -0.642539 0.994547 -0.130583
v -0.641847 0.996579 -0.130583
v -0.641282 0.998640 -0.130583
v -0.640858 1.000711 -0.130583
v -0.640593 1.002770 -0.130583
v -0.640501 1.004796 -0.130583
v -0.640556 1.006797 -0.130583
v -0.640728 1.008698 -0.130583
v -0.641025 1.010516 -0.130583
v -0.641455 1.012268 -0.130583
v -0.642026 1.013973 -0.130583
v -0.642746 1.015647 -0.130583
v -0.643625 1.017307 -0.130583
v -0.644670 1.018971 -0.130583
v -0.645889 1.020656 -0.130583
v -0.647290 1.022379 -0.130583
v -0.648883 1.024158 -0.130583
v -0.650674 1.026010 -0.130583
v -0.630760 1.026010 -0.130583
v -0.657818 1.007177 -0.130583
v -0.657977 1.004591 -0.130583
v -0.658445 1.002148 -0.130583
v -0.659205 0.999862 -0.130583
v -0.660239 0.997749 -0.130583
v -0.661532 0.995826 -0.130583
v -0.663067 0.994108 -0.130583
v -0.664828 0.992611 -0.130583
v -0.666797 0.991351 -0.130583
v -0.668959 0.990344 -0.130583
v -0.671297 0.989605 -0.130583
v -0.673794 0.989150 -0.130583
v -0.676434 0.988994 -0.130583
v -0.679273 0.989141 -0.130583
v -0.681936 0.989573 -0.130583
v -0.684409 0.990276 -0.130583
v -0.686680 0.991239 -0.130583
v -0.688734 0.992449 -0.130583
v -0.690558 0.993892 -0.130583
v -0.692139 0.995556 -0.130583
v -0.693462 0.997428 -0.130583
v -0.694515 0.999496 -0.130583
v -0.695284 1.001747 -0.130583
v -0.695756 1.004167 -0.130583
v -0.695916 1.006744 -0.130583
v -0.695739 1.009090 -0.130583
v -0.695225 1.011350 -0.130583
v -0.694397 1.013502 -0.130583
v -0.693278 1.015523 -0.130583
v -0.691892 1.017391 -0.130583
v -0.690261 1.019083 -0.130583
v -0.688409 1.020576 -0.130583
v -0.686359 1.021849 -0.130583
v -0.684135 1.022878 -0.130583
v -0.681760 1.023641 -0.130583
v -0.679258 1.024115 -0.130583
v -0.676650 1.024278 -0.130583
v -0.674142 1.024119 -0.130583
v -0.671723 1.023658 -0.130583
v -0.669416 1.022915 -0.130583
v -0.667246 1.021913 -0.130583
v -0.665239 1.020674 -0.130583
v -0.663419 1.019218 -0.130583
v -0.661811 1.017569 -0.130583
v -0.660439 1.015748 -0.130583
v -0.659330 1.013776 -0.130583
v -0.658506 1.011676 -0.130583
v -0.657994 1.009469 -0.130583
v -0.649809 0.923405 -0.130583
v -0.650014 0.921264 -0.130583
v -0.650624 0.919281 -0.130583
v -0.651628 0.917463 -0.130583
v -0.653015 0.915813 -0.130583
v -0.654776 0.914338 -0.130583
v -0.656898 0.913042 -0.130583
v -0.659372 0.911931 -0.130583
v -0.662187 0.911011 -0.130583
v -0.665333 0.910285 -0.130583
v -0.668799 0.909761 -0.130583
v -0.672575 0.909442 -0.130583
v -0.676650 0.909335 -0.130583
v -0.680866 0.909443 -0.130583
v -0.684743 0.909765 -0.130583
v -0.688275 0.910299 -0.130583
v -0.691458 0.911043 -0.130583
v -0.694286 0.911994 -0.130583
v -0.696754 0.913150 -0.130583
v -0.698857 0.914509 -0.130583
v -0.700590 0.916069 -0.130583
v -0.701946 0.917828 -0.130583
v -0.702922 0.919782 -0.130583
v -0.703511 0.921931 -0.130583
v -0.703709 0.924271 -0.130583
v -0.703522 0.926380 -0.130583
v -0.702975 0.928368 -0.130583
v -0.702085 0.930224 -0.130583
v -0.700870 0.931936 -0.130583
v -0.699349 0.933491 -0.130583
v -0.697539 0.934878 -0.130583
v -0.695459 0.936085 -0.130583
v -0.693126 0.937099 -0.130583
v -0.690558 0.937908 -0.130583
v -0.687774 0.938502 -0.130583
v -0.684792 0.938866 -0.130583
v -0.681629 0.938991 -0.130583
v -0.678502 0.938920 -0.130583
v -0.675138 0.938693 -0.130583
v -0.671634 0.938291 -0.130583
v -0.668088 0.937692 -0.130583
v -0.664595 0.936877 -0.130583
v -0.661254 0.935825 -0.130583
v -0.658161 0.934516 -0.130583
v -0.655413 0.932930 -0.130583
v -0.653106 0.931046 -0.130583
v -0.651339 0.928844 -0.130583
v -0.650207 0.926304 -0.130583
v -0.725355 0.961070 -0.130583
v -0.726427 0.960286 -0.130583
v -0.727477 0.959558 -0.130583
v -0.728497 0.958889 -0.130583
v -0.729484 0.958280 -0.130583
v -0.730432 0.957735 -0.130583
v -0.731335 0.957255 -0.130583
v -0.732189 0.956843 -0.130583
v -0.732987 0.956500 -0.130583
v -0.733726 0.956230 -0.130583
v -0.734399 0.956034 -0.130583
v -0.735002 0.955915 -0.130583
v -0.735529 0.955875 -0.130583
v -0.736102 0.955903 -0.130583
v -0.736628 0.955988 -0.130583
v -0.737108 0.956135 -0.130583
v -0.737541 0.956348 -0.130583
v -0.737926 0.956630 -0.130583
v -0.738262 0.956984 -0.130583
v -0.738548 0.957416 -0.130583
v -0.738784 0.957927 -0.130583
v -0.738969 0.958523 -0.130583
v -0.739102 0.959207 -0.130583
v -0.739182 0.959983 -0.130583
v -0.739209 0.960854 -0.130583
v -0.739209 1.010857 -0.130583
v -0.739527 1.016126 -0.130583
v -0.740454 1.020897 -0.130583
v -0.741952 1.025178 -0.130583
v -0.743979 1.028976 -0.130583
v -0.746496 1.032300 -0.130583
v -0.749464 1.035156 -0.130583
v -0.752842 1.037551 -0.130583
v -0.756590 1.039495 -0.130583
v -0.760669 1.040993 -0.130583
v -0.765039 1.042054 -0.130583
v -0.769660 1.042686 -0.130583
v -0.774493 1.042894 -0.130583
v -0.777938 1.042804 -0.130583
v -0.781241 1.042532 -0.130583
v -0.784403 1.042079 -0.130583
v -0.787425 1.041443 -0.130583
v -0.790308 1.040624 -0.130583
v -0.793055 1.039620 -0.130583
v -0.795666 1.038432 -0.130583
v -0.798144 1.037058 -0.130583
v -0.800489 1.035497 -0.130583
v -0.802703 1.033749 -0.130583
v -0.804789 1.031814 -0.130583
v -0.806746 1.029690 -0.130583
v -0.806746 1.008693 -0.130583
v -0.804389 1.011327 -0.130583
v -0.801974 1.013712 -0.130583
v -0.799508 1.015853 -0.130583
v -0.796997 1.017752 -0.130583
v -0.794447 1.019414 -0.130583
v -0.791864 1.020842 -0.130583
v -0.789254 1.022040 -0.130583
v -0.786623 1.023011 -0.130583
v -0.783977 1.023761 -0.130583
v -0.781321 1.024291 -0.130583
v -0.778663 1.024607 -0.130583
v -0.776008 1.024711 -0.130583
v -0.773207 1.024606 -0.130583
v -0.770650 1.024286 -0.130583
v -0.768337 1.023744 -0.130583
v -0.766267 1.022971 -0.130583
v -0.764441 1.021961 -0.130583
v -0.762858 1.020706 -0.130583
v -0.761518 1.019199 -0.130583
v -0.760422 1.017431 -0.130583
v -0.759570 1.015396 -0.130583
v -0.758961 1.013086 -0.130583
v -0.758596 1.010493 -0.130583
v -0.758474 1.007610 -0.130583
v -0.758474 1.002415 -0.130583
v -0.775575 0.996354 -0.130583
v -0.779501 0.994935 -0.130583
v -0.783440 0.993461 -0.130583
v -0.787325 0.991886 -0.130583
v -0.791088 0.990165 -0.130583
v -0.794662 0.988251 -0.130583
v -0.797979 0.986099 -0.130583
v -0.800971 0.983663 -0.130583
v -0.803571 0.980897 -0.130583
v -0.805711 0.977755 -0.130583
v -0.807323 0.974191 -0.130583
v -0.808340 0.970160 -0.130583
v -0.808694 0.965616 -0.130583
v -0.808499 0.962510 -0.130583
v -0.807923 0.959493 -0.130583
v -0.806983 0.956599 -0.130583
v -0.805696 0.953863 -0.130583
v -0.804078 0.951319 -0.130583
v -0.802146 0.949002 -0.130583
v -0.799917 0.946947 -0.130583
v -0.797406 0.945188 -0.130583
v -0.794631 0.943760 -0.130583
v -0.791607 0.942697 -0.130583
v -0.788352 0.942033 -0.130583
v -0.784883 0.941805 -0.130583
v -0.782665 0.941873 -0.130583
v -0.780447 0.942076 -0.130583
v -0.778234 0.942417 -0.130583
v -0.776024 0.942895 -0.130583
v -0.773821 0.943512 -0.130583
v -0.771624 0.944267 -0.130583
v -0.769438 0.945162 -0.130583
v -0.767261 0.946198 -0.130583
v -0.765097 0.947375 -0.130583
v -0.762946 0.948695 -0.130583
v -0.760810 0.950157 -0.130583
v -0.758691 0.951762 -0.130583
v -0.758199 0.950111 -0.130583
v -0.757585 0.948619 -0.130583
v -0.756847 0.947284 -0.130583
v -0.755981 0.946102 -0.130583
v -0.754982 0.945070 -0.130583
v -0.753847 0.944186 -0.130583
v -0.752573 0.943446 -0.130583
v -0.751155 0.942847 -0.130583
v -0.749589 0.942387 -0.130583
v -0.747872 0.942061 -0.130583
v -0.746001 0.941868 -0.130583
v -0.743971 0.941805 -0.130583
v -0.742501 0.941842 -0.130583
v -0.741104 0.941960 -0.130583
v -0.739753 0.942167 -0.130583
v -0.738423 0.942470 -0.130583
v -0.737087 0.942879 -0.130583
v -0.735718 0.943401 -0.130583
v -0.734291 0.944045 -0.130583
v -0.732779 0.944819 -0.130583
v -0.731156 0.945732 -0.130583
v -0.729395 0.946791 -0.130583
v -0.727470 0.948004 -0.130583
v -0.725355 0.949381 -0.130583
v -0.758474 0.963451 -0.130583
v -0.759782 0.962248 -0.130583
v -0.761108 0.961129 -0.130583
v -0.762452 0.960099 -0.130583
v -0.763814 0.959162 -0.130583
v -0.765194 0.958321 -0.130583
v -0.766592 0.957580 -0.130583
v -0.768008 0.956942 -0.130583
v -0.769442 0.956412 -0.130583
v -0.770894 0.955993 -0.130583
v -0.772364 0.955690 -0.130583
v -0.773852 0.955505 -0.130583
v -0.775359 0.955442 -0.130583
v -0.777314 0.955557 -0.130583
v -0.779166 0.955896 -0.130583
v -0.780902 0.956447 -0.130583
v -0.782510 0.957198 -0.130583
v -0.783976 0.958139 -0.130583
v -0.785289 0.959257 -0.130583
v -0.786435 0.960543 -0.130583
v -0.787400 0.961984 -0.130583
v -0.788174 0.963570 -0.130583
v -0.788742 0.965288 -0.130583
v -0.789093 0.967129 -0.130583
v -0.789212 0.969079 -0.130583
v -0.788922 0.971829 -0.130583
v -0.788078 0.974356 -0.130583
v -0.786723 0.976679 -0.130583
v -0.784899 0.978820 -0.130583
v -0.782648 0.980799 -0.130583
v -0.780013 0.982636 -0.130583
v -0.777034 0.984350 -0.130583
v -0.773755 0.985964 -0.130583
v -0.770218 0.987496 -0.130583
v -0.766463 0.988967 -0.130583
v -0.762535 0.990398 -0.130583
v -0.758474 0.991808 -0.130583
v -0.964160 1.091383 -0.130583
v -0.983425 1.091383 -0.130583
v -0.983425 0.943753 -0.130583
v -0.964160 0.943753 -0.130583
v -1.006370 0.971893 -0.130583
v -1.009180 0.970117 -0.130583
v -1.011984 0.968472 -0.130583
v -1.014786 0.966962 -0.130583
v -1.017586 0.965592 -0.130583
v -1.020391 0.964366 -0.130583
v -1.023201 0.963289 -0.130583
v -1.026020 0.962365 -0.130583
v -1.028851 0.961599 -0.130583
v -1.031697 0.960996 -0.130583
v -1.034561 0.960559 -0.130583
v -1.037446 0.960294 -0.130583
v -1.040355 0.960204 -0.130583
v -1.044851 0.960411 -0.130583
v -1.049030 0.961031 -0.130583
v -1.052890 0.962061 -0.130583
v -1.056430 0.963499 -0.130583
v -1.059648 0.965343 -0.130583
v -1.062543 0.967591 -0.130583
v -1.065113 0.970240 -0.130583
v -1.067358 0.973288 -0.130583
v -1.069274 0.976733 -0.130583
v -1.070861 0.980573 -0.130583
v -1.072117 0.984805 -0.130583
v -1.073042 0.989427 -0.130583
v -1.004639 0.989427 -0.130583
v -1.004977 0.998028 -0.130583
v -1.005976 1.005865 -0.130583
v -1.007612 1.012941 -0.130583
v -1.009858 1.019259 -0.130583
v -1.012690 1.024823 -0.130583
v -1.016084 1.029636 -0.130583
v -1.020015 1.033699 -0.130583
v -1.024457 1.037017 -0.130583
v -1.029387 1.039593 -0.130583
v -1.034778 1.041429 -0.130583
v -1.040607 1.042528 -0.130583
v -1.046849 1.042894 -0.130583
v -1.053382 1.042485 -0.130583
v -1.059537 1.041283 -0.130583
v -1.065276 1.039322 -0.130583
v -1.070564 1.036641 -0.130583
v -1.075366 1.033273 -0.130583
v -1.079644 1.029257 -0.130583
v -1.083363 1.024627 -0.130583
v -1.086487 1.019420 -0.130583
v -1.088979 1.013671 -0.130583
v -1.090804 1.007418 -0.130583
v -1.091925 1.000695 -0.130583
v -1.092307 0.993540 -0.130583
v -1.091957 0.986883 -0.130583
v -1.090916 0.980388 -0.130583
v -1.089195 0.974133 -0.130583
v -1.086807 0.968198 -0.130583
v -1.083764 0.962662 -0.130583
v -1.080077 0.957607 -0.130583
v -1.075759 0.953110 -0.130583
v -1.070821 0.949253 -0.130583
v -1.065276 0.946114 -0.130583
v -1.059136 0.943773 -0.130583
v -1.052412 0.942310 -0.130583
v -1.045118 0.941805 -0.130583
v -1.041123 0.941882 -0.130583
v -1.037347 0.942113 -0.130583
v -1.033767 0.942501 -0.130583
v -1.030358 0.943047 -0.130583
v -1.027097 0.943753 -0.130583
v -1.023958 0.944619 -0.130583
v -1.020919 0.945647 -0.130583
v -1.017955 0.946840 -0.130583
v -1.015043 0.948197 -0.130583
v -1.012157 0.949722 -0.130583
v -1.009274 0.951415 -0.130583
v -1.006370 0.953277 -0.130583
v -1.072609 1.002199 -0.130583
v -1.071829 1.005900 -0.130583
v -1.070789 1.009315 -0.130583
v -1.069490 1.012437 -0.130583
v -1.067935 1.015259 -0.130583
v -1.066124 1.017774 -0.130583
v -1.064058 1.019976 -0.130583
v -1.061741 1.021858 -0.130583
v -1.059172 1.023412 -0.130583
v -1.056354 1.024633 -0.130583
v -1.053287 1.025514 -0.130583
v -1.049975 1.026047 -0.130583
v -1.046417 1.026226 -0.130583
v -1.043117 1.026035 -0.130583
v -1.040043 1.025469 -0.130583
v -1.037203 1.024542 -0.130583
v -1.034607 1.023268 -0.130583
v -1.032264 1.021660 -0.130583
v -1.030182 1.019732 -0.130583
v -1.028370 1.017498 -0.130583
v -1.026838 1.014970 -0.130583
v -1.025595 1.012163 -0.130583
v -1.024650 1.009089 -0.130583
v -1.024011 1.005764 -0.130583
v -1.023688 1.002199 -0.130583
v -1.240413 0.961070 -0.130583
v -1.241485 0.960286 -0.130583
v -1.242534 0.959558 -0.130583
v -1.243555 0.958889 -0.130583
v -1.244542 0.958280 -0.130583
v -1.245489 0.957735 -0.130583
v -1.246392 0.957255 -0.130583
v -1.247246 0.956843 -0.130583
v -1.248045 0.956500 -0.130583
v -1.248784 0.956230 -0.130583
v -1.249457 0.956034 -0.130583
v -1.250060 0.955915 -0.130583
v -1.250587 0.955875 -0.130583
v -1.251159 0.955903 -0.130583
v -1.251686 0.955988 -0.130583
v -1.252166 0.956135 -0.130583
v -1.252599 0.956348 -0.130583
v -1.252984 0.956630 -0.130583
v -1.253320 0.956984 -0.130583
v -1.253606 0.957416 -0.130583
v -1.253842 0.957927 -0.130583
v -1.254026 0.958523 -0.130583
v -1.254159 0.959207 -0.130583
v -1.254240 0.959983 -0.130583
v -1.254267 0.960854 -0.130583
v -1.254267 1.010857 -0.130583
v -1.254585 1.016126 -0.130583
v -1.255512 1.020897 -0.130583
v -1.257010 1.025178 -0.130583
v -1.259037 1.028976 -0.130583
v -1.261554 1.032300 -0.130583
v -1.264521 1.035156 -0.130583
v -1.267899 1.037551 -0.130583
v -1.271648 1.039495 -0.130583
v -1.275727 1.040993 -0.130583
v -1.280097 1.042054 -0.130583
v -1.284718 1.042686 -0.130583
v -1.289550 1.042894 -0.130583
v -1.292996 1.042804 -0.130583
v -1.296299 1.042532 -0.130583
v -1.299460 1.042079 -0.130583
v -1.302482 1.041443 -0.130583
v -1.305366 1.040624 -0.130583
v -1.308112 1.039620 -0.130583
v -1.310724 1.038432 -0.130583
v -1.313201 1.037058 -0.130583
v -1.315547 1.035497 -0.130583
v -1.317761 1.033749 -0.130583
v -1.319846 1.031814 -0.130583
v -1.321804 1.029690 -0.130583
v -1.321804 1.008693 -0.130583
v -1.319446 1.011327 -0.130583
v -1.317031 1.013712 -0.130583
v -1.314566 1.015853 -0.130583
v -1.312055 1.017752 -0.130583
v -1.309505 1.019414 -0.130583
v -1.306922 1.020842 -0.130583
v -1.304312 1.022040 -0.130583
v -1.301680 1.023011 -0.130583
v -1.299034 1.023761 -0.130583
v -1.296379 1.024291 -0.130583
v -1.293721 1.024607 -0.130583
v -1.291066 1.024711 -0.130583
v -1.288265 1.024606 -0.130583
v -1.285708 1.024286 -0.130583
v -1.283395 1.023744 -0.130583
v -1.281325 1.022971 -0.130583
v -1.279498 1.021961 -0.130583
v -1.277915 1.020706 -0.130583
v -1.276576 1.019199 -0.130583
v -1.275480 1.017431 -0.130583
v -1.274628 1.015396 -0.130583
v -1.274019 1.013086 -0.130583
v -1.273654 1.010493 -0.130583
v -1.273532 1.007610 -0.130583
v -1.273532 1.002415 -0.130583
v -1.290633 0.996354 -0.130583
v -1.294558 0.994935 -0.130583
v -1.298498 0.993461 -0.130583
v -1.302383 0.991886 -0.130583
v -1.306146 0.990165 -0.130583
v -1.309720 0.988251 -0.130583
v -1.313037 0.986099 -0.130583
v -1.316029 0.983663 -0.130583
v -1.318629 0.980897 -0.130583
v -1.320769 0.977755 -0.130583
v -1.322381 0.974191 -0.130583
v -1.323398 0.970160 -0.130583
v -1.323752 0.965616 -0.130583
v -1.323556 0.962510 -0.130583
v -1.322980 0.959493 -0.130583
v -1.322041 0.956599 -0.130583
v -1.320753 0.953863 -0.130583
v -1.319136 0.951319 -0.130583
v -1.317204 0.949002 -0.130583
v -1.314974 0.946947 -0.130583
v -1.312464 0.945188 -0.130583
v -1.309688 0.943760 -0.130583
v -1.306665 0.942697 -0.130583
v -1.303411 0.942033 -0.130583
v -1.299941 0.941805 -0.130583
v -1.297722 0.941873 -0.130583
v -1.295505 0.942076 -0.130583
v -1.293291 0.942417 -0.130583
v -1.291082 0.942895 -0.130583
v -1.288878 0.943512 -0.130583
v -1.286682 0.944267 -0.130583
v -1.284495 0.945162 -0.130583
v -1.282319 0.946198 -0.130583
v -1.280154 0.947375 -0.130583
v -1.278004 0.948695 -0.130583
v -1.275868 0.950157 -0.130583
v -1.273748 0.951762 -0.130583
v -1.273256 0.950111 -0.130583
v -1.272643 0.948619 -0.130583
v -1.271905 0.947284 -0.130583
v -1.271039 0.946102 -0.130583
v -1.270040 0.945070 -0.130583
v -1.268905 0.944186 -0.130583
v -1.267630 0.943446 -0.130583
v -1.266212 0.942847 -0.130583
v -1.264647 0.942387 -0.130583
v -1.262930 0.942061 -0.130583
v -1.261059 0.941868 -0.130583
v -1.259029 0.941805 -0.130583
v -1.257559 0.941842 -0.130583
v -1.256162 0.941960 -0.130583
v -1.254811 0.942167 -0.130583
v -1.253481 0.942470 -0.130583
v -1.252145 0.942879 -0.130583
v -1.250776 0.943401 -0.130583
v -1.249349 0.944045 -0.130583
v -1.247837 0.944819 -0.130583
v -1.246213 0.945732 -0.130583
v -1.244452 0.946791 -0.130583
v -1.242528 0.948004 -0.130583
v -1.240413 0.949381 -0.130583
v -1.273532 0.963451 -0.130583
v -1.274840 0.962248 -0.130583
v -1.276166 0.961129 -0.130583
v -1.277509 0.960099 -0.130583
v -1.278871 0.959162 -0.130583
v -1.280252 0.958321 -0.130583
v -1.281649 0.957580 -0.130583
v -1.283066 0.956942 -0.130583
v -1.284500 0.956412 -0.130583
v -1.285952 0.955993 -0.130583
v -1.287422 0.955690 -0.130583
v -1.288910 0.955505 -0.130583
v -1.290416 0.955442 -0.130583
v -1.292371 0.955557 -0.130583
v -1.294223 0.955896 -0.130583
v -1.295960 0.956447 -0.130583
v -1.297568 0.957198 -0.130583
v -1.299034 0.958139 -0.130583
v -1.300347 0.959257 -0.130583
v -1.301492 0.960543 -0.130583
v -1.302458 0.961984 -0.130583
v -1.303232 0.963570 -0.130583
v -1.303800 0.965288 -0.130583
v -1.304150 0.967129 -0.130583
v -1.304270 0.969079 -0.130583
v -1.303979 0.971829 -0.130583
v -1.303136 0.974356 -0.130583
v -1.301781 0.976679 -0.130583
v -1.299957 0.978820 -0.130583
v -1.297706 0.980799 -0.130583
v -1.295070 0.982636 -0.130583
v -1.292092 0.984350 -0.130583
v -1.288813 0.985964 -0.130583
v -1.285275 0.987496 -0.130583
v -1.281521 0.988967 -0.130583
v -1.277593 0.990398 -0.130583
v -1.273532 0.991808 -0.130583
v -1.400164 1.040946 -0.130583
v -1.400164 0.943753 -0.130583
v -1.380899 0.943753 -0.130583
v -1.380899 0.994622 -0.130583
v -1.380687 0.998712 -0.130583
v -1.380068 1.002623 -0.130583
v -1.379069 1.006322 -0.130583
v -1.377716 1.009775 -0.130583
v -1.376035 1.012949 -0.130583
v -1.374053 1.015809 -0.130583
v -1.371796 1.018322 -0.130583
v -1.369290 1.020454 -0.130583
v -1.366561 1.022171 -0.130583
v -1.363637 1.023439 -0.130583
v -1.360542 1.024225 -0.130583
v -1.357304 1.024495 -0.130583
v -1.356107 1.024415 -0.130583
v -1.354801 1.024180 -0.130583
v -1.353401 1.023798 -0.130583
v -1.351925 1.023276 -0.130583
v -1.350388 1.022622 -0.130583
v -1.348808 1.021843 -0.130583
v -1.347201 1.020947 -0.130583
v -1.345583 1.019941 -0.130583
v -1.343971 1.018833 -0.130583
v -1.342382 1.017630 -0.130583
v -1.340832 1.016340 -0.130583
v -1.339337 1.014970 -0.130583
v -1.329164 1.031638 -0.130583
v -1.331153 1.033451 -0.130583
v -1.333119 1.035102 -0.130583
v -1.335066 1.036593 -0.130583
v -1.336996 1.037923 -0.130583
v -1.338915 1.039095 -0.130583
v -1.340826 1.040107 -0.130583
v -1.342731 1.040962 -0.130583
v -1.344637 1.041659 -0.130583
v -1.346545 1.042201 -0.130583
v -1.348460 1.042586 -0.130583
v -1.350385 1.042817 -0.130583
v -1.352325 1.042894 -0.130583
v -1.354603 1.042744 -0.130583
v -1.356890 1.042286 -0.130583
v -1.359188 1.041511 -0.130583
v -1.361497 1.040409 -0.130583
v -1.363818 1.038970 -0.130583
v -1.366152 1.037185 -0.130583
v -1.368500 1.035043 -0.130583
v -1.370861 1.032536 -0.130583
v -1.373238 1.029653 -0.130583
v -1.375630 1.026384 -0.130583
v -1.378039 1.022719 -0.130583
v -1.380466 1.018650 -0.130583
v -1.380899 1.018650 -0.130583
v -1.380899 1.040946 -0.130583
v -1.475494 1.042894 -0.130583
v -1.482597 1.042452 -0.130583
v -1.489366 1.041161 -0.130583
v -1.495747 1.039076 -0.130583
v -1.501687 1.036248 -0.130583
v -1.507130 1.032732 -0.130583
v -1.512023 1.028580 -0.130583
v -1.516312 1.023847 -0.130583
v -1.519942 1.018586 -0.130583
v -1.522860 1.012849 -0.130583
v -1.525011 1.006691 -0.130583
v -1.526341 1.000165 -0.130583
v -1.526797 0.993324 -0.130583
v -1.526358 0.986035 -0.130583
v -1.525071 0.979135 -0.130583
v -1.522981 0.972671 -0.130583
v -1.520134 0.966690 -0.130583
v -1.516575 0.961238 -0.130583
v -1.512347 0.956362 -0.130583
v -1.507498 0.952108 -0.130583
v -1.502071 0.948523 -0.130583
v -1.496113 0.945654 -0.130583
v -1.489667 0.943546 -0.130583
v -1.482779 0.942248 -0.130583
v -1.475494 0.941805 -0.130583
v -1.467911 0.942231 -0.130583
v -1.460775 0.943486 -0.130583
v -1.454125 0.945532 -0.130583
v -1.448003 0.948331 -0.130583
v -1.442449 0.951845 -0.130583
v -1.437505 0.956037 -0.130583
v -1.433209 0.960870 -0.130583
v -1.429604 0.966305 -0.130583
v -1.426728 0.972306 -0.130583
v -1.424625 0.978834 -0.130583
v -1.423333 0.985853 -0.130583
v -1.422893 0.993324 -0.130583
v -1.423345 1.000347 -0.130583
v -1.424670 1.006992 -0.130583
v -1.426820 1.013215 -0.130583
v -1.429748 1.018971 -0.130583
v -1.433406 1.024216 -0.130583
v -1.437748 1.028905 -0.130583
v -1.442726 1.032995 -0.130583
v -1.448292 1.036440 -0.130583
v -1.454399 1.039197 -0.130583
v -1.461000 1.041221 -0.130583
v -1.468047 1.042469 -0.130583
v -1.475711 1.025577 -0.130583
v -1.471012 1.025298 -0.130583
v -1.466568 1.024480 -0.130583
v -1.462408 1.023152 -0.130583
v -1.458562 1.021344 -0.130583
v -1.455058 1.019085 -0.130583
v -1.451926 1.016404 -0.130583
v -1.449196 1.013331 -0.130583
v -1.446897 1.009895 -0.130583
v -1.445057 1.006125 -0.130583
v -1.443707 1.002051 -0.130583
v -1.442875 0.997702 -0.130583
v -1.442591 0.993107 -0.130583
v -1.442855 0.988028 -0.130583
v -1.443632 0.983299 -0.130583
v -1.444905 0.978939 -0.130583
v -1.446656 0.974964 -0.130583
v -1.448868 0.971392 -0.130583
v -1.451521 0.968241 -0.130583
v -1.454598 0.965526 -0.130583
v -1.458081 0.963267 -0.130583
v -1.461951 0.961479 -0.130583
v -1.466192 0.960181 -0.130583
v -1.470785 0.959390 -0.130583
v -1.475711 0.959122 -0.130583
v -1.480239 0.959402 -0.130583
v -1.484500 0.960227 -0.130583
v -1.488469 0.961574 -0.130583
v -1.492122 0.963419 -0.130583
v -1.495436 0.965739 -0.130583
v -1.498385 0.968511 -0.130583
v -1.500947 0.971711 -0.130583
v -1.503098 0.975317 -0.130583
v -1.504812 0.979304 -0.130583
v -1.506066 0.983650 -0.130583
v -1.506836 0.988331 -0.130583
v -1.507098 0.993324 -0.130583
v -1.506828 0.997869 -0.130583
v -1.506036 1.002177 -0.130583
v -1.504751 1.006217 -0.130583
v -1.503001 1.009959 -0.130583
v -1.500816 1.013374 -0.130583
v -1.498223 1.016431 -0.130583
v -1.495252 1.019101 -0.130583
v -1.491930 1.021352 -0.130583
v -1.488286 1.023155 -0.130583
v -1.484349 1.024481 -0.130583
v -1.480148 1.025298 -0.130583
v -1.611218 0.946134 -0.130583
v -1.609408 0.945412 -0.130583
v -1.607655 0.944761 -0.130583
v -1.605952 0.944179 -0.130583
v -1.604291 0.943665 -0.130583
v -1.602666 0.943217 -0.130583
v -1.601071 0.942833 -0.130583
v -1.599499 0.942513 -0.130583
v -1.597942 0.942254 -0.130583
v -1.596394 0.942055 -0.130583
v -1.594848 0.941915 -0.130583
v -1.593298 0.941832 -0.130583
v -1.591736 0.941805 -0.130583
v -1.584717 0.942226 -0.130583
v -1.578084 0.943463 -0.130583
v -1.571879 0.945475 -0.130583
v -1.566145 0.948219 -0.130583
v -1.560925 0.951654 -0.130583
v -1.556263 0.955740 -0.130583
v -1.552200 0.960434 -0.130583
v -1.548780 0.965696 -0.130583
v -1.546045 0.971484 -0.130583
v -1.544039 0.977757 -0.130583
v -1.542803 0.984474 -0.130583
v -1.542382 0.991592 -0.130583
v -1.542782 0.999293 -0.130583
v -1.543973 1.006372 -0.130583
v -1.545947 1.012819 -0.130583
v -1.548692 1.018626 -0.130583
v -1.552197 1.023784 -0.130583
v -1.556452 1.028283 -0.130583
v -1.561447 1.032115 -0.130583
v -1.567171 1.035270 -0.130583
v -1.573614 1.037740 -0.130583
v -1.580765 1.039515 -0.130583
v -1.588613 1.040587 -0.130583
v -1.597148 1.040946 -0.130583
v -1.630484 1.040946 -0.130583
v -1.630484 0.893966 -0.130583
v -1.611218 0.893966 -0.130583
v -1.611218 1.023629 -0.130583
v -1.593684 1.023629 -0.130583
v -1.588652 1.023387 -0.130583
v -1.584053 1.022670 -0.130583
v -1.579888 1.021488 -0.130583
v -1.576159 1.019853 -0.130583
v -1.572865 1.017776 -0.130583
v -1.570009 1.015268 -0.130583
v -1.567589 1.012341 -0.130583
v -1.565608 1.009005 -0.130583
v -1.564066 1.005273 -0.130583
v -1.562963 1.001155 -0.130583
v -1.562301 0.996663 -0.130583
v -1.562080 0.991808 -0.130583
v -1.562346 0.987209 -0.130583
v -1.563126 0.982848 -0.130583
v -1.564390 0.978756 -0.130583
v -1.566113 0.974964 -0.130583
v -1.568266 0.971503 -0.130583
v -1.570820 0.968403 -0.130583
v -1.573749 0.965696 -0.130583
v -1.577024 0.963411 -0.130583
v -1.580619 0.961581 -0.130583
v -1.584504 0.960235 -0.130583
v -1.588652 0.959405 -0.130583
v -1.593035 0.959122 -0.130583
v -1.594554 0.959153 -0.130583
v -1.596081 0.959247 -0.130583
v -1.597611 0.959403 -0.130583
v -1.599144 0.959619 -0.130583
v -1.600677 0.959896 -0.130583
v -1.602208 0.960231 -0.130583
v -1.603734 0.960626 -0.130583
v -1.605253 0.961078 -0.130583
v -1.606764 0.961588 -0.130583
v -1.608263 0.962154 -0.130583
v -1.609748 0.962775 -0.130583
v -1.611218 0.963451 -0.130583
v -1.646286 0.961070 -0.130583
v -1.647358 0.960286 -0.130583
v -1.648407 0.959558 -0.130583
v -1.649428 0.958889 -0.130583
v -1.650414 0.958280 -0.130583
v -1.651362 0.957735 -0.130583
v -1.652265 0.957255 -0.130583
v -1.653119 0.956843 -0.130583
v -1.653918 0.956500 -0.130583
v -1.654657 0.956230 -0.130583
v -1.655330 0.956034 -0.130583
v -1.655933 0.955915 -0.130583
v -1.656459 0.955875 -0.130583
v -1.657032 0.955903 -0.130583
v -1.657559 0.955988 -0.130583
v -1.658039 0.956135 -0.130583
v -1.658472 0.956348 -0.130583
v -1.658856 0.956630 -0.130583
v -1.659192 0.956984 -0.130583
v -1.659478 0.957416 -0.130583
v -1.659714 0.957927 -0.130583
v -1.659899 0.958523 -0.130583
v -1.660032 0.959207 -0.130583
v -1.660112 0.959983 -0.130583
v -1.660139 0.960854 -0.130583
v -1.660139 1.010857 -0.130583
v -1.660457 1.016126 -0.130583
v -1.661385 1.020897 -0.130583
v -1.662882 1.025178 -0.130583
v -1.664910 1.028976 -0.130583
v -1.667427 1.032300 -0.130583
v -1.670394 1.035156 -0.130583
v -1.673772 1.037551 -0.130583
v -1.677521 1.039495 -0.130583
v -1.681600 1.040993 -0.130583
v -1.685970 1.042054 -0.130583
v -1.690591 1.042686 -0.130583
v -1.695423 1.042894 -0.130583
v -1.698869 1.042804 -0.130583
v -1.702172 1.042532 -0.130583
v -1.705333 1.042079 -0.130583
v -1.708355 1.041443 -0.130583
v -1.711238 1.040624 -0.130583
v -1.713985 1.039620 -0.130583
v -1.716596 1.038432 -0.130583
v -1.719074 1.037058 -0.130583
v -1.721419 1.035497 -0.130583
v -1.723634 1.033749 -0.130583
v -1.725719 1.031814 -0.130583
v -1.727677 1.029690 -0.130583
v -1.727677 1.008693 -0.130583
v -1.725319 1.011327 -0.130583
v -1.722904 1.013712 -0.130583
v -1.720438 1.015853 -0.130583
v -1.717927 1.017752 -0.130583
v -1.715378 1.019414 -0.130583
v -1.712794 1.020842 -0.130583
v -1.710184 1.022040 -0.130583
v -1.707553 1.023011 -0.130583
v -1.704907 1.023761 -0.130583
v -1.702252 1.024291 -0.130583
v -1.699594 1.024607 -0.130583
v -1.696938 1.024711 -0.130583
v -1.694138 1.024606 -0.130583
v -1.691581 1.024286 -0.130583
v -1.689267 1.023744 -0.130583
v -1.687197 1.022971 -0.130583
v -1.685371 1.021961 -0.130583
v -1.683788 1.020706 -0.130583
v -1.682449 1.019199 -0.130583
v -1.681353 1.017431 -0.130583
v -1.680501 1.015396 -0.130583
v -1.679892 1.013086 -0.130583
v -1.679526 1.010493 -0.130583
v -1.679405 1.007610 -0.130583
v -1.679405 1.002415 -0.130583
v -1.696505 0.996354 -0.130583
v -1.700431 0.994935 -0.130583
v -1.704370 0.993461 -0.130583
v -1.708255 0.991886 -0.130583
v -1.712019 0.990165 -0.130583
v -1.715593 0.988251 -0.130583
v -1.718910 0.986099 -0.130583
v -1.721902 0.983663 -0.130583
v -1.724502 0.980897 -0.130583
v -1.726641 0.977755 -0.130583
v -1.728254 0.974191 -0.130583
v -1.729271 0.970160 -0.130583
v -1.729625 0.965616 -0.130583
v -1.729429 0.962510 -0.130583
v -1.728853 0.959493 -0.130583
v -1.727913 0.956599 -0.130583
v -1.726626 0.953863 -0.130583
v -1.725008 0.951319 -0.130583
v -1.723077 0.949002 -0.130583
v -1.720847 0.946947 -0.130583
v -1.718336 0.945188 -0.130583
v -1.715561 0.943760 -0.130583
v -1.712538 0.942697 -0.130583
v -1.709283 0.942033 -0.130583
v -1.705813 0.941805 -0.130583
v -1.703595 0.941873 -0.130583
v -1.701378 0.942076 -0.130583
v -1.699164 0.942417 -0.130583
v -1.696954 0.942895 -0.130583
v -1.694751 0.943512 -0.130583
v -1.692555 0.944267 -0.130583
v -1.690368 0.945162 -0.130583
v -1.688192 0.946198 -0.130583
v -1.686027 0.947375 -0.130583
v -1.683876 0.948695 -0.130583
v -1.681741 0.950157 -0.130583
v -1.679621 0.951762 -0.130583
v -1.679129 0.950111 -0.130583
v -1.678516 0.948619 -0.130583
v -1.677778 0.947284 -0.130583
v -1.676911 0.946102 -0.130583
v -1.675913 0.945070 -0.130583
v -1.674778 0.944186 -0.130583
v -1.673503 0.943446 -0.130583
v -1.672085 0.942847 -0.130583
v -1.670519 0.942387 -0.130583
v -1.668803 0.942061 -0.130583
v -1.666931 0.941868 -0.130583
v -1.664901 0.941805 -0.130583
v -1.663431 0.941842 -0.130583
v -1.662034 0.941960 -0.130583
v -1.660684 0.942167 -0.130583
v -1.659353 0.942470 -0.130583
v -1.658017 0.942879 -0.130583
v -1.656649 0.943401 -0.130583
v -1.655222 0.944045 -0.130583
v -1.653709 0.944819 -0.130583
v -1.652086 0.945732 -0.130583
v -1.650325 0.946791 -0.130583
v -1.648400 0.948004 -0.130583
v -1.646286 0.949381 -0.130583
v -1.679405 0.963451 -0.130583
v -1.680712 0.962248 -0.130583
v -1.682038 0.961129 -0.130583
v -1.683382 0.960099 -0.130583
v -1.684744 0.959162 -0.130583
v -1.686124 0.958321 -0.130583
v -1.687522 0.957580 -0.130583
v -1.688938 0.956942 -0.130583
v -1.690372 0.956412 -0.130583
v -1.691824 0.955993 -0.130583
v -1.693294 0.955690 -0.130583
v -1.694783 0.955505 -0.130583
v -1.696289 0.955442 -0.130583
v -1.698244 0.955557 -0.130583
v -1.700096 0.955896 -0.130583
v -1.701833 0.956447 -0.130583
v -1.703440 0.957198 -0.130583
v -1.704907 0.958139 -0.130583
v -1.706219 0.959257 -0.130583
v -1.707365 0.960543 -0.130583
v -1.708331 0.961984 -0.130583
v -1.709104 0.963570 -0.130583
v -1.709673 0.965288 -0.130583
v -1.710023 0.967129 -0.130583
v -1.710143 0.969079 -0.130583
v -1.709852 0.971829 -0.130583
v -1.709008 0.974356 -0.130583
v -1.707653 0.976679 -0.130583
v -1.705830 0.978820 -0.130583
v -1.703579 0.980799 -0.130583
v -1.700943 0.982636 -0.130583
v -1.697965 0.984350 -0.130583
v -1.694686 0.985964 -0.130583
v -1.691148 0.987496 -0.130583
v -1.687394 0.988967 -0.130583
v -1.683465 0.990398 -0.130583
v -1.679405 0.991808 -0.130583
v -1.785473 0.941805 -0.130583
v -1.778979 0.941805 -0.130583
v -1.736119 1.040946 -0.130583
v -1.756683 1.040946 -0.130583
v -1.782226 0.981202 -0.130583
v -1.808418 1.040946 -0.130583
v -1.829415 1.040946 -0.130583
v -1.838940 0.971893 -0.130583
v -1.841750 0.970117 -0.130583
v -1.844554 0.968472 -0.130583
v -1.847355 0.966962 -0.130583
v -1.850156 0.965592 -0.130583
v -1.852960 0.964366 -0.130583
v -1.855770 0.963289 -0.130583
v -1.858589 0.962365 -0.130583
v -1.861420 0.961599 -0.130583
v -1.864266 0.960996 -0.130583
v -1.867130 0.960559 -0.130583
v -1.870016 0.960294 -0.130583
v -1.872925 0.960204 -0.130583
v -1.877421 0.960411 -0.130583
v -1.881599 0.961031 -0.130583
v -1.885460 0.962061 -0.130583
v -1.888999 0.963499 -0.130583
v -1.892218 0.965343 -0.130583
v -1.895113 0.967591 -0.130583
v -1.897683 0.970240 -0.130583
v -1.899927 0.973288 -0.130583
v -1.901843 0.976733 -0.130583
v -1.903430 0.980573 -0.130583
v -1.904687 0.984805 -0.130583
v -1.905611 0.989427 -0.130583
v -1.837208 0.989427 -0.130583
v -1.837547 0.998028 -0.130583
v -1.838546 1.005865 -0.130583
v -1.840181 1.012941 -0.130583
v -1.842427 1.019259 -0.130583
v -1.845260 1.024823 -0.130583
v -1.848654 1.029636 -0.130583
v -1.852584 1.033699 -0.130583
v -1.857027 1.037017 -0.130583
v -1.861956 1.039593 -0.130583
v -1.867348 1.041429 -0.130583
v -1.873177 1.042528 -0.130583
v -1.879419 1.042894 -0.130583
v -1.885952 1.042485 -0.130583
v -1.892106 1.041283 -0.130583
v -1.897845 1.039322 -0.130583
v -1.903134 1.036641 -0.130583
v -1.907935 1.033273 -0.130583
v -1.912213 1.029257 -0.130583
v -1.915932 1.024627 -0.130583
v -1.919056 1.019420 -0.130583
v -1.921548 1.013671 -0.130583
v -1.923373 1.007418 -0.130583
v -1.924495 1.000695 -0.130583
v -1.924876 0.993540 -0.130583
v -1.924527 0.986883 -0.130583
v -1.923486 0.980388 -0.130583
v -1.921765 0.974133 -0.130583
v -1.919377 0.968198 -0.130583
v -1.916333 0.962662 -0.130583
v -1.912646 0.957607 -0.130583
v -1.908328 0.953110 -0.130583
v -1.903390 0.949253 -0.130583
v -1.897845 0.946114 -0.130583
v -1.891705 0.943773 -0.130583
v -1.884982 0.942310 -0.130583
v -1.877687 0.941805 -0.130583
v -1.873692 0.941882 -0.130583
v -1.869916 0.942113 -0.130583
v -1.866336 0.942501 -0.130583
v -1.862927 0.943047 -0.130583
v -1.859666 0.943753 -0.130583
v -1.856528 0.944619 -0.130583
v -1.853488 0.945647 -0.130583
v -1.850525 0.946840 -0.130583
v -1.847612 0.948197 -0.130583
v -1.844726 0.949722 -0.130583
v -1.841843 0.951415 -0.130583
v -1.838940 0.953277 -0.130583
v -1.905178 1.002199 -0.130583
v -1.904398 1.005900 -0.130583
v -1.903358 1.009315 -0.130583
v -1.902060 1.012437 -0.130583
v -1.900504 1.015259 -0.130583
v -1.898693 1.017774 -0.130583
v -1.896628 1.019976 -0.130583
v -1.894310 1.021858 -0.130583
v -1.891741 1.023412 -0.130583
v -1.888923 1.024633 -0.130583
v -1.885857 1.025514 -0.130583
v -1.882544 1.026047 -0.130583
v -1.878986 1.026226 -0.130583
v -1.875686 1.026035 -0.130583
v -1.872612 1.025469 -0.130583
v -1.869773 1.024542 -0.130583
v -1.867176 1.023268 -0.130583
v -1.864833 1.021660 -0.130583
v -1.862751 1.019732 -0.130583
v -1.860940 1.017498 -0.130583
v -1.859408 1.014970 -0.130583
v -1.858165 1.012163 -0.130583
v -1.857219 1.009089 -0.130583
v -1.856580 1.005764 -0.130583
v -1.856257 1.002199 -0.130583
v 1.927992 1.134676 -0.130583
v 1.932082 1.136054 -0.130583
v 1.935806 1.137781 -0.130583
v 1.939163 1.139820 -0.130583
v 1.942158 1.142132 -0.130583
v 1.944793 1.144678 -0.130583
v 1.947068 1.147420 -0.130583
v 1.948987 1.150320 -0.130583
v 1.950553 1.153340 -0.130583
v 1.951766 1.156440 -0.130583
v 1.952630 1.159584 -0.130583
v 1.953147 1.162732 -0.130583
v 1.953318 1.165847 -0.130583
v 1.953193 1.168943 -0.130583
v 1.952826 1.171836 -0.130583
v 1.952226 1.174515 -0.130583
v 1.951402 1.176966 -0.130583
v 1.950365 1.179177 -0.130583
v 1.949124 1.181134 -0.130583
v 1.947689 1.182826 -0.130583
v 1.946070 1.184238 -0.130583
v 1.944277 1.185359 -0.130583
v 1.942320 1.186175 -0.130583
v 1.940207 1.186674 -0.130583
v 1.937949 1.186844 -0.130583
v 1.936152 1.186737 -0.130583
v 1.934447 1.186426 -0.130583
v 1.932848 1.185920 -0.130583
v 1.931366 1.185232 -0.130583
v 1.930014 1.184373 -0.130583
v 1.928803 1.183353 -0.130583
v 1.927745 1.182185 -0.130583
v 1.926853 1.180879 -0.130583
v 1.926138 1.179447 -0.130583
v 1.925612 1.177899 -0.130583
v 1.925288 1.176249 -0.130583
v 1.925177 1.174505 -0.130583
v 1.925266 1.172770 -0.130583
v 1.925527 1.171142 -0.130583
v 1.925952 1.169628 -0.130583
v 1.926533 1.168236 -0.130583
v 1.927260 1.166973 -0.130583
v 1.928127 1.165847 -0.130583
v 1.929125 1.164865 -0.130583
v 1.930245 1.164035 -0.130583
v 1.931479 1.163364 -0.130583
v 1.932819 1.162860 -0.130583
v 1.934257 1.162531 -0.130583
v 1.935784 1.162383 -0.130583
v 1.936176 1.160373 -0.130583
v 1.936379 1.158260 -0.130583
v 1.936393 1.156079 -0.130583
v 1.936217 1.153861 -0.130583
v 1.935852 1.151640 -0.130583
v 1.935297 1.149449 -0.130583
v 1.934553 1.147322 -0.130583
v 1.933620 1.145290 -0.130583
v 1.932497 1.143388 -0.130583
v 1.931185 1.141649 -0.130583
v 1.929683 1.140104 -0.130583
v 1.927992 1.138788 -0.130583
v 1.906345 1.188359 -0.130583
v 1.903535 1.186583 -0.130583
v 1.900731 1.184938 -0.130583
v 1.897930 1.183428 -0.130583
v 1.895129 1.182057 -0.130583
v 1.892325 1.180832 -0.130583
v 1.889515 1.179754 -0.130583
v 1.886696 1.178831 -0.130583
v 1.883865 1.178065 -0.130583
v 1.881019 1.177461 -0.130583
v 1.878155 1.177025 -0.130583
v 1.875270 1.176759 -0.130583
v 1.872360 1.176670 -0.130583
v 1.867864 1.176877 -0.130583
v 1.863685 1.177497 -0.130583
v 1.859825 1.178527 -0.130583
v 1.856286 1.179965 -0.130583
v 1.853067 1.181809 -0.130583
v 1.850172 1.184057 -0.130583
v 1.847602 1.186706 -0.130583
v 1.845358 1.189754 -0.130583
v 1.843441 1.193199 -0.130583
v 1.841854 1.197039 -0.130583
v 1.840598 1.201271 -0.130583
v 1.839674 1.205893 -0.130583
v 1.908077 1.205893 -0.130583
v 1.907738 1.214493 -0.130583
v 1.906739 1.222330 -0.130583
v 1.905104 1.229406 -0.130583
v 1.902858 1.235725 -0.130583
v 1.900025 1.241289 -0.130583
v 1.896632 1.246101 -0.130583
v 1.892701 1.250165 -0.130583
v 1.888258 1.253483 -0.130583
v 1.883329 1.256058 -0.130583
v 1.877938 1.257895 -0.130583
v 1.872108 1.258994 -0.130583
v 1.865866 1.259360 -0.130583
v 1.859333 1.258951 -0.130583
v 1.853179 1.257748 -0.130583
v 1.847439 1.255788 -0.130583
v 1.842151 1.253106 -0.130583
v 1.837349 1.249739 -0.130583
v 1.833071 1.245722 -0.130583
v 1.829352 1.241092 -0.130583
v 1.826228 1.235885 -0.130583
v 1.823736 1.230137 -0.130583
v 1.821911 1.223883 -0.130583
v 1.820789 1.217161 -0.130583
v 1.820408 1.210006 -0.130583
v 1.820758 1.203349 -0.130583
v 1.821799 1.196853 -0.130583
v 1.823520 1.190598 -0.130583
v 1.825908 1.184663 -0.130583
v 1.828952 1.179128 -0.130583
v 1.832639 1.174072 -0.130583
v 1.836957 1.169576 -0.130583
v 1.841895 1.165718 -0.130583
v 1.847440 1.162579 -0.130583
v 1.853580 1.160238 -0.130583
v 1.860304 1.158776 -0.130583
v 1.867598 1.158270 -0.130583
v 1.871593 1.158347 -0.130583
v 1.875369 1.158579 -0.130583
v 1.878949 1.158967 -0.130583
v 1.882357 1.159513 -0.130583
v 1.885619 1.160218 -0.130583
v 1.888757 1.161084 -0.130583
v 1.891796 1.162113 -0.130583
v 1.894760 1.163305 -0.130583
v 1.897673 1.164663 -0.130583
v 1.900559 1.166187 -0.130583
v 1.903442 1.167880 -0.130583
v 1.906345 1.169743 -0.130583
v 1.840106 1.218664 -0.130583
v 1.840886 1.222365 -0.130583
v 1.841927 1.225780 -0.130583
v 1.843225 1.228902 -0.130583
v 1.844781 1.231724 -0.130583
v 1.846592 1.234239 -0.130583
v 1.848657 1.236441 -0.130583
v 1.850975 1.238323 -0.130583
v 1.853544 1.239878 -0.130583
v 1.856362 1.241099 -0.130583
v 1.859429 1.241979 -0.130583
v 1.862742 1.242512 -0.130583
v 1.866299 1.242692 -0.130583
v 1.869599 1.242500 -0.130583
v 1.872673 1.241934 -0.130583
v 1.875513 1.241007 -0.130583
v 1.878109 1.239733 -0.130583
v 1.880452 1.238126 -0.130583
v 1.882535 1.236198 -0.130583
v 1.884346 1.233963 -0.130583
v 1.885877 1.231436 -0.130583
v 1.887121 1.228628 -0.130583
v 1.888066 1.225555 -0.130583
v 1.888705 1.222229 -0.130583
v 1.889028 1.218664 -0.130583
v 1.740749 1.257411 -0.130583
v 1.740749 1.160218 -0.130583
v 1.760015 1.160218 -0.130583
v 1.760015 1.211088 -0.130583
v 1.760227 1.215177 -0.130583
v 1.760845 1.219088 -0.130583
v 1.761844 1.222787 -0.130583
v 1.763197 1.226240 -0.130583
v 1.764878 1.229414 -0.130583
v 1.766860 1.232274 -0.130583
v 1.769118 1.234787 -0.130583
v 1.771624 1.236919 -0.130583
v 1.774352 1.238636 -0.130583
v 1.777277 1.239905 -0.130583
v 1.780371 1.240691 -0.130583
v 1.783609 1.240960 -0.130583
v 1.784806 1.240880 -0.130583
v 1.786113 1.240645 -0.130583
v 1.787513 1.240263 -0.130583
v 1.788989 1.239741 -0.130583
v 1.790526 1.239087 -0.130583
v 1.792106 1.238308 -0.130583
v 1.793713 1.237412 -0.130583
v 1.795331 1.236406 -0.130583
v 1.796942 1.235298 -0.130583
v 1.798532 1.234095 -0.130583
v 1.800082 1.232805 -0.130583
v 1.801576 1.231436 -0.130583
v 1.811749 1.248103 -0.130583
v 1.809760 1.249916 -0.130583
v 1.807794 1.251568 -0.130583
v 1.805847 1.253058 -0.130583
v 1.803917 1.254389 -0.130583
v 1.801998 1.255560 -0.130583
v 1.800088 1.256573 -0.130583
v 1.798182 1.257427 -0.130583
v 1.796277 1.258125 -0.130583
v 1.794369 1.258666 -0.130583
v 1.792454 1.259052 -0.130583
v 1.790528 1.259283 -0.130583
v 1.788588 1.259360 -0.130583
v 1.786311 1.259209 -0.130583
v 1.784023 1.258751 -0.130583
v 1.781725 1.257976 -0.130583
v 1.779416 1.256874 -0.130583
v 1.777095 1.255436 -0.130583
v 1.774761 1.253650 -0.130583
v 1.772413 1.251509 -0.130583
v 1.770051 1.249001 -0.130583
v 1.767675 1.246118 -0.130583
v 1.765282 1.242849 -0.130583
v 1.762873 1.239185 -0.130583
v 1.760447 1.235115 -0.130583
v 1.760015 1.235115 -0.130583
v 1.760015 1.257411 -0.130583
v 1.689879 1.277543 -0.130583
v 1.653730 1.242259 -0.130583
v 1.653730 1.240094 -0.130583
v 1.670614 1.240094 -0.130583
v 1.670614 1.188792 -0.130583
v 1.670835 1.184508 -0.130583
v 1.671497 1.180443 -0.130583
v 1.672599 1.176626 -0.130583
v 1.674141 1.173086 -0.130583
v 1.676122 1.169853 -0.130583
v 1.678542 1.166956 -0.130583
v 1.681399 1.164424 -0.130583
v 1.684692 1.162287 -0.130583
v 1.688422 1.160574 -0.130583
v 1.692586 1.159313 -0.130583
v 1.697185 1.158536 -0.130583
v 1.702218 1.158270 -0.130583
v 1.703869 1.158328 -0.130583
v 1.705664 1.158496 -0.130583
v 1.707576 1.158767 -0.130583
v 1.709578 1.159136 -0.130583
v 1.711644 1.159595 -0.130583
v 1.713745 1.160137 -0.130583
v 1.715856 1.160756 -0.130583
v 1.717948 1.161445 -0.130583
v 1.719996 1.162197 -0.130583
v 1.721971 1.163005 -0.130583
v 1.723847 1.163863 -0.130583
v 1.725596 1.164764 -0.130583
v 1.725596 1.182731 -0.130583
v 1.723661 1.181590 -0.130583
v 1.721752 1.180548 -0.130583
v 1.719867 1.179606 -0.130583
v 1.718004 1.178762 -0.130583
v 1.716162 1.178018 -0.130583
v 1.714340 1.177373 -0.130583
v 1.712536 1.176828 -0.130583
v 1.710748 1.176381 -0.130583
v 1.708975 1.176034 -0.130583
v 1.707217 1.175786 -0.130583
v 1.705470 1.175637 -0.130583
v 1.703733 1.175587 -0.130583
v 1.702279 1.175658 -0.130583
v 1.700753 1.175881 -0.130583
v 1.699194 1.176274 -0.130583
v 1.697640 1.176854 -0.130583
v 1.696128 1.177639 -0.130583
v 1.694696 1.178645 -0.130583
v 1.693381 1.179890 -0.130583
v 1.692221 1.181392 -0.130583
v 1.691253 1.183167 -0.130583
v 1.690515 1.185233 -0.130583
v 1.690045 1.187607 -0.130583
v 1.689879 1.190307 -0.130583
v 1.689879 1.240094 -0.130583
v 1.720618 1.240094 -0.130583
v 1.720618 1.257411 -0.130583
v 1.689879 1.257411 -0.130583
v 1.640525 1.251350 -0.130583
v 1.637999 1.252645 -0.130583
v 1.635507 1.253823 -0.130583
v 1.633047 1.254885 -0.130583
v 1.630616 1.255832 -0.130583
v 1.628212 1.256665 -0.130583
v 1.625832 1.257384 -0.130583
v 1.623476 1.257991 -0.130583
v 1.621139 1.258486 -0.130583
v 1.618821 1.258869 -0.130583
v 1.616518 1.259142 -0.130583
v 1.614229 1.259305 -0.130583
v 1.611951 1.259360 -0.130583
v 1.607229 1.259154 -0.130583
v 1.602814 1.258546 -0.130583
v 1.598727 1.257547 -0.130583
v 1.594987 1.256169 -0.130583
v 1.591614 1.254424 -0.130583
v 1.588627 1.252324 -0.130583
v 1.586046 1.249882 -0.130583
v 1.583891 1.247109 -0.130583
v 1.582181 1.244018 -0.130583
v 1.580935 1.240619 -0.130583
v 1.580173 1.236926 -0.130583
v 1.579915 1.232951 -0.130583
v 1.580809 1.226785 -0.130583
v 1.583282 1.221325 -0.130583
v 1.587018 1.216483 -0.130583
v 1.591700 1.212170 -0.130583
v 1.597013 1.208300 -0.130583
v 1.602643 1.204783 -0.130583
v 1.608273 1.201533 -0.130583
v 1.613586 1.198461 -0.130583
v 1.618269 1.195479 -0.130583
v 1.622005 1.192499 -0.130583
v 1.624477 1.189433 -0.130583
v 1.625372 1.186194 -0.130583
v 1.625240 1.184530 -0.130583
v 1.624855 1.183001 -0.130583
v 1.624236 1.181608 -0.130583
v 1.623400 1.180350 -0.130583
v 1.622366 1.179227 -0.130583
v 1.621151 1.178239 -0.130583
v 1.619775 1.177387 -0.130583
v 1.618253 1.176670 -0.130583
v 1.616606 1.176088 -0.130583
v 1.614850 1.175642 -0.130583
v 1.613004 1.175330 -0.130583
v 1.611086 1.175155 -0.130583
v 1.609062 1.175241 -0.130583
v 1.606894 1.175499 -0.130583
v 1.604591 1.175932 -0.130583
v 1.602162 1.176542 -0.130583
v 1.599616 1.177328 -0.130583
v 1.596961 1.178293 -0.130583
v 1.594207 1.179439 -0.130583
v 1.591362 1.180767 -0.130583
v 1.588437 1.182278 -0.130583
v 1.585440 1.183973 -0.130583
v 1.582379 1.185856 -0.130583
v 1.579265 1.187926 -0.130583
v 1.579265 1.167145 -0.130583
v 1.582340 1.165606 -0.130583
v 1.585299 1.164233 -0.130583
v 1.588164 1.163019 -0.130583
v 1.590955 1.161958 -0.130583
v 1.593691 1.161045 -0.130583
v 1.596393 1.160272 -0.130583
v 1.599082 1.159636 -0.130583
v 1.601778 1.159128 -0.130583
v 1.604501 1.158744 -0.130583
v 1.607271 1.158477 -0.130583
v 1.610108 1.158321 -0.130583
v 1.613034 1.158270 -0.130583
v 1.617529 1.158506 -0.130583
v 1.621796 1.159199 -0.130583
v 1.625802 1.160330 -0.130583
v 1.629517 1.161878 -0.130583
v 1.632911 1.163823 -0.130583
v 1.635952 1.166144 -0.130583
v 1.638610 1.168822 -0.130583
v 1.640853 1.171835 -0.130583
v 1.642652 1.175165 -0.130583
v 1.643975 1.178789 -0.130583
v 1.644791 1.182689 -0.130583
v 1.645071 1.186844 -0.130583
v 1.644946 1.189270 -0.130583
v 1.644563 1.191585 -0.130583
v 1.643907 1.193815 -0.130583
v 1.642962 1.195983 -0.130583
v 1.641713 1.198116 -0.130583
v 1.640146 1.200238 -0.130583
v 1.638245 1.202372 -0.130583
v 1.635996 1.204546 -0.130583
v 1.633382 1.206782 -0.130583
v 1.630389 1.209107 -0.130583
v 1.627003 1.211544 -0.130583
v 1.623208 1.214118 -0.130583
v 1.619151 1.216511 -0.130583
v 1.615522 1.218718 -0.130583
v 1.612307 1.220754 -0.130583
v 1.609491 1.222633 -0.130583
v 1.607059 1.224367 -0.130583
v 1.604998 1.225970 -0.130583
v 1.603293 1.227456 -0.130583
v 1.601930 1.228838 -0.130583
v 1.600895 1.230130 -0.130583
v 1.600174 1.231345 -0.130583
v 1.599751 1.232498 -0.130583
v 1.599613 1.233600 -0.130583
v 1.599715 1.234866 -0.130583
v 1.600018 1.236062 -0.130583
v 1.600512 1.237179 -0.130583
v 1.601192 1.238210 -0.130583
v 1.602049 1.239148 -0.130583
v 1.603076 1.239986 -0.130583
v 1.604265 1.240715 -0.130583
v 1.605610 1.241329 -0.130583
v 1.607101 1.241819 -0.130583
v 1.608732 1.242179 -0.130583
v 1.610496 1.242400 -0.130583
v 1.612385 1.242475 -0.130583
v 1.614232 1.242411 -0.130583
v 1.616198 1.242218 -0.130583
v 1.618273 1.241890 -0.130583
v 1.620450 1.241425 -0.130583
v 1.622720 1.240819 -0.130583
v 1.625075 1.240067 -0.130583
v 1.627506 1.239167 -0.130583
v 1.630006 1.238114 -0.130583
v 1.632567 1.236905 -0.130583
v 1.635179 1.235535 -0.130583
v 1.637834 1.234002 -0.130583
v 1.640525 1.232301 -0.130583
v 1.561515 1.188359 -0.130583
v 1.558705 1.186583 -0.130583
v 1.555902 1.184938 -0.130583
v 1.553101 1.183428 -0.130583
v 1.550300 1.182057 -0.130583
v 1.547495 1.180832 -0.130583
v 1.544685 1.179754 -0.130583
v 1.541866 1.178831 -0.130583
v 1.539035 1.178065 -0.130583
v 1.536189 1.177461 -0.130583
v 1.533325 1.177025 -0.130583
v 1.530440 1.176759 -0.130583
v 1.527530 1.176670 -0.130583
v 1.523034 1.176877 -0.130583
v 1.518856 1.177497 -0.130583
v 1.514996 1.178527 -0.130583
v 1.511456 1.179965 -0.130583
v 1.508238 1.181809 -0.130583
v 1.505343 1.184057 -0.130583
v 1.502772 1.186706 -0.130583
v 1.500528 1.189754 -0.130583
v 1.498612 1.193199 -0.130583
v 1.497025 1.197039 -0.130583
v 1.495769 1.201271 -0.130583
v 1.494844 1.205893 -0.130583
v 1.563247 1.205893 -0.130583
v 1.562908 1.214493 -0.130583
v 1.561909 1.222330 -0.130583
v 1.560274 1.229406 -0.130583
v 1.558028 1.235725 -0.130583
v 1.555196 1.241289 -0.130583
v 1.551802 1.246101 -0.130583
v 1.547872 1.250165 -0.130583
v 1.543429 1.253483 -0.130583
v 1.538500 1.256058 -0.130583
v 1.533108 1.257895 -0.130583
v 1.527279 1.258994 -0.130583
v 1.521036 1.259360 -0.130583
v 1.514503 1.258951 -0.130583
v 1.508349 1.257748 -0.130583
v 1.502609 1.255788 -0.130583
v 1.497321 1.253106 -0.130583
v 1.492520 1.249739 -0.130583
v 1.488242 1.245722 -0.130583
v 1.484523 1.241092 -0.130583
v 1.481399 1.235885 -0.130583
v 1.478907 1.230137 -0.130583
v 1.477082 1.223883 -0.130583
v 1.475960 1.217161 -0.130583
v 1.475579 1.210006 -0.130583
v 1.475928 1.203349 -0.130583
v 1.476969 1.196853 -0.130583
v 1.478690 1.190598 -0.130583
v 1.481078 1.184663 -0.130583
v 1.484122 1.179128 -0.130583
v 1.487809 1.174072 -0.130583
v 1.492127 1.169576 -0.130583
v 1.497065 1.165718 -0.130583
v 1.502609 1.162579 -0.130583
v 1.508750 1.160238 -0.130583
v 1.515473 1.158776 -0.130583
v 1.522768 1.158270 -0.130583
v 1.526763 1.158347 -0.130583
v 1.530539 1.158579 -0.130583
v 1.534119 1.158967 -0.130583
v 1.537527 1.159513 -0.130583
v 1.540789 1.160218 -0.130583
v 1.543927 1.161084 -0.130583
v 1.546967 1.162113 -0.130583
v 1.549931 1.163305 -0.130583
v 1.552843 1.164663 -0.130583
v 1.555729 1.166187 -0.130583
v 1.558612 1.167880 -0.130583
v 1.561515 1.169743 -0.130583
v 1.495277 1.218664 -0.130583
v 1.496057 1.222365 -0.130583
v 1.497097 1.225780 -0.130583
v 1.498395 1.228902 -0.130583
v 1.499951 1.231724 -0.130583
v 1.501762 1.234239 -0.130583
v 1.503827 1.236441 -0.130583
v 1.506145 1.238323 -0.130583
v 1.508713 1.239878 -0.130583
v 1.511532 1.241099 -0.130583
v 1.514598 1.241979 -0.130583
v 1.517911 1.242512 -0.130583
v 1.521469 1.242692 -0.130583
v 1.524769 1.242500 -0.130583
v 1.527843 1.241934 -0.130583
v 1.530683 1.241007 -0.130583
v 1.533279 1.239733 -0.130583
v 1.535622 1.238126 -0.130583
v 1.537704 1.236198 -0.130583
v 1.539516 1.233963 -0.130583
v 1.541048 1.231436 -0.130583
v 1.542291 1.228628 -0.130583
v 1.543236 1.225555 -0.130583
v 1.543875 1.222229 -0.130583
v 1.544198 1.218664 -0.130583
v 1.395919 1.257411 -0.130583
v 1.395919 1.160218 -0.130583
v 1.415184 1.160218 -0.130583
v 1.415184 1.211088 -0.130583
v 1.415397 1.215177 -0.130583
v 1.416015 1.219088 -0.130583
v 1.417014 1.222787 -0.130583
v 1.418367 1.226240 -0.130583
v 1.420048 1.229414 -0.130583
v 1.422030 1.232274 -0.130583
v 1.424288 1.234787 -0.130583
v 1.426793 1.236919 -0.130583
v 1.429522 1.238636 -0.130583
v 1.432446 1.239905 -0.130583
v 1.435541 1.240691 -0.130583
v 1.438779 1.240960 -0.130583
v 1.439976 1.240880 -0.130583
v 1.441283 1.240645 -0.130583
v 1.442683 1.240263 -0.130583
v 1.444159 1.239741 -0.130583
v 1.445695 1.239087 -0.130583
v 1.447276 1.238308 -0.130583
v 1.448883 1.237412 -0.130583
v 1.450500 1.236406 -0.130583
v 1.452112 1.235298 -0.130583
v 1.453701 1.234095 -0.130583
v 1.455251 1.232805 -0.130583
v 1.456746 1.231436 -0.130583
v 1.466920 1.248103 -0.130583
v 1.464931 1.249916 -0.130583
v 1.462964 1.251568 -0.130583
v 1.461018 1.253058 -0.130583
v 1.459087 1.254389 -0.130583
v 1.457168 1.255560 -0.130583
v 1.455258 1.256573 -0.130583
v 1.453351 1.257427 -0.130583
v 1.451446 1.258125 -0.130583
v 1.449538 1.258666 -0.130583
v 1.447623 1.259052 -0.130583
v 1.445698 1.259283 -0.130583
v 1.443758 1.259360 -0.130583
v 1.441481 1.259209 -0.130583
v 1.439193 1.258751 -0.130583
v 1.436895 1.257976 -0.130583
v 1.434587 1.256874 -0.130583
v 1.432265 1.255436 -0.130583
v 1.429931 1.253650 -0.130583
v 1.427584 1.251509 -0.130583
v 1.425222 1.249001 -0.130583
v 1.422846 1.246118 -0.130583
v 1.420453 1.242849 -0.130583
v 1.418044 1.239185 -0.130583
v 1.415617 1.235115 -0.130583
v 1.415184 1.235115 -0.130583
v 1.415184 1.257411 -0.130583
v 1.310199 1.257411 -0.130583
v 1.310199 1.160218 -0.130583
v 1.329464 1.160218 -0.130583
v 1.329464 1.211088 -0.130583
v 1.329676 1.215177 -0.130583
v 1.330295 1.219088 -0.130583
v 1.331294 1.222787 -0.130583
v 1.332647 1.226240 -0.130583
v 1.334328 1.229414 -0.130583
v 1.336310 1.232274 -0.130583
v 1.338567 1.234787 -0.130583
v 1.341073 1.236919 -0.130583
v 1.343801 1.238636 -0.130583
v 1.346726 1.239905 -0.130583
v 1.349821 1.240691 -0.130583
v 1.353059 1.240960 -0.130583
v 1.354256 1.240880 -0.130583
v 1.355562 1.240645 -0.130583
v 1.356962 1.240263 -0.130583
v 1.358439 1.239741 -0.130583
v 1.359975 1.239087 -0.130583
v 1.361555 1.238308 -0.130583
v 1.363162 1.237412 -0.130583
v 1.364780 1.236406 -0.130583
v 1.366392 1.235298 -0.130583
v 1.367981 1.234095 -0.130583
v 1.369531 1.232805 -0.130583
v 1.371026 1.231436 -0.130583
v 1.381200 1.248103 -0.130583
v 1.379210 1.249916 -0.130583
v 1.377244 1.251568 -0.130583
v 1.375298 1.253058 -0.130583
v 1.373367 1.254389 -0.130583
v 1.371448 1.255560 -0.130583
v 1.369537 1.256573 -0.130583
v 1.367631 1.257427 -0.130583
v 1.365726 1.258125 -0.130583
v 1.363818 1.258666 -0.130583
v 1.361903 1.259052 -0.130583
v 1.359977 1.259283 -0.130583
v 1.358038 1.259360 -0.130583
v 1.355760 1.259209 -0.130583
v 1.353473 1.258751 -0.130583
v 1.351175 1.257976 -0.130583
v 1.348866 1.256874 -0.130583
v 1.346545 1.255436 -0.130583
v 1.344211 1.253650 -0.130583
v 1.341864 1.251509 -0.130583
v 1.339502 1.249001 -0.130583
v 1.337125 1.246118 -0.130583
v 1.334733 1.242849 -0.130583
v 1.332324 1.239185 -0.130583
v 1.329897 1.235115 -0.130583
v 1.329464 1.235115 -0.130583
v 1.329464 1.257411 -0.130583
v 1.286388 1.188359 -0.130583
v 1.283578 1.186583 -0.130583
v 1.280774 1.184938 -0.130583
v 1.277973 1.183428 -0.130583
v 1.275172 1.182057 -0.130583
v 1.272368 1.180832 -0.130583
v 1.269557 1.179754 -0.130583
v 1.266738 1.178831 -0.130583
v 1.263907 1.178065 -0.130583
v 1.261061 1.177461 -0.130583
v 1.258197 1.177025 -0.130583
v 1.255312 1.176759 -0.130583
v 1.252403 1.176670 -0.130583
v 1.247907 1.176877 -0.130583
v 1.243728 1.177497 -0.130583
v 1.239868 1.178527 -0.130583
v 1.236328 1.179965 -0.130583
v 1.233110 1.181809 -0.130583
v 1.230215 1.184057 -0.130583
v 1.227645 1.186706 -0.130583
v 1.225401 1.189754 -0.130583
v 1.223485 1.193199 -0.130583
v 1.221897 1.197039 -0.130583
v 1.220641 1.201271 -0.130583
v 1.219716 1.205893 -0.130583
v 1.288119 1.205893 -0.130583
v 1.287781 1.214493 -0.130583
v 1.286782 1.222330 -0.130583
v 1.285146 1.229406 -0.130583
v 1.282900 1.235725 -0.130583
v 1.280067 1.241289 -0.130583
v 1.276674 1.246101 -0.130583
v 1.272743 1.250165 -0.130583
v 1.268301 1.253483 -0.130583
v 1.263371 1.256058 -0.130583
v 1.257980 1.257895 -0.130583
v 1.252150 1.258994 -0.130583
v 1.245909 1.259360 -0.130583
v 1.239376 1.258951 -0.130583
v 1.233221 1.257748 -0.130583
v 1.227482 1.255788 -0.130583
v 1.222193 1.253106 -0.130583
v 1.217392 1.249739 -0.130583
v 1.213114 1.245722 -0.130583
v 1.209395 1.241092 -0.130583
v 1.206271 1.235885 -0.130583
v 1.203779 1.230137 -0.130583
v 1.201954 1.223883 -0.130583
v 1.200833 1.217161 -0.130583
v 1.200451 1.210006 -0.130583
v 1.200801 1.203349 -0.130583
v 1.201842 1.196853 -0.130583
v 1.203562 1.190598 -0.130583
v 1.205951 1.184663 -0.130583
v 1.208994 1.179128 -0.130583
v 1.212681 1.174072 -0.130583
v 1.217000 1.169576 -0.130583
v 1.221937 1.165718 -0.130583
v 1.227482 1.162579 -0.130583
v 1.233622 1.160238 -0.130583
v 1.240346 1.158776 -0.130583
v 1.247640 1.158270 -0.130583
v 1.251636 1.158347 -0.130583
v 1.255411 1.158579 -0.130583
v 1.258991 1.158967 -0.130583
v 1.262400 1.159513 -0.130583
v 1.265662 1.160218 -0.130583
v 1.268800 1.161084 -0.130583
v 1.271839 1.162113 -0.130583
v 1.274803 1.163305 -0.130583
v 1.277716 1.164663 -0.130583
v 1.280601 1.166187 -0.130583
v 1.283484 1.167880 -0.130583
v 1.286388 1.169743 -0.130583
v 1.220149 1.218664 -0.130583
v 1.220929 1.222365 -0.130583
v 1.221969 1.225780 -0.130583
v 1.223268 1.228902 -0.130583
v 1.224823 1.231724 -0.130583
v 1.226634 1.234239 -0.130583
v 1.228699 1.236441 -0.130583
v 1.231017 1.238323 -0.130583
v 1.233586 1.239878 -0.130583
v 1.236404 1.241099 -0.130583
v 1.239470 1.241979 -0.130583
v 1.242784 1.242512 -0.130583
v 1.246342 1.242692 -0.130583
v 1.249641 1.242500 -0.130583
v 1.252715 1.241934 -0.130583
v 1.255555 1.241007 -0.130583
v 1.258151 1.239733 -0.130583
v 1.260494 1.238126 -0.130583
v 1.262576 1.236198 -0.130583
v 1.264388 1.233963 -0.130583
v 1.265919 1.231436 -0.130583
v 1.267163 1.228628 -0.130583
v 1.268108 1.225555 -0.130583
v 1.268747 1.222229 -0.130583
v 1.269070 1.218664 -0.130583
v 1.155643 1.277543 -0.130583
v 1.119493 1.242259 -0.130583
v 1.119493 1.240094 -0.130583
v 1.136377 1.240094 -0.130583
v 1.136377 1.188792 -0.130583
v 1.136598 1.184508 -0.130583
v 1.137260 1.180443 -0.130583
v 1.138363 1.176626 -0.130583
v 1.139905 1.173086 -0.130583
v 1.141886 1.169853 -0.130583
v 1.144305 1.166956 -0.130583
v 1.147162 1.164424 -0.130583
v 1.150455 1.162287 -0.130583
v 1.154185 1.160574 -0.130583
v 1.158349 1.159313 -0.130583
v 1.162948 1.158536 -0.130583
v 1.167981 1.158270 -0.130583
v 1.169631 1.158328 -0.130583
v 1.171426 1.158496 -0.130583
v 1.173338 1.158767 -0.130583
v 1.175340 1.159136 -0.130583
v 1.177406 1.159595 -0.130583
v 1.179507 1.160137 -0.130583
v 1.181618 1.160756 -0.130583
v 1.183711 1.161445 -0.130583
v 1.185758 1.162197 -0.130583
v 1.187733 1.163005 -0.130583
v 1.189609 1.163863 -0.130583
v 1.191359 1.164764 -0.130583
v 1.191359 1.182731 -0.130583
v 1.189424 1.181590 -0.130583
v 1.187515 1.180548 -0.130583
v 1.185630 1.179606 -0.130583
v 1.183767 1.178762 -0.130583
v 1.181925 1.178018 -0.130583
v 1.180103 1.177373 -0.130583
v 1.178299 1.176828 -0.130583
v 1.176512 1.176381 -0.130583
v 1.174739 1.176034 -0.130583
v 1.172980 1.175786 -0.130583
v 1.171233 1.175637 -0.130583
v 1.169496 1.175587 -0.130583
v 1.168041 1.175658 -0.130583
v 1.166516 1.175881 -0.130583
v 1.164957 1.176274 -0.130583
v 1.163403 1.176854 -0.130583
v 1.161891 1.177639 -0.130583
v 1.160459 1.178645 -0.130583
v 1.159144 1.179890 -0.130583
v 1.157984 1.181392 -0.130583
v 1.157016 1.183167 -0.130583
v 1.156278 1.185233 -0.130583
v 1.155808 1.187607 -0.130583
v 1.155643 1.190307 -0.130583
v 1.155643 1.240094 -0.130583
v 1.186381 1.240094 -0.130583
v 1.186381 1.257411 -0.130583
v 1.155643 1.257411 -0.130583
v 0.940692 1.259360 -0.130583
v 0.933590 1.258918 -0.130583
v 0.926821 1.257627 -0.130583
v 0.920439 1.255541 -0.130583
v 0.914500 1.252713 -0.130583
v 0.909057 1.249197 -0.130583
v 0.904164 1.245046 -0.130583
v 0.899875 1.240313 -0.130583
v 0.896245 1.235051 -0.130583
v 0.893327 1.229315 -0.130583
v 0.891176 1.223157 -0.130583
v 0.889846 1.216630 -0.130583
v 0.889390 1.209789 -0.130583
v 0.889829 1.202500 -0.130583
v 0.891116 1.195601 -0.130583
v 0.893205 1.189137 -0.130583
v 0.896053 1.183156 -0.130583
v 0.899612 1.177704 -0.130583
v 0.903839 1.172827 -0.130583
v 0.908689 1.168574 -0.130583
v 0.914115 1.164989 -0.130583
v 0.920074 1.162119 -0.130583
v 0.926520 1.160012 -0.130583
v 0.933408 1.158713 -0.130583
v 0.940692 1.158270 -0.130583
v 0.948276 1.158697 -0.130583
v 0.955412 1.159952 -0.130583
v 0.962062 1.161997 -0.130583
v 0.968184 1.164796 -0.130583
v 0.973737 1.168311 -0.130583
v 0.978682 1.172503 -0.130583
v 0.982978 1.177336 -0.130583
v 0.986583 1.182771 -0.130583
v 0.989458 1.188771 -0.130583
v 0.991562 1.195300 -0.130583
v 0.992854 1.202318 -0.130583
v 0.993294 1.209789 -0.130583
v 0.992841 1.216812 -0.130583
v 0.991517 1.223457 -0.130583
v 0.989367 1.229680 -0.130583
v 0.986439 1.235436 -0.130583
v 0.982780 1.240681 -0.130583
v 0.978439 1.245371 -0.130583
v 0.973461 1.249460 -0.130583
v 0.967895 1.252906 -0.130583
v 0.961787 1.255663 -0.130583
v 0.955186 1.257687 -0.130583
v 0.948139 1.258934 -0.130583
v 0.940476 1.242042 -0.130583
v 0.945175 1.241763 -0.130583
v 0.949619 1.240945 -0.130583
v 0.953779 1.239617 -0.130583
v 0.957625 1.237809 -0.130583
v 0.961128 1.235550 -0.130583
v 0.964260 1.232870 -0.130583
v 0.966990 1.229797 -0.130583
v 0.969290 1.226361 -0.130583
v 0.971130 1.222591 -0.130583
v 0.972480 1.218517 -0.130583
v 0.973312 1.214168 -0.130583
v 0.973595 1.209573 -0.130583
v 0.973332 1.204493 -0.130583
v 0.972555 1.199764 -0.130583
v 0.971282 1.195404 -0.130583
v 0.969531 1.191429 -0.130583
v 0.967319 1.187858 -0.130583
v 0.964666 1.184706 -0.130583
v 0.961589 1.181992 -0.130583
v 0.958106 1.179732 -0.130583
v 0.954235 1.177945 -0.130583
v 0.949995 1.176647 -0.130583
v 0.945402 1.175855 -0.130583
v 0.940476 1.175587 -0.130583
v 0.935948 1.175868 -0.130583
v 0.931687 1.176693 -0.130583
v 0.927718 1.178040 -0.130583
v 0.924065 1.179885 -0.130583
v 0.920751 1.182205 -0.130583
v 0.917801 1.184977 -0.130583
v 0.915239 1.188177 -0.130583
v 0.913089 1.191782 -0.130583
v 0.911375 1.195770 -0.130583
v 0.910121 1.200115 -0.130583
v 0.909351 1.204796 -0.130583
v 0.909089 1.209789 -0.130583
v 0.909359 1.214334 -0.130583
v 0.910151 1.218642 -0.130583
v 0.911436 1.222682 -0.130583
v 0.913186 1.226425 -0.130583
v 0.915371 1.229840 -0.130583
v 0.917964 1.232897 -0.130583
v 0.920935 1.235566 -0.130583
v 0.924257 1.237817 -0.130583
v 0.927901 1.239621 -0.130583
v 0.931838 1.240946 -0.130583
v 0.936039 1.241763 -0.130583
v 0.727474 1.257411 -0.130583
v 0.727474 1.160218 -0.130583
v 0.746739 1.160218 -0.130583
v 0.746739 1.230786 -0.130583
v 0.748713 1.232984 -0.130583
v 0.750640 1.234932 -0.130583
v 0.752537 1.236641 -0.130583
v 0.754420 1.238122 -0.130583
v 0.756306 1.239387 -0.130583
v 0.758212 1.240446 -0.130583
v 0.760154 1.241311 -0.130583
v 0.762149 1.241994 -0.130583
v 0.764212 1.242506 -0.130583
v 0.766362 1.242857 -0.130583
v 0.768613 1.243060 -0.130583
v 0.770984 1.243125 -0.130583
v 0.773329 1.242984 -0.130583
v 0.775589 1.242554 -0.130583
v 0.777741 1.241829 -0.130583
v 0.779763 1.240800 -0.130583
v 0.781630 1.239457 -0.130583
v 0.783322 1.237794 -0.130583
v 0.784816 1.235802 -0.130583
v 0.786088 1.233472 -0.130583
v 0.787117 1.230796 -0.130583
v 0.787880 1.227767 -0.130583
v 0.788354 1.224375 -0.130583
v 0.788517 1.220612 -0.130583
v 0.788517 1.160218 -0.130583
v 0.807783 1.160218 -0.130583
v 0.807783 1.230786 -0.130583
v 0.809544 1.232534 -0.130583
v 0.811355 1.234195 -0.130583
v 0.813205 1.235758 -0.130583
v 0.815078 1.237208 -0.130583
v 0.816964 1.238532 -0.130583
v 0.818850 1.239715 -0.130583
v 0.820721 1.240746 -0.130583
v 0.822567 1.241609 -0.130583
v 0.824373 1.242293 -0.130583
v 0.826127 1.242782 -0.130583
v 0.827817 1.243064 -0.130583
v 0.829429 1.243125 -0.130583
v 0.832144 1.242959 -0.130583
v 0.834754 1.242463 -0.130583
v 0.837232 1.241643 -0.130583
v 0.839555 1.240503 -0.130583
v 0.841697 1.239047 -0.130583
v 0.843635 1.237280 -0.130583
v 0.845342 1.235206 -0.130583
v 0.846794 1.232831 -0.130583
v 0.847967 1.230157 -0.130583
v 0.848836 1.227190 -0.130583
v 0.849375 1.223935 -0.130583
v 0.849561 1.220396 -0.130583
v 0.849561 1.160218 -0.130583
v 0.868826 1.160218 -0.130583
v 0.868826 1.221262 -0.130583
v 0.868567 1.226831 -0.130583
v 0.867805 1.232051 -0.130583
v 0.866556 1.236895 -0.130583
v 0.864841 1.241337 -0.130583
v 0.862678 1.245352 -0.130583
v 0.860086 1.248915 -0.130583
v 0.857083 1.252000 -0.130583
v 0.853689 1.254581 -0.130583
v 0.849922 1.256634 -0.130583
v 0.845801 1.258131 -0.130583
v 0.841345 1.259048 -0.130583
v 0.836573 1.259360 -0.130583
v 0.833185 1.259197 -0.130583
v 0.829943 1.258722 -0.130583
v 0.826842 1.257959 -0.130583
v 0.823874 1.256930 -0.130583
v 0.821031 1.255658 -0.130583
v 0.818308 1.254164 -0.130583
v 0.815698 1.252473 -0.130583
v 0.813194 1.250605 -0.130583
v 0.810790 1.248584 -0.130583
v 0.808477 1.246432 -0.130583
v 0.806251 1.244172 -0.130583
v 0.804103 1.241826 -0.130583
v 0.802404 1.244581 -0.130583
v 0.800556 1.247108 -0.130583
v 0.798566 1.249406 -0.130583
v 0.796438 1.251471 -0.130583
v 0.794178 1.253301 -0.130583
v 0.791791 1.254895 -0.130583
v 0.789283 1.256250 -0.130583
v 0.786657 1.257363 -0.130583
v 0.783921 1.258233 -0.130583
v 0.781078 1.258857 -0.130583
v 0.778135 1.259234 -0.130583
v 0.775097 1.259360 -0.130583
v 0.772819 1.259260 -0.130583
v 0.770531 1.258961 -0.130583
v 0.768231 1.258460 -0.130583
v 0.765917 1.257756 -0.130583
v 0.763588 1.256848 -0.130583
v 0.761243 1.255734 -0.130583
v 0.758879 1.254412 -0.130583
v 0.756496 1.252882 -0.130583
v 0.754092 1.251141 -0.130583
v 0.751666 1.249188 -0.130583
v 0.749215 1.247021 -0.130583
v 0.746739 1.244640 -0.130583
v 0.746739 1.257411 -0.130583
v 0.654309 1.259360 -0.130583
v 0.647206 1.258918 -0.130583
v 0.640437 1.257627 -0.130583
v 0.634056 1.255541 -0.130583
v 0.628117 1.252713 -0.130583
v 0.622674 1.249197 -0.130583
v 0.617780 1.245046 -0.130583
v 0.613492 1.240313 -0.130583
v 0.609861 1.235051 -0.130583
v 0.606944 1.229315 -0.130583
v 0.604793 1.223157 -0.130583
v 0.603462 1.216630 -0.130583
v 0.603007 1.209789 -0.130583
v 0.603445 1.202500 -0.130583
v 0.604732 1.195601 -0.130583
v 0.606822 1.189137 -0.130583
v 0.609669 1.183156 -0.130583
v 0.613229 1.177704 -0.130583
v 0.617455 1.172827 -0.130583
v 0.622305 1.168574 -0.130583
v 0.627732 1.164989 -0.130583
v 0.633690 1.162119 -0.130583
v 0.640136 1.160012 -0.130583
v 0.647024 1.158713 -0.130583
v 0.654309 1.158270 -0.130583
v 0.661892 1.158697 -0.130583
v 0.669028 1.159952 -0.130583
v 0.675678 1.161997 -0.130583
v 0.681800 1.164796 -0.130583
v 0.687354 1.168311 -0.130583
v 0.692298 1.172503 -0.130583
v 0.696594 1.177336 -0.130583
v 0.700199 1.182771 -0.130583
v 0.703074 1.188771 -0.130583
v 0.705178 1.195300 -0.130583
v 0.706470 1.202318 -0.130583
v 0.706910 1.209789 -0.130583
v 0.706458 1.216812 -0.130583
v 0.705133 1.223457 -0.130583
v 0.702983 1.229680 -0.130583
v 0.700055 1.235436 -0.130583
v 0.696397 1.240681 -0.130583
v 0.692055 1.245371 -0.130583
v 0.687077 1.249460 -0.130583
v 0.681511 1.252906 -0.130583
v 0.675404 1.255663 -0.130583
v 0.668803 1.257687 -0.130583
v 0.661755 1.258934 -0.130583
v 0.654092 1.242042 -0.130583
v 0.658791 1.241763 -0.130583
v 0.663235 1.240945 -0.130583
v 0.667395 1.239617 -0.130583
v 0.671241 1.237809 -0.130583
v 0.674745 1.235550 -0.130583
v 0.677876 1.232870 -0.130583
v 0.680607 1.229797 -0.130583
v 0.682906 1.226361 -0.130583
v 0.684746 1.222591 -0.130583
v 0.686096 1.218517 -0.130583
v 0.686928 1.214168 -0.130583
v 0.687212 1.209573 -0.130583
v 0.686949 1.204493 -0.130583
v 0.686171 1.199764 -0.130583
v 0.684898 1.195404 -0.130583
v 0.683147 1.191429 -0.130583
v 0.680936 1.187858 -0.130583
v 0.678282 1.184706 -0.130583
v 0.675205 1.181992 -0.130583
v 0.671722 1.179732 -0.130583
v 0.667851 1.177945 -0.130583
v 0.663611 1.176647 -0.130583
v 0.659018 1.175855 -0.130583
v 0.654092 1.175587 -0.130583
v 0.649564 1.175868 -0.130583
v 0.645303 1.176693 -0.130583
v 0.641335 1.178040 -0.130583
v 0.637681 1.179885 -0.130583
v 0.634367 1.182205 -0.130583
v 0.631418 1.184977 -0.130583
v 0.628855 1.188177 -0.130583
v 0.626706 1.191782 -0.130583
v 0.624991 1.195770 -0.130583
v 0.623737 1.200115 -0.130583
v 0.622967 1.204796 -0.130583
v 0.622705 1.209789 -0.130583
v 0.622975 1.214334 -0.130583
v 0.623767 1.218642 -0.130583
v 0.625052 1.222682 -0.130583
v 0.626802 1.226425 -0.130583
v 0.628987 1.229840 -0.130583
v 0.631580 1.232897 -0.130583
v 0.634552 1.235566 -0.130583
v 0.637874 1.237817 -0.130583
v 0.641517 1.239621 -0.130583
v 0.645454 1.240946 -0.130583
v 0.649655 1.241763 -0.130583
v 0.585473 1.252649 -0.130583
v 0.583179 1.253645 -0.130583
v 0.580938 1.254574 -0.130583
v 0.578732 1.255433 -0.130583
v 0.576542 1.256217 -0.130583
v 0.574348 1.256923 -0.130583
v 0.572133 1.257547 -0.130583
v 0.569877 1.258085 -0.130583
v 0.567562 1.258534 -0.130583
v 0.565169 1.258889 -0.130583
v 0.562679 1.259148 -0.130583
v 0.560073 1.259306 -0.130583
v 0.557332 1.259360 -0.130583
v 0.550202 1.258941 -0.130583
v 0.543551 1.257704 -0.130583
v 0.537404 1.255680 -0.130583
v 0.531790 1.252898 -0.130583
v 0.526734 1.249388 -0.130583
v 0.522265 1.245181 -0.130583
v 0.518409 1.240307 -0.130583
v 0.515193 1.234795 -0.130583
v 0.512645 1.228676 -0.130583
v 0.510792 1.221979 -0.130583
v 0.509660 1.214736 -0.130583
v 0.509277 1.206975 -0.130583
v 0.509694 1.200014 -0.130583
v 0.510919 1.193446 -0.130583
v 0.512910 1.187310 -0.130583
v 0.515627 1.181648 -0.130583
v 0.519029 1.176501 -0.130583
v 0.523077 1.171908 -0.130583
v 0.527729 1.167910 -0.130583
v 0.532944 1.164548 -0.130583
v 0.538682 1.161862 -0.130583
v 0.544904 1.159894 -0.130583
v 0.551567 1.158683 -0.130583
v 0.558631 1.158270 -0.130583
v 0.561215 1.158323 -0.130583
v 0.563861 1.158477 -0.130583
v 0.566542 1.158723 -0.130583
v 0.569230 1.159056 -0.130583
v 0.571896 1.159467 -0.130583
v 0.574514 1.159948 -0.130583
v 0.577055 1.160492 -0.130583
v 0.579492 1.161092 -0.130583
v 0.581796 1.161741 -0.130583
v 0.583940 1.162429 -0.130583
v 0.585897 1.163151 -0.130583
v 0.587637 1.163898 -0.130583
v 0.587637 1.182947 -0.130583
v 0.585241 1.181910 -0.130583
v 0.582918 1.180963 -0.130583
v 0.580660 1.180106 -0.130583
v 0.578458 1.179340 -0.130583
v 0.576304 1.178663 -0.130583
v 0.574190 1.178077 -0.130583
v 0.572107 1.177581 -0.130583
v 0.570048 1.177175 -0.130583
v 0.568004 1.176859 -0.130583
v 0.565966 1.176634 -0.130583
v 0.563927 1.176498 -0.130583
v 0.561878 1.176453 -0.130583
v 0.557047 1.176703 -0.130583
v 0.552526 1.177444 -0.130583
v 0.548336 1.178662 -0.130583
v 0.544497 1.180342 -0.130583
v 0.541031 1.182469 -0.130583
v 0.537959 1.185031 -0.130583
v 0.535302 1.188012 -0.130583
v 0.533080 1.191397 -0.130583
v 0.531316 1.195174 -0.130583
v 0.530030 1.199327 -0.130583
v 0.529243 1.203843 -0.130583
v 0.528975 1.208707 -0.130583
v 0.529224 1.213492 -0.130583
v 0.529954 1.217984 -0.130583
v 0.531143 1.222158 -0.130583
v 0.532767 1.225992 -0.130583
v 0.534803 1.229462 -0.130583
v 0.537228 1.232545 -0.130583
v 0.540018 1.235218 -0.130583
v 0.543150 1.237457 -0.130583
v 0.546600 1.239239 -0.130583
v 0.550346 1.240540 -0.130583
v 0.554364 1.241338 -0.130583
v 0.558631 1.241609 -0.130583
v 0.560722 1.241563 -0.130583
v 0.562784 1.241415 -0.130583
v 0.564834 1.241156 -0.130583
v 0.566889 1.240776 -0.130583
v 0.568964 1.240263 -0.130583
v 0.571078 1.239607 -0.130583
v 0.573245 1.238798 -0.130583
v 0.575483 1.237825 -0.130583
v 0.577809 1.236678 -0.130583
v 0.580237 1.235346 -0.130583
v 0.582787 1.233818 -0.130583
v 0.585473 1.232085 -0.130583
v 0.378532 1.177536 -0.130583
v 0.377460 1.176751 -0.130583
v 0.376410 1.176023 -0.130583
v 0.375390 1.175354 -0.130583
v 0.374403 1.174746 -0.130583
v 0.373455 1.174200 -0.130583
v 0.372552 1.173720 -0.130583
v 0.371698 1.173308 -0.130583
v 0.370899 1.172966 -0.130583
v 0.370161 1.172696 -0.130583
v 0.369488 1.172500 -0.130583
v 0.368885 1.172381 -0.130583
v 0.368358 1.172341 -0.130583
v 0.367786 1.172368 -0.130583
v 0.367259 1.172454 -0.130583
v 0.366779 1.172601 -0.130583
v 0.366346 1.172814 -0.130583
v 0.365961 1.173095 -0.130583
v 0.365625 1.173450 -0.130583
v 0.365339 1.173881 -0.130583
v 0.365103 1.174393 -0.130583
v 0.364918 1.174989 -0.130583
v 0.364785 1.175673 -0.130583
v 0.364705 1.176448 -0.130583
v 0.364678 1.177319 -0.130583
v 0.364678 1.227323 -0.130583
v 0.364360 1.232591 -0.130583
v 0.363433 1.237362 -0.130583
v 0.361935 1.241643 -0.130583
v 0.359908 1.245442 -0.130583
v 0.357391 1.248765 -0.130583
v 0.354423 1.251621 -0.130583
v 0.351045 1.254017 -0.130583
v 0.347297 1.255960 -0.130583
v 0.343218 1.257459 -0.130583
v 0.338848 1.258520 -0.130583
v 0.334226 1.259151 -0.130583
v 0.329394 1.259360 -0.130583
v 0.325949 1.259269 -0.130583
v 0.322646 1.258998 -0.130583
v 0.319484 1.258544 -0.130583
v 0.316463 1.257908 -0.130583
v 0.313579 1.257089 -0.130583
v 0.310832 1.256086 -0.130583
v 0.308221 1.254897 -0.130583
v 0.305743 1.253523 -0.130583
v 0.303398 1.251963 -0.130583
v 0.301183 1.250215 -0.130583
v 0.299098 1.248279 -0.130583
v 0.297141 1.246155 -0.130583
v 0.297141 1.225158 -0.130583
v 0.299499 1.227792 -0.130583
v 0.301913 1.230178 -0.130583
v 0.304379 1.232318 -0.130583
v 0.306890 1.234218 -0.130583
v 0.309440 1.235879 -0.130583
v 0.312023 1.237307 -0.130583
v 0.314633 1.238505 -0.130583
v 0.317265 1.239477 -0.130583
v 0.319911 1.240226 -0.130583
v 0.322566 1.240757 -0.130583
v 0.325224 1.241072 -0.130583
v 0.327879 1.241176 -0.130583
v 0.330680 1.241071 -0.130583
v 0.333237 1.240752 -0.130583
v 0.335550 1.240209 -0.130583
v 0.337620 1.239437 -0.130583
v 0.339447 1.238427 -0.130583
v 0.341029 1.237172 -0.130583
v 0.342369 1.235664 -0.130583
v 0.343465 1.233897 -0.130583
v 0.344317 1.231862 -0.130583
v 0.344926 1.229552 -0.130583
v 0.345291 1.226959 -0.130583
v 0.345413 1.224076 -0.130583
v 0.345413 1.218881 -0.130583
v 0.328312 1.212820 -0.130583
v 0.324386 1.211400 -0.130583
v 0.320447 1.209926 -0.130583
v 0.316562 1.208352 -0.130583
v 0.312799 1.206630 -0.130583
v 0.309225 1.204716 -0.130583
v 0.305908 1.202564 -0.130583
v 0.302916 1.200128 -0.130583
v 0.300316 1.197362 -0.130583
v 0.298176 1.194220 -0.130583
v 0.296564 1.190657 -0.130583
v 0.295547 1.186626 -0.130583
v 0.295193 1.182081 -0.130583
v 0.295388 1.178975 -0.130583
v 0.295964 1.175958 -0.130583
v 0.296904 1.173064 -0.130583
v 0.298191 1.170328 -0.130583
v 0.299809 1.167784 -0.130583
v 0.301741 1.165468 -0.130583
v 0.303970 1.163412 -0.130583
v 0.306481 1.161653 -0.130583
v 0.309256 1.160225 -0.130583
v 0.312279 1.159162 -0.130583
v 0.315534 1.158499 -0.130583
v 0.319004 1.158270 -0.130583
v 0.321223 1.158338 -0.130583
v 0.323440 1.158542 -0.130583
v 0.325654 1.158882 -0.130583
v 0.327863 1.159361 -0.130583
v 0.330067 1.159977 -0.130583
v 0.332263 1.160733 -0.130583
v 0.334450 1.161628 -0.130583
v 0.336626 1.162664 -0.130583
v 0.338791 1.163841 -0.130583
v 0.340942 1.165160 -0.130583
v 0.343077 1.166622 -0.130583
v 0.345196 1.168228 -0.130583
v 0.345689 1.166577 -0.130583
v 0.346302 1.165085 -0.130583
v 0.347040 1.163749 -0.130583
v 0.347906 1.162567 -0.130583
v 0.348905 1.161536 -0.130583
v 0.350040 1.160651 -0.130583
v 0.351314 1.159911 -0.130583
v 0.352732 1.159312 -0.130583
v 0.354298 1.158852 -0.130583
v 0.356014 1.158527 -0.130583
v 0.357886 1.158334 -0.130583
v 0.359916 1.158270 -0.130583
v 0.361386 1.158308 -0.130583
v 0.362783 1.158426 -0.130583
v 0.364134 1.158632 -0.130583
v 0.365464 1.158936 -0.130583
v 0.366800 1.159344 -0.130583
v 0.368169 1.159867 -0.130583
v 0.369596 1.160511 -0.130583
v 0.371108 1.161285 -0.130583
v 0.372731 1.162197 -0.130583
v 0.374492 1.163256 -0.130583
v 0.376417 1.164470 -0.130583
v 0.378532 1.165847 -0.130583
v 0.345413 1.179917 -0.130583
v 0.344105 1.178713 -0.130583
v 0.342779 1.177595 -0.130583
v 0.341435 1.176565 -0.130583
v 0.340073 1.175628 -0.130583
v 0.338693 1.174786 -0.130583
v 0.337295 1.174045 -0.130583
v 0.335879 1.173408 -0.130583
v 0.334445 1.172878 -0.130583
v 0.332993 1.172459 -0.130583
v 0.331523 1.172155 -0.130583
v 0.330035 1.171970 -0.130583
v 0.328529 1.171908 -0.130583
v 0.326573 1.172023 -0.130583
v 0.324721 1.172362 -0.130583
v 0.322985 1.172912 -0.130583
v 0.321377 1.173663 -0.130583
v 0.319911 1.174604 -0.130583
v 0.318598 1.175723 -0.130583
v 0.317453 1.177008 -0.130583
v 0.316487 1.178450 -0.130583
v 0.315713 1.180035 -0.130583
v 0.315145 1.181754 -0.130583
v 0.314795 1.183594 -0.130583
v 0.314675 1.185545 -0.130583
v 0.314965 1.188295 -0.130583
v 0.315809 1.190821 -0.130583
v 0.317164 1.193145 -0.130583
v 0.318988 1.195286 -0.130583
v 0.321239 1.197264 -0.130583
v 0.323874 1.199101 -0.130583
v 0.326853 1.200816 -0.130583
v 0.330132 1.202429 -0.130583
v 0.333669 1.203961 -0.130583
v 0.337424 1.205433 -0.130583
v 0.341352 1.206863 -0.130583
v 0.345413 1.208274 -0.130583
v 0.279824 1.252649 -0.130583
v 0.277530 1.253645 -0.130583
v 0.275289 1.254574 -0.130583
v 0.273083 1.255433 -0.130583
v 0.270893 1.256217 -0.130583
v 0.268699 1.256923 -0.130583
v 0.266484 1.257547 -0.130583
v 0.264229 1.258085 -0.130583
v 0.261913 1.258534 -0.130583
v 0.259520 1.258889 -0.130583
v 0.257030 1.259148 -0.130583
v 0.254424 1.259306 -0.130583
v 0.251683 1.259360 -0.130583
v 0.244554 1.258941 -0.130583
v 0.237902 1.257704 -0.130583
v 0.231755 1.255680 -0.130583
v 0.226140 1.252898 -0.130583
v 0.221085 1.249388 -0.130583
v 0.216616 1.245181 -0.130583
v 0.212760 1.240307 -0.130583
v 0.209545 1.234795 -0.130583
v 0.206996 1.228676 -0.130583
v 0.205143 1.221979 -0.130583
v 0.204011 1.214736 -0.130583
v 0.203628 1.206975 -0.130583
v 0.204045 1.200014 -0.130583
v 0.205270 1.193446 -0.130583
v 0.207261 1.187310 -0.130583
v 0.209978 1.181648 -0.130583
v 0.213380 1.176501 -0.130583
v 0.217428 1.171908 -0.130583
v 0.222080 1.167910 -0.130583
v 0.227295 1.164548 -0.130583
v 0.233033 1.161862 -0.130583
v 0.239255 1.159894 -0.130583
v 0.245918 1.158683 -0.130583
v 0.252982 1.158270 -0.130583
v 0.255566 1.158323 -0.130583
v 0.258213 1.158477 -0.130583
v 0.260893 1.158723 -0.130583
v 0.263581 1.159056 -0.130583
v 0.266248 1.159467 -0.130583
v 0.268865 1.159948 -0.130583
v 0.271406 1.160492 -0.130583
v 0.273843 1.161092 -0.130583
v 0.276147 1.161741 -0.130583
v 0.278291 1.162429 -0.130583
v 0.280248 1.163151 -0.130583
v 0.281989 1.163898 -0.130583
v 0.281989 1.182947 -0.130583
v 0.279592 1.181910 -0.130583
v 0.277269 1.180963 -0.130583
v 0.275011 1.180106 -0.130583
v 0.272809 1.179340 -0.130583
v 0.270655 1.178663 -0.130583
v 0.268541 1.178077 -0.130583
v 0.266458 1.177581 -0.130583
v 0.264399 1.177175 -0.130583
v 0.262355 1.176859 -0.130583
v 0.260317 1.176634 -0.130583
v 0.258278 1.176498 -0.130583
v 0.256229 1.176453 -0.130583
v 0.251398 1.176703 -0.130583
v 0.246877 1.177444 -0.130583
v 0.242687 1.178662 -0.130583
v 0.238848 1.180342 -0.130583
v 0.235382 1.182469 -0.130583
v 0.232310 1.185031 -0.130583
v 0.229653 1.188012 -0.130583
v 0.227431 1.191397 -0.130583
v 0.225667 1.195174 -0.130583
v 0.224381 1.199327 -0.130583
v 0.223594 1.203843 -0.130583
v 0.223326 1.208707 -0.130583
v 0.223575 1.213492 -0.130583
v 0.224306 1.217984 -0.130583
v 0.225494 1.222158 -0.130583
v 0.227118 1.225992 -0.130583
v 0.229155 1.229462 -0.130583
v 0.231579 1.232545 -0.130583
v 0.234369 1.235218 -0.130583
v 0.237501 1.237457 -0.130583
v 0.240951 1.239239 -0.130583
v 0.244697 1.240540 -0.130583
v 0.248715 1.241338 -0.130583
v 0.252982 1.241609 -0.130583
v 0.255073 1.241563 -0.130583
v 0.257135 1.241415 -0.130583
v 0.259185 1.241156 -0.130583
v 0.261240 1.240776 -0.130583
v 0.263316 1.240263 -0.130583
v 0.265429 1.239607 -0.130583
v 0.267596 1.238798 -0.130583
v 0.269834 1.237825 -0.130583
v 0.272160 1.236678 -0.130583
v 0.274589 1.235346 -0.130583
v 0.277138 1.233818 -0.130583
v 0.279824 1.232085 -0.130583
v 0.182631 1.286851 -0.130583
v 0.182525 1.288395 -0.130583
v 0.182217 1.289880 -0.130583
v 0.181721 1.291292 -0.130583
v 0.181052 1.292615 -0.130583
v 0.180223 1.293836 -0.130583
v 0.179249 1.294941 -0.130583
v 0.178144 1.295915 -0.130583
v 0.176923 1.296744 -0.130583
v 0.175599 1.297414 -0.130583
v 0.174188 1.297909 -0.130583
v 0.172703 1.298218 -0.130583
v 0.171158 1.298323 -0.130583
v 0.169614 1.298218 -0.130583
v 0.168129 1.297909 -0.130583
v 0.166717 1.297414 -0.130583
v 0.165394 1.296744 -0.130583
v 0.164173 1.295915 -0.130583
v 0.163068 1.294941 -0.130583
v 0.162094 1.293836 -0.130583
v 0.161265 1.292615 -0.130583
v 0.160596 1.291292 -0.130583
v 0.160100 1.289880 -0.130583
v 0.159792 1.288395 -0.130583
v 0.159686 1.286851 -0.130583
v 0.159791 1.285306 -0.130583
v 0.160100 1.283821 -0.130583
v 0.160595 1.282410 -0.130583
v 0.161265 1.281086 -0.130583
v 0.162094 1.279865 -0.130583
v 0.163068 1.278760 -0.130583
v 0.164172 1.277786 -0.130583
v 0.165394 1.276958 -0.130583
v 0.166717 1.276288 -0.130583
v 0.168128 1.275792 -0.130583
v 0.169614 1.275484 -0.130583
v 0.171158 1.275378 -0.130583
v 0.172703 1.275484 -0.130583
v 0.174188 1.275792 -0.130583
v 0.175599 1.276288 -0.130583
v 0.176923 1.276957 -0.130583
v 0.178144 1.277786 -0.130583
v 0.179249 1.278760 -0.130583
v 0.180223 1.279865 -0.130583
v 0.181051 1.281086 -0.130583
v 0.181721 1.282410 -0.130583
v 0.182217 1.283821 -0.130583
v 0.182525 1.285306 -0.130583
v 0.180683 1.257411 -0.130583
v 0.161417 1.257411 -0.130583
v 0.161417 1.160218 -0.130583
v 0.180683 1.160218 -0.130583
v 0.111414 1.277543 -0.130583
v 0.075264 1.242259 -0.130583
v 0.075264 1.240094 -0.130583
v 0.092148 1.240094 -0.130583
v 0.092148 1.188792 -0.130583
v 0.092369 1.184508 -0.130583
v 0.093031 1.180443 -0.130583
v 0.094134 1.176626 -0.130583
v 0.095676 1.173086 -0.130583
v 0.097657 1.169853 -0.130583
v 0.100076 1.166956 -0.130583
v 0.102933 1.164424 -0.130583
v 0.106226 1.162287 -0.130583
v 0.109956 1.160574 -0.130583
v 0.114120 1.159313 -0.130583
v 0.118720 1.158536 -0.130583
v 0.123752 1.158270 -0.130583
v 0.125403 1.158328 -0.130583
v 0.127198 1.158496 -0.130583
v 0.129110 1.158767 -0.130583
v 0.131112 1.159136 -0.130583
v 0.133177 1.159595 -0.130583
v 0.135279 1.160137 -0.130583
v 0.137389 1.160756 -0.130583
v 0.139482 1.161445 -0.130583
v 0.141529 1.162197 -0.130583
v 0.143504 1.163005 -0.130583
v 0.145380 1.163863 -0.130583
v 0.147130 1.164764 -0.130583
v 0.147130 1.182731 -0.130583
v 0.145195 1.181590 -0.130583
v 0.143286 1.180548 -0.130583
v 0.141401 1.179606 -0.130583
v 0.139538 1.178762 -0.130583
v 0.137697 1.178018 -0.130583
v 0.135874 1.177373 -0.130583
v 0.134070 1.176828 -0.130583
v 0.132283 1.176381 -0.130583
v 0.130510 1.176034 -0.130583
v 0.128751 1.175786 -0.130583
v 0.127004 1.175637 -0.130583
v 0.125268 1.175587 -0.130583
v 0.123812 1.175658 -0.130583
v 0.122287 1.175881 -0.130583
v 0.120728 1.176274 -0.130583
v 0.119174 1.176854 -0.130583
v 0.117662 1.177639 -0.130583
v 0.116230 1.178645 -0.130583
v 0.114915 1.179890 -0.130583
v 0.113755 1.181392 -0.130583
v 0.112787 1.183167 -0.130583
v 0.112049 1.185233 -0.130583
v 0.111579 1.187607 -0.130583
v 0.111414 1.190307 -0.130583
v 0.111414 1.240094 -0.130583
v 0.142152 1.240094 -0.130583
v 0.142152 1.257411 -0.130583
v 0.111414 1.257411 -0.130583
v 0.031538 1.301787 -0.130583
v 0.017035 1.269966 -0.130583
v 0.028940 1.269966 -0.130583
v 0.053185 1.301787 -0.130583
v 0.071801 1.177536 -0.130583
v 0.070728 1.176751 -0.130583
v 0.069679 1.176023 -0.130583
v 0.068658 1.175354 -0.130583
v 0.067672 1.174746 -0.130583
v 0.066724 1.174200 -0.130583
v 0.065821 1.173720 -0.130583
v 0.064967 1.173308 -0.130583
v 0.064168 1.172966 -0.130583
v 0.063429 1.172696 -0.130583
v 0.062756 1.172500 -0.130583
v 0.062153 1.172381 -0.130583
v 0.061627 1.172341 -0.130583
v 0.061054 1.172368 -0.130583
v 0.060527 1.172454 -0.130583
v 0.060047 1.172601 -0.130583
v 0.059614 1.172814 -0.130583
v 0.059229 1.173095 -0.130583
v 0.058894 1.173450 -0.130583
v 0.058607 1.173881 -0.130583
v 0.058371 1.174393 -0.130583
v 0.058187 1.174989 -0.130583
v 0.058053 1.175673 -0.130583
v 0.057973 1.176448 -0.130583
v 0.057947 1.177319 -0.130583
v 0.057947 1.227323 -0.130583
v 0.057629 1.232591 -0.130583
v 0.056701 1.237362 -0.130583
v 0.055204 1.241643 -0.130583
v 0.053177 1.245442 -0.130583
v 0.050659 1.248765 -0.130583
v 0.047692 1.251621 -0.130583
v 0.044314 1.254017 -0.130583
v 0.040565 1.255960 -0.130583
v 0.036486 1.257459 -0.130583
v 0.032116 1.258520 -0.130583
v 0.027495 1.259151 -0.130583
v 0.022663 1.259360 -0.130583
v 0.019217 1.259269 -0.130583
v 0.015914 1.258998 -0.130583
v 0.012753 1.258544 -0.130583
v 0.009731 1.257908 -0.130583
v 0.006848 1.257089 -0.130583
v 0.004101 1.256086 -0.130583
v 0.001489 1.254897 -0.130583
v -0.000988 1.253523 -0.130583
v -0.003334 1.251963 -0.130583
v -0.005548 1.250215 -0.130583
v -0.007633 1.248279 -0.130583
v -0.009591 1.246155 -0.130583
v -0.009591 1.225158 -0.130583
v -0.007233 1.227792 -0.130583
v -0.004818 1.230178 -0.130583
v -0.002352 1.232318 -0.130583
v 0.000159 1.234218 -0.130583
v 0.002708 1.235879 -0.130583
v 0.005292 1.237307 -0.130583
v 0.007902 1.238505 -0.130583
v 0.010533 1.239477 -0.130583
v 0.013179 1.240226 -0.130583
v 0.015834 1.240757 -0.130583
v 0.018493 1.241072 -0.130583
v 0.021148 1.241176 -0.130583
v 0.023948 1.241071 -0.130583
v 0.026505 1.240752 -0.130583
v 0.028819 1.240209 -0.130583
v 0.030889 1.239437 -0.130583
v 0.032715 1.238427 -0.130583
v 0.034298 1.237172 -0.130583
v 0.035637 1.235664 -0.130583
v 0.036733 1.233897 -0.130583
v 0.037585 1.231862 -0.130583
v 0.038194 1.229552 -0.130583
v 0.038559 1.226959 -0.130583
v 0.038681 1.224076 -0.130583
v 0.038681 1.218881 -0.130583
v 0.021581 1.212820 -0.130583
v 0.017655 1.211400 -0.130583
v 0.013716 1.209926 -0.130583
v 0.009831 1.208352 -0.130583
v 0.006067 1.206630 -0.130583
v 0.002493 1.204716 -0.130583
v -0.000823 1.202564 -0.130583
v -0.003816 1.200128 -0.130583
v -0.006415 1.197362 -0.130583
v -0.008555 1.194220 -0.130583
v -0.010168 1.190657 -0.130583
v -0.011185 1.186626 -0.130583
v -0.011539 1.182081 -0.130583
v -0.011343 1.178975 -0.130583
v -0.010767 1.175958 -0.130583
v -0.009827 1.173064 -0.130583
v -0.008540 1.170328 -0.130583
v -0.006923 1.167784 -0.130583
v -0.004991 1.165468 -0.130583
v -0.002761 1.163412 -0.130583
v -0.000251 1.161653 -0.130583
v 0.002524 1.160225 -0.130583
v 0.005548 1.159162 -0.130583
v 0.008803 1.158499 -0.130583
v 0.012272 1.158270 -0.130583
v 0.014491 1.158338 -0.130583
v 0.016708 1.158542 -0.130583
v 0.018922 1.158882 -0.130583
v 0.021132 1.159361 -0.130583
v 0.023335 1.159977 -0.130583
v 0.025531 1.160733 -0.130583
v 0.027718 1.161628 -0.130583
v 0.029895 1.162664 -0.130583
v 0.032059 1.163841 -0.130583
v 0.034210 1.165160 -0.130583
v 0.036346 1.166622 -0.130583
v 0.038465 1.168228 -0.130583
v 0.038957 1.166577 -0.130583
v 0.039570 1.165085 -0.130583
v 0.040308 1.163749 -0.130583
v 0.041175 1.162567 -0.130583
v 0.042173 1.161536 -0.130583
v 0.043308 1.160651 -0.130583
v 0.044583 1.159911 -0.130583
v 0.046001 1.159312 -0.130583
v 0.047566 1.158852 -0.130583
v 0.049283 1.158527 -0.130583
v 0.051154 1.158334 -0.130583
v 0.053185 1.158270 -0.130583
v 0.054654 1.158308 -0.130583
v 0.056052 1.158426 -0.130583
v 0.057402 1.158632 -0.130583
v 0.058733 1.158936 -0.130583
v 0.060069 1.159344 -0.130583
v 0.061437 1.159867 -0.130583
v 0.062864 1.160511 -0.130583
v 0.064376 1.161285 -0.130583
v 0.066000 1.162197 -0.130583
v 0.067761 1.163256 -0.130583
v 0.069686 1.164470 -0.130583
v 0.071801 1.165847 -0.130583
v 0.038681 1.179917 -0.130583
v 0.037374 1.178713 -0.130583
v 0.036048 1.177595 -0.130583
v 0.034704 1.176565 -0.130583
v 0.033342 1.175628 -0.130583
v 0.031962 1.174786 -0.130583
v 0.030564 1.174045 -0.130583
v 0.029148 1.173408 -0.130583
v 0.027714 1.172878 -0.130583
v 0.026262 1.172459 -0.130583
v 0.024791 1.172155 -0.130583
v 0.023303 1.171970 -0.130583
v 0.021797 1.171908 -0.130583
v 0.019842 1.172023 -0.130583
v 0.017990 1.172362 -0.130583
v 0.016253 1.172912 -0.130583
v 0.014646 1.173663 -0.130583
v 0.013179 1.174604 -0.130583
v 0.011867 1.175723 -0.130583
v 0.010721 1.177008 -0.130583
v 0.009755 1.178450 -0.130583
v 0.008982 1.180035 -0.130583
v 0.008413 1.181754 -0.130583
v 0.008063 1.183594 -0.130583
v 0.007943 1.185545 -0.130583
v 0.008234 1.188295 -0.130583
v 0.009078 1.190821 -0.130583
v 0.010433 1.193145 -0.130583
v 0.012257 1.195286 -0.130583
v 0.014507 1.197264 -0.130583
v 0.017143 1.199101 -0.130583
v 0.020121 1.200816 -0.130583
v 0.023401 1.202429 -0.130583
v 0.026938 1.203961 -0.130583
v 0.030692 1.205433 -0.130583
v 0.034621 1.206863 -0.130583
v 0.038681 1.208274 -0.130583
v -0.030804 1.160218 -0.130583
v -0.030804 1.257411 -0.130583
v -0.050070 1.257411 -0.130583
v -0.050070 1.187926 -0.130583
v -0.051679 1.185793 -0.130583
v -0.053363 1.183834 -0.130583
v -0.055119 1.182051 -0.130583
v -0.056940 1.180446 -0.130583
v -0.058821 1.179021 -0.130583
v -0.060757 1.177779 -0.130583
v -0.062743 1.176722 -0.130583
v -0.064773 1.175852 -0.130583
v -0.066842 1.175171 -0.130583
v -0.068945 1.174682 -0.130583
v -0.071076 1.174387 -0.130583
v -0.073231 1.174289 -0.130583
v -0.076397 1.174450 -0.130583
v -0.079291 1.174929 -0.130583
v -0.081913 1.175719 -0.130583
v -0.084263 1.176814 -0.130583
v -0.086339 1.178206 -0.130583
v -0.088140 1.179890 -0.130583
v -0.089667 1.181857 -0.130583
v -0.090917 1.184102 -0.130583
v -0.091891 1.186617 -0.130583
v -0.092588 1.189396 -0.130583
v -0.093006 1.192432 -0.130583
v -0.093146 1.195719 -0.130583
v -0.093146 1.257411 -0.130583
v -0.112411 1.257411 -0.130583
v -0.112411 1.197018 -0.130583
v -0.112127 1.191071 -0.130583
v -0.111294 1.185579 -0.130583
v -0.109939 1.180553 -0.130583
v -0.108090 1.176004 -0.130583
v -0.105775 1.171946 -0.130583
v -0.103022 1.168390 -0.130583
v -0.099859 1.165348 -0.130583
v -0.096313 1.162832 -0.130583
v -0.092412 1.160854 -0.130583
v -0.088184 1.159427 -0.130583
v -0.083657 1.158561 -0.130583
v -0.078859 1.158270 -0.130583
v -0.076445 1.158386 -0.130583
v -0.073976 1.158727 -0.130583
v -0.071469 1.159285 -0.130583
v -0.068942 1.160050 -0.130583
v -0.066412 1.161014 -0.130583
v -0.063896 1.162167 -0.130583
v -0.061412 1.163500 -0.130583
v -0.058977 1.165005 -0.130583
v -0.056607 1.166672 -0.130583
v -0.054321 1.168492 -0.130583
v -0.052136 1.170457 -0.130583
v -0.050070 1.172557 -0.130583
v -0.050070 1.160218 -0.130583
v -0.135140 1.252649 -0.130583
v -0.137435 1.253645 -0.130583
v -0.139675 1.254574 -0.130583
v -0.141881 1.255433 -0.130583
v -0.144072 1.256217 -0.130583
v -0.146265 1.256923 -0.130583
v -0.148480 1.257547 -0.130583
v -0.150736 1.258085 -0.130583
v -0.153051 1.258534 -0.130583
v -0.155444 1.258889 -0.130583
v -0.157935 1.259148 -0.130583
v -0.160541 1.259306 -0.130583
v -0.163281 1.259360 -0.130583
v -0.170411 1.258941 -0.130583
v -0.177063 1.257704 -0.130583
v -0.183209 1.255680 -0.130583
v -0.188824 1.252898 -0.130583
v -0.193879 1.249388 -0.130583
v -0.198348 1.245181 -0.130583
v -0.202204 1.240307 -0.130583
v -0.205420 1.234795 -0.130583
v -0.207968 1.228676 -0.130583
v -0.209821 1.221979 -0.130583
v -0.210953 1.214736 -0.130583
v -0.211336 1.206975 -0.130583
v -0.210919 1.200014 -0.130583
v -0.209695 1.193446 -0.130583
v -0.207704 1.187310 -0.130583
v -0.204987 1.181648 -0.130583
v -0.201584 1.176501 -0.130583
v -0.197537 1.171908 -0.130583
v -0.192885 1.167910 -0.130583
v -0.187670 1.164548 -0.130583
v -0.181931 1.161862 -0.130583
v -0.175710 1.159894 -0.130583
v -0.169047 1.158683 -0.130583
v -0.161982 1.158270 -0.130583
v -0.159398 1.158323 -0.130583
v -0.156752 1.158477 -0.130583
v -0.154071 1.158723 -0.130583
v -0.151383 1.159056 -0.130583
v -0.148717 1.159467 -0.130583
v -0.146099 1.159948 -0.130583
v -0.143558 1.160492 -0.130583
v -0.141121 1.161092 -0.130583
v -0.138817 1.161741 -0.130583
v -0.136673 1.162429 -0.130583
v -0.134716 1.163151 -0.130583
v -0.132976 1.163898 -0.130583
v -0.132976 1.182947 -0.130583
v -0.135372 1.181910 -0.130583
v -0.137695 1.180963 -0.130583
v -0.139953 1.180106 -0.130583
v -0.142155 1.179340 -0.130583
v -0.144309 1.178663 -0.130583
v -0.146423 1.178077 -0.130583
v -0.148506 1.177581 -0.130583
v -0.150565 1.177175 -0.130583
v -0.152610 1.176859 -0.130583
v -0.154647 1.176634 -0.130583
v -0.156686 1.176498 -0.130583
v -0.158735 1.176453 -0.130583
v -0.163566 1.176703 -0.130583
v -0.168087 1.177444 -0.130583
v -0.172278 1.178662 -0.130583
v -0.176116 1.180342 -0.130583
v -0.179582 1.182469 -0.130583
v -0.182654 1.185031 -0.130583
v -0.185312 1.188012 -0.130583
v -0.187533 1.191397 -0.130583
v -0.189297 1.195174 -0.130583
v -0.190583 1.199327 -0.130583
v -0.191370 1.203843 -0.130583
v -0.191638 1.208707 -0.130583
v -0.191389 1.213492 -0.130583
v -0.190659 1.217984 -0.130583
v -0.189470 1.222158 -0.130583
v -0.187846 1.225992 -0.130583
v -0.185810 1.229462 -0.130583
v -0.183385 1.232545 -0.130583
v -0.180595 1.235218 -0.130583
v -0.177463 1.237457 -0.130583
v -0.174013 1.239239 -0.130583
v -0.170267 1.240540 -0.130583
v -0.166249 1.241338 -0.130583
v -0.161982 1.241609 -0.130583
v -0.159891 1.241563 -0.130583
v -0.157829 1.241415 -0.130583
v -0.155779 1.241156 -0.130583
v -0.153724 1.240776 -0.130583
v -0.151649 1.240263 -0.130583
v -0.149535 1.239607 -0.130583
v -0.147368 1.238798 -0.130583
v -0.145130 1.237825 -0.130583
v -0.142805 1.236678 -0.130583
v -0.140376 1.235346 -0.130583
v -0.137826 1.233818 -0.130583
v -0.135140 1.232085 -0.130583
v -0.223675 1.177536 -0.130583
v -0.224747 1.176751 -0.130583
v -0.225796 1.176023 -0.130583
v -0.226817 1.175354 -0.130583
v -0.227804 1.174746 -0.130583
v -0.228751 1.174200 -0.130583
v -0.229655 1.173720 -0.130583
v -0.230508 1.173308 -0.130583
v -0.231307 1.172966 -0.130583
v -0.232046 1.172696 -0.130583
v -0.232719 1.172500 -0.130583
v -0.233322 1.172381 -0.130583
v -0.233849 1.172341 -0.130583
v -0.234421 1.172368 -0.130583
v -0.234948 1.172454 -0.130583
v -0.235428 1.172601 -0.130583
v -0.235861 1.172814 -0.130583
v -0.236246 1.173095 -0.130583
v -0.236582 1.173450 -0.130583
v -0.236868 1.173881 -0.130583
v -0.237104 1.174393 -0.130583
v -0.237288 1.174989 -0.130583
v -0.237421 1.175673 -0.130583
v -0.237502 1.176448 -0.130583
v -0.237529 1.177319 -0.130583
v -0.237529 1.227323 -0.130583
v -0.237847 1.232591 -0.130583
v -0.238774 1.237362 -0.130583
v -0.240272 1.241643 -0.130583
v -0.242299 1.245442 -0.130583
v -0.244816 1.248765 -0.130583
v -0.247784 1.251621 -0.130583
v -0.251162 1.254017 -0.130583
v -0.254910 1.255960 -0.130583
v -0.258989 1.257459 -0.130583
v -0.263359 1.258520 -0.130583
v -0.267980 1.259151 -0.130583
v -0.272812 1.259360 -0.130583
v -0.276258 1.259269 -0.130583
v -0.279561 1.258998 -0.130583
v -0.282723 1.258544 -0.130583
v -0.285744 1.257908 -0.130583
v -0.288628 1.257089 -0.130583
v -0.291374 1.256086 -0.130583
v -0.293986 1.254897 -0.130583
v -0.296463 1.253523 -0.130583
v -0.298809 1.251963 -0.130583
v -0.301023 1.250215 -0.130583
v -0.303108 1.248279 -0.130583
v -0.305066 1.246155 -0.130583
v -0.305066 1.225158 -0.130583
v -0.302708 1.227792 -0.130583
v -0.300294 1.230178 -0.130583
v -0.297828 1.232318 -0.130583
v -0.295317 1.234218 -0.130583
v -0.292767 1.235879 -0.130583
v -0.290184 1.237307 -0.130583
v -0.287574 1.238505 -0.130583
v -0.284943 1.239477 -0.130583
v -0.282296 1.240226 -0.130583
v -0.279641 1.240757 -0.130583
v -0.276983 1.241072 -0.130583
v -0.274328 1.241176 -0.130583
v -0.271527 1.241071 -0.130583
v -0.268970 1.240752 -0.130583
v -0.266657 1.240209 -0.130583
v -0.264587 1.239437 -0.130583
v -0.262760 1.238427 -0.130583
v -0.261177 1.237172 -0.130583
v -0.259838 1.235664 -0.130583
v -0.258742 1.233897 -0.130583
v -0.257890 1.231862 -0.130583
v -0.257281 1.229552 -0.130583
v -0.256916 1.226959 -0.130583
v -0.256794 1.224076 -0.130583
v -0.256794 1.218881 -0.130583
v -0.273895 1.212820 -0.130583
v -0.277821 1.211400 -0.130583
v -0.281760 1.209926 -0.130583
v -0.285645 1.208352 -0.130583
v -0.289408 1.206630 -0.130583
v -0.292982 1.204716 -0.130583
v -0.296299 1.202564 -0.130583
v -0.299291 1.200128 -0.130583
v -0.301891 1.197362 -0.130583
v -0.304031 1.194220 -0.130583
v -0.305643 1.190657 -0.130583
v -0.306660 1.186626 -0.130583
v -0.307014 1.182081 -0.130583
v -0.306818 1.178975 -0.130583
v -0.306242 1.175958 -0.130583
v -0.305303 1.173064 -0.130583
v -0.304016 1.170328 -0.130583
v -0.302398 1.167784 -0.130583
v -0.300466 1.165468 -0.130583
v -0.298236 1.163412 -0.130583
v -0.295726 1.161653 -0.130583
v -0.292950 1.160225 -0.130583
v -0.289927 1.159162 -0.130583
v -0.286672 1.158499 -0.130583
v -0.283203 1.158270 -0.130583
v -0.280984 1.158338 -0.130583
v -0.278767 1.158542 -0.130583
v -0.276553 1.158882 -0.130583
v -0.274344 1.159361 -0.130583
v -0.272140 1.159977 -0.130583
v -0.269944 1.160733 -0.130583
v -0.267757 1.161628 -0.130583
v -0.265581 1.162664 -0.130583
v -0.263416 1.163841 -0.130583
v -0.261266 1.165160 -0.130583
v -0.259130 1.166622 -0.130583
v -0.257010 1.168228 -0.130583
v -0.256518 1.166577 -0.130583
v -0.255905 1.165085 -0.130583
v -0.255167 1.163749 -0.130583
v -0.254301 1.162567 -0.130583
v -0.253302 1.161536 -0.130583
v -0.252167 1.160651 -0.130583
v -0.250893 1.159911 -0.130583
v -0.249474 1.159312 -0.130583
v -0.247909 1.158852 -0.130583
v -0.246192 1.158527 -0.130583
v -0.244321 1.158334 -0.130583
v -0.242291 1.158270 -0.130583
v -0.240821 1.158308 -0.130583
v -0.239424 1.158426 -0.130583
v -0.238073 1.158632 -0.130583
v -0.236743 1.158936 -0.130583
v -0.235407 1.159344 -0.130583
v -0.234038 1.159867 -0.130583
v -0.232611 1.160511 -0.130583
v -0.231099 1.161285 -0.130583
v -0.229475 1.162197 -0.130583
v -0.227714 1.163256 -0.130583
v -0.225790 1.164470 -0.130583
v -0.223675 1.165847 -0.130583
v -0.256794 1.179917 -0.130583
v -0.258102 1.178713 -0.130583
v -0.259428 1.177595 -0.130583
v -0.260772 1.176565 -0.130583
v -0.262134 1.175628 -0.130583
v -0.263513 1.174786 -0.130583
v -0.264912 1.174045 -0.130583
v -0.266328 1.173408 -0.130583
v -0.267762 1.172878 -0.130583
v -0.269214 1.172459 -0.130583
v -0.270684 1.172155 -0.130583
v -0.272172 1.171970 -0.130583
v -0.273678 1.171908 -0.130583
v -0.275633 1.172023 -0.130583
v -0.277485 1.172362 -0.130583
v -0.279222 1.172912 -0.130583
v -0.280830 1.173663 -0.130583
v -0.282296 1.174604 -0.130583
v -0.283609 1.175723 -0.130583
v -0.284754 1.177008 -0.130583
v -0.285720 1.178450 -0.130583
v -0.286494 1.180035 -0.130583
v -0.287062 1.181754 -0.130583
v -0.287412 1.183594 -0.130583
v -0.287532 1.185545 -0.130583
v -0.287241 1.188295 -0.130583
v -0.286398 1.190821 -0.130583
v -0.285043 1.193145 -0.130583
v -0.283219 1.195286 -0.130583
v -0.280968 1.197264 -0.130583
v -0.278332 1.199101 -0.130583
v -0.275354 1.200816 -0.130583
v -0.272075 1.202429 -0.130583
v -0.268537 1.203961 -0.130583
v -0.264783 1.205433 -0.130583
v -0.260855 1.206863 -0.130583
v -0.256794 1.208274 -0.130583
v -0.491442 1.259360 -0.130583
v -0.498545 1.258918 -0.130583
v -0.505314 1.257627 -0.130583
v -0.511695 1.255541 -0.130583
v -0.517635 1.252713 -0.130583
v -0.523078 1.249197 -0.130583
v -0.527971 1.245046 -0.130583
v -0.532260 1.240313 -0.130583
v -0.535890 1.235051 -0.130583
v -0.538808 1.229315 -0.130583
v -0.540959 1.223157 -0.130583
v -0.542289 1.216630 -0.130583
v -0.542745 1.209789 -0.130583
v -0.542306 1.202500 -0.130583
v -0.541019 1.195601 -0.130583
v -0.538930 1.189137 -0.130583
v -0.536083 1.183156 -0.130583
v -0.532523 1.177704 -0.130583
v -0.528296 1.172827 -0.130583
v -0.523446 1.168574 -0.130583
v -0.518019 1.164989 -0.130583
v -0.512061 1.162119 -0.130583
v -0.505615 1.160012 -0.130583
v -0.498727 1.158713 -0.130583
v -0.491442 1.158270 -0.130583
v -0.483859 1.158697 -0.130583
v -0.476723 1.159952 -0.130583
v -0.470073 1.161997 -0.130583
v -0.463951 1.164796 -0.130583
v -0.458398 1.168311 -0.130583
v -0.453453 1.172503 -0.130583
v -0.449157 1.177336 -0.130583
v -0.445552 1.182771 -0.130583
v -0.442677 1.188771 -0.130583
v -0.440573 1.195300 -0.130583
v -0.439281 1.202318 -0.130583
v -0.438841 1.209789 -0.130583
v -0.439293 1.216812 -0.130583
v -0.440618 1.223457 -0.130583
v -0.442768 1.229680 -0.130583
v -0.445696 1.235436 -0.130583
v -0.449354 1.240681 -0.130583
v -0.453696 1.245371 -0.130583
v -0.458674 1.249460 -0.130583
v -0.464240 1.252906 -0.130583
v -0.470347 1.255663 -0.130583
v -0.476948 1.257687 -0.130583
v -0.483996 1.258934 -0.130583
v -0.491659 1.242042 -0.130583
v -0.486960 1.241763 -0.130583
v -0.482516 1.240945 -0.130583
v -0.478356 1.239617 -0.130583
v -0.474510 1.237809 -0.130583
v -0.471006 1.235550 -0.130583
v -0.467875 1.232870 -0.130583
v -0.465144 1.229797 -0.130583
v -0.462845 1.226361 -0.130583
v -0.461005 1.222591 -0.130583
v -0.459655 1.218517 -0.130583
v -0.458823 1.214168 -0.130583
v -0.458540 1.209573 -0.130583
v -0.458803 1.204493 -0.130583
v -0.459580 1.199764 -0.130583
v -0.460853 1.195404 -0.130583
v -0.462604 1.191429 -0.130583
v -0.464816 1.187858 -0.130583
v -0.467469 1.184706 -0.130583
v -0.470546 1.181992 -0.130583
v -0.474029 1.179732 -0.130583
v -0.477900 1.177945 -0.130583
v -0.482140 1.176647 -0.130583
v -0.486733 1.175855 -0.130583
v -0.491659 1.175587 -0.130583
v -0.496187 1.175868 -0.130583
v -0.500448 1.176693 -0.130583
v -0.504417 1.178040 -0.130583
v -0.508070 1.179885 -0.130583
v -0.511384 1.182205 -0.130583
v -0.514334 1.184977 -0.130583
v -0.516896 1.188177 -0.130583
v -0.519046 1.191782 -0.130583
v -0.520760 1.195770 -0.130583
v -0.522014 1.200115 -0.130583
v -0.522784 1.204796 -0.130583
v -0.523046 1.209789 -0.130583
v -0.522776 1.214334 -0.130583
v -0.521984 1.218642 -0.130583
v -0.520699 1.222682 -0.130583
v -0.518950 1.226425 -0.130583
v -0.516764 1.229840 -0.130583
v -0.514171 1.232897 -0.130583
v -0.511199 1.235566 -0.130583
v -0.507878 1.237817 -0.130583
v -0.504234 1.239621 -0.130583
v -0.500297 1.240946 -0.130583
v -0.496096 1.241763 -0.130583
v -0.586471 1.277543 -0.130583
v -0.622620 1.242259 -0.130583
v -0.622620 1.240094 -0.130583
v -0.605736 1.240094 -0.130583
v -0.605736 1.188792 -0.130583
v -0.605515 1.184508 -0.130583
v -0.604853 1.180443 -0.130583
v -0.603751 1.176626 -0.130583
v -0.602208 1.173086 -0.130583
v -0.600227 1.169853 -0.130583
v -0.597808 1.166956 -0.130583
v -0.594951 1.164424 -0.130583
v -0.591658 1.162287 -0.130583
v -0.587928 1.160574 -0.130583
v -0.583764 1.159313 -0.130583
v -0.579165 1.158536 -0.130583
v -0.574132 1.158270 -0.130583
v -0.572482 1.158328 -0.130583
v -0.570687 1.158496 -0.130583
v -0.568775 1.158767 -0.130583
v -0.566772 1.159136 -0.130583
v -0.564707 1.159595 -0.130583
v -0.562605 1.160137 -0.130583
v -0.560495 1.160756 -0.130583
v -0.558402 1.161445 -0.130583
v -0.556355 1.162197 -0.130583
v -0.554380 1.163005 -0.130583
v -0.552504 1.163863 -0.130583
v -0.550754 1.164764 -0.130583
v -0.550754 1.182731 -0.130583
v -0.552689 1.181590 -0.130583
v -0.554598 1.180548 -0.130583
v -0.556484 1.179606 -0.130583
v -0.558346 1.178762 -0.130583
v -0.560188 1.178018 -0.130583
v -0.562010 1.177373 -0.130583
v -0.563814 1.176828 -0.130583
v -0.565602 1.176381 -0.130583
v -0.567374 1.176034 -0.130583
v -0.569134 1.175786 -0.130583
v -0.570881 1.175637 -0.130583
v -0.572617 1.175587 -0.130583
v -0.574072 1.175658 -0.130583
v -0.575597 1.175881 -0.130583
v -0.577156 1.176274 -0.130583
v -0.578710 1.176854 -0.130583
v -0.580222 1.177639 -0.130583
v -0.581654 1.178645 -0.130583
v -0.582970 1.179890 -0.130583
v -0.584130 1.181392 -0.130583
v -0.585098 1.183167 -0.130583
v -0.585836 1.185233 -0.130583
v -0.586306 1.187607 -0.130583
v -0.586471 1.190307 -0.130583
v -0.586471 1.240094 -0.130583
v -0.555733 1.240094 -0.130583
v -0.555733 1.257411 -0.130583
v -0.586471 1.257411 -0.130583
v -0.698383 1.257411 -0.130583
v -0.717649 1.257411 -0.130583
v -0.717649 1.160218 -0.130583
v -0.698383 1.160218 -0.130583
v -0.698383 1.229920 -0.130583
v -0.696158 1.232334 -0.130583
v -0.694017 1.234495 -0.130583
v -0.691947 1.236411 -0.130583
v -0.689933 1.238090 -0.130583
v -0.687962 1.239540 -0.130583
v -0.686018 1.240771 -0.130583
v -0.684088 1.241789 -0.130583
v -0.682157 1.242604 -0.130583
v -0.680210 1.243223 -0.130583
v -0.678235 1.243655 -0.130583
v -0.676216 1.243908 -0.130583
v -0.674139 1.243991 -0.130583
v -0.671309 1.243799 -0.130583
v -0.668669 1.243235 -0.130583
v -0.666231 1.242313 -0.130583
v -0.664005 1.241048 -0.130583
v -0.662002 1.239456 -0.130583
v -0.660231 1.237551 -0.130583
v -0.658704 1.235348 -0.130583
v -0.657431 1.232863 -0.130583
v -0.656423 1.230110 -0.130583
v -0.655689 1.227104 -0.130583
v -0.655242 1.223861 -0.130583
v -0.655090 1.220396 -0.130583
v -0.655090 1.160218 -0.130583
v -0.635825 1.160218 -0.130583
v -0.635825 1.220179 -0.130583
v -0.636125 1.226543 -0.130583
v -0.637000 1.232327 -0.130583
v -0.638412 1.237534 -0.130583
v -0.640323 1.242171 -0.130583
v -0.642693 1.246242 -0.130583
v -0.645485 1.249754 -0.130583
v -0.648660 1.252711 -0.130583
v -0.652180 1.255118 -0.130583
v -0.656007 1.256982 -0.130583
v -0.660102 1.258306 -0.130583
v -0.664427 1.259097 -0.130583
v -0.668944 1.259360 -0.130583
v -0.671648 1.259248 -0.130583
v -0.674340 1.258916 -0.130583
v -0.677007 1.258369 -0.130583
v -0.679639 1.257612 -0.130583
v -0.682223 1.256651 -0.130583
v -0.684746 1.255490 -0.130583
v -0.687197 1.254136 -0.130583
v -0.689564 1.252593 -0.130583
v -0.691835 1.250867 -0.130583
v -0.693998 1.248962 -0.130583
v -0.696040 1.246885 -0.130583
v -0.697950 1.244640 -0.130583
v -0.698383 1.244640 -0.130583
v -0.734317 1.177536 -0.130583
v -0.735389 1.176751 -0.130583
v -0.736438 1.176023 -0.130583
v -0.737459 1.175354 -0.130583
v -0.738446 1.174746 -0.130583
v -0.739393 1.174200 -0.130583
v -0.740296 1.173720 -0.130583
v -0.741150 1.173308 -0.130583
v -0.741949 1.172966 -0.130583
v -0.742688 1.172696 -0.130583
v -0.743361 1.172500 -0.130583
v -0.743964 1.172381 -0.130583
v -0.744491 1.172341 -0.130583
v -0.745063 1.172368 -0.130583
v -0.745590 1.172454 -0.130583
v -0.746070 1.172601 -0.130583
v -0.746503 1.172814 -0.130583
v -0.746887 1.173095 -0.130583
v -0.747223 1.173450 -0.130583
v -0.747510 1.173881 -0.130583
v -0.747745 1.174393 -0.130583
v -0.747930 1.174989 -0.130583
v -0.748063 1.175673 -0.130583
v -0.748143 1.176448 -0.130583
v -0.748170 1.177319 -0.130583
v -0.748170 1.227323 -0.130583
v -0.748488 1.232591 -0.130583
v -0.749416 1.237362 -0.130583
v -0.750913 1.241643 -0.130583
v -0.752941 1.245442 -0.130583
v -0.755458 1.248765 -0.130583
v -0.758425 1.251621 -0.130583
v -0.761803 1.254017 -0.130583
v -0.765552 1.255960 -0.130583
v -0.769631 1.257459 -0.130583
v -0.774001 1.258520 -0.130583
v -0.778622 1.259151 -0.130583
v -0.783454 1.259360 -0.130583
v -0.786900 1.259269 -0.130583
v -0.790203 1.258998 -0.130583
v -0.793364 1.258544 -0.130583
v -0.796386 1.257908 -0.130583
v -0.799270 1.257089 -0.130583
v -0.802016 1.256086 -0.130583
v -0.804628 1.254897 -0.130583
v -0.807105 1.253523 -0.130583
v -0.809451 1.251963 -0.130583
v -0.811665 1.250215 -0.130583
v -0.813750 1.248279 -0.130583
v -0.815708 1.246155 -0.130583
v -0.815708 1.225158 -0.130583
v -0.813350 1.227792 -0.130583
v -0.810935 1.230178 -0.130583
v -0.808470 1.232318 -0.130583
v -0.805959 1.234218 -0.130583
v -0.803409 1.235879 -0.130583
v -0.800826 1.237307 -0.130583
v -0.798216 1.238505 -0.130583
v -0.795584 1.239477 -0.130583
v -0.792938 1.240226 -0.130583
v -0.790283 1.240757 -0.130583
v -0.787625 1.241072 -0.130583
v -0.784970 1.241176 -0.130583
v -0.782169 1.241071 -0.130583
v -0.779612 1.240752 -0.130583
v -0.777299 1.240209 -0.130583
v -0.775229 1.239437 -0.130583
v -0.773402 1.238427 -0.130583
v -0.771819 1.237172 -0.130583
v -0.770480 1.235664 -0.130583
v -0.769384 1.233897 -0.130583
v -0.768532 1.231862 -0.130583
v -0.767923 1.229552 -0.130583
v -0.767558 1.226959 -0.130583
v -0.767436 1.224076 -0.130583
v -0.767436 1.218881 -0.130583
v -0.784537 1.212820 -0.130583
v -0.788462 1.211400 -0.130583
v -0.792402 1.209926 -0.130583
v -0.796287 1.208352 -0.130583
v -0.800050 1.206630 -0.130583
v -0.803624 1.204716 -0.130583
v -0.806941 1.202564 -0.130583
v -0.809933 1.200128 -0.130583
v -0.812533 1.197362 -0.130583
v -0.814673 1.194220 -0.130583
v -0.816285 1.190657 -0.130583
v -0.817302 1.186626 -0.130583
v -0.817656 1.182081 -0.130583
v -0.817460 1.178975 -0.130583
v -0.816884 1.175958 -0.130583
v -0.815944 1.173064 -0.130583
v -0.814657 1.170328 -0.130583
v -0.813040 1.167784 -0.130583
v -0.811108 1.165468 -0.130583
v -0.808878 1.163412 -0.130583
v -0.806367 1.161653 -0.130583
v -0.803592 1.160225 -0.130583
v -0.800569 1.159162 -0.130583
v -0.797314 1.158499 -0.130583
v -0.793845 1.158270 -0.130583
v -0.791626 1.158338 -0.130583
v -0.789409 1.158542 -0.130583
v -0.787195 1.158882 -0.130583
v -0.784986 1.159361 -0.130583
v -0.782782 1.159977 -0.130583
v -0.780586 1.160733 -0.130583
v -0.778399 1.161628 -0.130583
v -0.776223 1.162664 -0.130583
v -0.774058 1.163841 -0.130583
v -0.771907 1.165160 -0.130583
v -0.769771 1.166622 -0.130583
v -0.767652 1.168228 -0.130583
v -0.767160 1.166577 -0.130583
v -0.766547 1.165085 -0.130583
v -0.765809 1.163749 -0.130583
v -0.764943 1.162567 -0.130583
v -0.763944 1.161536 -0.130583
v -0.762809 1.160651 -0.130583
v -0.761534 1.159911 -0.130583
v -0.760116 1.159312 -0.130583
v -0.758551 1.158852 -0.130583
v -0.756834 1.158527 -0.130583
v -0.754963 1.158334 -0.130583
v -0.752933 1.158270 -0.130583
v -0.751463 1.158308 -0.130583
v -0.750065 1.158426 -0.130583
v -0.748715 1.158632 -0.130583
v -0.747385 1.158936 -0.130583
v -0.746048 1.159344 -0.130583
v -0.744680 1.159867 -0.130583
v -0.743253 1.160511 -0.130583
v -0.741740 1.161285 -0.130583
v -0.740117 1.162197 -0.130583
v -0.738356 1.163256 -0.130583
v -0.736431 1.164470 -0.130583
v -0.734317 1.165847 -0.130583
v -0.767436 1.179917 -0.130583
v -0.768744 1.178713 -0.130583
v -0.770069 1.177595 -0.130583
v -0.771413 1.176565 -0.130583
v -0.772775 1.175628 -0.130583
v -0.774155 1.174786 -0.130583
v -0.775553 1.174045 -0.130583
v -0.776969 1.173408 -0.130583
v -0.778404 1.172878 -0.130583
v -0.779856 1.172459 -0.130583
v -0.781326 1.172155 -0.130583
v -0.782814 1.171970 -0.130583
v -0.784320 1.171908 -0.130583
v -0.786275 1.172023 -0.130583
v -0.788127 1.172362 -0.130583
v -0.789864 1.172912 -0.130583
v -0.791471 1.173663 -0.130583
v -0.792938 1.174604 -0.130583
v -0.794250 1.175723 -0.130583
v -0.795396 1.177008 -0.130583
v -0.796362 1.178450 -0.130583
v -0.797135 1.180035 -0.130583
v -0.797704 1.181754 -0.130583
v -0.798054 1.183594 -0.130583
v -0.798174 1.185545 -0.130583
v -0.797883 1.188295 -0.130583
v -0.797039 1.190821 -0.130583
v -0.795684 1.193145 -0.130583
v -0.793861 1.195286 -0.130583
v -0.791610 1.197264 -0.130583
v -0.788974 1.199101 -0.130583
v -0.785996 1.200816 -0.130583
v -0.782717 1.202429 -0.130583
v -0.779179 1.203961 -0.130583
v -0.775425 1.205433 -0.130583
v -0.771497 1.206863 -0.130583
v -0.767436 1.208274 -0.130583
v -0.859217 1.277543 -0.130583
v -0.895367 1.242259 -0.130583
v -0.895367 1.240094 -0.130583
v -0.878483 1.240094 -0.130583
v -0.878483 1.188792 -0.130583
v -0.878262 1.184508 -0.130583
v -0.877600 1.180443 -0.130583
v -0.876497 1.176626 -0.130583
v -0.874955 1.173086 -0.130583
v -0.872974 1.169853 -0.130583
v -0.870555 1.166956 -0.130583
v -0.867698 1.164424 -0.130583
v -0.864404 1.162287 -0.130583
v -0.860675 1.160574 -0.130583
v -0.856510 1.159313 -0.130583
v -0.851911 1.158536 -0.130583
v -0.846879 1.158270 -0.130583
v -0.845228 1.158328 -0.130583
v -0.843433 1.158496 -0.130583
v -0.841521 1.158767 -0.130583
v -0.839519 1.159136 -0.130583
v -0.837453 1.159595 -0.130583
v -0.835352 1.160137 -0.130583
v -0.833241 1.160756 -0.130583
v -0.831149 1.161445 -0.130583
v -0.829101 1.162197 -0.130583
v -0.827126 1.163005 -0.130583
v -0.825250 1.163863 -0.130583
v -0.823500 1.164764 -0.130583
v -0.823500 1.182731 -0.130583
v -0.825435 1.181590 -0.130583
v -0.827345 1.180548 -0.130583
v -0.829230 1.179606 -0.130583
v -0.831093 1.178762 -0.130583
v -0.832934 1.178018 -0.130583
v -0.834757 1.177373 -0.130583
v -0.836561 1.176828 -0.130583
v -0.838348 1.176381 -0.130583
v -0.840121 1.176034 -0.130583
v -0.841880 1.175786 -0.130583
v -0.843627 1.175637 -0.130583
v -0.845363 1.175587 -0.130583
v -0.846818 1.175658 -0.130583
v -0.848344 1.175881 -0.130583
v -0.849903 1.176274 -0.130583
v -0.851457 1.176854 -0.130583
v -0.852969 1.177639 -0.130583
v -0.854401 1.178645 -0.130583
v -0.855716 1.179890 -0.130583
v -0.856876 1.181392 -0.130583
v -0.857844 1.183167 -0.130583
v -0.858582 1.185233 -0.130583
v -0.859052 1.187607 -0.130583
v -0.859217 1.190307 -0.130583
v -0.859217 1.240094 -0.130583
v -0.828479 1.240094 -0.130583
v -0.828479 1.257411 -0.130583
v -0.859217 1.257411 -0.130583
v -1.026978 1.251350 -0.130583
v -1.029503 1.252645 -0.130583
v -1.031996 1.253823 -0.130583
v -1.034456 1.254885 -0.130583
v -1.036887 1.255832 -0.130583
v -1.039291 1.256665 -0.130583
v -1.041670 1.257384 -0.130583
v -1.044027 1.257991 -0.130583
v -1.046363 1.258486 -0.130583
v -1.048682 1.258869 -0.130583
v -1.050984 1.259142 -0.130583
v -1.053273 1.259305 -0.130583
v -1.055551 1.259360 -0.130583
v -1.060274 1.259154 -0.130583
v -1.064689 1.258546 -0.130583
v -1.068776 1.257547 -0.130583
v -1.072516 1.256169 -0.130583
v -1.075889 1.254424 -0.130583
v -1.078875 1.252324 -0.130583
v -1.081456 1.249882 -0.130583
v -1.083611 1.247109 -0.130583
v -1.085322 1.244018 -0.130583
v -1.086568 1.240619 -0.130583
v -1.087330 1.236926 -0.130583
v -1.087588 1.232951 -0.130583
v -1.086694 1.226785 -0.130583
v -1.084221 1.221325 -0.130583
v -1.080485 1.216483 -0.130583
v -1.075803 1.212170 -0.130583
v -1.070489 1.208300 -0.130583
v -1.064859 1.204783 -0.130583
v -1.059230 1.201533 -0.130583
v -1.053916 1.198461 -0.130583
v -1.049233 1.195479 -0.130583
v -1.045498 1.192499 -0.130583
v -1.043025 1.189433 -0.130583
v -1.042130 1.186194 -0.130583
v -1.042263 1.184530 -0.130583
v -1.042647 1.183001 -0.130583
v -1.043267 1.181608 -0.130583
v -1.044103 1.180350 -0.130583
v -1.045137 1.179227 -0.130583
v -1.046351 1.178239 -0.130583
v -1.047728 1.177387 -0.130583
v -1.049250 1.176670 -0.130583
v -1.050897 1.176088 -0.130583
v -1.052653 1.175642 -0.130583
v -1.054499 1.175330 -0.130583
v -1.056417 1.175155 -0.130583
v -1.058440 1.175241 -0.130583
v -1.060608 1.175499 -0.130583
v -1.062911 1.175932 -0.130583
v -1.065340 1.176542 -0.130583
v -1.067887 1.177328 -0.130583
v -1.070541 1.178293 -0.130583
v -1.073295 1.179439 -0.130583
v -1.076139 1.180767 -0.130583
v -1.079065 1.182278 -0.130583
v -1.082062 1.183973 -0.130583
v -1.085123 1.185856 -0.130583
v -1.088238 1.187926 -0.130583
v -1.088238 1.167145 -0.130583
v -1.085163 1.165606 -0.130583
v -1.082204 1.164233 -0.130583
v -1.079339 1.163019 -0.130583
v -1.076548 1.161958 -0.130583
v -1.073812 1.161045 -0.130583
v -1.071110 1.160272 -0.130583
v -1.068421 1.159636 -0.130583
v -1.065725 1.159128 -0.130583
v -1.063002 1.158744 -0.130583
v -1.060232 1.158477 -0.130583
v -1.057395 1.158321 -0.130583
v -1.054469 1.158270 -0.130583
v -1.049973 1.158506 -0.130583
v -1.045707 1.159199 -0.130583
v -1.041701 1.160330 -0.130583
v -1.037985 1.161878 -0.130583
v -1.034592 1.163823 -0.130583
v -1.031551 1.166144 -0.130583
v -1.028893 1.168822 -0.130583
v -1.026649 1.171835 -0.130583
v -1.024850 1.175165 -0.130583
v -1.023527 1.178789 -0.130583
v -1.022711 1.182689 -0.130583
v -1.022432 1.186844 -0.130583
v -1.022556 1.189270 -0.130583
v -1.022939 1.191585 -0.130583
v -1.023595 1.193815 -0.130583
v -1.024540 1.195983 -0.130583
v -1.025789 1.198116 -0.130583
v -1.027357 1.200238 -0.130583
v -1.029258 1.202372 -0.130583
v -1.031507 1.204546 -0.130583
v -1.034121 1.206782 -0.130583
v -1.037113 1.209107 -0.130583
v -1.040500 1.211544 -0.130583
v -1.044295 1.214118 -0.130583
v -1.048352 1.216511 -0.130583
v -1.051980 1.218718 -0.130583
v -1.055196 1.220754 -0.130583
v -1.058012 1.222633 -0.130583
v -1.060444 1.224367 -0.130583
v -1.062505 1.225970 -0.130583
v -1.064210 1.227456 -0.130583
v -1.065573 1.228838 -0.130583
v -1.066608 1.230130 -0.130583
v -1.067330 1.231345 -0.130583
v -1.067752 1.232498 -0.130583
v -1.067890 1.233600 -0.130583
v -1.067787 1.234866 -0.130583
v -1.067485 1.236062 -0.130583
v -1.066990 1.237179 -0.130583
v -1.066310 1.238210 -0.130583
v -1.065453 1.239148 -0.130583
v -1.064426 1.239986 -0.130583
v -1.063237 1.240715 -0.130583
v -1.061893 1.241329 -0.130583
v -1.060401 1.241819 -0.130583
v -1.058770 1.242179 -0.130583
v -1.057007 1.242400 -0.130583
v -1.055118 1.242475 -0.130583
v -1.053271 1.242411 -0.130583
v -1.051305 1.242218 -0.130583
v -1.049230 1.241890 -0.130583
v -1.047053 1.241425 -0.130583
v -1.044783 1.240819 -0.130583
v -1.042428 1.240067 -0.130583
v -1.039996 1.239167 -0.130583
v -1.037496 1.238114 -0.130583
v -1.034936 1.236905 -0.130583
v -1.032324 1.235535 -0.130583
v -1.029669 1.234002 -0.130583
v -1.026978 1.232301 -0.130583
v -1.105988 1.188359 -0.130583
v -1.108798 1.186583 -0.130583
v -1.111602 1.184938 -0.130583
v -1.114403 1.183428 -0.130583
v -1.117204 1.182057 -0.130583
v -1.120008 1.180832 -0.130583
v -1.122818 1.179754 -0.130583
v -1.125637 1.178831 -0.130583
v -1.128468 1.178065 -0.130583
v -1.131314 1.177461 -0.130583
v -1.134178 1.177025 -0.130583
v -1.137064 1.176759 -0.130583
v -1.139973 1.176670 -0.130583
v -1.144469 1.176877 -0.130583
v -1.148647 1.177497 -0.130583
v -1.152507 1.178527 -0.130583
v -1.156047 1.179965 -0.130583
v -1.159265 1.181809 -0.130583
v -1.162160 1.184057 -0.130583
v -1.164731 1.186706 -0.130583
v -1.166975 1.189754 -0.130583
v -1.168891 1.193199 -0.130583
v -1.170478 1.197039 -0.130583
v -1.171735 1.201271 -0.130583
v -1.172659 1.205893 -0.130583
v -1.104256 1.205893 -0.130583
v -1.104594 1.214493 -0.130583
v -1.105594 1.222330 -0.130583
v -1.107229 1.229406 -0.130583
v -1.109475 1.235725 -0.130583
v -1.112308 1.241289 -0.130583
v -1.115701 1.246101 -0.130583
v -1.119632 1.250165 -0.130583
v -1.124074 1.253483 -0.130583
v -1.129004 1.256058 -0.130583
v -1.134396 1.257895 -0.130583
v -1.140225 1.258994 -0.130583
v -1.146467 1.259360 -0.130583
v -1.153000 1.258951 -0.130583
v -1.159154 1.257748 -0.130583
v -1.164893 1.255788 -0.130583
v -1.170182 1.253106 -0.130583
v -1.174983 1.249739 -0.130583
v -1.179261 1.245722 -0.130583
v -1.182980 1.241092 -0.130583
v -1.186104 1.235885 -0.130583
v -1.188596 1.230137 -0.130583
v -1.190421 1.223883 -0.130583
v -1.191543 1.217161 -0.130583
v -1.191924 1.210006 -0.130583
v -1.191575 1.203349 -0.130583
v -1.190533 1.196853 -0.130583
v -1.188813 1.190598 -0.130583
v -1.186425 1.184663 -0.130583
v -1.183381 1.179128 -0.130583
v -1.179694 1.174072 -0.130583
v -1.175376 1.169576 -0.130583
v -1.170438 1.165718 -0.130583
v -1.164893 1.162579 -0.130583
v -1.158753 1.160238 -0.130583
v -1.152030 1.158776 -0.130583
v -1.144735 1.158270 -0.130583
v -1.140740 1.158347 -0.130583
v -1.136964 1.158579 -0.130583
v -1.133384 1.158967 -0.130583
v -1.129975 1.159513 -0.130583
v -1.126714 1.160218 -0.130583
v -1.123575 1.161084 -0.130583
v -1.120536 1.162113 -0.130583
v -1.117573 1.163305 -0.130583
v -1.114660 1.164663 -0.130583
v -1.111774 1.166187 -0.130583
v -1.108891 1.167880 -0.130583
v -1.105988 1.169743 -0.130583
v -1.172226 1.218664 -0.130583
v -1.171446 1.222365 -0.130583
v -1.170406 1.225780 -0.130583
v -1.169108 1.228902 -0.130583
v -1.167552 1.231724 -0.130583
v -1.165741 1.234239 -0.130583
v -1.163676 1.236441 -0.130583
v -1.161358 1.238323 -0.130583
v -1.158789 1.239878 -0.130583
v -1.155971 1.241099 -0.130583
v -1.152905 1.241979 -0.130583
v -1.149592 1.242512 -0.130583
v -1.146034 1.242692 -0.130583
v -1.142734 1.242500 -0.130583
v -1.139660 1.241934 -0.130583
v -1.136820 1.241007 -0.130583
v -1.134224 1.239733 -0.130583
v -1.131881 1.238126 -0.130583
v -1.129799 1.236198 -0.130583
v -1.127987 1.233963 -0.130583
v -1.126456 1.231436 -0.130583
v -1.125212 1.228628 -0.130583
v -1.124267 1.225555 -0.130583
v -1.123628 1.222229 -0.130583
v -1.123305 1.218664 -0.130583
v -1.212922 1.286851 -0.130583
v -1.213027 1.288395 -0.130583
v -1.213336 1.289880 -0.130583
v -1.213831 1.291292 -0.130583
v -1.214501 1.292615 -0.130583
v -1.215330 1.293836 -0.130583
v -1.216304 1.294941 -0.130583
v -1.217409 1.295915 -0.130583
v -1.218630 1.296744 -0.130583
v -1.219953 1.297414 -0.130583
v -1.221365 1.297909 -0.130583
v -1.222850 1.298218 -0.130583
v -1.224394 1.298323 -0.130583
v -1.225939 1.298218 -0.130583
v -1.227424 1.297909 -0.130583
v -1.228835 1.297414 -0.130583
v -1.230159 1.296744 -0.130583
v -1.231380 1.295915 -0.130583
v -1.232485 1.294941 -0.130583
v -1.233459 1.293836 -0.130583
v -1.234288 1.292615 -0.130583
v -1.234957 1.291292 -0.130583
v -1.235453 1.289880 -0.130583
v -1.235761 1.288395 -0.130583
v -1.235867 1.286851 -0.130583
v -1.235761 1.285306 -0.130583
v -1.235453 1.283821 -0.130583
v -1.234957 1.282410 -0.130583
v -1.234288 1.281086 -0.130583
v -1.233459 1.279865 -0.130583
v -1.232485 1.278760 -0.130583
v -1.231380 1.277786 -0.130583
v -1.230159 1.276958 -0.130583
v -1.228835 1.276288 -0.130583
v -1.227424 1.275792 -0.130583
v -1.225939 1.275484 -0.130583
v -1.224394 1.275378 -0.130583
v -1.222850 1.275484 -0.130583
v -1.221365 1.275792 -0.130583
v -1.219953 1.276288 -0.130583
v -1.218630 1.276957 -0.130583
v -1.217409 1.277786 -0.130583
v -1.216304 1.278760 -0.130583
v -1.215330 1.279865 -0.130583
v -1.214501 1.281086 -0.130583
v -1.213831 1.282410 -0.130583
v -1.213336 1.283821 -0.130583
v -1.213027 1.285306 -0.130583
v -1.214870 1.257411 -0.130583
v -1.234135 1.257411 -0.130583
v -1.234135 1.160218 -0.130583
v -1.214870 1.160218 -0.130583
v -1.257946 1.252649 -0.130583
v -1.260240 1.253645 -0.130583
v -1.262481 1.254574 -0.130583
v -1.264687 1.255433 -0.130583
v -1.266878 1.256217 -0.130583
v -1.269071 1.256923 -0.130583
v -1.271286 1.257547 -0.130583
v -1.273542 1.258085 -0.130583
v -1.275857 1.258534 -0.130583
v -1.278250 1.258889 -0.130583
v -1.280740 1.259148 -0.130583
v -1.283346 1.259306 -0.130583
v -1.286087 1.259360 -0.130583
v -1.293217 1.258941 -0.130583
v -1.299869 1.257704 -0.130583
v -1.306015 1.255680 -0.130583
v -1.311630 1.252898 -0.130583
v -1.316685 1.249388 -0.130583
v -1.321154 1.245181 -0.130583
v -1.325010 1.240307 -0.130583
v -1.328226 1.234795 -0.130583
v -1.330774 1.228676 -0.130583
v -1.332627 1.221979 -0.130583
v -1.333759 1.214736 -0.130583
v -1.334142 1.206975 -0.130583
v -1.333725 1.200014 -0.130583
v -1.332501 1.193446 -0.130583
v -1.330510 1.187310 -0.130583
v -1.327793 1.181648 -0.130583
v -1.324390 1.176501 -0.130583
v -1.320343 1.171908 -0.130583
v -1.315691 1.167910 -0.130583
v -1.310475 1.164548 -0.130583
v -1.304737 1.161862 -0.130583
v -1.298516 1.159894 -0.130583
v -1.291852 1.158683 -0.130583
v -1.284788 1.158270 -0.130583
v -1.282204 1.158323 -0.130583
v -1.279558 1.158477 -0.130583
v -1.276877 1.158723 -0.130583
v -1.274189 1.159056 -0.130583
v -1.271523 1.159467 -0.130583
v -1.268905 1.159948 -0.130583
v -1.266364 1.160492 -0.130583
v -1.263927 1.161092 -0.130583
v -1.261623 1.161741 -0.130583
v -1.259479 1.162429 -0.130583
v -1.257522 1.163151 -0.130583
v -1.255782 1.163898 -0.130583
v -1.255782 1.182947 -0.130583
v -1.258178 1.181910 -0.130583
v -1.260501 1.180963 -0.130583
v -1.262759 1.180106 -0.130583
v -1.264961 1.179340 -0.130583
v -1.267115 1.178663 -0.130583
v -1.269230 1.178077 -0.130583
v -1.271312 1.177581 -0.130583
v -1.273372 1.177175 -0.130583
v -1.275416 1.176859 -0.130583
v -1.277453 1.176634 -0.130583
v -1.279492 1.176498 -0.130583
v -1.281541 1.176453 -0.130583
v -1.286372 1.176703 -0.130583
v -1.290893 1.177444 -0.130583
v -1.295084 1.178662 -0.130583
v -1.298923 1.180342 -0.130583
v -1.302388 1.182469 -0.130583
v -1.305461 1.185031 -0.130583
v -1.308118 1.188012 -0.130583
v -1.310339 1.191397 -0.130583
v -1.312103 1.195174 -0.130583
v -1.313390 1.199327 -0.130583
v -1.314177 1.203843 -0.130583
v -1.314444 1.208707 -0.130583
v -1.314195 1.213492 -0.130583
v -1.313465 1.217984 -0.130583
v -1.312276 1.222158 -0.130583
v -1.310652 1.225992 -0.130583
v -1.308616 1.229462 -0.130583
v -1.306191 1.232545 -0.130583
v -1.303401 1.235218 -0.130583
v -1.300269 1.237457 -0.130583
v -1.296819 1.239239 -0.130583
v -1.293073 1.240540 -0.130583
v -1.289055 1.241338 -0.130583
v -1.284788 1.241609 -0.130583
v -1.282697 1.241563 -0.130583
v -1.280635 1.241415 -0.130583
v -1.278585 1.241156 -0.130583
v -1.276530 1.240776 -0.130583
v -1.274455 1.240263 -0.130583
v -1.272341 1.239607 -0.130583
v -1.270174 1.238798 -0.130583
v -1.267936 1.237825 -0.130583
v -1.265611 1.236678 -0.130583
v -1.263182 1.235346 -0.130583
v -1.260632 1.233818 -0.130583
v -1.257946 1.232085 -0.130583
v -1.355139 1.286851 -0.130583
v -1.355245 1.288395 -0.130583
v -1.355553 1.289880 -0.130583
v -1.356049 1.291292 -0.130583
v -1.356719 1.292615 -0.130583
v -1.357548 1.293836 -0.130583
v -1.358522 1.294941 -0.130583
v -1.359627 1.295915 -0.130583
v -1.360848 1.296744 -0.130583
v -1.362171 1.297414 -0.130583
v -1.363583 1.297909 -0.130583
v -1.365068 1.298218 -0.130583
v -1.366612 1.298323 -0.130583
v -1.368157 1.298218 -0.130583
v -1.369642 1.297909 -0.130583
v -1.371053 1.297414 -0.130583
v -1.372376 1.296744 -0.130583
v -1.373598 1.295915 -0.130583
v -1.374702 1.294941 -0.130583
v -1.375676 1.293836 -0.130583
v -1.376505 1.292615 -0.130583
v -1.377175 1.291292 -0.130583
v -1.377671 1.289880 -0.130583
v -1.377979 1.288395 -0.130583
v -1.378085 1.286851 -0.130583
v -1.377979 1.285306 -0.130583
v -1.377671 1.283821 -0.130583
v -1.377175 1.282410 -0.130583
v -1.376505 1.281086 -0.130583
v -1.375676 1.279865 -0.130583
v -1.374702 1.278760 -0.130583
v -1.373598 1.277786 -0.130583
v -1.372376 1.276958 -0.130583
v -1.371053 1.276288 -0.130583
v -1.369642 1.275792 -0.130583
v -1.368156 1.275484 -0.130583
v -1.366612 1.275378 -0.130583
v -1.365068 1.275484 -0.130583
v -1.363583 1.275792 -0.130583
v -1.362171 1.276288 -0.130583
v -1.360848 1.276957 -0.130583
v -1.359627 1.277786 -0.130583
v -1.358522 1.278760 -0.130583
v -1.357548 1.279865 -0.130583
v -1.356719 1.281086 -0.130583
v -1.356049 1.282410 -0.130583
v -1.355553 1.283821 -0.130583
v -1.355245 1.285306 -0.130583
v -1.357088 1.257411 -0.130583
v -1.376353 1.257411 -0.130583
v -1.376353 1.160218 -0.130583
v -1.357088 1.160218 -0.130583
v -1.380466 1.307848 -0.130583
v -1.384567 1.308861 -0.130583
v -1.388435 1.309527 -0.130583
v -1.392081 1.309864 -0.130583
v -1.395514 1.309884 -0.130583
v -1.398746 1.309604 -0.130583
v -1.401788 1.309038 -0.130583
v -1.404649 1.308202 -0.130583
v -1.407340 1.307110 -0.130583
v -1.409871 1.305778 -0.130583
v -1.412254 1.304220 -0.130583
v -1.414499 1.302452 -0.130583
v -1.416616 1.300488 -0.130583
v -1.418495 1.298508 -0.130583
v -1.420235 1.296443 -0.130583
v -1.421831 1.294265 -0.130583
v -1.423278 1.291942 -0.130583
v -1.424572 1.289444 -0.130583
v -1.425707 1.286742 -0.130583
v -1.426680 1.283806 -0.130583
v -1.427487 1.280605 -0.130583
v -1.428122 1.277110 -0.130583
v -1.428581 1.273290 -0.130583
v -1.428860 1.269115 -0.130583
v -1.428954 1.264555 -0.130583
v -1.428954 1.257411 -0.130583
v -1.442591 1.257411 -0.130583
v -1.442591 1.240094 -0.130583
v -1.428954 1.240094 -0.130583
v -1.428954 1.160218 -0.130583
v -1.409689 1.160218 -0.130583
v -1.409689 1.240094 -0.130583
v -1.392155 1.240094 -0.130583
v -1.392155 1.257411 -0.130583
v -1.409689 1.257411 -0.130583
v -1.409689 1.266719 -0.130583
v -1.409582 1.270330 -0.130583
v -1.409248 1.273685 -0.130583
v -1.408667 1.276775 -0.130583
v -1.407821 1.279587 -0.130583
v -1.406688 1.282111 -0.130583
v -1.405251 1.284334 -0.130583
v -1.403489 1.286247 -0.130583
v -1.401383 1.287837 -0.130583
v -1.398913 1.289093 -0.130583
v -1.396059 1.290004 -0.130583
v -1.392803 1.290560 -0.130583
v -1.389124 1.290747 -0.130583
v -1.388288 1.290738 -0.130583
v -1.387506 1.290709 -0.130583
v -1.386767 1.290659 -0.130583
v -1.386062 1.290587 -0.130583
v -1.385381 1.290490 -0.130583
v -1.384714 1.290368 -0.130583
v -1.384052 1.290219 -0.130583
v -1.383384 1.290042 -0.130583
v -1.382702 1.289834 -0.130583
v -1.381994 1.289595 -0.130583
v -1.381252 1.289322 -0.130583
v -1.380466 1.289015 -0.130583
v -1.515324 1.257411 -0.130583
v -1.515324 1.160218 -0.130583
v -1.496058 1.160218 -0.130583
v -1.496058 1.211088 -0.130583
v -1.495846 1.215177 -0.130583
v -1.495228 1.219088 -0.130583
v -1.494229 1.222787 -0.130583
v -1.492876 1.226240 -0.130583
v -1.491195 1.229414 -0.130583
v -1.489213 1.232274 -0.130583
v -1.486955 1.234787 -0.130583
v -1.484450 1.236919 -0.130583
v -1.481721 1.238636 -0.130583
v -1.478796 1.239905 -0.130583
v -1.475702 1.240691 -0.130583
v -1.472464 1.240960 -0.130583
v -1.471267 1.240880 -0.130583
v -1.469960 1.240645 -0.130583
v -1.468561 1.240263 -0.130583
v -1.467084 1.239741 -0.130583
v -1.465548 1.239087 -0.130583
v -1.463967 1.238308 -0.130583
v -1.462360 1.237412 -0.130583
v -1.460742 1.236406 -0.130583
v -1.459131 1.235298 -0.130583
v -1.457542 1.234095 -0.130583
v -1.455992 1.232805 -0.130583
v -1.454497 1.231436 -0.130583
v -1.444323 1.248103 -0.130583
v -1.446313 1.249916 -0.130583
v -1.448279 1.251568 -0.130583
v -1.450225 1.253058 -0.130583
v -1.452156 1.254389 -0.130583
v -1.454075 1.255560 -0.130583
v -1.455985 1.256573 -0.130583
v -1.457891 1.257427 -0.130583
v -1.459796 1.258125 -0.130583
v -1.461705 1.258666 -0.130583
v -1.463620 1.259052 -0.130583
v -1.465545 1.259283 -0.130583
v -1.467485 1.259360 -0.130583
v -1.469763 1.259209 -0.130583
v -1.472050 1.258751 -0.130583
v -1.474348 1.257976 -0.130583
v -1.476657 1.256874 -0.130583
v -1.478978 1.255436 -0.130583
v -1.481312 1.253650 -0.130583
v -1.483659 1.251509 -0.130583
v -1.486021 1.249001 -0.130583
v -1.488398 1.246118 -0.130583
v -1.490790 1.242849 -0.130583
v -1.493199 1.239185 -0.130583
v -1.495625 1.235115 -0.130583
v -1.496058 1.235115 -0.130583
v -1.496058 1.257411 -0.130583
v -1.539135 1.188359 -0.130583
v -1.541945 1.186583 -0.130583
v -1.544749 1.184938 -0.130583
v -1.547550 1.183428 -0.130583
v -1.550351 1.182057 -0.130583
v -1.553155 1.180832 -0.130583
v -1.555965 1.179754 -0.130583
v -1.558784 1.178831 -0.130583
v -1.561615 1.178065 -0.130583
v -1.564461 1.177461 -0.130583
v -1.567326 1.177025 -0.130583
v -1.570211 1.176759 -0.130583
v -1.573120 1.176670 -0.130583
v -1.577616 1.176877 -0.130583
v -1.581795 1.177497 -0.130583
v -1.585655 1.178527 -0.130583
v -1.589195 1.179965 -0.130583
v -1.592413 1.181809 -0.130583
v -1.595308 1.184057 -0.130583
v -1.597878 1.186706 -0.130583
v -1.600122 1.189754 -0.130583
v -1.602039 1.193199 -0.130583
v -1.603626 1.197039 -0.130583
v -1.604882 1.201271 -0.130583
v -1.605806 1.205893 -0.130583
v -1.537403 1.205893 -0.130583
v -1.537742 1.214493 -0.130583
v -1.538741 1.222330 -0.130583
v -1.540376 1.229406 -0.130583
v -1.542623 1.235725 -0.130583
v -1.545455 1.241289 -0.130583
v -1.548849 1.246101 -0.130583
v -1.552779 1.250165 -0.130583
v -1.557222 1.253483 -0.130583
v -1.562151 1.256058 -0.130583
v -1.567543 1.257895 -0.130583
v -1.573372 1.258994 -0.130583
v -1.579614 1.259360 -0.130583
v -1.586147 1.258951 -0.130583
v -1.592301 1.257748 -0.130583
v -1.598041 1.255788 -0.130583
v -1.603329 1.253106 -0.130583
v -1.608130 1.249739 -0.130583
v -1.612409 1.245722 -0.130583
v -1.616128 1.241092 -0.130583
v -1.619251 1.235885 -0.130583
v -1.621744 1.230137 -0.130583
v -1.623569 1.223883 -0.130583
v -1.624690 1.217161 -0.130583
v -1.625072 1.210006 -0.130583
v -1.624722 1.203349 -0.130583
v -1.623681 1.196853 -0.130583
v -1.621960 1.190598 -0.130583
v -1.619572 1.184663 -0.130583
v -1.616529 1.179128 -0.130583
v -1.612842 1.174072 -0.130583
v -1.608523 1.169576 -0.130583
v -1.603586 1.165718 -0.130583
v -1.598041 1.162579 -0.130583
v -1.591900 1.160238 -0.130583
v -1.585177 1.158776 -0.130583
v -1.577882 1.158270 -0.130583
v -1.573887 1.158347 -0.130583
v -1.570112 1.158579 -0.130583
v -1.566531 1.158967 -0.130583
v -1.563123 1.159513 -0.130583
v -1.559861 1.160218 -0.130583
v -1.556723 1.161084 -0.130583
v -1.553684 1.162113 -0.130583
v -1.550720 1.163305 -0.130583
v -1.547807 1.164663 -0.130583
v -1.544922 1.166187 -0.130583
v -1.542039 1.167880 -0.130583
v -1.539135 1.169743 -0.130583
v -1.605374 1.218664 -0.130583
v -1.604594 1.222365 -0.130583
v -1.603554 1.225780 -0.130583
v -1.602255 1.228902 -0.130583
v -1.600699 1.231724 -0.130583
v -1.598888 1.234239 -0.130583
v -1.596823 1.236441 -0.130583
v -1.594505 1.238323 -0.130583
v -1.591937 1.239878 -0.130583
v -1.589118 1.241099 -0.130583
v -1.586052 1.241979 -0.130583
v -1.582739 1.242512 -0.130583
v -1.579181 1.242692 -0.130583
v -1.575882 1.242500 -0.130583
v -1.572808 1.241934 -0.130583
v -1.569968 1.241007 -0.130583
v -1.567372 1.239733 -0.130583
v -1.565028 1.238126 -0.130583
v -1.562946 1.236198 -0.130583
v -1.561135 1.233963 -0.130583
v -1.559603 1.231436 -0.130583
v -1.558360 1.228628 -0.130583
v -1.557414 1.225555 -0.130583
v -1.556776 1.222229 -0.130583
v -1.556452 1.218664 -0.130583
v -1.710576 1.162600 -0.130583
v -1.708766 1.161878 -0.130583
v -1.707013 1.161227 -0.130583
v -1.705310 1.160645 -0.130583
v -1.703649 1.160130 -0.130583
v -1.702024 1.159682 -0.130583
v -1.700429 1.159298 -0.130583
v -1.698856 1.158978 -0.130583
v -1.697299 1.158719 -0.130583
v -1.695751 1.158520 -0.130583
v -1.694206 1.158381 -0.130583
v -1.692655 1.158298 -0.130583
v -1.691094 1.158270 -0.130583
v -1.684075 1.158692 -0.130583
v -1.677441 1.159929 -0.130583
v -1.671237 1.161940 -0.130583
v -1.665503 1.164684 -0.130583
v -1.660283 1.168119 -0.130583
v -1.655621 1.172205 -0.130583
v -1.651558 1.176900 -0.130583
v -1.648137 1.182162 -0.130583
v -1.645403 1.187950 -0.130583
v -1.643396 1.194222 -0.130583
v -1.642161 1.200939 -0.130583
v -1.641740 1.208057 -0.130583
v -1.642139 1.215758 -0.130583
v -1.643331 1.222837 -0.130583
v -1.645305 1.229284 -0.130583
v -1.648049 1.235091 -0.130583
v -1.651555 1.240249 -0.130583
v -1.655810 1.244748 -0.130583
v -1.660805 1.248580 -0.130583
v -1.666529 1.251735 -0.130583
v -1.672972 1.254205 -0.130583
v -1.680122 1.255980 -0.130583
v -1.687970 1.257052 -0.130583
v -1.696505 1.257411 -0.130583
v -1.729841 1.257411 -0.130583
v -1.729841 1.110431 -0.130583
v -1.710576 1.110431 -0.130583
v -1.710576 1.240094 -0.130583
v -1.693042 1.240094 -0.130583
v -1.688009 1.239853 -0.130583
v -1.683410 1.239135 -0.130583
v -1.679246 1.237953 -0.130583
v -1.675516 1.236318 -0.130583
v -1.672223 1.234241 -0.130583
v -1.669366 1.231733 -0.130583
v -1.666947 1.228806 -0.130583
v -1.664966 1.225471 -0.130583
v -1.663424 1.221739 -0.130583
v -1.662321 1.217621 -0.130583
v -1.661659 1.213129 -0.130583
v -1.661438 1.208274 -0.130583
v -1.661704 1.203674 -0.130583
v -1.662483 1.199314 -0.130583
v -1.663748 1.195222 -0.130583
v -1.665471 1.191429 -0.130583
v -1.667623 1.187968 -0.130583
v -1.670178 1.184868 -0.130583
v -1.673107 1.182161 -0.130583
v -1.676382 1.179877 -0.130583
v -1.679976 1.178046 -0.130583
v -1.683861 1.176701 -0.130583
v -1.688009 1.175871 -0.130583
v -1.692393 1.175587 -0.130583
v -1.693912 1.175619 -0.130583
v -1.695438 1.175713 -0.130583
v -1.696969 1.175868 -0.130583
v -1.698502 1.176085 -0.130583
v -1.700035 1.176361 -0.130583
v -1.701565 1.176697 -0.130583
v -1.703092 1.177091 -0.130583
v -1.704611 1.177544 -0.130583
v -1.706121 1.178053 -0.130583
v -1.707620 1.178619 -0.130583
v -1.709106 1.179240 -0.130583
v -1.710576 1.179917 -0.130583
v -1.755817 1.160218 -0.130583
v -1.755817 1.257411 -0.130583
v -1.775082 1.257411 -0.130583
v -1.775082 1.187926 -0.130583
v -1.776691 1.185793 -0.130583
v -1.778376 1.183834 -0.130583
v -1.780132 1.182051 -0.130583
v -1.781953 1.180446 -0.130583
v -1.783834 1.179021 -0.130583
v -1.785770 1.177779 -0.130583
v -1.787756 1.176722 -0.130583
v -1.789786 1.175852 -0.130583
v -1.791855 1.175171 -0.130583
v -1.793958 1.174682 -0.130583
v -1.796089 1.174387 -0.130583
v -1.798244 1.174289 -0.130583
v -1.801410 1.174450 -0.130583
v -1.804304 1.174929 -0.130583
v -1.806926 1.175719 -0.130583
v -1.809276 1.176814 -0.130583
v -1.811352 1.178206 -0.130583
v -1.813153 1.179890 -0.130583
v -1.814680 1.181857 -0.130583
v -1.815930 1.184102 -0.130583
v -1.816904 1.186617 -0.130583
v -1.817601 1.189396 -0.130583
v -1.818019 1.192432 -0.130583
v -1.818159 1.195719 -0.130583
v -1.818159 1.257411 -0.130583
v -1.837425 1.257411 -0.130583
v -1.837425 1.197018 -0.130583
v -1.837140 1.191071 -0.130583
v -1.836307 1.185579 -0.130583
v -1.834952 1.180553 -0.130583
v -1.833103 1.176004 -0.130583
v -1.830788 1.171946 -0.130583
v -1.828035 1.168390 -0.130583
v -1.824872 1.165348 -0.130583
v -1.821326 1.162832 -0.130583
v -1.817425 1.160854 -0.130583
v -1.813197 1.159427 -0.130583
v -1.808671 1.158561 -0.130583
v -1.803872 1.158270 -0.130583
v -1.801458 1.158386 -0.130583
v -1.798989 1.158727 -0.130583
v -1.796482 1.159285 -0.130583
v -1.793955 1.160050 -0.130583
v -1.791425 1.161014 -0.130583
v -1.788909 1.162167 -0.130583
v -1.786425 1.163500 -0.130583
v -1.783990 1.165005 -0.130583
v -1.781620 1.166672 -0.130583
v -1.779335 1.168492 -0.130583
v -1.777149 1.170457 -0.130583
v -1.775082 1.172557 -0.130583
v -1.775082 1.160218 -0.130583
v -1.863617 1.251350 -0.130583
v -1.866143 1.252645 -0.130583
v -1.868635 1.253823 -0.130583
v -1.871095 1.254885 -0.130583
v -1.873526 1.255832 -0.130583
v -1.875930 1.256665 -0.130583
v -1.878309 1.257384 -0.130583
v -1.880666 1.257991 -0.130583
v -1.883003 1.258486 -0.130583
v -1.885321 1.258869 -0.130583
v -1.887623 1.259142 -0.130583
v -1.889912 1.259305 -0.130583
v -1.892190 1.259360 -0.130583
v -1.896913 1.259154 -0.130583
v -1.901328 1.258546 -0.130583
v -1.905415 1.257547 -0.130583
v -1.909155 1.256169 -0.130583
v -1.912528 1.254424 -0.130583
v -1.915514 1.252324 -0.130583
v -1.918095 1.249882 -0.130583
v -1.920251 1.247109 -0.130583
v -1.921961 1.244018 -0.130583
v -1.923207 1.240619 -0.130583
v -1.923969 1.236926 -0.130583
v -1.924227 1.232951 -0.130583
v -1.923333 1.226785 -0.130583
v -1.920860 1.221325 -0.130583
v -1.917124 1.216483 -0.130583
v -1.912442 1.212170 -0.130583
v -1.907128 1.208300 -0.130583
v -1.901498 1.204783 -0.130583
v -1.895869 1.201533 -0.130583
v -1.890555 1.198461 -0.130583
v -1.885872 1.195479 -0.130583
v -1.882137 1.192499 -0.130583
v -1.879664 1.189433 -0.130583
v -1.878769 1.186194 -0.130583
v -1.878902 1.184530 -0.130583
v -1.879286 1.183001 -0.130583
v -1.879906 1.181608 -0.130583
v -1.880742 1.180350 -0.130583
v -1.881776 1.179227 -0.130583
v -1.882990 1.178239 -0.130583
v -1.884367 1.177387 -0.130583
v -1.885889 1.176670 -0.130583
v -1.887536 1.176088 -0.130583
v -1.889292 1.175642 -0.130583
v -1.891138 1.175330 -0.130583
v -1.893056 1.175155 -0.130583
v -1.895079 1.175241 -0.130583
v -1.897247 1.175499 -0.130583
v -1.899550 1.175932 -0.130583
v -1.901979 1.176542 -0.130583
v -1.904526 1.177328 -0.130583
v -1.907180 1.178293 -0.130583
v -1.909934 1.179439 -0.130583
v -1.912778 1.180767 -0.130583
v -1.915704 1.182278 -0.130583
v -1.918701 1.183973 -0.130583
v -1.921762 1.185856 -0.130583
v -1.924876 1.187926 -0.130583
v -1.924876 1.167145 -0.130583
v -1.921802 1.165606 -0.130583
v -1.918843 1.164233 -0.130583
v -1.915978 1.163019 -0.130583
v -1.913187 1.161958 -0.130583
v -1.910451 1.161045 -0.130583
v -1.907749 1.160272 -0.130583
v -1.905060 1.159636 -0.130583
v -1.902364 1.159128 -0.130583
v -1.899641 1.158744 -0.130583
v -1.896871 1.158477 -0.130583
v -1.894034 1.158321 -0.130583
v -1.891108 1.158270 -0.130583
v -1.886612 1.158506 -0.130583
v -1.882346 1.159199 -0.130583
v -1.878340 1.160330 -0.130583
v -1.874624 1.161878 -0.130583
v -1.871231 1.163823 -0.130583
v -1.868190 1.166144 -0.130583
v -1.865532 1.168822 -0.130583
v -1.863288 1.171835 -0.130583
v -1.861489 1.175165 -0.130583
v -1.860166 1.178789 -0.130583
v -1.859350 1.182689 -0.130583
v -1.859071 1.186844 -0.130583
v -1.859195 1.189270 -0.130583
v -1.859578 1.191585 -0.130583
v -1.860234 1.193815 -0.130583
v -1.861180 1.195983 -0.130583
v -1.862428 1.198116 -0.130583
v -1.863996 1.200238 -0.130583
v -1.865897 1.202372 -0.130583
v -1.868147 1.204546 -0.130583
v -1.870760 1.206782 -0.130583
v -1.873753 1.209107 -0.130583
v -1.877139 1.211544 -0.130583
v -1.880934 1.214118 -0.130583
v -1.884991 1.216511 -0.130583
v -1.888620 1.218718 -0.130583
v -1.891835 1.220754 -0.130583
v -1.894652 1.222633 -0.130583
v -1.897083 1.224367 -0.130583
v -1.899144 1.225970 -0.130583
v -1.900849 1.227456 -0.130583
v -1.902212 1.228838 -0.130583
v -1.903247 1.230130 -0.130583
v -1.903969 1.231345 -0.130583
v -1.904391 1.232498 -0.130583
v -1.904529 1.233600 -0.130583
v -1.904426 1.234866 -0.130583
v -1.904124 1.236062 -0.130583
v -1.903629 1.237179 -0.130583
v -1.902949 1.238210 -0.130583
v -1.902092 1.239148 -0.130583
v -1.901065 1.239986 -0.130583
v -1.899876 1.240715 -0.130583
v -1.898532 1.241329 -0.130583
v -1.897040 1.241819 -0.130583
v -1.895409 1.242179 -0.130583
v -1.893646 1.242400 -0.130583
v -1.891757 1.242475 -0.130583
v -1.889910 1.242411 -0.130583
v -1.887944 1.242218 -0.130583
v -1.885869 1.241890 -0.130583
v -1.883692 1.241425 -0.130583
v -1.881422 1.240819 -0.130583
v -1.879067 1.240067 -0.130583
v -1.876635 1.239167 -0.130583
v -1.874135 1.238114 -0.130583
v -1.871575 1.236905 -0.130583
v -1.868963 1.235535 -0.130583
v -1.866308 1.234002 -0.130583
v -1.863617 1.232301 -0.130583
v 1.949421 1.467816 -0.130583
v 1.946896 1.469110 -0.130583
v 1.944404 1.470288 -0.130583
v 1.941943 1.471350 -0.130583
v 1.939512 1.472297 -0.130583
v 1.937108 1.473130 -0.130583
v 1.934729 1.473850 -0.130583
v 1.932372 1.474456 -0.130583
v 1.930036 1.474951 -0.130583
v 1.927717 1.475335 -0.130583
v 1.925415 1.475608 -0.130583
v 1.923126 1.475771 -0.130583
v 1.920848 1.475825 -0.130583
v 1.916125 1.475620 -0.130583
v 1.911710 1.475011 -0.130583
v 1.907623 1.474012 -0.130583
v 1.903883 1.472634 -0.130583
v 1.900511 1.470889 -0.130583
v 1.897524 1.468790 -0.130583
v 1.894943 1.466348 -0.130583
v 1.892788 1.463575 -0.130583
v 1.891077 1.460483 -0.130583
v 1.889831 1.457085 -0.130583
v 1.889069 1.453392 -0.130583
v 1.888811 1.449416 -0.130583
v 1.889706 1.443250 -0.130583
v 1.892178 1.437790 -0.130583
v 1.895914 1.432948 -0.130583
v 1.900596 1.428636 -0.130583
v 1.905910 1.424765 -0.130583
v 1.911540 1.421249 -0.130583
v 1.917169 1.417998 -0.130583
v 1.922483 1.414926 -0.130583
v 1.927165 1.411944 -0.130583
v 1.930901 1.408964 -0.130583
v 1.933374 1.405899 -0.130583
v 1.934269 1.402660 -0.130583
v 1.934137 1.400996 -0.130583
v 1.933752 1.399467 -0.130583
v 1.933133 1.398073 -0.130583
v 1.932297 1.396815 -0.130583
v 1.931263 1.395692 -0.130583
v 1.930048 1.394705 -0.130583
v 1.928671 1.393852 -0.130583
v 1.927150 1.393135 -0.130583
v 1.925502 1.392553 -0.130583
v 1.923746 1.392107 -0.130583
v 1.921901 1.391796 -0.130583
v 1.919982 1.391620 -0.130583
v 1.917959 1.391706 -0.130583
v 1.915791 1.391965 -0.130583
v 1.913488 1.392398 -0.130583
v 1.911059 1.393007 -0.130583
v 1.908512 1.393793 -0.130583
v 1.905857 1.394759 -0.130583
v 1.903103 1.395904 -0.130583
v 1.900259 1.397232 -0.130583
v 1.897334 1.398743 -0.130583
v 1.894336 1.400439 -0.130583
v 1.891276 1.402321 -0.130583
v 1.888162 1.404391 -0.130583
v 1.888162 1.383611 -0.130583
v 1.891237 1.382072 -0.130583
v 1.894196 1.380698 -0.130583
v 1.897061 1.379484 -0.130583
v 1.899851 1.378424 -0.130583
v 1.902587 1.377510 -0.130583
v 1.905290 1.376738 -0.130583
v 1.907979 1.376101 -0.130583
v 1.910674 1.375594 -0.130583
v 1.913397 1.375209 -0.130583
v 1.916167 1.374942 -0.130583
v 1.919005 1.374786 -0.130583
v 1.921931 1.374736 -0.130583
v 1.926426 1.374971 -0.130583
v 1.930692 1.375665 -0.130583
v 1.934698 1.376796 -0.130583
v 1.938414 1.378343 -0.130583
v 1.941808 1.380288 -0.130583
v 1.944849 1.382610 -0.130583
v 1.947506 1.385287 -0.130583
v 1.949750 1.388301 -0.130583
v 1.951549 1.391630 -0.130583
v 1.952872 1.395255 -0.130583
v 1.953688 1.399155 -0.130583
v 1.953967 1.403309 -0.130583
v 1.953843 1.405735 -0.130583
v 1.953460 1.408050 -0.130583
v 1.952804 1.410280 -0.130583
v 1.951859 1.412449 -0.130583
v 1.950610 1.414582 -0.130583
v 1.949043 1.416703 -0.130583
v 1.947142 1.418838 -0.130583
v 1.944892 1.421011 -0.130583
v 1.942279 1.423248 -0.130583
v 1.939286 1.425572 -0.130583
v 1.935900 1.428009 -0.130583
v 1.932104 1.430584 -0.130583
v 1.928048 1.432976 -0.130583
v 1.924419 1.435184 -0.130583
v 1.921203 1.437220 -0.130583
v 1.918387 1.439098 -0.130583
v 1.915956 1.440832 -0.130583
v 1.913895 1.442435 -0.130583
v 1.912190 1.443921 -0.130583
v 1.910827 1.445303 -0.130583
v 1.909792 1.446595 -0.130583
v 1.909070 1.447811 -0.130583
v 1.908648 1.448963 -0.130583
v 1.908510 1.450066 -0.130583
v 1.908612 1.451332 -0.130583
v 1.908914 1.452527 -0.130583
v 1.909409 1.453644 -0.130583
v 1.910089 1.454676 -0.130583
v 1.910946 1.455614 -0.130583
v 1.911973 1.456451 -0.130583
v 1.913162 1.457181 -0.130583
v 1.914506 1.457794 -0.130583
v 1.915998 1.458285 -0.130583
v 1.917629 1.458644 -0.130583
v 1.919392 1.458865 -0.130583
v 1.921281 1.458941 -0.130583
v 1.923129 1.458877 -0.130583
v 1.925094 1.458683 -0.130583
v 1.927170 1.458356 -0.130583
v 1.929347 1.457891 -0.130583
v 1.931617 1.457284 -0.130583
v 1.933972 1.456533 -0.130583
v 1.936403 1.455632 -0.130583
v 1.938903 1.454579 -0.130583
v 1.941463 1.453370 -0.130583
v 1.944075 1.452001 -0.130583
v 1.946731 1.450468 -0.130583
v 1.949421 1.448767 -0.130583
v 1.875823 1.394001 -0.130583
v 1.874751 1.393217 -0.130583
v 1.873702 1.392489 -0.130583
v 1.872681 1.391819 -0.130583
v 1.871694 1.391211 -0.130583
v 1.870747 1.390666 -0.130583
v 1.869843 1.390186 -0.130583
v 1.868990 1.389774 -0.130583
v 1.868191 1.389431 -0.130583
v 1.867452 1.389161 -0.130583
v 1.866779 1.388965 -0.130583
v 1.866176 1.388846 -0.130583
v 1.865649 1.388806 -0.130583
v 1.865077 1.388834 -0.130583
v 1.864550 1.388919 -0.130583
v 1.864070 1.389066 -0.130583
v 1.863637 1.389279 -0.130583
v 1.863252 1.389561 -0.130583
v 1.862917 1.389915 -0.130583
v 1.862631 1.390347 -0.130583
v 1.862395 1.390858 -0.130583
v 1.862210 1.391454 -0.130583
v 1.862077 1.392138 -0.130583
v 1.861997 1.392914 -0.130583
v 1.861969 1.393785 -0.130583
v 1.861969 1.443788 -0.130583
v 1.861652 1.449057 -0.130583
v 1.860724 1.453828 -0.130583
v 1.859226 1.458109 -0.130583
v 1.857199 1.461907 -0.130583
v 1.854682 1.465230 -0.130583
v 1.851715 1.468086 -0.130583
v 1.848337 1.470482 -0.130583
v 1.844588 1.472426 -0.130583
v 1.840509 1.473924 -0.130583
v 1.836139 1.474985 -0.130583
v 1.831518 1.475616 -0.130583
v 1.826686 1.475825 -0.130583
v 1.823240 1.475735 -0.130583
v 1.819937 1.475463 -0.130583
v 1.816775 1.475010 -0.130583
v 1.813754 1.474374 -0.130583
v 1.810870 1.473554 -0.130583
v 1.808123 1.472551 -0.130583
v 1.805512 1.471363 -0.130583
v 1.803034 1.469988 -0.130583
v 1.800689 1.468428 -0.130583
v 1.798474 1.466680 -0.130583
v 1.796389 1.464745 -0.130583
v 1.794432 1.462621 -0.130583
v 1.794432 1.441623 -0.130583
v 1.796790 1.444258 -0.130583
v 1.799204 1.446643 -0.130583
v 1.801670 1.448784 -0.130583
v 1.804181 1.450683 -0.130583
v 1.806731 1.452345 -0.130583
v 1.809314 1.453773 -0.130583
v 1.811924 1.454971 -0.130583
v 1.814555 1.455942 -0.130583
v 1.817201 1.456692 -0.130583
v 1.819857 1.457222 -0.130583
v 1.822515 1.457538 -0.130583
v 1.825170 1.457642 -0.130583
v 1.827971 1.457537 -0.130583
v 1.830528 1.457217 -0.130583
v 1.832841 1.456675 -0.130583
v 1.834911 1.455902 -0.130583
v 1.836737 1.454892 -0.130583
v 1.838320 1.453637 -0.130583
v 1.839660 1.452130 -0.130583
v 1.840756 1.450362 -0.130583
v 1.841608 1.448327 -0.130583
v 1.842217 1.446017 -0.130583
v 1.842582 1.443424 -0.130583
v 1.842704 1.440541 -0.130583
v 1.842704 1.435346 -0.130583
v 1.825603 1.429285 -0.130583
v 1.821678 1.427866 -0.130583
v 1.817739 1.426392 -0.130583
v 1.813854 1.424817 -0.130583
v 1.810090 1.423096 -0.130583
v 1.806516 1.421182 -0.130583
v 1.803199 1.419030 -0.130583
v 1.800207 1.416594 -0.130583
v 1.797607 1.413828 -0.130583
v 1.795467 1.410686 -0.130583
v 1.793855 1.407122 -0.130583
v 1.792838 1.403091 -0.130583
v 1.792484 1.398547 -0.130583
v 1.792680 1.395441 -0.130583
v 1.793256 1.392424 -0.130583
v 1.794195 1.389530 -0.130583
v 1.795482 1.386794 -0.130583
v 1.797100 1.384250 -0.130583
v 1.799032 1.381933 -0.130583
v 1.801261 1.379878 -0.130583
v 1.803772 1.378119 -0.130583
v 1.806547 1.376691 -0.130583
v 1.809570 1.375628 -0.130583
v 1.812825 1.374964 -0.130583
v 1.816295 1.374736 -0.130583
v 1.818514 1.374803 -0.130583
v 1.820731 1.375007 -0.130583
v 1.822945 1.375348 -0.130583
v 1.825154 1.375826 -0.130583
v 1.827358 1.376442 -0.130583
v 1.829554 1.377198 -0.130583
v 1.831741 1.378093 -0.130583
v 1.833917 1.379129 -0.130583
v 1.836082 1.380306 -0.130583
v 1.838232 1.381625 -0.130583
v 1.840368 1.383088 -0.130583
v 1.842488 1.384693 -0.130583
v 1.842980 1.383042 -0.130583
v 1.843593 1.381550 -0.130583
v 1.844331 1.380215 -0.130583
v 1.845197 1.379033 -0.130583
v 1.846196 1.378001 -0.130583
v 1.847331 1.377117 -0.130583
v 1.848606 1.376377 -0.130583
v 1.850024 1.375778 -0.130583
v 1.851589 1.375317 -0.130583
v 1.853306 1.374992 -0.130583
v 1.855178 1.374799 -0.130583
v 1.857208 1.374736 -0.130583
v 1.858677 1.374773 -0.130583
v 1.860075 1.374891 -0.130583
v 1.861425 1.375098 -0.130583
v 1.862755 1.375401 -0.130583
v 1.864091 1.375810 -0.130583
v 1.865460 1.376332 -0.130583
v 1.866887 1.376976 -0.130583
v 1.868399 1.377750 -0.130583
v 1.870023 1.378662 -0.130583
v 1.871783 1.379721 -0.130583
v 1.873708 1.380935 -0.130583
v 1.875823 1.382312 -0.130583
v 1.842704 1.396382 -0.130583
v 1.841396 1.395179 -0.130583
v 1.840070 1.394060 -0.130583
v 1.838726 1.393030 -0.130583
v 1.837364 1.392093 -0.130583
v 1.835984 1.391252 -0.130583
v 1.834586 1.390511 -0.130583
v 1.833170 1.389873 -0.130583
v 1.831736 1.389343 -0.130583
v 1.830284 1.388924 -0.130583
v 1.828814 1.388620 -0.130583
v 1.827326 1.388435 -0.130583
v 1.825820 1.388373 -0.130583
v 1.823865 1.388488 -0.130583
v 1.822013 1.388827 -0.130583
v 1.820276 1.389377 -0.130583
v 1.818668 1.390129 -0.130583
v 1.817202 1.391069 -0.130583
v 1.815889 1.392188 -0.130583
v 1.814744 1.393474 -0.130583
v 1.813777 1.394915 -0.130583
v 1.813004 1.396501 -0.130583
v 1.812435 1.398219 -0.130583
v 1.812085 1.400059 -0.130583
v 1.811966 1.402010 -0.130583
v 1.812257 1.404760 -0.130583
v 1.813100 1.407287 -0.130583
v 1.814456 1.409610 -0.130583
v 1.816279 1.411751 -0.130583
v 1.818531 1.413730 -0.130583
v 1.821166 1.415566 -0.130583
v 1.824145 1.417281 -0.130583
v 1.827424 1.418895 -0.130583
v 1.830961 1.420427 -0.130583
v 1.834716 1.421898 -0.130583
v 1.838644 1.423329 -0.130583
v 1.842704 1.424739 -0.130583
v 1.772786 1.524313 -0.130583
v 1.753520 1.524313 -0.130583
v 1.753520 1.376684 -0.130583
v 1.772786 1.376684 -0.130583
v 1.611357 1.394001 -0.130583
v 1.610284 1.393217 -0.130583
v 1.609235 1.392489 -0.130583
v 1.608214 1.391819 -0.130583
v 1.607228 1.391211 -0.130583
v 1.606280 1.390666 -0.130583
v 1.605377 1.390186 -0.130583
v 1.604523 1.389774 -0.130583
v 1.603724 1.389431 -0.130583
v 1.602985 1.389161 -0.130583
v 1.602312 1.388965 -0.130583
v 1.601709 1.388846 -0.130583
v 1.601183 1.388806 -0.130583
v 1.600610 1.388834 -0.130583
v 1.600083 1.388919 -0.130583
v 1.599603 1.389066 -0.130583
v 1.599170 1.389279 -0.130583
v 1.598786 1.389561 -0.130583
v 1.598450 1.389915 -0.130583
v 1.598164 1.390347 -0.130583
v 1.597928 1.390858 -0.130583
v 1.597743 1.391454 -0.130583
v 1.597610 1.392138 -0.130583
v 1.597530 1.392914 -0.130583
v 1.597503 1.393785 -0.130583
v 1.597503 1.443788 -0.130583
v 1.597185 1.449057 -0.130583
v 1.596257 1.453828 -0.130583
v 1.594760 1.458109 -0.130583
v 1.592732 1.461907 -0.130583
v 1.590215 1.465230 -0.130583
v 1.587248 1.468086 -0.130583
v 1.583870 1.470482 -0.130583
v 1.580122 1.472426 -0.130583
v 1.576042 1.473924 -0.130583
v 1.571672 1.474985 -0.130583
v 1.567052 1.475616 -0.130583
v 1.562219 1.475825 -0.130583
v 1.558774 1.475735 -0.130583
v 1.555470 1.475463 -0.130583
v 1.552309 1.475010 -0.130583
v 1.549287 1.474374 -0.130583
v 1.546404 1.473554 -0.130583
v 1.543657 1.472551 -0.130583
v 1.541045 1.471363 -0.130583
v 1.538568 1.469988 -0.130583
v 1.536223 1.468428 -0.130583
v 1.534008 1.466680 -0.130583
v 1.531923 1.464745 -0.130583
v 1.529966 1.462621 -0.130583
v 1.529966 1.441623 -0.130583
v 1.532323 1.444258 -0.130583
v 1.534738 1.446643 -0.130583
v 1.537204 1.448784 -0.130583
v 1.539714 1.450683 -0.130583
v 1.542264 1.452345 -0.130583
v 1.544847 1.453773 -0.130583
v 1.547457 1.454971 -0.130583
v 1.550089 1.455942 -0.130583
v 1.552735 1.456692 -0.130583
v 1.555390 1.457222 -0.130583
v 1.558048 1.457538 -0.130583
v 1.560704 1.457642 -0.130583
v 1.563504 1.457537 -0.130583
v 1.566061 1.457217 -0.130583
v 1.568374 1.456675 -0.130583
v 1.570445 1.455902 -0.130583
v 1.572271 1.454892 -0.130583
v 1.573854 1.453637 -0.130583
v 1.575193 1.452130 -0.130583
v 1.576289 1.450362 -0.130583
v 1.577142 1.448327 -0.130583
v 1.577750 1.446017 -0.130583
v 1.578116 1.443424 -0.130583
v 1.578238 1.440541 -0.130583
v 1.578238 1.435346 -0.130583
v 1.561137 1.429285 -0.130583
v 1.557211 1.427866 -0.130583
v 1.553272 1.426392 -0.130583
v 1.549387 1.424817 -0.130583
v 1.545623 1.423096 -0.130583
v 1.542050 1.421182 -0.130583
v 1.538733 1.419030 -0.130583
v 1.535740 1.416594 -0.130583
v 1.533141 1.413828 -0.130583
v 1.531001 1.410686 -0.130583
v 1.529388 1.407122 -0.130583
v 1.528371 1.403091 -0.130583
v 1.528018 1.398547 -0.130583
v 1.528213 1.395441 -0.130583
v 1.528789 1.392424 -0.130583
v 1.529729 1.389530 -0.130583
v 1.531016 1.386794 -0.130583
v 1.532634 1.384250 -0.130583
v 1.534565 1.381933 -0.130583
v 1.536795 1.379878 -0.130583
v 1.539306 1.378119 -0.130583
v 1.542081 1.376691 -0.130583
v 1.545104 1.375628 -0.130583
v 1.548359 1.374964 -0.130583
v 1.551829 1.374736 -0.130583
v 1.554047 1.374803 -0.130583
v 1.556264 1.375007 -0.130583
v 1.558478 1.375348 -0.130583
v 1.560688 1.375826 -0.130583
v 1.562891 1.376442 -0.130583
v 1.565087 1.377198 -0.130583
v 1.567274 1.378093 -0.130583
v 1.569450 1.379129 -0.130583
v 1.571615 1.380306 -0.130583
v 1.573766 1.381625 -0.130583
v 1.575902 1.383088 -0.130583
v 1.578021 1.384693 -0.130583
v 1.578513 1.383042 -0.130583
v 1.579127 1.381550 -0.130583
v 1.579864 1.380215 -0.130583
v 1.580731 1.379033 -0.130583
v 1.581730 1.378001 -0.130583
v 1.582865 1.377117 -0.130583
v 1.584139 1.376377 -0.130583
v 1.585557 1.375778 -0.130583
v 1.587123 1.375317 -0.130583
v 1.588840 1.374992 -0.130583
v 1.590711 1.374799 -0.130583
v 1.592741 1.374736 -0.130583
v 1.594211 1.374773 -0.130583
v 1.595608 1.374891 -0.130583
v 1.596958 1.375098 -0.130583
v 1.598289 1.375401 -0.130583
v 1.599625 1.375810 -0.130583
v 1.600993 1.376332 -0.130583
v 1.602421 1.376976 -0.130583
v 1.603933 1.377750 -0.130583
v 1.605556 1.378662 -0.130583
v 1.607317 1.379721 -0.130583
v 1.609242 1.380935 -0.130583
v 1.611357 1.382312 -0.130583
v 1.578238 1.396382 -0.130583
v 1.576930 1.395179 -0.130583
v 1.575604 1.394060 -0.130583
v 1.574260 1.393030 -0.130583
v 1.572898 1.392093 -0.130583
v 1.571518 1.391252 -0.130583
v 1.570120 1.390511 -0.130583
v 1.568704 1.389873 -0.130583
v 1.567270 1.389343 -0.130583
v 1.565818 1.388924 -0.130583
v 1.564348 1.388620 -0.130583
v 1.562860 1.388435 -0.130583
v 1.561353 1.388373 -0.130583
v 1.559398 1.388488 -0.130583
v 1.557546 1.388827 -0.130583
v 1.555810 1.389377 -0.130583
v 1.554202 1.390129 -0.130583
v 1.552736 1.391069 -0.130583
v 1.551423 1.392188 -0.130583
v 1.550277 1.393474 -0.130583
v 1.549311 1.394915 -0.130583
v 1.548537 1.396501 -0.130583
v 1.547969 1.398219 -0.130583
v 1.547618 1.400059 -0.130583
v 1.547499 1.402010 -0.130583
v 1.547790 1.404760 -0.130583
v 1.548634 1.407287 -0.130583
v 1.549989 1.409610 -0.130583
v 1.551813 1.411751 -0.130583
v 1.554064 1.413730 -0.130583
v 1.556700 1.415566 -0.130583
v 1.559679 1.417281 -0.130583
v 1.562958 1.418895 -0.130583
v 1.566495 1.420427 -0.130583
v 1.570249 1.421898 -0.130583
v 1.574178 1.423329 -0.130583
v 1.578238 1.424739 -0.130583
v 1.394296 1.394001 -0.130583
v 1.393224 1.393217 -0.130583
v 1.392175 1.392489 -0.130583
v 1.391154 1.391819 -0.130583
v 1.390167 1.391211 -0.130583
v 1.389220 1.390666 -0.130583
v 1.388316 1.390186 -0.130583
v 1.387463 1.389774 -0.130583
v 1.386664 1.389431 -0.130583
v 1.385925 1.389161 -0.130583
v 1.385252 1.388965 -0.130583
v 1.384649 1.388846 -0.130583
v 1.384122 1.388806 -0.130583
v 1.383550 1.388834 -0.130583
v 1.383023 1.388919 -0.130583
v 1.382543 1.389066 -0.130583
v 1.382110 1.389279 -0.130583
v 1.381725 1.389561 -0.130583
v 1.381389 1.389915 -0.130583
v 1.381103 1.390347 -0.130583
v 1.380867 1.390858 -0.130583
v 1.380682 1.391454 -0.130583
v 1.380549 1.392138 -0.130583
v 1.380469 1.392914 -0.130583
v 1.380442 1.393785 -0.130583
v 1.380442 1.443788 -0.130583
v 1.380124 1.449057 -0.130583
v 1.379197 1.453828 -0.130583
v 1.377699 1.458109 -0.130583
v 1.375672 1.461907 -0.130583
v 1.373155 1.465230 -0.130583
v 1.370188 1.468086 -0.130583
v 1.366809 1.470482 -0.130583
v 1.363061 1.472426 -0.130583
v 1.358982 1.473924 -0.130583
v 1.354612 1.474985 -0.130583
v 1.349991 1.475616 -0.130583
v 1.345159 1.475825 -0.130583
v 1.341713 1.475735 -0.130583
v 1.338410 1.475463 -0.130583
v 1.335248 1.475010 -0.130583
v 1.332227 1.474374 -0.130583
v 1.329343 1.473554 -0.130583
v 1.326596 1.472551 -0.130583
v 1.323985 1.471363 -0.130583
v 1.321507 1.469988 -0.130583
v 1.319162 1.468428 -0.130583
v 1.316948 1.466680 -0.130583
v 1.314862 1.464745 -0.130583
v 1.312905 1.462621 -0.130583
v 1.312905 1.441623 -0.130583
v 1.315263 1.444258 -0.130583
v 1.317677 1.446643 -0.130583
v 1.320143 1.448784 -0.130583
v 1.322654 1.450683 -0.130583
v 1.325204 1.452345 -0.130583
v 1.327787 1.453773 -0.130583
v 1.330397 1.454971 -0.130583
v 1.333029 1.455942 -0.130583
v 1.335675 1.456692 -0.130583
v 1.338330 1.457222 -0.130583
v 1.340988 1.457538 -0.130583
v 1.343643 1.457642 -0.130583
v 1.346444 1.457537 -0.130583
v 1.349001 1.457217 -0.130583
v 1.351314 1.456675 -0.130583
v 1.353384 1.455902 -0.130583
v 1.355211 1.454892 -0.130583
v 1.356794 1.453637 -0.130583
v 1.358133 1.452130 -0.130583
v 1.359229 1.450362 -0.130583
v 1.360081 1.448327 -0.130583
v 1.360690 1.446017 -0.130583
v 1.361055 1.443424 -0.130583
v 1.361177 1.440541 -0.130583
v 1.361177 1.435346 -0.130583
v 1.344076 1.429285 -0.130583
v 1.340151 1.427866 -0.130583
v 1.336211 1.426392 -0.130583
v 1.332326 1.424817 -0.130583
v 1.328563 1.423096 -0.130583
v 1.324989 1.421182 -0.130583
v 1.321672 1.419030 -0.130583
v 1.318680 1.416594 -0.130583
v 1.316080 1.413828 -0.130583
v 1.313940 1.410686 -0.130583
v 1.312328 1.407122 -0.130583
v 1.311311 1.403091 -0.130583
v 1.310957 1.398547 -0.130583
v 1.311153 1.395441 -0.130583
v 1.311729 1.392424 -0.130583
v 1.312668 1.389530 -0.130583
v 1.313955 1.386794 -0.130583
v 1.315573 1.384250 -0.130583
v 1.317505 1.381933 -0.130583
v 1.319734 1.379878 -0.130583
v 1.322245 1.378119 -0.130583
v 1.325020 1.376691 -0.130583
v 1.328043 1.375628 -0.130583
v 1.331298 1.374964 -0.130583
v 1.334768 1.374736 -0.130583
v 1.336987 1.374803 -0.130583
v 1.339204 1.375007 -0.130583
v 1.341418 1.375348 -0.130583
v 1.343627 1.375826 -0.130583
v 1.345831 1.376442 -0.130583
v 1.348027 1.377198 -0.130583
v 1.350214 1.378093 -0.130583
v 1.352391 1.379129 -0.130583
v 1.354555 1.380306 -0.130583
v 1.356706 1.381625 -0.130583
v 1.358842 1.383088 -0.130583
v 1.360960 1.384693 -0.130583
v 1.361453 1.383042 -0.130583
v 1.362066 1.381550 -0.130583
v 1.362804 1.380215 -0.130583
v 1.363670 1.379033 -0.130583
v 1.364669 1.378001 -0.130583
v 1.365804 1.377117 -0.130583
v 1.367078 1.376377 -0.130583
v 1.368496 1.375778 -0.130583
v 1.370062 1.375317 -0.130583
v 1.371778 1.374992 -0.130583
v 1.373650 1.374799 -0.130583
v 1.375680 1.374736 -0.130583
v 1.377150 1.374773 -0.130583
v 1.378547 1.374891 -0.130583
v 1.379898 1.375098 -0.130583
v 1.381228 1.375401 -0.130583
v 1.382564 1.375810 -0.130583
v 1.383933 1.376332 -0.130583
v 1.385360 1.376976 -0.130583
v 1.386872 1.377750 -0.130583
v 1.388495 1.378662 -0.130583
v 1.390256 1.379721 -0.130583
v 1.392181 1.380935 -0.130583
v 1.394296 1.382312 -0.130583
v 1.361177 1.396382 -0.130583
v 1.359869 1.395179 -0.130583
v 1.358543 1.394060 -0.130583
v 1.357199 1.393030 -0.130583
v 1.355838 1.392093 -0.130583
v 1.354458 1.391252 -0.130583
v 1.353060 1.390511 -0.130583
v 1.351644 1.389873 -0.130583
v 1.350209 1.389343 -0.130583
v 1.348757 1.388924 -0.130583
v 1.347287 1.388620 -0.130583
v 1.345799 1.388435 -0.130583
v 1.344293 1.388373 -0.130583
v 1.342338 1.388488 -0.130583
v 1.340485 1.388827 -0.130583
v 1.338749 1.389377 -0.130583
v 1.337141 1.390129 -0.130583
v 1.335675 1.391069 -0.130583
v 1.334362 1.392188 -0.130583
v 1.333217 1.393474 -0.130583
v 1.332251 1.394915 -0.130583
v 1.331477 1.396501 -0.130583
v 1.330909 1.398219 -0.130583
v 1.330559 1.400059 -0.130583
v 1.330439 1.402010 -0.130583
v 1.330729 1.404760 -0.130583
v 1.331573 1.407287 -0.130583
v 1.332928 1.409610 -0.130583
v 1.334752 1.411751 -0.130583
v 1.337003 1.413730 -0.130583
v 1.339638 1.415566 -0.130583
v 1.342617 1.417281 -0.130583
v 1.345896 1.418895 -0.130583
v 1.349434 1.420427 -0.130583
v 1.353188 1.421898 -0.130583
v 1.357116 1.423329 -0.130583
v 1.361177 1.424739 -0.130583
v 1.304030 1.473877 -0.130583
v 1.263984 1.473877 -0.130583
v 1.257647 1.473614 -0.130583
v 1.251747 1.472835 -0.130583
v 1.246305 1.471557 -0.130583
v 1.241343 1.469796 -0.130583
v 1.236884 1.467570 -0.130583
v 1.232948 1.464894 -0.130583
v 1.229558 1.461785 -0.130583
v 1.226736 1.458259 -0.130583
v 1.224503 1.454334 -0.130583
v 1.222880 1.450026 -0.130583
v 1.221891 1.445350 -0.130583
v 1.221557 1.440325 -0.130583
v 1.221593 1.438561 -0.130583
v 1.221701 1.436843 -0.130583
v 1.221881 1.435170 -0.130583
v 1.222134 1.433542 -0.130583
v 1.222459 1.431959 -0.130583
v 1.222855 1.430421 -0.130583
v 1.223325 1.428929 -0.130583
v 1.223866 1.427481 -0.130583
v 1.224479 1.426079 -0.130583
v 1.225164 1.424721 -0.130583
v 1.225922 1.423409 -0.130583
v 1.226752 1.422142 -0.130583
v 1.227708 1.420865 -0.130583
v 1.228736 1.419634 -0.130583
v 1.229836 1.418448 -0.130583
v 1.231009 1.417307 -0.130583
v 1.232254 1.416211 -0.130583
v 1.233571 1.415161 -0.130583
v 1.234959 1.414155 -0.130583
v 1.236421 1.413194 -0.130583
v 1.237954 1.412279 -0.130583
v 1.239559 1.411409 -0.130583
v 1.241237 1.410583 -0.130583
v 1.242987 1.409803 -0.130583
v 1.242987 1.409370 -0.130583
v 1.240729 1.408763 -0.130583
v 1.238616 1.408028 -0.130583
v 1.236659 1.407175 -0.130583
v 1.234865 1.406211 -0.130583
v 1.233246 1.405145 -0.130583
v 1.231812 1.403986 -0.130583
v 1.230571 1.402740 -0.130583
v 1.229534 1.401417 -0.130583
v 1.228710 1.400025 -0.130583
v 1.228110 1.398572 -0.130583
v 1.227742 1.397066 -0.130583
v 1.227618 1.395516 -0.130583
v 1.227681 1.394443 -0.130583
v 1.227873 1.393385 -0.130583
v 1.228196 1.392340 -0.130583
v 1.228652 1.391307 -0.130583
v 1.229243 1.390283 -0.130583
v 1.229972 1.389266 -0.130583
v 1.230840 1.388253 -0.130583
v 1.231851 1.387243 -0.130583
v 1.233006 1.386232 -0.130583
v 1.234307 1.385219 -0.130583
v 1.235757 1.384202 -0.130583
v 1.237359 1.383178 -0.130583
v 1.233330 1.382059 -0.130583
v 1.229684 1.380754 -0.130583
v 1.226413 1.379258 -0.130583
v 1.223513 1.377566 -0.130583
v 1.220976 1.375672 -0.130583
v 1.218797 1.373572 -0.130583
v 1.216969 1.371260 -0.130583
v 1.215488 1.368731 -0.130583
v 1.214346 1.365979 -0.130583
v 1.213538 1.362999 -0.130583
v 1.213057 1.359787 -0.130583
v 1.212898 1.356336 -0.130583
v 1.213280 1.352165 -0.130583
v 1.214398 1.348218 -0.130583
v 1.216216 1.344522 -0.130583
v 1.218695 1.341103 -0.130583
v 1.221796 1.337988 -0.130583
v 1.225480 1.335204 -0.130583
v 1.229711 1.332775 -0.130583
v 1.234448 1.330729 -0.130583
v 1.239655 1.329092 -0.130583
v 1.245293 1.327890 -0.130583
v 1.251323 1.327149 -0.130583
v 1.257706 1.326897 -0.130583
v 1.264657 1.327138 -0.130583
v 1.271102 1.327852 -0.130583
v 1.277023 1.329024 -0.130583
v 1.282399 1.330641 -0.130583
v 1.287214 1.332687 -0.130583
v 1.291448 1.335150 -0.130583
v 1.295082 1.338013 -0.130583
v 1.298097 1.341264 -0.130583
v 1.300475 1.344887 -0.130583
v 1.302197 1.348869 -0.130583
v 1.303244 1.353195 -0.130583
v 1.303597 1.357851 -0.130583
v 1.303440 1.360897 -0.130583
v 1.302956 1.363854 -0.130583
v 1.302123 1.366706 -0.130583
v 1.300919 1.369436 -0.130583
v 1.299325 1.372028 -0.130583
v 1.297320 1.374465 -0.130583
v 1.294881 1.376731 -0.130583
v 1.291988 1.378808 -0.130583
v 1.288620 1.380682 -0.130583
v 1.284757 1.382334 -0.130583
v 1.280375 1.383749 -0.130583
v 1.275456 1.384910 -0.130583
v 1.270781 1.385872 -0.130583
v 1.266495 1.386817 -0.130583
v 1.262604 1.387754 -0.130583
v 1.259109 1.388694 -0.130583
v 1.256015 1.389645 -0.130583
v 1.253323 1.390619 -0.130583
v 1.251037 1.391624 -0.130583
v 1.249160 1.392670 -0.130583
v 1.247695 1.393768 -0.130583
v 1.246645 1.394926 -0.130583
v 1.246012 1.396155 -0.130583
v 1.245801 1.397465 -0.130583
v 1.246328 1.399972 -0.130583
v 1.247817 1.401849 -0.130583
v 1.250130 1.403231 -0.130583
v 1.253129 1.404255 -0.130583
v 1.256674 1.405056 -0.130583
v 1.260629 1.405771 -0.130583
v 1.264854 1.406536 -0.130583
v 1.269211 1.407486 -0.130583
v 1.273562 1.408758 -0.130583
v 1.277770 1.410488 -0.130583
v 1.281694 1.412811 -0.130583
v 1.285197 1.415864 -0.130583
v 1.286331 1.417096 -0.130583
v 1.287449 1.418506 -0.130583
v 1.288536 1.420072 -0.130583
v 1.289575 1.421773 -0.130583
v 1.290551 1.423588 -0.130583
v 1.291448 1.425497 -0.130583
v 1.292251 1.427478 -0.130583
v 1.292943 1.429509 -0.130583
v 1.293508 1.431571 -0.130583
v 1.293932 1.433642 -0.130583
v 1.294198 1.435701 -0.130583
v 1.294289 1.437727 -0.130583
v 1.294234 1.439728 -0.130583
v 1.294062 1.441628 -0.130583
v 1.293765 1.443447 -0.130583
v 1.293335 1.445199 -0.130583
v 1.292764 1.446904 -0.130583
v 1.292043 1.448577 -0.130583
v 1.291165 1.450238 -0.130583
v 1.290120 1.451902 -0.130583
v 1.288901 1.453587 -0.130583
v 1.287499 1.455310 -0.130583
v 1.285907 1.457089 -0.130583
v 1.284115 1.458941 -0.130583
v 1.304030 1.458941 -0.130583
v 1.276972 1.440108 -0.130583
v 1.276812 1.437522 -0.130583
v 1.276345 1.435078 -0.130583
v 1.275585 1.432792 -0.130583
v 1.274551 1.430680 -0.130583
v 1.273258 1.428757 -0.130583
v 1.271723 1.427039 -0.130583
v 1.269962 1.425542 -0.130583
v 1.267993 1.424282 -0.130583
v 1.265831 1.423275 -0.130583
v 1.263493 1.422535 -0.130583
v 1.260996 1.422080 -0.130583
v 1.258356 1.421925 -0.130583
v 1.255517 1.422072 -0.130583
v 1.252854 1.422503 -0.130583
v 1.250380 1.423207 -0.130583
v 1.248110 1.424170 -0.130583
v 1.246056 1.425379 -0.130583
v 1.244231 1.426823 -0.130583
v 1.242651 1.428487 -0.130583
v 1.241327 1.430359 -0.130583
v 1.240274 1.432427 -0.130583
v 1.239505 1.434678 -0.130583
v 1.239034 1.437098 -0.130583
v 1.238874 1.439675 -0.130583
v 1.239050 1.442021 -0.130583
v 1.239564 1.444281 -0.130583
v 1.240393 1.446433 -0.130583
v 1.241512 1.448454 -0.130583
v 1.242898 1.450322 -0.130583
v 1.244529 1.452014 -0.130583
v 1.246381 1.453507 -0.130583
v 1.248431 1.454780 -0.130583
v 1.250655 1.455809 -0.130583
v 1.253030 1.456572 -0.130583
v 1.255533 1.457046 -0.130583
v 1.258139 1.457209 -0.130583
v 1.260647 1.457050 -0.130583
v 1.263067 1.456589 -0.130583
v 1.265374 1.455846 -0.130583
v 1.267544 1.454844 -0.130583
v 1.269551 1.453604 -0.130583
v 1.271371 1.452149 -0.130583
v 1.272979 1.450500 -0.130583
v 1.274350 1.448679 -0.130583
v 1.275460 1.446707 -0.130583
v 1.276284 1.444607 -0.130583
v 1.276796 1.442400 -0.130583
v 1.284981 1.356336 -0.130583
v 1.284775 1.354195 -0.130583
v 1.284166 1.352212 -0.130583
v 1.283162 1.350394 -0.130583
v 1.281774 1.348744 -0.130583
v 1.280014 1.347268 -0.130583
v 1.277892 1.345973 -0.130583
v 1.275418 1.344862 -0.130583
v 1.272602 1.343941 -0.130583
v 1.269456 1.343216 -0.130583
v 1.265990 1.342692 -0.130583
v 1.262214 1.342373 -0.130583
v 1.258139 1.342266 -0.130583
v 1.253924 1.342374 -0.130583
v 1.250047 1.342696 -0.130583
v 1.246514 1.343230 -0.130583
v 1.243331 1.343974 -0.130583
v 1.240503 1.344925 -0.130583
v 1.238035 1.346081 -0.130583
v 1.235932 1.347440 -0.130583
v 1.234200 1.349000 -0.130583
v 1.232843 1.350759 -0.130583
v 1.231868 1.352713 -0.130583
v 1.231278 1.354862 -0.130583
v 1.231081 1.357202 -0.130583
v 1.231267 1.359311 -0.130583
v 1.231815 1.361299 -0.130583
v 1.232705 1.363155 -0.130583
v 1.233919 1.364866 -0.130583
v 1.235441 1.366422 -0.130583
v 1.237251 1.367809 -0.130583
v 1.239331 1.369015 -0.130583
v 1.241664 1.370030 -0.130583
v 1.244231 1.370839 -0.130583
v 1.247015 1.371433 -0.130583
v 1.249998 1.371797 -0.130583
v 1.253161 1.371922 -0.130583
v 1.256288 1.371851 -0.130583
v 1.259652 1.371624 -0.130583
v 1.263155 1.371221 -0.130583
v 1.266702 1.370623 -0.130583
v 1.270194 1.369808 -0.130583
v 1.273536 1.368756 -0.130583
v 1.276629 1.367447 -0.130583
v 1.279377 1.365861 -0.130583
v 1.281683 1.363977 -0.130583
v 1.283451 1.361775 -0.130583
v 1.284583 1.359235 -0.130583
v 1.204023 1.404824 -0.130583
v 1.201213 1.403048 -0.130583
v 1.198409 1.401403 -0.130583
v 1.195608 1.399893 -0.130583
v 1.192807 1.398523 -0.130583
v 1.190003 1.397297 -0.130583
v 1.187193 1.396220 -0.130583
v 1.184374 1.395296 -0.130583
v 1.181543 1.394530 -0.130583
v 1.178697 1.393927 -0.130583
v 1.175833 1.393490 -0.130583
v 1.172947 1.393225 -0.130583
v 1.170038 1.393135 -0.130583
v 1.165542 1.393342 -0.130583
v 1.161363 1.393962 -0.130583
v 1.157503 1.394992 -0.130583
v 1.153964 1.396430 -0.130583
v 1.150745 1.398274 -0.130583
v 1.147851 1.400522 -0.130583
v 1.145280 1.403171 -0.130583
v 1.143036 1.406219 -0.130583
v 1.141120 1.409664 -0.130583
v 1.139533 1.413504 -0.130583
v 1.138276 1.417736 -0.130583
v 1.137352 1.422358 -0.130583
v 1.205755 1.422358 -0.130583
v 1.205416 1.430959 -0.130583
v 1.204417 1.438795 -0.130583
v 1.202782 1.445872 -0.130583
v 1.200535 1.452190 -0.130583
v 1.197703 1.457754 -0.130583
v 1.194309 1.462566 -0.130583
v 1.190378 1.466630 -0.130583
v 1.185936 1.469948 -0.130583
v 1.181007 1.472524 -0.130583
v 1.175615 1.474360 -0.130583
v 1.169786 1.475459 -0.130583
v 1.163544 1.475825 -0.130583
v 1.157011 1.475416 -0.130583
v 1.150857 1.474214 -0.130583
v 1.145117 1.472253 -0.130583
v 1.139829 1.469572 -0.130583
v 1.135028 1.466204 -0.130583
v 1.130749 1.462188 -0.130583
v 1.127030 1.457558 -0.130583
v 1.123907 1.452351 -0.130583
v 1.121414 1.446602 -0.130583
v 1.119590 1.440349 -0.130583
v 1.118468 1.433626 -0.130583
v 1.118086 1.426471 -0.130583
v 1.118436 1.419814 -0.130583
v 1.119477 1.413319 -0.130583
v 1.121198 1.407063 -0.130583
v 1.123586 1.401128 -0.130583
v 1.126630 1.395593 -0.130583
v 1.130316 1.390538 -0.130583
v 1.134635 1.386041 -0.130583
v 1.139572 1.382184 -0.130583
v 1.145117 1.379045 -0.130583
v 1.151258 1.376704 -0.130583
v 1.157981 1.375241 -0.130583
v 1.165276 1.374736 -0.130583
v 1.169271 1.374813 -0.130583
v 1.173046 1.375044 -0.130583
v 1.176627 1.375432 -0.130583
v 1.180036 1.375978 -0.130583
v 1.183297 1.376684 -0.130583
v 1.186435 1.377550 -0.130583
v 1.189474 1.378578 -0.130583
v 1.192438 1.379771 -0.130583
v 1.195351 1.381128 -0.130583
v 1.198237 1.382653 -0.130583
v 1.201119 1.384346 -0.130583
v 1.204023 1.386208 -0.130583
v 1.137784 1.435130 -0.130583
v 1.138565 1.438831 -0.130583
v 1.139605 1.442246 -0.130583
v 1.140903 1.445368 -0.130583
v 1.142458 1.448190 -0.130583
v 1.144270 1.450705 -0.130583
v 1.146335 1.452907 -0.130583
v 1.148653 1.454788 -0.130583
v 1.151221 1.456343 -0.130583
v 1.154039 1.457564 -0.130583
v 1.157106 1.458445 -0.130583
v 1.160419 1.458978 -0.130583
v 1.163977 1.459157 -0.130583
v 1.167276 1.458966 -0.130583
v 1.170351 1.458400 -0.130583
v 1.173190 1.457473 -0.130583
v 1.175786 1.456199 -0.130583
v 1.178130 1.454591 -0.130583
v 1.180212 1.452663 -0.130583
v 1.182023 1.450429 -0.130583
v 1.183555 1.447901 -0.130583
v 1.184798 1.445094 -0.130583
v 1.185743 1.442020 -0.130583
v 1.186382 1.438694 -0.130583
v 1.186706 1.435130 -0.130583
v 1.095141 1.524313 -0.130583
v 1.075876 1.524313 -0.130583
v 1.075876 1.376684 -0.130583
v 1.095141 1.376684 -0.130583
v 1.047735 1.524313 -0.130583
v 1.028470 1.524313 -0.130583
v 1.028470 1.376684 -0.130583
v 1.047735 1.376684 -0.130583
v 0.880894 1.404824 -0.130583
v 0.878084 1.403048 -0.130583
v 0.875280 1.401403 -0.130583
v 0.872479 1.399893 -0.130583
v 0.869678 1.398523 -0.130583
v 0.866874 1.397297 -0.130583
v 0.864064 1.396220 -0.130583
v 0.861245 1.395296 -0.130583
v 0.858414 1.394530 -0.130583
v 0.855568 1.393927 -0.130583
v 0.852704 1.393490 -0.130583
v 0.849818 1.393225 -0.130583
v 0.846909 1.393135 -0.130583
v 0.842413 1.393342 -0.130583
v 0.838234 1.393962 -0.130583
v 0.834374 1.394992 -0.130583
v 0.830835 1.396430 -0.130583
v 0.827616 1.398274 -0.130583
v 0.824722 1.400522 -0.130583
v 0.822151 1.403171 -0.130583
v 0.819907 1.406219 -0.130583
v 0.817991 1.409664 -0.130583
v 0.816404 1.413504 -0.130583
v 0.815147 1.417736 -0.130583
v 0.814223 1.422358 -0.130583
v 0.882626 1.422358 -0.130583
v 0.882287 1.430959 -0.130583
v 0.881288 1.438795 -0.130583
v 0.879653 1.445872 -0.130583
v 0.877407 1.452190 -0.130583
v 0.874574 1.457754 -0.130583
v 0.871180 1.462566 -0.130583
v 0.867250 1.466630 -0.130583
v 0.862807 1.469948 -0.130583
v 0.857878 1.472524 -0.130583
v 0.852486 1.474360 -0.130583
v 0.846657 1.475459 -0.130583
v 0.840415 1.475825 -0.130583
v 0.833882 1.475416 -0.130583
v 0.827728 1.474214 -0.130583
v 0.821988 1.472253 -0.130583
v 0.816700 1.469572 -0.130583
v 0.811899 1.466204 -0.130583
v 0.807621 1.462188 -0.130583
v 0.803902 1.457558 -0.130583
v 0.800778 1.452351 -0.130583
v 0.798286 1.446602 -0.130583
v 0.796461 1.440349 -0.130583
v 0.795339 1.433626 -0.130583
v 0.794957 1.426471 -0.130583
v 0.795307 1.419814 -0.130583
v 0.796349 1.413319 -0.130583
v 0.798069 1.407063 -0.130583
v 0.800457 1.401128 -0.130583
v 0.803501 1.395593 -0.130583
v 0.807188 1.390538 -0.130583
v 0.811506 1.386041 -0.130583
v 0.816443 1.382184 -0.130583
v 0.821988 1.379045 -0.130583
v 0.828129 1.376704 -0.130583
v 0.834852 1.375241 -0.130583
v 0.842147 1.374736 -0.130583
v 0.846142 1.374813 -0.130583
v 0.849918 1.375044 -0.130583
v 0.853498 1.375432 -0.130583
v 0.856907 1.375978 -0.130583
v 0.860168 1.376684 -0.130583
v 0.863307 1.377550 -0.130583
v 0.866345 1.378578 -0.130583
v 0.869309 1.379771 -0.130583
v 0.872222 1.381128 -0.130583
v 0.875108 1.382653 -0.130583
v 0.877990 1.384346 -0.130583
v 0.880894 1.386208 -0.130583
v 0.814656 1.435130 -0.130583
v 0.815436 1.438831 -0.130583
v 0.816476 1.442246 -0.130583
v 0.817774 1.445368 -0.130583
v 0.819330 1.448190 -0.130583
v 0.821141 1.450705 -0.130583
v 0.823206 1.452907 -0.130583
v 0.825524 1.454788 -0.130583
v 0.828092 1.456343 -0.130583
v 0.830911 1.457564 -0.130583
v 0.833977 1.458445 -0.130583
v 0.837290 1.458978 -0.130583
v 0.840848 1.459157 -0.130583
v 0.844148 1.458966 -0.130583
v 0.847222 1.458400 -0.130583
v 0.850061 1.457473 -0.130583
v 0.852657 1.456199 -0.130583
v 0.855001 1.454591 -0.130583
v 0.857083 1.452663 -0.130583
v 0.858894 1.450429 -0.130583
v 0.860426 1.447901 -0.130583
v 0.861669 1.445094 -0.130583
v 0.862614 1.442020 -0.130583
v 0.863253 1.438694 -0.130583
v 0.863577 1.435130 -0.130583
v 0.772445 1.376684 -0.130583
v 0.772445 1.473877 -0.130583
v 0.753180 1.473877 -0.130583
v 0.753180 1.404391 -0.130583
v 0.751570 1.402259 -0.130583
v 0.749886 1.400300 -0.130583
v 0.748130 1.398516 -0.130583
v 0.746309 1.396911 -0.130583
v 0.744428 1.395487 -0.130583
v 0.742492 1.394245 -0.130583
v 0.740506 1.393188 -0.130583
v 0.738476 1.392318 -0.130583
v 0.736407 1.391637 -0.130583
v 0.734304 1.391148 -0.130583
v 0.732173 1.390853 -0.130583
v 0.730018 1.390754 -0.130583
v 0.726852 1.390915 -0.130583
v 0.723958 1.391394 -0.130583
v 0.721336 1.392185 -0.130583
v 0.718986 1.393280 -0.130583
v 0.716910 1.394672 -0.130583
v 0.715109 1.396355 -0.130583
v 0.713582 1.398322 -0.130583
v 0.712332 1.400567 -0.130583
v 0.711358 1.403082 -0.130583
v 0.710661 1.405862 -0.130583
v 0.710243 1.408898 -0.130583
v 0.710103 1.412184 -0.130583
v 0.710103 1.473877 -0.130583
v 0.690838 1.473877 -0.130583
v 0.690838 1.413483 -0.130583
v 0.691122 1.407537 -0.130583
v 0.691955 1.402044 -0.130583
v 0.693310 1.397018 -0.130583
v 0.695159 1.392470 -0.130583
v 0.697474 1.388412 -0.130583
v 0.700227 1.384855 -0.130583
v 0.703390 1.381813 -0.130583
v 0.706936 1.379297 -0.130583
v 0.710837 1.377320 -0.130583
v 0.715065 1.375892 -0.130583
v 0.719592 1.375027 -0.130583
v 0.724390 1.374736 -0.130583
v 0.726804 1.374851 -0.130583
v 0.729273 1.375193 -0.130583
v 0.731780 1.375750 -0.130583
v 0.734307 1.376516 -0.130583
v 0.736837 1.377479 -0.130583
v 0.739353 1.378632 -0.130583
v 0.741837 1.379965 -0.130583
v 0.744272 1.381470 -0.130583
v 0.746642 1.383137 -0.130583
v 0.748928 1.384958 -0.130583
v 0.751113 1.386922 -0.130583
v 0.753180 1.389022 -0.130583
v 0.753180 1.376684 -0.130583
v 0.646246 1.326897 -0.130583
v 0.665511 1.326897 -0.130583
v 0.665511 1.473877 -0.130583
v 0.630011 1.473877 -0.130583
v 0.619563 1.473203 -0.130583
v 0.610556 1.471303 -0.130583
v 0.602888 1.468357 -0.130583
v 0.596458 1.464545 -0.130583
v 0.591165 1.460047 -0.130583
v 0.586907 1.455044 -0.130583
v 0.583582 1.449717 -0.130583
v 0.581090 1.444245 -0.130583
v 0.579328 1.438809 -0.130583
v 0.578194 1.433590 -0.130583
v 0.577589 1.428768 -0.130583
v 0.577410 1.424523 -0.130583
v 0.577831 1.417404 -0.130583
v 0.579066 1.410688 -0.130583
v 0.581073 1.404415 -0.130583
v 0.583807 1.398627 -0.130583
v 0.587228 1.393365 -0.130583
v 0.591290 1.388671 -0.130583
v 0.595953 1.384585 -0.130583
v 0.601173 1.381150 -0.130583
v 0.606906 1.378405 -0.130583
v 0.613111 1.376394 -0.130583
v 0.619745 1.375157 -0.130583
v 0.626764 1.374736 -0.130583
v 0.628148 1.374763 -0.130583
v 0.629590 1.374842 -0.130583
v 0.631086 1.374972 -0.130583
v 0.632632 1.375153 -0.130583
v 0.634223 1.375381 -0.130583
v 0.635855 1.375656 -0.130583
v 0.637523 1.375976 -0.130583
v 0.639222 1.376339 -0.130583
v 0.640949 1.376745 -0.130583
v 0.642698 1.377191 -0.130583
v 0.644465 1.377676 -0.130583
v 0.646246 1.378199 -0.130583
v 0.646246 1.456560 -0.130583
v 0.646246 1.395300 -0.130583
v 0.644776 1.394624 -0.130583
v 0.643290 1.394002 -0.130583
v 0.641791 1.393436 -0.130583
v 0.640281 1.392927 -0.130583
v 0.638762 1.392474 -0.130583
v 0.637235 1.392080 -0.130583
v 0.635705 1.391744 -0.130583
v 0.634171 1.391468 -0.130583
v 0.632638 1.391251 -0.130583
v 0.631108 1.391096 -0.130583
v 0.629582 1.391002 -0.130583
v 0.628063 1.390971 -0.130583
v 0.623679 1.391275 -0.130583
v 0.619531 1.392164 -0.130583
v 0.615646 1.393599 -0.130583
v 0.612052 1.395540 -0.130583
v 0.608777 1.397951 -0.130583
v 0.605848 1.400793 -0.130583
v 0.603293 1.404027 -0.130583
v 0.601141 1.407614 -0.130583
v 0.599418 1.411518 -0.130583
v 0.598153 1.415699 -0.130583
v 0.597374 1.420119 -0.130583
v 0.597108 1.424739 -0.130583
v 0.597436 1.430004 -0.130583
v 0.598382 1.434763 -0.130583
v 0.599885 1.439026 -0.130583
v 0.601886 1.442802 -0.130583
v 0.604326 1.446100 -0.130583
v 0.607147 1.448929 -0.130583
v 0.610286 1.451298 -0.130583
v 0.613687 1.453216 -0.130583
v 0.617290 1.454693 -0.130583
v 0.621034 1.455736 -0.130583
v 0.624861 1.456355 -0.130583
v 0.628712 1.456560 -0.130583
v 0.374203 1.473877 -0.130583
v 0.374203 1.376684 -0.130583
v 0.393468 1.376684 -0.130583
v 0.393468 1.427553 -0.130583
v 0.393680 1.431642 -0.130583
v 0.394299 1.435553 -0.130583
v 0.395298 1.439252 -0.130583
v 0.396651 1.442706 -0.130583
v 0.398332 1.445879 -0.130583
v 0.400314 1.448740 -0.130583
v 0.402571 1.451253 -0.130583
v 0.405077 1.453385 -0.130583
v 0.407806 1.455102 -0.130583
v 0.410730 1.456370 -0.130583
v 0.413825 1.457156 -0.130583
v 0.417063 1.457425 -0.130583
v 0.418260 1.457346 -0.130583
v 0.419566 1.457111 -0.130583
v 0.420966 1.456729 -0.130583
v 0.422443 1.456207 -0.130583
v 0.423979 1.455553 -0.130583
v 0.425559 1.454774 -0.130583
v 0.427166 1.453878 -0.130583
v 0.428784 1.452872 -0.130583
v 0.430396 1.451764 -0.130583
v 0.431985 1.450561 -0.130583
v 0.433535 1.449271 -0.130583
v 0.435030 1.447901 -0.130583
v 0.445204 1.464569 -0.130583
v 0.443214 1.466382 -0.130583
v 0.441248 1.468033 -0.130583
v 0.439301 1.469524 -0.130583
v 0.437371 1.470854 -0.130583
v 0.435452 1.472026 -0.130583
v 0.433541 1.473038 -0.130583
v 0.431635 1.473893 -0.130583
v 0.429730 1.474590 -0.130583
v 0.427822 1.475132 -0.130583
v 0.425907 1.475517 -0.130583
v 0.423981 1.475748 -0.130583
v 0.422042 1.475825 -0.130583
v 0.419764 1.475675 -0.130583
v 0.417477 1.475217 -0.130583
v 0.415179 1.474442 -0.130583
v 0.412870 1.473340 -0.130583
v 0.410549 1.471901 -0.130583
v 0.408215 1.470116 -0.130583
v 0.405868 1.467974 -0.130583
v 0.403506 1.465467 -0.130583
v 0.401129 1.462583 -0.130583
v 0.398736 1.459315 -0.130583
v 0.396327 1.455650 -0.130583
v 0.393901 1.451581 -0.130583
v 0.393468 1.451581 -0.130583
v 0.393468 1.473877 -0.130583
v 0.355803 1.394001 -0.130583
v 0.354731 1.393217 -0.130583
v 0.353682 1.392489 -0.130583
v 0.352661 1.391819 -0.130583
v 0.351674 1.391211 -0.130583
v 0.350727 1.390666 -0.130583
v 0.349823 1.390186 -0.130583
v 0.348970 1.389774 -0.130583
v 0.348171 1.389431 -0.130583
v 0.347432 1.389161 -0.130583
v 0.346759 1.388965 -0.130583
v 0.346156 1.388846 -0.130583
v 0.345629 1.388806 -0.130583
v 0.345057 1.388834 -0.130583
v 0.344530 1.388919 -0.130583
v 0.344050 1.389066 -0.130583
v 0.343617 1.389279 -0.130583
v 0.343232 1.389561 -0.130583
v 0.342896 1.389915 -0.130583
v 0.342610 1.390347 -0.130583
v 0.342374 1.390858 -0.130583
v 0.342189 1.391454 -0.130583
v 0.342056 1.392138 -0.130583
v 0.341976 1.392914 -0.130583
v 0.341949 1.393785 -0.130583
v 0.341949 1.443788 -0.130583
v 0.341631 1.449057 -0.130583
v 0.340704 1.453828 -0.130583
v 0.339207 1.458109 -0.130583
v 0.337179 1.461907 -0.130583
v 0.334662 1.465230 -0.130583
v 0.331695 1.468086 -0.130583
v 0.328317 1.470482 -0.130583
v 0.324568 1.472426 -0.130583
v 0.320489 1.473924 -0.130583
v 0.316119 1.474985 -0.130583
v 0.311498 1.475616 -0.130583
v 0.306666 1.475825 -0.130583
v 0.303220 1.475735 -0.130583
v 0.299917 1.475463 -0.130583
v 0.296756 1.475010 -0.130583
v 0.293734 1.474374 -0.130583
v 0.290850 1.473554 -0.130583
v 0.288104 1.472551 -0.130583
v 0.285492 1.471363 -0.130583
v 0.283015 1.469988 -0.130583
v 0.280669 1.468428 -0.130583
v 0.278455 1.466680 -0.130583
v 0.276370 1.464745 -0.130583
v 0.274412 1.462621 -0.130583
v 0.274412 1.441623 -0.130583
v 0.276770 1.444258 -0.130583
v 0.279185 1.446643 -0.130583
v 0.281650 1.448784 -0.130583
v 0.284161 1.450683 -0.130583
v 0.286711 1.452345 -0.130583
v 0.289294 1.453773 -0.130583
v 0.291904 1.454971 -0.130583
v 0.294536 1.455942 -0.130583
v 0.297182 1.456692 -0.130583
v 0.299837 1.457222 -0.130583
v 0.302495 1.457538 -0.130583
v 0.305150 1.457642 -0.130583
v 0.307951 1.457537 -0.130583
v 0.310508 1.457217 -0.130583
v 0.312821 1.456675 -0.130583
v 0.314891 1.455902 -0.130583
v 0.316718 1.454892 -0.130583
v 0.318301 1.453637 -0.130583
v 0.319640 1.452130 -0.130583
v 0.320736 1.450362 -0.130583
v 0.321588 1.448327 -0.130583
v 0.322197 1.446017 -0.130583
v 0.322562 1.443424 -0.130583
v 0.322684 1.440541 -0.130583
v 0.322684 1.435346 -0.130583
v 0.305583 1.429285 -0.130583
v 0.301658 1.427866 -0.130583
v 0.297719 1.426392 -0.130583
v 0.293833 1.424817 -0.130583
v 0.290070 1.423096 -0.130583
v 0.286496 1.421182 -0.130583
v 0.283179 1.419030 -0.130583
v 0.280187 1.416594 -0.130583
v 0.277587 1.413828 -0.130583
v 0.275447 1.410686 -0.130583
v 0.273835 1.407122 -0.130583
v 0.272818 1.403091 -0.130583
v 0.272464 1.398547 -0.130583
v 0.272660 1.395441 -0.130583
v 0.273236 1.392424 -0.130583
v 0.274175 1.389530 -0.130583
v 0.275462 1.386794 -0.130583
v 0.277080 1.384250 -0.130583
v 0.279012 1.381933 -0.130583
v 0.281241 1.379878 -0.130583
v 0.283752 1.378119 -0.130583
v 0.286527 1.376691 -0.130583
v 0.289551 1.375628 -0.130583
v 0.292805 1.374964 -0.130583
v 0.296275 1.374736 -0.130583
v 0.298494 1.374803 -0.130583
v 0.300711 1.375007 -0.130583
v 0.302925 1.375348 -0.130583
v 0.305135 1.375826 -0.130583
v 0.307338 1.376442 -0.130583
v 0.309534 1.377198 -0.130583
v 0.311721 1.378093 -0.130583
v 0.313898 1.379129 -0.130583
v 0.316062 1.380306 -0.130583
v 0.318213 1.381625 -0.130583
v 0.320349 1.383088 -0.130583
v 0.322468 1.384693 -0.130583
v 0.322960 1.383042 -0.130583
v 0.323573 1.381550 -0.130583
v 0.324311 1.380215 -0.130583
v 0.325177 1.379033 -0.130583
v 0.326176 1.378001 -0.130583
v 0.327311 1.377117 -0.130583
v 0.328585 1.376377 -0.130583
v 0.330003 1.375778 -0.130583
v 0.331569 1.375317 -0.130583
v 0.333286 1.374992 -0.130583
v 0.335157 1.374799 -0.130583
v 0.337187 1.374736 -0.130583
v 0.338657 1.374773 -0.130583
v 0.340055 1.374891 -0.130583
v 0.341405 1.375098 -0.130583
v 0.342735 1.375401 -0.130583
v 0.344071 1.375810 -0.130583
v 0.345440 1.376332 -0.130583
v 0.346867 1.376976 -0.130583
v 0.348379 1.377750 -0.130583
v 0.350003 1.378662 -0.130583
v 0.351763 1.379721 -0.130583
v 0.353688 1.380935 -0.130583
v 0.355803 1.382312 -0.130583
v 0.322684 1.396382 -0.130583
v 0.321376 1.395179 -0.130583
v 0.320050 1.394060 -0.130583
v 0.318707 1.393030 -0.130583
v 0.317345 1.392093 -0.130583
v 0.315965 1.391252 -0.130583
v 0.314567 1.390511 -0.130583
v 0.313151 1.389873 -0.130583
v 0.311717 1.389343 -0.130583
v 0.310264 1.388924 -0.130583
v 0.308794 1.388620 -0.130583
v 0.307306 1.388435 -0.130583
v 0.305800 1.388373 -0.130583
v 0.303845 1.388488 -0.130583
v 0.301992 1.388827 -0.130583
v 0.300256 1.389377 -0.130583
v 0.298648 1.390129 -0.130583
v 0.297182 1.391069 -0.130583
v 0.295869 1.392188 -0.130583
v 0.294724 1.393474 -0.130583
v 0.293758 1.394915 -0.130583
v 0.292984 1.396501 -0.130583
v 0.292416 1.398219 -0.130583
v 0.292066 1.400059 -0.130583
v 0.291946 1.402010 -0.130583
v 0.292237 1.404760 -0.130583
v 0.293081 1.407287 -0.130583
v 0.294436 1.409610 -0.130583
v 0.296259 1.411751 -0.130583
v 0.298510 1.413730 -0.130583
v 0.301146 1.415566 -0.130583
v 0.304124 1.417281 -0.130583
v 0.307403 1.418895 -0.130583
v 0.310941 1.420427 -0.130583
v 0.314695 1.421898 -0.130583
v 0.318623 1.423329 -0.130583
v 0.322684 1.424739 -0.130583
v 0.252766 1.524313 -0.130583
v 0.233500 1.524313 -0.130583
v 0.233500 1.376684 -0.130583
v 0.252766 1.376684 -0.130583
v 0.159036 1.475825 -0.130583
v 0.151933 1.475383 -0.130583
v 0.145164 1.474092 -0.130583
v 0.138783 1.472006 -0.130583
v 0.132844 1.469179 -0.130583
v 0.127401 1.465663 -0.130583
v 0.122508 1.461511 -0.130583
v 0.118219 1.456778 -0.130583
v 0.114589 1.451517 -0.130583
v 0.111671 1.445780 -0.130583
v 0.109520 1.439622 -0.130583
v 0.108190 1.433096 -0.130583
v 0.107734 1.426255 -0.130583
v 0.108173 1.418966 -0.130583
v 0.109460 1.412066 -0.130583
v 0.111549 1.405602 -0.130583
v 0.114396 1.399621 -0.130583
v 0.117956 1.394169 -0.130583
v 0.122183 1.389293 -0.130583
v 0.127032 1.385039 -0.130583
v 0.132459 1.381454 -0.130583
v 0.138418 1.378585 -0.130583
v 0.144864 1.376477 -0.130583
v 0.151751 1.375179 -0.130583
v 0.159036 1.374736 -0.130583
v 0.166619 1.375162 -0.130583
v 0.173756 1.376417 -0.130583
v 0.180405 1.378463 -0.130583
v 0.186527 1.381262 -0.130583
v 0.192081 1.384776 -0.130583
v 0.197026 1.388968 -0.130583
v 0.201321 1.393801 -0.130583
v 0.204927 1.399236 -0.130583
v 0.207802 1.405237 -0.130583
v 0.209905 1.411765 -0.130583
v 0.211198 1.418784 -0.130583
v 0.211637 1.426255 -0.130583
v 0.211185 1.433278 -0.130583
v 0.209861 1.439923 -0.130583
v 0.207711 1.446146 -0.130583
v 0.204782 1.451902 -0.130583
v 0.201124 1.457147 -0.130583
v 0.196782 1.461836 -0.130583
v 0.191805 1.465926 -0.130583
v 0.186239 1.469371 -0.130583
v 0.180131 1.472128 -0.130583
v 0.173530 1.474152 -0.130583
v 0.166483 1.475399 -0.130583
v 0.158820 1.458508 -0.130583
v 0.163518 1.458229 -0.130583
v 0.167963 1.457410 -0.130583
v 0.172122 1.456083 -0.130583
v 0.175969 1.454275 -0.130583
v 0.179472 1.452016 -0.130583
v 0.182604 1.449335 -0.130583
v 0.185334 1.446262 -0.130583
v 0.187634 1.442826 -0.130583
v 0.189473 1.439056 -0.130583
v 0.190824 1.434982 -0.130583
v 0.191655 1.430633 -0.130583
v 0.191939 1.426038 -0.130583
v 0.191676 1.420958 -0.130583
v 0.190899 1.416230 -0.130583
v 0.189626 1.411870 -0.130583
v 0.187874 1.407895 -0.130583
v 0.185663 1.404323 -0.130583
v 0.183010 1.401171 -0.130583
v 0.179933 1.398457 -0.130583
v 0.176450 1.396198 -0.130583
v 0.172579 1.394410 -0.130583
v 0.168338 1.393112 -0.130583
v 0.163746 1.392321 -0.130583
v 0.158820 1.392053 -0.130583
v 0.154292 1.392333 -0.130583
v 0.150031 1.393158 -0.130583
v 0.146062 1.394505 -0.130583
v 0.142409 1.396350 -0.130583
v 0.139095 1.398670 -0.130583
v 0.136145 1.401442 -0.130583
v 0.133583 1.404642 -0.130583
v 0.131433 1.408248 -0.130583
v 0.129719 1.412235 -0.130583
v 0.128465 1.416581 -0.130583
v 0.127694 1.421262 -0.130583
v 0.127432 1.426255 -0.130583
v 0.127703 1.430800 -0.130583
v 0.128495 1.435107 -0.130583
v 0.129780 1.439148 -0.130583
v 0.131529 1.442890 -0.130583
v 0.133714 1.446305 -0.130583
v 0.136307 1.449362 -0.130583
v 0.139279 1.452031 -0.130583
v 0.142601 1.454283 -0.130583
v 0.146245 1.456086 -0.130583
v 0.150182 1.457411 -0.130583
v 0.154383 1.458229 -0.130583
v 0.086737 1.467816 -0.130583
v 0.084211 1.469110 -0.130583
v 0.081719 1.470288 -0.130583
v 0.079259 1.471350 -0.130583
v 0.076828 1.472297 -0.130583
v 0.074424 1.473130 -0.130583
v 0.072045 1.473850 -0.130583
v 0.069688 1.474456 -0.130583
v 0.067352 1.474951 -0.130583
v 0.065033 1.475335 -0.130583
v 0.062731 1.475608 -0.130583
v 0.060442 1.475771 -0.130583
v 0.058163 1.475825 -0.130583
v 0.053440 1.475620 -0.130583
v 0.049026 1.475011 -0.130583
v 0.044939 1.474012 -0.130583
v 0.041199 1.472634 -0.130583
v 0.037826 1.470889 -0.130583
v 0.034839 1.468790 -0.130583
v 0.032258 1.466348 -0.130583
v 0.030103 1.463575 -0.130583
v 0.028392 1.460483 -0.130583
v 0.027147 1.457085 -0.130583
v 0.026385 1.453392 -0.130583
v 0.026126 1.449416 -0.130583
v 0.027021 1.443250 -0.130583
v 0.029494 1.437790 -0.130583
v 0.033229 1.432948 -0.130583
v 0.037912 1.428636 -0.130583
v 0.043226 1.424765 -0.130583
v 0.048855 1.421249 -0.130583
v 0.054485 1.417998 -0.130583
v 0.059799 1.414926 -0.130583
v 0.064481 1.411944 -0.130583
v 0.068217 1.408964 -0.130583
v 0.070690 1.405899 -0.130583
v 0.071584 1.402660 -0.130583
v 0.071452 1.400996 -0.130583
v 0.071067 1.399467 -0.130583
v 0.070448 1.398073 -0.130583
v 0.069612 1.396815 -0.130583
v 0.068578 1.395692 -0.130583
v 0.067363 1.394705 -0.130583
v 0.065986 1.393852 -0.130583
v 0.064465 1.393135 -0.130583
v 0.062817 1.392553 -0.130583
v 0.061061 1.392107 -0.130583
v 0.059215 1.391796 -0.130583
v 0.057297 1.391620 -0.130583
v 0.055274 1.391706 -0.130583
v 0.053106 1.391965 -0.130583
v 0.050803 1.392398 -0.130583
v 0.048374 1.393007 -0.130583
v 0.045828 1.393793 -0.130583
v 0.043173 1.394759 -0.130583
v 0.040419 1.395904 -0.130583
v 0.037575 1.397232 -0.130583
v 0.034650 1.398743 -0.130583
v 0.031652 1.400439 -0.130583
v 0.028592 1.402321 -0.130583
v 0.025477 1.404391 -0.130583
v 0.025477 1.383611 -0.130583
v 0.028552 1.382072 -0.130583
v 0.031511 1.380698 -0.130583
v 0.034376 1.379484 -0.130583
v 0.037166 1.378424 -0.130583
v 0.039903 1.377510 -0.130583
v 0.042605 1.376738 -0.130583
v 0.045294 1.376101 -0.130583
v 0.047989 1.375594 -0.130583
v 0.050712 1.375209 -0.130583
v 0.053482 1.374942 -0.130583
v 0.056320 1.374786 -0.130583
v 0.059245 1.374736 -0.130583
v 0.063741 1.374971 -0.130583
v 0.068007 1.375665 -0.130583
v 0.072014 1.376796 -0.130583
v 0.075729 1.378343 -0.130583
v 0.079123 1.380288 -0.130583
v 0.082164 1.382610 -0.130583
v 0.084822 1.385287 -0.130583
v 0.087066 1.388301 -0.130583
v 0.088864 1.391630 -0.130583
v 0.090187 1.395255 -0.130583
v 0.091004 1.399155 -0.130583
v 0.091283 1.403309 -0.130583
v 0.091158 1.405735 -0.130583
v 0.090775 1.408050 -0.130583
v 0.090119 1.410280 -0.130583
v 0.089174 1.412449 -0.130583
v 0.087925 1.414582 -0.130583
v 0.086358 1.416703 -0.130583
v 0.084457 1.418838 -0.130583
v 0.082207 1.421011 -0.130583
v 0.079593 1.423248 -0.130583
v 0.076601 1.425572 -0.130583
v 0.073215 1.428009 -0.130583
v 0.069420 1.430584 -0.130583
v 0.065363 1.432976 -0.130583
v 0.061734 1.435184 -0.130583
v 0.058518 1.437220 -0.130583
v 0.055702 1.439098 -0.130583
v 0.053270 1.440832 -0.130583
v 0.051209 1.442435 -0.130583
v 0.049505 1.443921 -0.130583
v 0.048142 1.445303 -0.130583
v 0.047107 1.446595 -0.130583
v 0.046385 1.447811 -0.130583
v 0.045962 1.448963 -0.130583
v 0.045825 1.450066 -0.130583
v 0.045927 1.451332 -0.130583
v 0.046230 1.452527 -0.130583
v 0.046724 1.453644 -0.130583
v 0.047404 1.454676 -0.130583
v 0.048261 1.455614 -0.130583
v 0.049288 1.456451 -0.130583
v 0.050478 1.457181 -0.130583
v 0.051822 1.457794 -0.130583
v 0.053313 1.458285 -0.130583
v 0.054945 1.458644 -0.130583
v 0.056708 1.458865 -0.130583
v 0.058596 1.458941 -0.130583
v 0.060444 1.458877 -0.130583
v 0.062410 1.458683 -0.130583
v 0.064485 1.458356 -0.130583
v 0.066662 1.457891 -0.130583
v 0.068932 1.457284 -0.130583
v 0.071287 1.456533 -0.130583
v 0.073718 1.455632 -0.130583
v 0.076218 1.454579 -0.130583
v 0.078779 1.453370 -0.130583
v 0.081390 1.452001 -0.130583
v 0.084046 1.450468 -0.130583
v 0.086737 1.448767 -0.130583
v -0.111491 1.394001 -0.130583
v -0.112564 1.393217 -0.130583
v -0.113613 1.392489 -0.130583
v -0.114634 1.391819 -0.130583
v -0.115620 1.391211 -0.130583
v -0.116568 1.390666 -0.130583
v -0.117471 1.390186 -0.130583
v -0.118325 1.389774 -0.130583
v -0.119124 1.389431 -0.130583
v -0.119863 1.389161 -0.130583
v -0.120536 1.388965 -0.130583
v -0.121139 1.388846 -0.130583
v -0.121665 1.388806 -0.130583
v -0.122238 1.388834 -0.130583
v -0.122765 1.388919 -0.130583
v -0.123245 1.389066 -0.130583
v -0.123678 1.389279 -0.130583
v -0.124063 1.389561 -0.130583
v -0.124398 1.389915 -0.130583
v -0.124685 1.390347 -0.130583
v -0.124921 1.390858 -0.130583
v -0.125106 1.391454 -0.130583
v -0.125238 1.392138 -0.130583
v -0.125319 1.392914 -0.130583
v -0.125345 1.393785 -0.130583
v -0.125345 1.443788 -0.130583
v -0.125663 1.449057 -0.130583
v -0.126591 1.453828 -0.130583
v -0.128088 1.458109 -0.130583
v -0.130115 1.461907 -0.130583
v -0.132633 1.465230 -0.130583
v -0.135600 1.468086 -0.130583
v -0.138978 1.470482 -0.130583
v -0.142727 1.472426 -0.130583
v -0.146806 1.473924 -0.130583
v -0.151176 1.474985 -0.130583
v -0.155797 1.475616 -0.130583
v -0.160629 1.475825 -0.130583
v -0.164075 1.475735 -0.130583
v -0.167377 1.475463 -0.130583
v -0.170539 1.475010 -0.130583
v -0.173561 1.474374 -0.130583
v -0.176444 1.473554 -0.130583
v -0.179191 1.472551 -0.130583
v -0.181803 1.471363 -0.130583
v -0.184280 1.469988 -0.130583
v -0.186625 1.468428 -0.130583
v -0.188840 1.466680 -0.130583
v -0.190925 1.464745 -0.130583
v -0.192882 1.462621 -0.130583
v -0.192882 1.441623 -0.130583
v -0.190525 1.444258 -0.130583
v -0.188110 1.446643 -0.130583
v -0.185644 1.448784 -0.130583
v -0.183133 1.450683 -0.130583
v -0.180583 1.452345 -0.130583
v -0.178000 1.453773 -0.130583
v -0.175390 1.454971 -0.130583
v -0.172759 1.455942 -0.130583
v -0.170113 1.456692 -0.130583
v -0.167458 1.457222 -0.130583
v -0.164799 1.457538 -0.130583
v -0.162144 1.457642 -0.130583
v -0.159344 1.457537 -0.130583
v -0.156787 1.457217 -0.130583
v -0.154473 1.456675 -0.130583
v -0.152403 1.455902 -0.130583
v -0.150577 1.454892 -0.130583
v -0.148994 1.453637 -0.130583
v -0.147655 1.452130 -0.130583
v -0.146559 1.450362 -0.130583
v -0.145707 1.448327 -0.130583
v -0.145098 1.446017 -0.130583
v -0.144733 1.443424 -0.130583
v -0.144611 1.440541 -0.130583
v -0.144611 1.435346 -0.130583
v -0.161711 1.429285 -0.130583
v -0.165637 1.427866 -0.130583
v -0.169576 1.426392 -0.130583
v -0.173461 1.424817 -0.130583
v -0.177225 1.423096 -0.130583
v -0.180799 1.421182 -0.130583
v -0.184115 1.419030 -0.130583
v -0.187108 1.416594 -0.130583
v -0.189707 1.413828 -0.130583
v -0.191847 1.410686 -0.130583
v -0.193460 1.407122 -0.130583
v -0.194477 1.403091 -0.130583
v -0.194831 1.398547 -0.130583
v -0.194635 1.395441 -0.130583
v -0.194059 1.392424 -0.130583
v -0.193119 1.389530 -0.130583
v -0.191832 1.386794 -0.130583
v -0.190215 1.384250 -0.130583
v -0.188283 1.381933 -0.130583
v -0.186053 1.379878 -0.130583
v -0.183543 1.378119 -0.130583
v -0.180767 1.376691 -0.130583
v -0.177744 1.375628 -0.130583
v -0.174489 1.374964 -0.130583
v -0.171019 1.374736 -0.130583
v -0.168801 1.374803 -0.130583
v -0.166584 1.375007 -0.130583
v -0.164370 1.375348 -0.130583
v -0.162160 1.375826 -0.130583
v -0.159957 1.376442 -0.130583
v -0.157761 1.377198 -0.130583
v -0.155574 1.378093 -0.130583
v -0.153397 1.379129 -0.130583
v -0.151233 1.380306 -0.130583
v -0.149082 1.381625 -0.130583
v -0.146946 1.383088 -0.130583
v -0.144827 1.384693 -0.130583
v -0.144335 1.383042 -0.130583
v -0.143722 1.381550 -0.130583
v -0.142984 1.380215 -0.130583
v -0.142117 1.379033 -0.130583
v -0.141119 1.378001 -0.130583
v -0.139984 1.377117 -0.130583
v -0.138709 1.376377 -0.130583
v -0.137291 1.375778 -0.130583
v -0.135726 1.375317 -0.130583
v -0.134009 1.374992 -0.130583
v -0.132138 1.374799 -0.130583
v -0.130108 1.374736 -0.130583
v -0.128637 1.374773 -0.130583
v -0.127240 1.374891 -0.130583
v -0.125890 1.375098 -0.130583
v -0.124559 1.375401 -0.130583
v -0.123223 1.375810 -0.130583
v -0.121855 1.376332 -0.130583
v -0.120428 1.376976 -0.130583
v -0.118915 1.377750 -0.130583
v -0.117292 1.378662 -0.130583
v -0.115531 1.379721 -0.130583
v -0.113606 1.380935 -0.130583
v -0.111491 1.382312 -0.130583
v -0.144611 1.396382 -0.130583
v -0.145918 1.395179 -0.130583
v -0.147244 1.394060 -0.130583
v -0.148588 1.393030 -0.130583
v -0.149950 1.392093 -0.130583
v -0.151330 1.391252 -0.130583
v -0.152728 1.390511 -0.130583
v -0.154144 1.389873 -0.130583
v -0.155578 1.389343 -0.130583
v -0.157030 1.388924 -0.130583
v -0.158500 1.388620 -0.130583
v -0.159989 1.388435 -0.130583
v -0.161495 1.388373 -0.130583
v -0.163450 1.388488 -0.130583
v -0.165302 1.388827 -0.130583
v -0.167039 1.389377 -0.130583
v -0.168646 1.390129 -0.130583
v -0.170113 1.391069 -0.130583
v -0.171425 1.392188 -0.130583
v -0.172571 1.393474 -0.130583
v -0.173537 1.394915 -0.130583
v -0.174310 1.396501 -0.130583
v -0.174879 1.398219 -0.130583
v -0.175229 1.400059 -0.130583
v -0.175349 1.402010 -0.130583
v -0.175058 1.404760 -0.130583
v -0.174214 1.407287 -0.130583
v -0.172859 1.409610 -0.130583
v -0.171035 1.411751 -0.130583
v -0.168785 1.413730 -0.130583
v -0.166149 1.415566 -0.130583
v -0.163170 1.417281 -0.130583
v -0.159891 1.418895 -0.130583
v -0.156354 1.420427 -0.130583
v -0.152600 1.421898 -0.130583
v -0.148671 1.423329 -0.130583
v -0.144611 1.424739 -0.130583
v -0.221672 1.518252 -0.130583
v -0.236176 1.486432 -0.130583
v -0.224270 1.486432 -0.130583
v -0.200026 1.518252 -0.130583
v -0.214529 1.473877 -0.130583
v -0.233794 1.473877 -0.130583
v -0.233794 1.376684 -0.130583
v -0.214529 1.376684 -0.130583
v -0.249163 1.473877 -0.130583
v -0.289209 1.473877 -0.130583
v -0.295547 1.473614 -0.130583
v -0.301447 1.472835 -0.130583
v -0.306889 1.471557 -0.130583
v -0.311850 1.469796 -0.130583
v -0.316310 1.467570 -0.130583
v -0.320245 1.464894 -0.130583
v -0.323635 1.461785 -0.130583
v -0.326458 1.458259 -0.130583
v -0.328691 1.454334 -0.130583
v -0.330313 1.450026 -0.130583
v -0.331302 1.445350 -0.130583
v -0.331637 1.440325 -0.130583
v -0.331601 1.438561 -0.130583
v -0.331492 1.436843 -0.130583
v -0.331312 1.435170 -0.130583
v -0.331059 1.433542 -0.130583
v -0.330735 1.431959 -0.130583
v -0.330338 1.430421 -0.130583
v -0.329869 1.428929 -0.130583
v -0.329328 1.427481 -0.130583
v -0.328714 1.426079 -0.130583
v -0.328029 1.424721 -0.130583
v -0.327271 1.423409 -0.130583
v -0.326442 1.422142 -0.130583
v -0.325485 1.420865 -0.130583
v -0.324457 1.419634 -0.130583
v -0.323357 1.418448 -0.130583
v -0.322184 1.417307 -0.130583
v -0.320940 1.416211 -0.130583
v -0.319623 1.415161 -0.130583
v -0.318234 1.414155 -0.130583
v -0.316773 1.413194 -0.130583
v -0.315239 1.412279 -0.130583
v -0.313634 1.411409 -0.130583
v -0.311956 1.410583 -0.130583
v -0.310207 1.409803 -0.130583
v -0.310207 1.409370 -0.130583
v -0.312464 1.408763 -0.130583
v -0.314577 1.408028 -0.130583
v -0.316535 1.407175 -0.130583
v -0.318328 1.406211 -0.130583
v -0.319947 1.405145 -0.130583
v -0.321382 1.403986 -0.130583
v -0.322623 1.402740 -0.130583
v -0.323660 1.401417 -0.130583
v -0.324483 1.400025 -0.130583
v -0.325084 1.398572 -0.130583
v -0.325451 1.397066 -0.130583
v -0.325576 1.395516 -0.130583
v -0.325512 1.394443 -0.130583
v -0.325320 1.393385 -0.130583
v -0.324997 1.392340 -0.130583
v -0.324542 1.391307 -0.130583
v -0.323950 1.390283 -0.130583
v -0.323222 1.389266 -0.130583
v -0.322353 1.388253 -0.130583
v -0.321343 1.387243 -0.130583
v -0.320188 1.386232 -0.130583
v -0.318887 1.385219 -0.130583
v -0.317436 1.384202 -0.130583
v -0.315835 1.383178 -0.130583
v -0.319863 1.382059 -0.130583
v -0.323509 1.380754 -0.130583
v -0.326780 1.379258 -0.130583
v -0.329681 1.377566 -0.130583
v -0.332217 1.375672 -0.130583
v -0.334397 1.373572 -0.130583
v -0.336224 1.371260 -0.130583
v -0.337706 1.368731 -0.130583
v -0.338848 1.365979 -0.130583
v -0.339656 1.362999 -0.130583
v -0.340136 1.359787 -0.130583
v -0.340295 1.356336 -0.130583
v -0.339914 1.352165 -0.130583
v -0.338795 1.348218 -0.130583
v -0.336977 1.344522 -0.130583
v -0.334499 1.341103 -0.130583
v -0.331398 1.337988 -0.130583
v -0.327713 1.335204 -0.130583
v -0.323483 1.332775 -0.130583
v -0.318745 1.330729 -0.130583
v -0.313538 1.329092 -0.130583
v -0.307901 1.327890 -0.130583
v -0.301871 1.327149 -0.130583
v -0.295487 1.326897 -0.130583
v -0.288536 1.327138 -0.130583
v -0.282091 1.327852 -0.130583
v -0.276171 1.329024 -0.130583
v -0.270794 1.330641 -0.130583
v -0.265979 1.332687 -0.130583
v -0.261745 1.335150 -0.130583
v -0.258112 1.338013 -0.130583
v -0.255096 1.341264 -0.130583
v -0.252718 1.344887 -0.130583
v -0.250996 1.348869 -0.130583
v -0.249950 1.353195 -0.130583
v -0.249596 1.357851 -0.130583
v -0.249753 1.360897 -0.130583
v -0.250238 1.363854 -0.130583
v -0.251071 1.366706 -0.130583
v -0.252274 1.369436 -0.130583
v -0.253868 1.372028 -0.130583
v -0.255874 1.374465 -0.130583
v -0.258312 1.376731 -0.130583
v -0.261205 1.378808 -0.130583
v -0.264573 1.380682 -0.130583
v -0.268437 1.382334 -0.130583
v -0.272818 1.383749 -0.130583
v -0.277737 1.384910 -0.130583
v -0.282413 1.385872 -0.130583
v -0.286698 1.386817 -0.130583
v -0.290589 1.387754 -0.130583
v -0.294084 1.388694 -0.130583
v -0.297179 1.389645 -0.130583
v -0.299870 1.390619 -0.130583
v -0.302156 1.391624 -0.130583
v -0.304033 1.392670 -0.130583
v -0.305498 1.393768 -0.130583
v -0.306549 1.394926 -0.130583
v -0.307181 1.396155 -0.130583
v -0.307393 1.397465 -0.130583
v -0.306865 1.399972 -0.130583
v -0.305376 1.401849 -0.130583
v -0.303063 1.403231 -0.130583
v -0.300065 1.404255 -0.130583
v -0.296519 1.405056 -0.130583
v -0.292565 1.405771 -0.130583
v -0.288340 1.406536 -0.130583
v -0.283982 1.407486 -0.130583
v -0.279631 1.408758 -0.130583
v -0.275424 1.410488 -0.130583
v -0.271499 1.412811 -0.130583
v -0.267996 1.415864 -0.130583
v -0.266862 1.417096 -0.130583
v -0.265744 1.418506 -0.130583
v -0.264657 1.420072 -0.130583
v -0.263618 1.421773 -0.130583
v -0.262642 1.423588 -0.130583
v -0.261745 1.425497 -0.130583
v -0.260943 1.427478 -0.130583
v -0.260251 1.429509 -0.130583
v -0.259686 1.431571 -0.130583
v -0.259262 1.433642 -0.130583
v -0.258996 1.435701 -0.130583
v -0.258904 1.437727 -0.130583
v -0.258960 1.439728 -0.130583
v -0.259132 1.441628 -0.130583
v -0.259429 1.443447 -0.130583
v -0.259858 1.445199 -0.130583
v -0.260430 1.446904 -0.130583
v -0.261150 1.448577 -0.130583
v -0.262029 1.450238 -0.130583
v -0.263073 1.451902 -0.130583
v -0.264292 1.453587 -0.130583
v -0.265694 1.455310 -0.130583
v -0.267286 1.457089 -0.130583
v -0.269078 1.458941 -0.130583
v -0.249163 1.458941 -0.130583
v -0.276222 1.440108 -0.130583
v -0.276381 1.437522 -0.130583
v -0.276849 1.435078 -0.130583
v -0.277608 1.432792 -0.130583
v -0.278643 1.430680 -0.130583
v -0.279936 1.428757 -0.130583
v -0.281471 1.427039 -0.130583
v -0.283231 1.425542 -0.130583
v -0.285201 1.424282 -0.130583
v -0.287363 1.423275 -0.130583
v -0.289701 1.422535 -0.130583
v -0.292198 1.422080 -0.130583
v -0.294838 1.421925 -0.130583
v -0.297676 1.422072 -0.130583
v -0.300339 1.422503 -0.130583
v -0.302813 1.423207 -0.130583
v -0.305084 1.424170 -0.130583
v -0.307138 1.425379 -0.130583
v -0.308962 1.426823 -0.130583
v -0.310543 1.428487 -0.130583
v -0.311866 1.430359 -0.130583
v -0.312919 1.432427 -0.130583
v -0.313688 1.434678 -0.130583
v -0.314159 1.437098 -0.130583
v -0.314319 1.439675 -0.130583
v -0.314143 1.442021 -0.130583
v -0.313629 1.444281 -0.130583
v -0.312801 1.446433 -0.130583
v -0.311682 1.448454 -0.130583
v -0.310295 1.450322 -0.130583
v -0.308664 1.452014 -0.130583
v -0.306813 1.453507 -0.130583
v -0.304763 1.454780 -0.130583
v -0.302539 1.455809 -0.130583
v -0.300164 1.456572 -0.130583
v -0.297661 1.457046 -0.130583
v -0.295054 1.457209 -0.130583
v -0.292546 1.457050 -0.130583
v -0.290126 1.456589 -0.130583
v -0.287819 1.455846 -0.130583
v -0.285650 1.454844 -0.130583
v -0.283643 1.453604 -0.130583
v -0.281823 1.452149 -0.130583
v -0.280215 1.450500 -0.130583
v -0.278843 1.448679 -0.130583
v -0.277733 1.446707 -0.130583
v -0.276910 1.444607 -0.130583
v -0.276398 1.442400 -0.130583
v -0.268212 1.356336 -0.130583
v -0.268418 1.354195 -0.130583
v -0.269028 1.352212 -0.130583
v -0.270032 1.350394 -0.130583
v -0.271419 1.348744 -0.130583
v -0.273179 1.347268 -0.130583
v -0.275302 1.345973 -0.130583
v -0.277776 1.344862 -0.130583
v -0.280591 1.343941 -0.130583
v -0.283737 1.343216 -0.130583
v -0.287203 1.342692 -0.130583
v -0.290979 1.342373 -0.130583
v -0.295054 1.342266 -0.130583
v -0.299270 1.342374 -0.130583
v -0.303146 1.342696 -0.130583
v -0.306679 1.343230 -0.130583
v -0.309862 1.343974 -0.130583
v -0.312690 1.344925 -0.130583
v -0.315158 1.346081 -0.130583
v -0.317261 1.347440 -0.130583
v -0.318993 1.349000 -0.130583
v -0.320350 1.350759 -0.130583
v -0.321325 1.352713 -0.130583
v -0.321914 1.354862 -0.130583
v -0.322112 1.357202 -0.130583
v -0.321926 1.359311 -0.130583
v -0.321379 1.361299 -0.130583
v -0.320489 1.363155 -0.130583
v -0.319274 1.364866 -0.130583
v -0.317753 1.366422 -0.130583
v -0.315943 1.367809 -0.130583
v -0.313863 1.369015 -0.130583
v -0.311530 1.370030 -0.130583
v -0.308962 1.370839 -0.130583
v -0.306178 1.371433 -0.130583
v -0.303196 1.371797 -0.130583
v -0.300033 1.371922 -0.130583
v -0.296906 1.371851 -0.130583
v -0.293542 1.371624 -0.130583
v -0.290038 1.371221 -0.130583
v -0.286492 1.370623 -0.130583
v -0.282999 1.369808 -0.130583
v -0.279658 1.368756 -0.130583
v -0.276565 1.367447 -0.130583
v -0.273816 1.365861 -0.130583
v -0.271510 1.363977 -0.130583
v -0.269743 1.361775 -0.130583
v -0.268611 1.359235 -0.130583
v -0.411080 1.473877 -0.130583
v -0.411080 1.376684 -0.130583
v -0.391814 1.376684 -0.130583
v -0.391814 1.427553 -0.130583
v -0.391602 1.431642 -0.130583
v -0.390983 1.435553 -0.130583
v -0.389984 1.439252 -0.130583
v -0.388631 1.442706 -0.130583
v -0.386950 1.445879 -0.130583
v -0.384968 1.448740 -0.130583
v -0.382711 1.451253 -0.130583
v -0.380205 1.453385 -0.130583
v -0.377477 1.455102 -0.130583
v -0.374552 1.456370 -0.130583
v -0.371457 1.457156 -0.130583
v -0.368219 1.457425 -0.130583
v -0.367023 1.457346 -0.130583
v -0.365716 1.457111 -0.130583
v -0.364316 1.456729 -0.130583
v -0.362840 1.456207 -0.130583
v -0.361303 1.455553 -0.130583
v -0.359723 1.454774 -0.130583
v -0.358116 1.453878 -0.130583
v -0.356498 1.452872 -0.130583
v -0.354886 1.451764 -0.130583
v -0.353297 1.450561 -0.130583
v -0.351747 1.449271 -0.130583
v -0.350253 1.447901 -0.130583
v -0.340079 1.464569 -0.130583
v -0.342068 1.466382 -0.130583
v -0.344034 1.468033 -0.130583
v -0.345981 1.469524 -0.130583
v -0.347912 1.470854 -0.130583
v -0.349831 1.472026 -0.130583
v -0.351741 1.473038 -0.130583
v -0.353647 1.473893 -0.130583
v -0.355552 1.474590 -0.130583
v -0.357460 1.475132 -0.130583
v -0.359375 1.475517 -0.130583
v -0.361301 1.475748 -0.130583
v -0.363241 1.475825 -0.130583
v -0.365518 1.475675 -0.130583
v -0.367805 1.475217 -0.130583
v -0.370103 1.474442 -0.130583
v -0.372412 1.473340 -0.130583
v -0.374734 1.471901 -0.130583
v -0.377067 1.470116 -0.130583
v -0.379415 1.467974 -0.130583
v -0.381777 1.465467 -0.130583
v -0.384153 1.462583 -0.130583
v -0.386546 1.459315 -0.130583
v -0.388955 1.455650 -0.130583
v -0.391381 1.451581 -0.130583
v -0.391814 1.451581 -0.130583
v -0.391814 1.473877 -0.130583
v -0.434891 1.404824 -0.130583
v -0.437701 1.403048 -0.130583
v -0.440505 1.401403 -0.130583
v -0.443306 1.399893 -0.130583
v -0.446107 1.398523 -0.130583
v -0.448911 1.397297 -0.130583
v -0.451721 1.396220 -0.130583
v -0.454540 1.395296 -0.130583
v -0.457371 1.394530 -0.130583
v -0.460217 1.393927 -0.130583
v -0.463081 1.393490 -0.130583
v -0.465967 1.393225 -0.130583
v -0.468876 1.393135 -0.130583
v -0.473372 1.393342 -0.130583
v -0.477550 1.393962 -0.130583
v -0.481411 1.394992 -0.130583
v -0.484950 1.396430 -0.130583
v -0.488168 1.398274 -0.130583
v -0.491063 1.400522 -0.130583
v -0.493634 1.403171 -0.130583
v -0.495878 1.406219 -0.130583
v -0.497794 1.409664 -0.130583
v -0.499381 1.413504 -0.130583
v -0.500638 1.417736 -0.130583
v -0.501562 1.422358 -0.130583
v -0.433159 1.422358 -0.130583
v -0.433498 1.430959 -0.130583
v -0.434497 1.438795 -0.130583
v -0.436132 1.445872 -0.130583
v -0.438378 1.452190 -0.130583
v -0.441211 1.457754 -0.130583
v -0.444605 1.462566 -0.130583
v -0.448535 1.466630 -0.130583
v -0.452978 1.469948 -0.130583
v -0.457907 1.472524 -0.130583
v -0.463299 1.474360 -0.130583
v -0.469128 1.475459 -0.130583
v -0.475370 1.475825 -0.130583
v -0.481903 1.475416 -0.130583
v -0.488057 1.474214 -0.130583
v -0.493796 1.472253 -0.130583
v -0.499085 1.469572 -0.130583
v -0.503886 1.466204 -0.130583
v -0.508164 1.462188 -0.130583
v -0.511883 1.457558 -0.130583
v -0.515007 1.452351 -0.130583
v -0.517499 1.446602 -0.130583
v -0.519324 1.440349 -0.130583
v -0.520446 1.433626 -0.130583
v -0.520828 1.426471 -0.130583
v -0.520478 1.419814 -0.130583
v -0.519437 1.413319 -0.130583
v -0.517716 1.407063 -0.130583
v -0.515328 1.401128 -0.130583
v -0.512284 1.395593 -0.130583
v -0.508597 1.390538 -0.130583
v -0.504279 1.386041 -0.130583
v -0.499341 1.382184 -0.130583
v -0.493796 1.379045 -0.130583
v -0.487656 1.376704 -0.130583
v -0.480933 1.375241 -0.130583
v -0.473638 1.374736 -0.130583
v -0.469643 1.374813 -0.130583
v -0.465867 1.375044 -0.130583
v -0.462287 1.375432 -0.130583
v -0.458878 1.375978 -0.130583
v -0.455617 1.376684 -0.130583
v -0.452479 1.377550 -0.130583
v -0.449440 1.378578 -0.130583
v -0.446476 1.379771 -0.130583
v -0.443563 1.381128 -0.130583
v -0.440677 1.382653 -0.130583
v -0.437794 1.384346 -0.130583
v -0.434891 1.386208 -0.130583
v -0.501129 1.435130 -0.130583
v -0.500349 1.438831 -0.130583
v -0.499309 1.442246 -0.130583
v -0.498011 1.445368 -0.130583
v -0.496455 1.448190 -0.130583
v -0.494644 1.450705 -0.130583
v -0.492579 1.452907 -0.130583
v -0.490261 1.454788 -0.130583
v -0.487692 1.456343 -0.130583
v -0.484874 1.457564 -0.130583
v -0.481807 1.458445 -0.130583
v -0.478495 1.458978 -0.130583
v -0.474937 1.459157 -0.130583
v -0.471637 1.458966 -0.130583
v -0.468563 1.458400 -0.130583
v -0.465724 1.457473 -0.130583
v -0.463127 1.456199 -0.130583
v -0.460784 1.454591 -0.130583
v -0.458702 1.452663 -0.130583
v -0.456891 1.450429 -0.130583
v -0.455359 1.447901 -0.130583
v -0.454116 1.445094 -0.130583
v -0.453170 1.442020 -0.130583
v -0.452531 1.438694 -0.130583
v -0.452208 1.435130 -0.130583
v -0.605466 1.473877 -0.130583
v -0.624731 1.473877 -0.130583
v -0.624731 1.376684 -0.130583
v -0.605466 1.376684 -0.130583
v -0.605466 1.446386 -0.130583
v -0.603240 1.448800 -0.130583
v -0.601099 1.450961 -0.130583
v -0.599029 1.452876 -0.130583
v -0.597015 1.454555 -0.130583
v -0.595044 1.456006 -0.130583
v -0.593100 1.457236 -0.130583
v -0.591170 1.458254 -0.130583
v -0.589239 1.459069 -0.130583
v -0.587293 1.459688 -0.130583
v -0.585317 1.460120 -0.130583
v -0.583298 1.460373 -0.130583
v -0.581221 1.460456 -0.130583
v -0.578391 1.460265 -0.130583
v -0.575752 1.459700 -0.130583
v -0.573314 1.458778 -0.130583
v -0.571088 1.457514 -0.130583
v -0.569084 1.455921 -0.130583
v -0.567313 1.454016 -0.130583
v -0.565786 1.451813 -0.130583
v -0.564513 1.449328 -0.130583
v -0.563505 1.446575 -0.130583
v -0.562772 1.443570 -0.130583
v -0.562324 1.440327 -0.130583
v -0.562172 1.436861 -0.130583
v -0.562172 1.376684 -0.130583
v -0.542907 1.376684 -0.130583
v -0.542907 1.436645 -0.130583
v -0.543207 1.443009 -0.130583
v -0.544083 1.448792 -0.130583
v -0.545494 1.453999 -0.130583
v -0.547405 1.458636 -0.130583
v -0.549775 1.462708 -0.130583
v -0.552567 1.466219 -0.130583
v -0.555742 1.469176 -0.130583
v -0.559262 1.471584 -0.130583
v -0.563089 1.473447 -0.130583
v -0.567184 1.474772 -0.130583
v -0.571509 1.475563 -0.130583
v -0.576026 1.475825 -0.130583
v -0.578730 1.475713 -0.130583
v -0.581422 1.475381 -0.130583
v -0.584090 1.474834 -0.130583
v -0.586721 1.474077 -0.130583
v -0.589305 1.473116 -0.130583
v -0.591828 1.471956 -0.130583
v -0.594280 1.470601 -0.130583
v -0.596647 1.469059 -0.130583
v -0.598917 1.467332 -0.130583
v -0.601080 1.465428 -0.130583
v -0.603123 1.463350 -0.130583
v -0.605033 1.461105 -0.130583
v -0.605466 1.461105 -0.130583
v -0.646810 1.404824 -0.130583
v -0.649620 1.403048 -0.130583
v -0.652424 1.401403 -0.130583
v -0.655226 1.399893 -0.130583
v -0.658027 1.398523 -0.130583
v -0.660831 1.397297 -0.130583
v -0.663641 1.396220 -0.130583
v -0.666460 1.395296 -0.130583
v -0.669291 1.394530 -0.130583
v -0.672137 1.393927 -0.130583
v -0.675001 1.393490 -0.130583
v -0.677886 1.393225 -0.130583
v -0.680795 1.393135 -0.130583
v -0.685291 1.393342 -0.130583
v -0.689470 1.393962 -0.130583
v -0.693330 1.394992 -0.130583
v -0.696870 1.396430 -0.130583
v -0.700088 1.398274 -0.130583
v -0.702983 1.400522 -0.130583
v -0.705553 1.403171 -0.130583
v -0.707798 1.406219 -0.130583
v -0.709714 1.409664 -0.130583
v -0.711301 1.413504 -0.130583
v -0.712558 1.417736 -0.130583
v -0.713482 1.422358 -0.130583
v -0.645079 1.422358 -0.130583
v -0.645417 1.430959 -0.130583
v -0.646417 1.438795 -0.130583
v -0.648052 1.445872 -0.130583
v -0.650298 1.452190 -0.130583
v -0.653130 1.457754 -0.130583
v -0.656524 1.462566 -0.130583
v -0.660455 1.466630 -0.130583
v -0.664897 1.469948 -0.130583
v -0.669827 1.472524 -0.130583
v -0.675219 1.474360 -0.130583
v -0.681048 1.475459 -0.130583
v -0.687289 1.475825 -0.130583
v -0.693823 1.475416 -0.130583
v -0.699977 1.474214 -0.130583
v -0.705716 1.472253 -0.130583
v -0.711004 1.469572 -0.130583
v -0.715806 1.466204 -0.130583
v -0.720084 1.462188 -0.130583
v -0.723803 1.457558 -0.130583
v -0.726927 1.452351 -0.130583
v -0.729419 1.446602 -0.130583
v -0.731244 1.440349 -0.130583
v -0.732365 1.433626 -0.130583
v -0.732747 1.426471 -0.130583
v -0.732398 1.419814 -0.130583
v -0.731356 1.413319 -0.130583
v -0.729636 1.407063 -0.130583
v -0.727247 1.401128 -0.130583
v -0.724204 1.395593 -0.130583
v -0.720517 1.390538 -0.130583
v -0.716199 1.386041 -0.130583
v -0.711261 1.382184 -0.130583
v -0.705716 1.379045 -0.130583
v -0.699576 1.376704 -0.130583
v -0.692853 1.375241 -0.130583
v -0.685558 1.374736 -0.130583
v -0.681563 1.374813 -0.130583
v -0.677787 1.375044 -0.130583
v -0.674207 1.375432 -0.130583
v -0.670798 1.375978 -0.130583
v -0.667536 1.376684 -0.130583
v -0.664398 1.377550 -0.130583
v -0.661359 1.378578 -0.130583
v -0.658395 1.379771 -0.130583
v -0.655483 1.381128 -0.130583
v -0.652597 1.382653 -0.130583
v -0.649714 1.384346 -0.130583
v -0.646810 1.386208 -0.130583
v -0.713049 1.435130 -0.130583
v -0.712269 1.438831 -0.130583
v -0.711229 1.442246 -0.130583
v -0.709930 1.445368 -0.130583
v -0.708375 1.448190 -0.130583
v -0.706564 1.450705 -0.130583
v -0.704498 1.452907 -0.130583
v -0.702181 1.454788 -0.130583
v -0.699612 1.456343 -0.130583
v -0.696793 1.457564 -0.130583
v -0.693727 1.458445 -0.130583
v -0.690414 1.458978 -0.130583
v -0.686857 1.459157 -0.130583
v -0.683557 1.458966 -0.130583
v -0.680483 1.458400 -0.130583
v -0.677643 1.457473 -0.130583
v -0.675047 1.456199 -0.130583
v -0.672704 1.454591 -0.130583
v -0.670622 1.452663 -0.130583
v -0.668810 1.450429 -0.130583
v -0.667279 1.447901 -0.130583
v -0.666035 1.445094 -0.130583
v -0.665090 1.442020 -0.130583
v -0.664451 1.438694 -0.130583
v -0.664128 1.435130 -0.130583
v -0.869716 1.394001 -0.130583
v -0.870788 1.393217 -0.130583
v -0.871837 1.392489 -0.130583
v -0.872858 1.391819 -0.130583
v -0.873845 1.391211 -0.130583
v -0.874792 1.390666 -0.130583
v -0.875695 1.390186 -0.130583
v -0.876549 1.389774 -0.130583
v -0.877348 1.389431 -0.130583
v -0.878087 1.389161 -0.130583
v -0.878760 1.388965 -0.130583
v -0.879363 1.388846 -0.130583
v -0.879889 1.388806 -0.130583
v -0.880462 1.388834 -0.130583
v -0.880989 1.388919 -0.130583
v -0.881469 1.389066 -0.130583
v -0.881902 1.389279 -0.130583
v -0.882286 1.389561 -0.130583
v -0.882622 1.389915 -0.130583
v -0.882909 1.390347 -0.130583
v -0.883144 1.390858 -0.130583
v -0.883329 1.391454 -0.130583
v -0.883462 1.392138 -0.130583
v -0.883542 1.392914 -0.130583
v -0.883569 1.393785 -0.130583
v -0.883569 1.443788 -0.130583
v -0.883887 1.449057 -0.130583
v -0.884815 1.453828 -0.130583
v -0.886312 1.458109 -0.130583
v -0.888340 1.461907 -0.130583
v -0.890857 1.465230 -0.130583
v -0.893824 1.468086 -0.130583
v -0.897202 1.470482 -0.130583
v -0.900951 1.472426 -0.130583
v -0.905030 1.473924 -0.130583
v -0.909400 1.474985 -0.130583
v -0.914021 1.475616 -0.130583
v -0.918853 1.475825 -0.130583
v -0.922299 1.475735 -0.130583
v -0.925602 1.475463 -0.130583
v -0.928763 1.475010 -0.130583
v -0.931785 1.474374 -0.130583
v -0.934669 1.473554 -0.130583
v -0.937415 1.472551 -0.130583
v -0.940027 1.471363 -0.130583
v -0.942504 1.469988 -0.130583
v -0.944849 1.468428 -0.130583
v -0.947064 1.466680 -0.130583
v -0.949149 1.464745 -0.130583
v -0.951107 1.462621 -0.130583
v -0.951107 1.441623 -0.130583
v -0.948749 1.444258 -0.130583
v -0.946334 1.446643 -0.130583
v -0.943869 1.448784 -0.130583
v -0.941358 1.450683 -0.130583
v -0.938808 1.452345 -0.130583
v -0.936225 1.453773 -0.130583
v -0.933614 1.454971 -0.130583
v -0.930983 1.455942 -0.130583
v -0.928337 1.456692 -0.130583
v -0.925682 1.457222 -0.130583
v -0.923024 1.457538 -0.130583
v -0.920369 1.457642 -0.130583
v -0.917568 1.457537 -0.130583
v -0.915011 1.457217 -0.130583
v -0.912698 1.456675 -0.130583
v -0.910628 1.455902 -0.130583
v -0.908801 1.454892 -0.130583
v -0.907218 1.453637 -0.130583
v -0.905879 1.452130 -0.130583
v -0.904783 1.450362 -0.130583
v -0.903931 1.448327 -0.130583
v -0.903322 1.446017 -0.130583
v -0.902956 1.443424 -0.130583
v -0.902835 1.440541 -0.130583
v -0.902835 1.435346 -0.130583
v -0.919936 1.429285 -0.130583
v -0.923861 1.427866 -0.130583
v -0.927801 1.426392 -0.130583
v -0.931686 1.424817 -0.130583
v -0.935449 1.423096 -0.130583
v -0.939023 1.421182 -0.130583
v -0.942340 1.419030 -0.130583
v -0.945332 1.416594 -0.130583
v -0.947932 1.413828 -0.130583
v -0.950072 1.410686 -0.130583
v -0.951684 1.407122 -0.130583
v -0.952701 1.403091 -0.130583
v -0.953055 1.398547 -0.130583
v -0.952859 1.395441 -0.130583
v -0.952283 1.392424 -0.130583
v -0.951343 1.389530 -0.130583
v -0.950056 1.386794 -0.130583
v -0.948439 1.384250 -0.130583
v -0.946507 1.381933 -0.130583
v -0.944277 1.379878 -0.130583
v -0.941766 1.378119 -0.130583
v -0.938991 1.376691 -0.130583
v -0.935968 1.375628 -0.130583
v -0.932713 1.374964 -0.130583
v -0.929244 1.374736 -0.130583
v -0.927025 1.374803 -0.130583
v -0.924808 1.375007 -0.130583
v -0.922594 1.375348 -0.130583
v -0.920385 1.375826 -0.130583
v -0.918181 1.376442 -0.130583
v -0.915985 1.377198 -0.130583
v -0.913798 1.378093 -0.130583
v -0.911622 1.379129 -0.130583
v -0.909457 1.380306 -0.130583
v -0.907306 1.381625 -0.130583
v -0.905170 1.383088 -0.130583
v -0.903051 1.384693 -0.130583
v -0.902559 1.383042 -0.130583
v -0.901946 1.381550 -0.130583
v -0.901208 1.380215 -0.130583
v -0.900341 1.379033 -0.130583
v -0.899343 1.378001 -0.130583
v -0.898208 1.377117 -0.130583
v -0.896933 1.376377 -0.130583
v -0.895515 1.375778 -0.130583
v -0.893950 1.375317 -0.130583
v -0.892233 1.374992 -0.130583
v -0.890362 1.374799 -0.130583
v -0.888332 1.374736 -0.130583
v -0.886862 1.374773 -0.130583
v -0.885464 1.374891 -0.130583
v -0.884114 1.375098 -0.130583
v -0.882784 1.375401 -0.130583
v -0.881447 1.375810 -0.130583
v -0.880079 1.376332 -0.130583
v -0.878652 1.376976 -0.130583
v -0.877139 1.377750 -0.130583
v -0.875516 1.378662 -0.130583
v -0.873755 1.379721 -0.130583
v -0.871830 1.380935 -0.130583
v -0.869716 1.382312 -0.130583
v -0.902835 1.396382 -0.130583
v -0.904143 1.395179 -0.130583
v -0.905468 1.394060 -0.130583
v -0.906812 1.393030 -0.130583
v -0.908174 1.392093 -0.130583
v -0.909554 1.391252 -0.130583
v -0.910952 1.390511 -0.130583
v -0.912368 1.389873 -0.130583
v -0.913803 1.389343 -0.130583
v -0.915255 1.388924 -0.130583
v -0.916725 1.388620 -0.130583
v -0.918213 1.388435 -0.130583
v -0.919719 1.388373 -0.130583
v -0.921674 1.388488 -0.130583
v -0.923526 1.388827 -0.130583
v -0.925263 1.389377 -0.130583
v -0.926870 1.390129 -0.130583
v -0.928337 1.391069 -0.130583
v -0.929649 1.392188 -0.130583
v -0.930795 1.393474 -0.130583
v -0.931761 1.394915 -0.130583
v -0.932534 1.396501 -0.130583
v -0.933103 1.398219 -0.130583
v -0.933453 1.400059 -0.130583
v -0.933573 1.402010 -0.130583
v -0.933282 1.404760 -0.130583
v -0.932438 1.407287 -0.130583
v -0.931083 1.409610 -0.130583
v -0.929260 1.411751 -0.130583
v -0.927009 1.413730 -0.130583
v -0.924373 1.415566 -0.130583
v -0.921395 1.417281 -0.130583
v -0.918116 1.418895 -0.130583
v -0.914578 1.420427 -0.130583
v -0.910824 1.421898 -0.130583
v -0.906896 1.423329 -0.130583
v -0.902835 1.424739 -0.130583
v -0.972753 1.524313 -0.130583
v -0.992019 1.524313 -0.130583
v -0.992019 1.376684 -0.130583
v -0.972753 1.376684 -0.130583
v -1.139594 1.404824 -0.130583
v -1.142404 1.403048 -0.130583
v -1.145208 1.401403 -0.130583
v -1.148009 1.399893 -0.130583
v -1.150810 1.398523 -0.130583
v -1.153614 1.397297 -0.130583
v -1.156424 1.396220 -0.130583
v -1.159243 1.395296 -0.130583
v -1.162074 1.394530 -0.130583
v -1.164920 1.393927 -0.130583
v -1.167785 1.393490 -0.130583
v -1.170670 1.393225 -0.130583
v -1.173579 1.393135 -0.130583
v -1.178075 1.393342 -0.130583
v -1.182254 1.393962 -0.130583
v -1.186114 1.394992 -0.130583
v -1.189654 1.396430 -0.130583
v -1.192872 1.398274 -0.130583
v -1.195767 1.400522 -0.130583
v -1.198337 1.403171 -0.130583
v -1.200581 1.406219 -0.130583
v -1.202497 1.409664 -0.130583
v -1.204085 1.413504 -0.130583
v -1.205341 1.417736 -0.130583
v -1.206265 1.422358 -0.130583
v -1.137862 1.422358 -0.130583
v -1.138201 1.430959 -0.130583
v -1.139200 1.438795 -0.130583
v -1.140835 1.445872 -0.130583
v -1.143081 1.452190 -0.130583
v -1.145914 1.457754 -0.130583
v -1.149308 1.462566 -0.130583
v -1.153238 1.466630 -0.130583
v -1.157681 1.469948 -0.130583
v -1.162610 1.472524 -0.130583
v -1.168002 1.474360 -0.130583
v -1.173831 1.475459 -0.130583
v -1.180073 1.475825 -0.130583
v -1.186606 1.475416 -0.130583
v -1.192760 1.474214 -0.130583
v -1.198500 1.472253 -0.130583
v -1.203788 1.469572 -0.130583
v -1.208589 1.466204 -0.130583
v -1.212867 1.462188 -0.130583
v -1.216587 1.457558 -0.130583
v -1.219710 1.452351 -0.130583
v -1.222203 1.446602 -0.130583
v -1.224028 1.440349 -0.130583
v -1.225149 1.433626 -0.130583
v -1.225531 1.426471 -0.130583
v -1.225181 1.419814 -0.130583
v -1.224140 1.413319 -0.130583
v -1.222419 1.407063 -0.130583
v -1.220031 1.401128 -0.130583
v -1.216987 1.395593 -0.130583
v -1.213300 1.390538 -0.130583
v -1.208982 1.386041 -0.130583
v -1.204045 1.382184 -0.130583
v -1.198500 1.379045 -0.130583
v -1.192359 1.376704 -0.130583
v -1.185636 1.375241 -0.130583
v -1.178341 1.374736 -0.130583
v -1.174346 1.374813 -0.130583
v -1.170571 1.375044 -0.130583
v -1.166990 1.375432 -0.130583
v -1.163581 1.375978 -0.130583
v -1.160320 1.376684 -0.130583
v -1.157182 1.377550 -0.130583
v -1.154143 1.378578 -0.130583
v -1.151179 1.379771 -0.130583
v -1.148266 1.381128 -0.130583
v -1.145380 1.382653 -0.130583
v -1.142498 1.384346 -0.130583
v -1.139594 1.386208 -0.130583
v -1.205832 1.435130 -0.130583
v -1.205052 1.438831 -0.130583
v -1.204013 1.442246 -0.130583
v -1.202714 1.445368 -0.130583
v -1.201158 1.448190 -0.130583
v -1.199347 1.450705 -0.130583
v -1.197282 1.452907 -0.130583
v -1.194964 1.454788 -0.130583
v -1.192395 1.456343 -0.130583
v -1.189577 1.457564 -0.130583
v -1.186511 1.458445 -0.130583
v -1.183198 1.458978 -0.130583
v -1.179640 1.459157 -0.130583
v -1.176340 1.458966 -0.130583
v -1.173266 1.458400 -0.130583
v -1.170427 1.457473 -0.130583
v -1.167831 1.456199 -0.130583
v -1.165487 1.454591 -0.130583
v -1.163405 1.452663 -0.130583
v -1.161594 1.450429 -0.130583
v -1.160062 1.447901 -0.130583
v -1.158819 1.445094 -0.130583
v -1.157873 1.442020 -0.130583
v -1.157234 1.438694 -0.130583
v -1.156911 1.435130 -0.130583
v -1.247177 1.524313 -0.130583
v -1.266443 1.524313 -0.130583
v -1.266443 1.471929 -0.130583
v -1.268356 1.472597 -0.130583
v -1.270205 1.473194 -0.130583
v -1.271996 1.473725 -0.130583
v -1.273738 1.474190 -0.130583
v -1.275438 1.474591 -0.130583
v -1.277104 1.474932 -0.130583
v -1.278742 1.475214 -0.130583
v -1.280361 1.475440 -0.130583
v -1.281967 1.475612 -0.130583
v -1.283570 1.475732 -0.130583
v -1.285175 1.475802 -0.130583
v -1.286790 1.475825 -0.130583
v -1.293701 1.475413 -0.130583
v -1.300228 1.474204 -0.130583
v -1.306330 1.472240 -0.130583
v -1.311965 1.469564 -0.130583
v -1.317091 1.466217 -0.130583
v -1.321669 1.462242 -0.130583
v -1.325655 1.457680 -0.130583
v -1.329009 1.452575 -0.130583
v -1.331690 1.446967 -0.130583
v -1.333656 1.440900 -0.130583
v -1.334866 1.434415 -0.130583
v -1.335279 1.427553 -0.130583
v -1.334904 1.420004 -0.130583
v -1.333798 1.412962 -0.130583
v -1.331984 1.406455 -0.130583
v -1.329490 1.400511 -0.130583
v -1.326341 1.395160 -0.130583
v -1.322562 1.390429 -0.130583
v -1.318178 1.386348 -0.130583
v -1.313215 1.382945 -0.130583
v -1.307700 1.380249 -0.130583
v -1.301656 1.378287 -0.130583
v -1.295111 1.377090 -0.130583
v -1.288089 1.376684 -0.130583
v -1.247177 1.376684 -0.130583
v -1.266443 1.392919 -0.130583
v -1.285925 1.392919 -0.130583
v -1.291192 1.393198 -0.130583
v -1.295863 1.394013 -0.130583
v -1.299964 1.395334 -0.130583
v -1.303522 1.397128 -0.130583
v -1.306563 1.399364 -0.130583
v -1.309114 1.402010 -0.130583
v -1.311199 1.405036 -0.130583
v -1.312846 1.408408 -0.130583
v -1.314082 1.412096 -0.130583
v -1.314932 1.416069 -0.130583
v -1.315423 1.420293 -0.130583
v -1.315580 1.424739 -0.130583
v -1.315323 1.429678 -0.130583
v -1.314564 1.434306 -0.130583
v -1.313328 1.438600 -0.130583
v -1.311636 1.442537 -0.130583
v -1.309511 1.446096 -0.130583
v -1.306976 1.449254 -0.130583
v -1.304053 1.451988 -0.130583
v -1.300764 1.454275 -0.130583
v -1.297133 1.456093 -0.130583
v -1.293182 1.457420 -0.130583
v -1.288933 1.458232 -0.130583
v -1.284409 1.458508 -0.130583
v -1.282816 1.458485 -0.130583
v -1.281275 1.458416 -0.130583
v -1.279776 1.458298 -0.130583
v -1.278308 1.458131 -0.130583
v -1.276862 1.457913 -0.130583
v -1.275426 1.457642 -0.130583
v -1.273990 1.457317 -0.130583
v -1.272544 1.456936 -0.130583
v -1.271076 1.456499 -0.130583
v -1.269578 1.456002 -0.130583
v -1.268036 1.455446 -0.130583
v -1.266443 1.454828 -0.130583
v -1.478308 1.404824 -0.130583
v -1.481118 1.403048 -0.130583
v -1.483922 1.401403 -0.130583
v -1.486723 1.399893 -0.130583
v -1.489524 1.398523 -0.130583
v -1.492328 1.397297 -0.130583
v -1.495138 1.396220 -0.130583
v -1.497957 1.395296 -0.130583
v -1.500789 1.394530 -0.130583
v -1.503635 1.393927 -0.130583
v -1.506499 1.393490 -0.130583
v -1.509384 1.393225 -0.130583
v -1.512293 1.393135 -0.130583
v -1.516789 1.393342 -0.130583
v -1.520968 1.393962 -0.130583
v -1.524828 1.394992 -0.130583
v -1.528368 1.396430 -0.130583
v -1.531586 1.398274 -0.130583
v -1.534481 1.400522 -0.130583
v -1.537051 1.403171 -0.130583
v -1.539295 1.406219 -0.130583
v -1.541212 1.409664 -0.130583
v -1.542799 1.413504 -0.130583
v -1.544055 1.417736 -0.130583
v -1.544980 1.422358 -0.130583
v -1.476577 1.422358 -0.130583
v -1.476915 1.430959 -0.130583
v -1.477914 1.438795 -0.130583
v -1.479550 1.445872 -0.130583
v -1.481796 1.452190 -0.130583
v -1.484628 1.457754 -0.130583
v -1.488022 1.462566 -0.130583
v -1.491953 1.466630 -0.130583
v -1.496395 1.469948 -0.130583
v -1.501325 1.472524 -0.130583
v -1.506716 1.474360 -0.130583
v -1.512545 1.475459 -0.130583
v -1.518787 1.475825 -0.130583
v -1.525320 1.475416 -0.130583
v -1.531475 1.474214 -0.130583
v -1.537214 1.472253 -0.130583
v -1.542502 1.469572 -0.130583
v -1.547304 1.466204 -0.130583
v -1.551582 1.462188 -0.130583
v -1.555301 1.457558 -0.130583
v -1.558424 1.452351 -0.130583
v -1.560917 1.446602 -0.130583
v -1.562742 1.440349 -0.130583
v -1.563863 1.433626 -0.130583
v -1.564245 1.426471 -0.130583
v -1.563895 1.419814 -0.130583
v -1.562854 1.413319 -0.130583
v -1.561133 1.407063 -0.130583
v -1.558745 1.401128 -0.130583
v -1.555702 1.395593 -0.130583
v -1.552015 1.390538 -0.130583
v -1.547696 1.386041 -0.130583
v -1.542759 1.382184 -0.130583
v -1.537214 1.379045 -0.130583
v -1.531074 1.376704 -0.130583
v -1.524350 1.375241 -0.130583
v -1.517056 1.374736 -0.130583
v -1.513060 1.374813 -0.130583
v -1.509285 1.375044 -0.130583
v -1.505705 1.375432 -0.130583
v -1.502296 1.375978 -0.130583
v -1.499034 1.376684 -0.130583
v -1.495896 1.377550 -0.130583
v -1.492857 1.378578 -0.130583
v -1.489893 1.379771 -0.130583
v -1.486980 1.381128 -0.130583
v -1.484095 1.382653 -0.130583
v -1.481212 1.384346 -0.130583
v -1.478308 1.386208 -0.130583
v -1.544547 1.435130 -0.130583
v -1.543767 1.438831 -0.130583
v -1.542727 1.442246 -0.130583
v -1.541428 1.445368 -0.130583
v -1.539873 1.448190 -0.130583
v -1.538061 1.450705 -0.130583
v -1.535996 1.452907 -0.130583
v -1.533679 1.454788 -0.130583
v -1.531110 1.456343 -0.130583
v -1.528291 1.457564 -0.130583
v -1.525225 1.458445 -0.130583
v -1.521912 1.458978 -0.130583
v -1.518354 1.459157 -0.130583
v -1.515055 1.458966 -0.130583
v -1.511981 1.458400 -0.130583
v -1.509141 1.457473 -0.130583
v -1.506545 1.456199 -0.130583
v -1.504201 1.454591 -0.130583
v -1.502120 1.452663 -0.130583
v -1.500308 1.450429 -0.130583
v -1.498776 1.447901 -0.130583
v -1.497533 1.445094 -0.130583
v -1.496588 1.442020 -0.130583
v -1.495949 1.438694 -0.130583
v -1.495625 1.435130 -0.130583
v -1.609053 1.494008 -0.130583
v -1.645203 1.458724 -0.130583
v -1.645203 1.456560 -0.130583
v -1.628319 1.456560 -0.130583
v -1.628319 1.405257 -0.130583
v -1.628098 1.400973 -0.130583
v -1.627436 1.396908 -0.130583
v -1.626333 1.393091 -0.130583
v -1.624791 1.389552 -0.130583
v -1.622810 1.386318 -0.130583
v -1.620391 1.383421 -0.130583
v -1.617534 1.380890 -0.130583
v -1.614241 1.378752 -0.130583
v -1.610511 1.377039 -0.130583
v -1.606347 1.375779 -0.130583
v -1.601748 1.375001 -0.130583
v -1.596715 1.374736 -0.130583
v -1.595064 1.374793 -0.130583
v -1.593269 1.374961 -0.130583
v -1.591357 1.375233 -0.130583
v -1.589355 1.375602 -0.130583
v -1.587290 1.376060 -0.130583
v -1.585188 1.376603 -0.130583
v -1.583078 1.377222 -0.130583
v -1.580985 1.377910 -0.130583
v -1.578938 1.378662 -0.130583
v -1.576962 1.379471 -0.130583
v -1.575086 1.380329 -0.130583
v -1.573337 1.381230 -0.130583
v -1.573337 1.399196 -0.130583
v -1.575271 1.398055 -0.130583
v -1.577181 1.397014 -0.130583
v -1.579066 1.396071 -0.130583
v -1.580929 1.395228 -0.130583
v -1.582771 1.394484 -0.130583
v -1.584593 1.393839 -0.130583
v -1.586397 1.393293 -0.130583
v -1.588185 1.392847 -0.130583
v -1.589957 1.392499 -0.130583
v -1.591716 1.392251 -0.130583
v -1.593463 1.392102 -0.130583
v -1.595200 1.392053 -0.130583
v -1.596654 1.392123 -0.130583
v -1.598180 1.392347 -0.130583
v -1.599739 1.392740 -0.130583
v -1.601293 1.393320 -0.130583
v -1.602805 1.394104 -0.130583
v -1.604237 1.395110 -0.130583
v -1.605552 1.396356 -0.130583
v -1.606712 1.397857 -0.130583
v -1.607680 1.399633 -0.130583
v -1.608418 1.401699 -0.130583
v -1.608888 1.404073 -0.130583
v -1.609053 1.406773 -0.130583
v -1.609053 1.456560 -0.130583
v -1.578315 1.456560 -0.130583
v -1.578315 1.473877 -0.130583
v -1.609053 1.473877 -0.130583
v -1.715987 1.473877 -0.130583
v -1.715987 1.376684 -0.130583
v -1.696722 1.376684 -0.130583
v -1.696722 1.427553 -0.130583
v -1.696510 1.431642 -0.130583
v -1.695891 1.435553 -0.130583
v -1.694892 1.439252 -0.130583
v -1.693539 1.442706 -0.130583
v -1.691858 1.445879 -0.130583
v -1.689876 1.448740 -0.130583
v -1.687619 1.451253 -0.130583
v -1.685113 1.453385 -0.130583
v -1.682384 1.455102 -0.130583
v -1.679460 1.456370 -0.130583
v -1.676365 1.457156 -0.130583
v -1.673127 1.457425 -0.130583
v -1.671930 1.457346 -0.130583
v -1.670624 1.457111 -0.130583
v -1.669224 1.456729 -0.130583
v -1.667748 1.456207 -0.130583
v -1.666211 1.455553 -0.130583
v -1.664631 1.454774 -0.130583
v -1.663024 1.453878 -0.130583
v -1.661406 1.452872 -0.130583
v -1.659794 1.451764 -0.130583
v -1.658205 1.450561 -0.130583
v -1.656655 1.449271 -0.130583
v -1.655161 1.447901 -0.130583
v -1.644987 1.464569 -0.130583
v -1.646976 1.466382 -0.130583
v -1.648942 1.468033 -0.130583
v -1.650889 1.469524 -0.130583
v -1.652820 1.470854 -0.130583
v -1.654738 1.472026 -0.130583
v -1.656649 1.473038 -0.130583
v -1.658555 1.473893 -0.130583
v -1.660460 1.474590 -0.130583
v -1.662368 1.475132 -0.130583
v -1.664283 1.475517 -0.130583
v -1.666209 1.475748 -0.130583
v -1.668149 1.475825 -0.130583
v -1.670426 1.475675 -0.130583
v -1.672713 1.475217 -0.130583
v -1.675011 1.474442 -0.130583
v -1.677320 1.473340 -0.130583
v -1.679641 1.471901 -0.130583
v -1.681975 1.470116 -0.130583
v -1.684323 1.467974 -0.130583
v -1.686684 1.465467 -0.130583
v -1.689061 1.462583 -0.130583
v -1.691454 1.459315 -0.130583
v -1.693863 1.455650 -0.130583
v -1.696289 1.451581 -0.130583
v -1.696722 1.451581 -0.130583
v -1.696722 1.473877 -0.130583
v -1.734387 1.394001 -0.130583
v -1.735459 1.393217 -0.130583
v -1.736508 1.392489 -0.130583
v -1.737529 1.391819 -0.130583
v -1.738516 1.391211 -0.130583
v -1.739463 1.390666 -0.130583
v -1.740367 1.390186 -0.130583
v -1.741220 1.389774 -0.130583
v -1.742019 1.389431 -0.130583
v -1.742758 1.389161 -0.130583
v -1.743431 1.388965 -0.130583
v -1.744034 1.388846 -0.130583
v -1.744561 1.388806 -0.130583
v -1.745133 1.388834 -0.130583
v -1.745660 1.388919 -0.130583
v -1.746140 1.389066 -0.130583
v -1.746573 1.389279 -0.130583
v -1.746958 1.389561 -0.130583
v -1.747294 1.389915 -0.130583
v -1.747580 1.390347 -0.130583
v -1.747816 1.390858 -0.130583
v -1.748001 1.391454 -0.130583
v -1.748133 1.392138 -0.130583
v -1.748214 1.392914 -0.130583
v -1.748241 1.393785 -0.130583
v -1.748241 1.443788 -0.130583
v -1.748559 1.449057 -0.130583
v -1.749486 1.453828 -0.130583
v -1.750984 1.458109 -0.130583
v -1.753011 1.461907 -0.130583
v -1.755528 1.465230 -0.130583
v -1.758496 1.468086 -0.130583
v -1.761874 1.470482 -0.130583
v -1.765622 1.472426 -0.130583
v -1.769701 1.473924 -0.130583
v -1.774071 1.474985 -0.130583
v -1.778692 1.475616 -0.130583
v -1.783525 1.475825 -0.130583
v -1.786970 1.475735 -0.130583
v -1.790273 1.475463 -0.130583
v -1.793435 1.475010 -0.130583
v -1.796456 1.474374 -0.130583
v -1.799340 1.473554 -0.130583
v -1.802086 1.472551 -0.130583
v -1.804698 1.471363 -0.130583
v -1.807175 1.469988 -0.130583
v -1.809521 1.468428 -0.130583
v -1.811735 1.466680 -0.130583
v -1.813820 1.464745 -0.130583
v -1.815778 1.462621 -0.130583
v -1.815778 1.441623 -0.130583
v -1.813420 1.444258 -0.130583
v -1.811006 1.446643 -0.130583
v -1.808540 1.448784 -0.130583
v -1.806029 1.450683 -0.130583
v -1.803479 1.452345 -0.130583
v -1.800896 1.453773 -0.130583
v -1.798286 1.454971 -0.130583
v -1.795655 1.455942 -0.130583
v -1.793008 1.456692 -0.130583
v -1.790353 1.457222 -0.130583
v -1.787695 1.457538 -0.130583
v -1.785040 1.457642 -0.130583
v -1.782239 1.457537 -0.130583
v -1.779682 1.457217 -0.130583
v -1.777369 1.456675 -0.130583
v -1.775299 1.455902 -0.130583
v -1.773472 1.454892 -0.130583
v -1.771890 1.453637 -0.130583
v -1.770550 1.452130 -0.130583
v -1.769454 1.450362 -0.130583
v -1.768602 1.448327 -0.130583
v -1.767993 1.446017 -0.130583
v -1.767628 1.443424 -0.130583
v -1.767506 1.440541 -0.130583
v -1.767506 1.435346 -0.130583
v -1.784607 1.429285 -0.130583
v -1.788533 1.427866 -0.130583
v -1.792472 1.426392 -0.130583
v -1.796357 1.424817 -0.130583
v -1.800120 1.423096 -0.130583
v -1.803694 1.421182 -0.130583
v -1.807011 1.419030 -0.130583
v -1.810003 1.416594 -0.130583
v -1.812603 1.413828 -0.130583
v -1.814743 1.410686 -0.130583
v -1.816355 1.407122 -0.130583
v -1.817372 1.403091 -0.130583
v -1.817726 1.398547 -0.130583
v -1.817530 1.395441 -0.130583
v -1.816954 1.392424 -0.130583
v -1.816015 1.389530 -0.130583
v -1.814728 1.386794 -0.130583
v -1.813110 1.384250 -0.130583
v -1.811178 1.381933 -0.130583
v -1.808949 1.379878 -0.130583
v -1.806438 1.378119 -0.130583
v -1.803663 1.376691 -0.130583
v -1.800639 1.375628 -0.130583
v -1.797385 1.374964 -0.130583
v -1.793915 1.374736 -0.130583
v -1.791696 1.374803 -0.130583
v -1.789479 1.375007 -0.130583
v -1.787265 1.375348 -0.130583
v -1.785056 1.375826 -0.130583
v -1.782852 1.376442 -0.130583
v -1.780656 1.377198 -0.130583
v -1.778469 1.378093 -0.130583
v -1.776293 1.379129 -0.130583
v -1.774129 1.380306 -0.130583
v -1.771978 1.381625 -0.130583
v -1.769842 1.383088 -0.130583
v -1.767723 1.384693 -0.130583
v -1.767230 1.383042 -0.130583
v -1.766617 1.381550 -0.130583
v -1.765879 1.380215 -0.130583
v -1.765013 1.379033 -0.130583
v -1.764014 1.378001 -0.130583
v -1.762879 1.377117 -0.130583
v -1.761605 1.376377 -0.130583
v -1.760186 1.375778 -0.130583
v -1.758621 1.375317 -0.130583
v -1.756904 1.374992 -0.130583
v -1.755033 1.374799 -0.130583
v -1.753003 1.374736 -0.130583
v -1.751533 1.374773 -0.130583
v -1.750136 1.374891 -0.130583
v -1.748785 1.375098 -0.130583
v -1.747455 1.375401 -0.130583
v -1.746119 1.375810 -0.130583
v -1.744750 1.376332 -0.130583
v -1.743323 1.376976 -0.130583
v -1.741811 1.377750 -0.130583
v -1.740188 1.378662 -0.130583
v -1.738427 1.379721 -0.130583
v -1.736502 1.380935 -0.130583
v -1.734387 1.382312 -0.130583
v -1.767506 1.396382 -0.130583
v -1.768814 1.395179 -0.130583
v -1.770140 1.394060 -0.130583
v -1.771484 1.393030 -0.130583
v -1.772846 1.392093 -0.130583
v -1.774226 1.391252 -0.130583
v -1.775624 1.390511 -0.130583
v -1.777040 1.389873 -0.130583
v -1.778474 1.389343 -0.130583
v -1.779926 1.388924 -0.130583
v -1.781396 1.388620 -0.130583
v -1.782884 1.388435 -0.130583
v -1.784390 1.388373 -0.130583
v -1.786345 1.388488 -0.130583
v -1.788198 1.388827 -0.130583
v -1.789934 1.389377 -0.130583
v -1.791542 1.390129 -0.130583
v -1.793008 1.391069 -0.130583
v -1.794321 1.392188 -0.130583
v -1.795466 1.393474 -0.130583
v -1.796432 1.394915 -0.130583
v -1.797206 1.396501 -0.130583
v -1.797774 1.398219 -0.130583
v -1.798125 1.400059 -0.130583
v -1.798244 1.402010 -0.130583
v -1.797954 1.404760 -0.130583
v -1.797110 1.407287 -0.130583
v -1.795755 1.409610 -0.130583
v -1.793931 1.411751 -0.130583
v -1.791680 1.413730 -0.130583
v -1.789044 1.415566 -0.130583
v -1.786066 1.417281 -0.130583
v -1.782787 1.418895 -0.130583
v -1.779249 1.420427 -0.130583
v -1.775495 1.421898 -0.130583
v -1.771567 1.423329 -0.130583
v -1.767506 1.424739 -0.130583
v -1.918599 1.524313 -0.130583
v -1.918599 1.376684 -0.130583
v -1.897385 1.376684 -0.130583
v -1.897385 1.440541 -0.130583
v -1.875306 1.440541 -0.130583
v -1.867142 1.440912 -0.130583
v -1.859742 1.441995 -0.130583
v -1.853098 1.443744 -0.130583
v -1.847198 1.446113 -0.130583
v -1.842031 1.449056 -0.130583
v -1.837587 1.452528 -0.130583
v -1.833856 1.456482 -0.130583
v -1.830826 1.460873 -0.130583
v -1.828488 1.465655 -0.130583
v -1.826832 1.470781 -0.130583
v -1.825845 1.476207 -0.130583
v -1.825519 1.481886 -0.130583
v -1.825827 1.487632 -0.130583
v -1.826759 1.493146 -0.130583
v -1.828323 1.498378 -0.130583
v -1.830530 1.503276 -0.130583
v -1.833389 1.507789 -0.130583
v -1.836910 1.511867 -0.130583
v -1.841104 1.515457 -0.130583
v -1.845979 1.518509 -0.130583
v -1.851545 1.520972 -0.130583
v -1.857813 1.522794 -0.130583
v -1.864792 1.523925 -0.130583
v -1.872492 1.524313 -0.130583
v -1.897385 1.505264 -0.130583
v -1.872492 1.505264 -0.130583
v -1.867951 1.505028 -0.130583
v -1.863943 1.504348 -0.130583
v -1.860441 1.503269 -0.130583
v -1.857419 1.501833 -0.130583
v -1.854852 1.500084 -0.130583
v -1.852712 1.498067 -0.130583
v -1.850974 1.495824 -0.130583
v -1.849611 1.493399 -0.130583
v -1.848596 1.490836 -0.130583
v -1.847904 1.488178 -0.130583
v -1.847508 1.485469 -0.130583
v -1.847382 1.482752 -0.130583
v -1.847591 1.479204 -0.130583
v -1.848209 1.475925 -0.130583
v -1.849218 1.472923 -0.130583
v -1.850605 1.470205 -0.130583
v -1.852352 1.467778 -0.130583
v -1.854444 1.465651 -0.130583
v -1.856865 1.463830 -0.130583
v -1.859600 1.462324 -0.130583
v -1.862633 1.461139 -0.130583
v -1.865947 1.460284 -0.130583
v -1.869527 1.459765 -0.130583
v -1.873358 1.459590 -0.130583
v -1.897385 1.459590 -0.130583
v -0.838869 1.617177 -0.130583
v -0.840625 1.617058 -0.130583
v -0.842312 1.616711 -0.130583
v -0.843912 1.616152 -0.130583
v -0.845411 1.615397 -0.130583
v -0.846793 1.614462 -0.130583
v -0.848042 1.613362 -0.130583
v -0.849142 1.612113 -0.130583
v -0.850078 1.610731 -0.130583
v -0.850833 1.609232 -0.130583
v -0.851391 1.607631 -0.130583
v -0.851738 1.605945 -0.130583
v -0.851857 1.604189 -0.130583
v -0.851738 1.602433 -0.130583
v -0.851391 1.600747 -0.130583
v -0.850832 1.599146 -0.130583
v -0.850077 1.597647 -0.130583
v -0.849142 1.596265 -0.130583
v -0.848042 1.595016 -0.130583
v -0.846793 1.593916 -0.130583
v -0.845411 1.592981 -0.130583
v -0.843912 1.592226 -0.130583
v -0.842312 1.591667 -0.130583
v -0.840625 1.591320 -0.130583
v -0.838869 1.591201 -0.130583
v -0.837113 1.591320 -0.130583
v -0.835427 1.591667 -0.130583
v -0.833826 1.592226 -0.130583
v -0.832327 1.592981 -0.130583
v -0.830945 1.593916 -0.130583
v -0.829696 1.595016 -0.130583
v -0.828596 1.596265 -0.130583
v -0.827661 1.597647 -0.130583
v -0.826906 1.599146 -0.130583
v -0.826347 1.600747 -0.130583
v -0.826000 1.602433 -0.130583
v -0.825881 1.604189 -0.130583
v -0.826000 1.605945 -0.130583
v -0.826347 1.607631 -0.130583
v -0.826906 1.609232 -0.130583
v -0.827661 1.610731 -0.130583
v -0.828597 1.612113 -0.130583
v -0.829697 1.613362 -0.130583
v -0.830945 1.614462 -0.130583
v -0.832327 1.615397 -0.130583
v -0.833826 1.616152 -0.130583
v -0.835427 1.616711 -0.130583
v -0.837113 1.617058 -0.130583
v -0.838869 1.692291 -0.130583
v -0.840625 1.692171 -0.130583
v -0.842312 1.691824 -0.130583
v -0.843912 1.691266 -0.130583
v -0.845411 1.690511 -0.130583
v -0.846793 1.689575 -0.130583
v -0.848042 1.688475 -0.130583
v -0.849142 1.687226 -0.130583
v -0.850078 1.685845 -0.130583
v -0.850833 1.684345 -0.130583
v -0.851391 1.682745 -0.130583
v -0.851738 1.681059 -0.130583
v -0.851857 1.679303 -0.130583
v -0.851738 1.677546 -0.130583
v -0.851391 1.675860 -0.130583
v -0.850832 1.674260 -0.130583
v -0.850077 1.672760 -0.130583
v -0.849142 1.671379 -0.130583
v -0.848042 1.670130 -0.130583
v -0.846793 1.669030 -0.130583
v -0.845411 1.668094 -0.130583
v -0.843912 1.667339 -0.130583
v -0.842312 1.666781 -0.130583
v -0.840625 1.666434 -0.130583
v -0.838869 1.666315 -0.130583
v -0.837113 1.666434 -0.130583
v -0.835427 1.666781 -0.130583
v -0.833826 1.667339 -0.130583
v -0.832327 1.668095 -0.130583
v -0.830945 1.669030 -0.130583
v -0.829696 1.670130 -0.130583
v -0.828596 1.671379 -0.130583
v -0.827661 1.672760 -0.130583
v -0.826906 1.674260 -0.130583
v -0.826347 1.675860 -0.130583
v -0.826000 1.677546 -0.130583
v -0.825881 1.679303 -0.130583
v -0.826000 1.681059 -0.130583
v -0.826347 1.682745 -0.130583
v -0.826906 1.684345 -0.130583
v -0.827661 1.685845 -0.130583
v -0.828597 1.687227 -0.130583
v -0.829697 1.688475 -0.130583
v -0.830945 1.689575 -0.130583
v -0.832327 1.690511 -0.130583
v -0.833826 1.691266 -0.130583
v -0.835427 1.691824 -0.130583
v -0.837113 1.692171 -0.130583
v -0.938227 1.690342 -0.130583
v -0.957492 1.690342 -0.130583
v -0.957492 1.593149 -0.130583
v -0.938227 1.593149 -0.130583
v -0.938227 1.662851 -0.130583
v -0.936001 1.665265 -0.130583
v -0.933861 1.667426 -0.130583
v -0.931790 1.669342 -0.130583
v -0.929777 1.671021 -0.130583
v -0.927805 1.672471 -0.130583
v -0.925861 1.673702 -0.130583
v -0.923931 1.674720 -0.130583
v -0.922000 1.675534 -0.130583
v -0.920054 1.676154 -0.130583
v -0.918079 1.676586 -0.130583
v -0.916060 1.676839 -0.130583
v -0.913983 1.676921 -0.130583
v -0.911152 1.676730 -0.130583
v -0.908513 1.676166 -0.130583
v -0.906075 1.675244 -0.130583
v -0.903849 1.673979 -0.130583
v -0.901845 1.672387 -0.130583
v -0.900075 1.670482 -0.130583
v -0.898548 1.668279 -0.130583
v -0.897275 1.665794 -0.130583
v -0.896266 1.663041 -0.130583
v -0.895533 1.660035 -0.130583
v -0.895085 1.656792 -0.130583
v -0.894934 1.653327 -0.130583
v -0.894934 1.593149 -0.130583
v -0.875668 1.593149 -0.130583
v -0.875668 1.653110 -0.130583
v -0.875969 1.659474 -0.130583
v -0.876844 1.665257 -0.130583
v -0.878256 1.670465 -0.130583
v -0.880166 1.675102 -0.130583
v -0.882536 1.679173 -0.130583
v -0.885328 1.682685 -0.130583
v -0.888503 1.685642 -0.130583
v -0.892024 1.688049 -0.130583
v -0.895850 1.689913 -0.130583
v -0.899946 1.691237 -0.130583
v -0.904271 1.692028 -0.130583
v -0.908788 1.692291 -0.130583
v -0.911491 1.692179 -0.130583
v -0.914183 1.691846 -0.130583
v -0.916851 1.691299 -0.130583
v -0.919483 1.690543 -0.130583
v -0.922066 1.689582 -0.130583
v -0.924590 1.688421 -0.130583
v -0.927041 1.687067 -0.130583
v -0.929408 1.685524 -0.130583
v -0.931679 1.683798 -0.130583
v -0.933842 1.681893 -0.130583
v -0.935884 1.679816 -0.130583
v -0.937794 1.677571 -0.130583
v -0.938227 1.677571 -0.130583
v -1.027844 1.734718 -0.130583
v -1.042347 1.702897 -0.130583
v -1.030441 1.702897 -0.130583
v -1.006197 1.734718 -0.130583
v -1.031091 1.692291 -0.130583
v -1.038193 1.691848 -0.130583
v -1.044963 1.690558 -0.130583
v -1.051344 1.688472 -0.130583
v -1.057283 1.685644 -0.130583
v -1.062726 1.682128 -0.130583
v -1.067619 1.677977 -0.130583
v -1.071908 1.673244 -0.130583
v -1.075538 1.667982 -0.130583
v -1.078456 1.662246 -0.130583
v -1.080607 1.656088 -0.130583
v -1.081938 1.649561 -0.130583
v -1.082393 1.642720 -0.130583
v -1.081954 1.635431 -0.130583
v -1.080667 1.628531 -0.130583
v -1.078578 1.622068 -0.130583
v -1.075731 1.616087 -0.130583
v -1.072171 1.610635 -0.130583
v -1.067944 1.605758 -0.130583
v -1.063094 1.601505 -0.130583
v -1.057668 1.597920 -0.130583
v -1.051709 1.595050 -0.130583
v -1.045263 1.592943 -0.130583
v -1.038375 1.591644 -0.130583
v -1.031091 1.591201 -0.130583
v -1.023508 1.591628 -0.130583
v -1.016371 1.592883 -0.130583
v -1.009722 1.594928 -0.130583
v -1.003600 1.597727 -0.130583
v -0.998046 1.601241 -0.130583
v -0.993101 1.605434 -0.130583
v -0.988806 1.610266 -0.130583
v -0.985200 1.615702 -0.130583
v -0.982325 1.621702 -0.130583
v -0.980221 1.628231 -0.130583
v -0.978929 1.635249 -0.130583
v -0.978490 1.642720 -0.130583
v -0.978942 1.649743 -0.130583
v -0.980266 1.656388 -0.130583
v -0.982416 1.662611 -0.130583
v -0.985344 1.668367 -0.130583
v -0.989003 1.673612 -0.130583
v -0.993344 1.678301 -0.130583
v -0.998322 1.682391 -0.130583
v -1.003888 1.685837 -0.130583
v -1.009995 1.688594 -0.130583
v -1.016596 1.690618 -0.130583
v -1.023644 1.691865 -0.130583
v -1.031307 1.674973 -0.130583
v -1.026608 1.674694 -0.130583
v -1.022164 1.673876 -0.130583
v -1.018005 1.672548 -0.130583
v -1.014158 1.670740 -0.130583
v -1.010654 1.668481 -0.130583
v -1.007523 1.665801 -0.130583
v -1.004793 1.662728 -0.130583
v -1.002493 1.659292 -0.130583
v -1.000653 1.655522 -0.130583
v -0.999303 1.651448 -0.130583
v -0.998471 1.647098 -0.130583
v -0.998188 1.642503 -0.130583
v -0.998451 1.637424 -0.130583
v -0.999228 1.632695 -0.130583
v -1.000501 1.628335 -0.130583
v -1.002253 1.624360 -0.130583
v -1.004464 1.620789 -0.130583
v -1.007117 1.617637 -0.130583
v -1.010194 1.614923 -0.130583
v -1.013677 1.612663 -0.130583
v -1.017548 1.610876 -0.130583
v -1.021789 1.609578 -0.130583
v -1.026381 1.608786 -0.130583
v -1.031307 1.608518 -0.130583
v -1.035835 1.608799 -0.130583
v -1.040096 1.609624 -0.130583
v -1.044065 1.610970 -0.130583
v -1.047718 1.612816 -0.130583
v -1.051032 1.615136 -0.130583
v -1.053982 1.617908 -0.130583
v -1.056544 1.621108 -0.130583
v -1.058694 1.624713 -0.130583
v -1.060408 1.628700 -0.130583
v -1.061662 1.633046 -0.130583
v -1.062433 1.637727 -0.130583
v -1.062695 1.642720 -0.130583
v -1.062424 1.647265 -0.130583
v -1.061632 1.651573 -0.130583
v -1.060347 1.655613 -0.130583
v -1.058598 1.659356 -0.130583
v -1.056412 1.662771 -0.130583
v -1.053819 1.665828 -0.130583
v -1.050848 1.668497 -0.130583
v -1.047526 1.670748 -0.130583
v -1.043882 1.672552 -0.130583
v -1.039946 1.673877 -0.130583
v -1.035744 1.674694 -0.130583
v -1.102308 1.719782 -0.130583
v -1.102414 1.721326 -0.130583
v -1.102722 1.722811 -0.130583
v -1.103218 1.724223 -0.130583
v -1.103887 1.725546 -0.130583
v -1.104716 1.726767 -0.130583
v -1.105690 1.727872 -0.130583
v -1.106795 1.728846 -0.130583
v -1.108016 1.729675 -0.130583
v -1.109339 1.730344 -0.130583
v -1.110751 1.730840 -0.130583
v -1.112236 1.731148 -0.130583
v -1.113780 1.731254 -0.130583
v -1.115325 1.731148 -0.130583
v -1.116810 1.730840 -0.130583
v -1.118221 1.730344 -0.130583
v -1.119545 1.729675 -0.130583
v -1.120766 1.728846 -0.130583
v -1.121871 1.727872 -0.130583
v -1.122845 1.726767 -0.130583
v -1.123674 1.725546 -0.130583
v -1.124343 1.724223 -0.130583
v -1.124839 1.722811 -0.130583
v -1.125147 1.721326 -0.130583
v -1.125253 1.719782 -0.130583
v -1.125147 1.718237 -0.130583
v -1.124839 1.716752 -0.130583
v -1.124343 1.715341 -0.130583
v -1.123674 1.714017 -0.130583
v -1.122845 1.712796 -0.130583
v -1.121871 1.711691 -0.130583
v -1.120766 1.710717 -0.130583
v -1.119545 1.709888 -0.130583
v -1.118221 1.709219 -0.130583
v -1.116810 1.708723 -0.130583
v -1.115325 1.708415 -0.130583
v -1.113780 1.708309 -0.130583
v -1.112236 1.708415 -0.130583
v -1.110751 1.708723 -0.130583
v -1.109339 1.709219 -0.130583
v -1.108016 1.709888 -0.130583
v -1.106795 1.710717 -0.130583
v -1.105690 1.711691 -0.130583
v -1.104716 1.712796 -0.130583
v -1.103887 1.714017 -0.130583
v -1.103218 1.715341 -0.130583
v -1.102722 1.716752 -0.130583
v -1.102414 1.718237 -0.130583
v -1.104256 1.690342 -0.130583
v -1.123521 1.690342 -0.130583
v -1.123521 1.593149 -0.130583
v -1.104256 1.593149 -0.130583
v -1.147333 1.685580 -0.130583
v -1.149627 1.686576 -0.130583
v -1.151867 1.687505 -0.130583
v -1.154073 1.688364 -0.130583
v -1.156264 1.689148 -0.130583
v -1.158457 1.689854 -0.130583
v -1.160672 1.690478 -0.130583
v -1.162928 1.691016 -0.130583
v -1.165243 1.691465 -0.130583
v -1.167636 1.691820 -0.130583
v -1.170127 1.692079 -0.130583
v -1.172733 1.692237 -0.130583
v -1.175473 1.692291 -0.130583
v -1.182603 1.691872 -0.130583
v -1.189255 1.690635 -0.130583
v -1.195401 1.688611 -0.130583
v -1.201016 1.685829 -0.130583
v -1.206071 1.682319 -0.130583
v -1.210541 1.678112 -0.130583
v -1.214396 1.673238 -0.130583
v -1.217612 1.667726 -0.130583
v -1.220160 1.661607 -0.130583
v -1.222013 1.654910 -0.130583
v -1.223145 1.647667 -0.130583
v -1.223528 1.639906 -0.130583
v -1.223111 1.632945 -0.130583
v -1.221887 1.626377 -0.130583
v -1.219896 1.620241 -0.130583
v -1.217179 1.614579 -0.130583
v -1.213776 1.609432 -0.130583
v -1.209729 1.604838 -0.130583
v -1.205077 1.600841 -0.130583
v -1.199862 1.597479 -0.130583
v -1.194123 1.594793 -0.130583
v -1.187902 1.592825 -0.130583
v -1.181239 1.591614 -0.130583
v -1.174174 1.591201 -0.130583
v -1.171590 1.591254 -0.130583
v -1.168944 1.591408 -0.130583
v -1.166263 1.591654 -0.130583
v -1.163575 1.591987 -0.130583
v -1.160909 1.592397 -0.130583
v -1.158291 1.592879 -0.130583
v -1.155750 1.593423 -0.130583
v -1.153313 1.594023 -0.130583
v -1.151009 1.594671 -0.130583
v -1.148865 1.595360 -0.130583
v -1.146909 1.596082 -0.130583
v -1.145168 1.596829 -0.130583
v -1.145168 1.615878 -0.130583
v -1.147564 1.614841 -0.130583
v -1.149887 1.613894 -0.130583
v -1.152146 1.613037 -0.130583
v -1.154348 1.612270 -0.130583
v -1.156502 1.611594 -0.130583
v -1.158616 1.611008 -0.130583
v -1.160698 1.610512 -0.130583
v -1.162758 1.610106 -0.130583
v -1.164802 1.609790 -0.130583
v -1.166840 1.609565 -0.130583
v -1.168879 1.609429 -0.130583
v -1.170927 1.609384 -0.130583
v -1.175758 1.609634 -0.130583
v -1.180279 1.610375 -0.130583
v -1.184470 1.611593 -0.130583
v -1.188309 1.613273 -0.130583
v -1.191775 1.615400 -0.130583
v -1.194847 1.617962 -0.130583
v -1.197504 1.620942 -0.130583
v -1.199725 1.624328 -0.130583
v -1.201489 1.628105 -0.130583
v -1.202776 1.632258 -0.130583
v -1.203563 1.636774 -0.130583
v -1.203830 1.641638 -0.130583
v -1.203581 1.646423 -0.130583
v -1.202851 1.650915 -0.130583
v -1.201662 1.655089 -0.130583
v -1.200038 1.658923 -0.130583
v -1.198002 1.662393 -0.130583
v -1.195577 1.665476 -0.130583
v -1.192787 1.668148 -0.130583
v -1.189656 1.670387 -0.130583
v -1.186205 1.672169 -0.130583
v -1.182459 1.673471 -0.130583
v -1.178441 1.674269 -0.130583
v -1.174174 1.674540 -0.130583
v -1.172084 1.674493 -0.130583
v -1.170021 1.674346 -0.130583
v -1.167971 1.674087 -0.130583
v -1.165916 1.673707 -0.130583
v -1.163841 1.673194 -0.130583
v -1.161727 1.672538 -0.130583
v -1.159560 1.671729 -0.130583
v -1.157322 1.670756 -0.130583
v -1.154997 1.669609 -0.130583
v -1.152568 1.668277 -0.130583
v -1.150018 1.666749 -0.130583
v -1.147333 1.665016 -0.130583
v -1.235867 1.610467 -0.130583
v -1.236939 1.609682 -0.130583
v -1.237988 1.608954 -0.130583
v -1.239009 1.608285 -0.130583
v -1.239996 1.607677 -0.130583
v -1.240943 1.607131 -0.130583
v -1.241847 1.606651 -0.130583
v -1.242701 1.606239 -0.130583
v -1.243499 1.605897 -0.130583
v -1.244238 1.605626 -0.130583
v -1.244911 1.605431 -0.130583
v -1.245514 1.605312 -0.130583
v -1.246041 1.605271 -0.130583
v -1.246614 1.605299 -0.130583
v -1.247140 1.605385 -0.130583
v -1.247620 1.605532 -0.130583
v -1.248053 1.605744 -0.130583
v -1.248438 1.606026 -0.130583
v -1.248774 1.606381 -0.130583
v -1.249060 1.606812 -0.130583
v -1.249296 1.607324 -0.130583
v -1.249480 1.607920 -0.130583
v -1.249613 1.608603 -0.130583
v -1.249694 1.609379 -0.130583
v -1.249721 1.610250 -0.130583
v -1.249721 1.660254 -0.130583
v -1.250039 1.665522 -0.130583
v -1.250966 1.670293 -0.130583
v -1.252464 1.674574 -0.130583
v -1.254491 1.678373 -0.130583
v -1.257008 1.681696 -0.130583
v -1.259976 1.684552 -0.130583
v -1.263354 1.686948 -0.130583
v -1.267102 1.688891 -0.130583
v -1.271181 1.690390 -0.130583
v -1.275551 1.691451 -0.130583
v -1.280172 1.692082 -0.130583
v -1.285005 1.692291 -0.130583
v -1.288450 1.692200 -0.130583
v -1.291753 1.691929 -0.130583
v -1.294915 1.691475 -0.130583
v -1.297936 1.690839 -0.130583
v -1.300820 1.690020 -0.130583
v -1.303566 1.689016 -0.130583
v -1.306178 1.687828 -0.130583
v -1.308656 1.686454 -0.130583
v -1.311001 1.684893 -0.130583
v -1.313215 1.683146 -0.130583
v -1.315300 1.681210 -0.130583
v -1.317258 1.679086 -0.130583
v -1.317258 1.658089 -0.130583
v -1.314900 1.660723 -0.130583
v -1.312486 1.663109 -0.130583
v -1.310020 1.665249 -0.130583
v -1.307509 1.667148 -0.130583
v -1.304959 1.668810 -0.130583
v -1.302376 1.670238 -0.130583
v -1.299766 1.671436 -0.130583
v -1.297135 1.672408 -0.130583
v -1.294489 1.673157 -0.130583
v -1.291833 1.673687 -0.130583
v -1.289175 1.674003 -0.130583
v -1.286520 1.674107 -0.130583
v -1.283719 1.674002 -0.130583
v -1.281162 1.673682 -0.130583
v -1.278849 1.673140 -0.130583
v -1.276779 1.672368 -0.130583
v -1.274952 1.671358 -0.130583
v -1.273370 1.670103 -0.130583
v -1.272030 1.668595 -0.130583
v -1.270934 1.666828 -0.130583
v -1.270082 1.664793 -0.130583
v -1.269473 1.662482 -0.130583
v -1.269108 1.659890 -0.130583
v -1.268986 1.657007 -0.130583
v -1.268986 1.651811 -0.130583
v -1.286087 1.645750 -0.130583
v -1.290013 1.644331 -0.130583
v -1.293952 1.642857 -0.130583
v -1.297837 1.641282 -0.130583
v -1.301600 1.639561 -0.130583
v -1.305174 1.637647 -0.130583
v -1.308491 1.635495 -0.130583
v -1.311483 1.633059 -0.130583
v -1.314083 1.630293 -0.130583
v -1.316223 1.627151 -0.130583
v -1.317835 1.623588 -0.130583
v -1.318852 1.619557 -0.130583
v -1.319206 1.615012 -0.130583
v -1.319010 1.611906 -0.130583
v -1.318434 1.608889 -0.130583
v -1.317495 1.605995 -0.130583
v -1.316208 1.603259 -0.130583
v -1.314590 1.600715 -0.130583
v -1.312658 1.598399 -0.130583
v -1.310429 1.596343 -0.130583
v -1.307918 1.594584 -0.130583
v -1.305143 1.593156 -0.130583
v -1.302119 1.592093 -0.130583
v -1.298865 1.591430 -0.130583
v -1.295395 1.591201 -0.130583
v -1.293176 1.591269 -0.130583
v -1.290959 1.591473 -0.130583
v -1.288745 1.591813 -0.130583
v -1.286536 1.592291 -0.130583
v -1.284333 1.592908 -0.130583
v -1.282136 1.593663 -0.130583
v -1.279949 1.594559 -0.130583
v -1.277773 1.595595 -0.130583
v -1.275609 1.596772 -0.130583
v -1.273458 1.598091 -0.130583
v -1.271322 1.599553 -0.130583
v -1.269203 1.601158 -0.130583
v -1.268710 1.599507 -0.130583
v -1.268097 1.598016 -0.130583
v -1.267359 1.596680 -0.130583
v -1.266493 1.595498 -0.130583
v -1.265494 1.594467 -0.130583
v -1.264359 1.593582 -0.130583
v -1.263085 1.592842 -0.130583
v -1.261666 1.592243 -0.130583
v -1.260101 1.591783 -0.130583
v -1.258384 1.591458 -0.130583
v -1.256513 1.591265 -0.130583
v -1.254483 1.591201 -0.130583
v -1.253013 1.591239 -0.130583
v -1.251616 1.591356 -0.130583
v -1.250265 1.591563 -0.130583
v -1.248935 1.591866 -0.130583
v -1.247599 1.592275 -0.130583
v -1.246230 1.592798 -0.130583
v -1.244803 1.593442 -0.130583
v -1.243291 1.594216 -0.130583
v -1.241668 1.595128 -0.130583
v -1.239907 1.596187 -0.130583
v -1.237982 1.597401 -0.130583
v -1.235867 1.598777 -0.130583
v -1.268986 1.612848 -0.130583
v -1.270294 1.611644 -0.130583
v -1.271620 1.610526 -0.130583
v -1.272964 1.609496 -0.130583
v -1.274326 1.608558 -0.130583
v -1.275706 1.607717 -0.130583
v -1.277104 1.606976 -0.130583
v -1.278520 1.606339 -0.130583
v -1.279954 1.605808 -0.130583
v -1.281406 1.605390 -0.130583
v -1.282876 1.605086 -0.130583
v -1.284364 1.604901 -0.130583
v -1.285870 1.604838 -0.130583
v -1.287826 1.604954 -0.130583
v -1.289678 1.605292 -0.130583
v -1.291414 1.605843 -0.130583
v -1.293022 1.606594 -0.130583
v -1.294488 1.607535 -0.130583
v -1.295801 1.608654 -0.130583
v -1.296946 1.609939 -0.130583
v -1.297912 1.611380 -0.130583
v -1.298686 1.612966 -0.130583
v -1.299254 1.614685 -0.130583
v -1.299605 1.616525 -0.130583
v -1.299724 1.618476 -0.130583
v -1.299434 1.621226 -0.130583
v -1.298590 1.623752 -0.130583
v -1.297235 1.626076 -0.130583
v -1.295411 1.628217 -0.130583
v -1.293160 1.630195 -0.130583
v -1.290524 1.632032 -0.130583
v -1.287546 1.633747 -0.130583
v -1.284267 1.635360 -0.130583
v -1.280729 1.636892 -0.130583
v -1.276975 1.638363 -0.130583
v -1.273047 1.639794 -0.130583
v -1.268986 1.641205 -0.130583
v -1.395618 1.690342 -0.130583
v -1.395618 1.593149 -0.130583
v -1.376353 1.593149 -0.130583
v -1.376353 1.644019 -0.130583
v -1.376141 1.648108 -0.130583
v -1.375522 1.652019 -0.130583
v -1.374523 1.655718 -0.130583
v -1.373170 1.659171 -0.130583
v -1.371490 1.662345 -0.130583
v -1.369507 1.665205 -0.130583
v -1.367250 1.667718 -0.130583
v -1.364744 1.669850 -0.130583
v -1.362016 1.671567 -0.130583
v -1.359091 1.672836 -0.130583
v -1.355996 1.673621 -0.130583
v -1.352758 1.673891 -0.130583
v -1.351562 1.673811 -0.130583
v -1.350255 1.673576 -0.130583
v -1.348855 1.673194 -0.130583
v -1.347379 1.672672 -0.130583
v -1.345842 1.672018 -0.130583
v -1.344262 1.671239 -0.130583
v -1.342655 1.670343 -0.130583
v -1.341037 1.669337 -0.130583
v -1.339425 1.668229 -0.130583
v -1.337836 1.667026 -0.130583
v -1.336286 1.665736 -0.130583
v -1.334792 1.664366 -0.130583
v -1.324618 1.681034 -0.130583
v -1.326607 1.682847 -0.130583
v -1.328573 1.684499 -0.130583
v -1.330520 1.685989 -0.130583
v -1.332451 1.687320 -0.130583
v -1.334369 1.688491 -0.130583
v -1.336280 1.689503 -0.130583
v -1.338186 1.690358 -0.130583
v -1.340091 1.691056 -0.130583
v -1.341999 1.691597 -0.130583
v -1.343914 1.691983 -0.130583
v -1.345840 1.692214 -0.130583
v -1.347780 1.692291 -0.130583
v -1.350057 1.692140 -0.130583
v -1.352344 1.691682 -0.130583
v -1.354642 1.690907 -0.130583
v -1.356951 1.689805 -0.130583
v -1.359272 1.688366 -0.130583
v -1.361606 1.686581 -0.130583
v -1.363954 1.684440 -0.130583
v -1.366315 1.681932 -0.130583
v -1.368692 1.679049 -0.130583
v -1.371085 1.675780 -0.130583
v -1.373494 1.672116 -0.130583
v -1.375920 1.668046 -0.130583
v -1.376353 1.668046 -0.130583
v -1.376353 1.690342 -0.130583
v -1.470948 1.692291 -0.130583
v -1.478051 1.691848 -0.130583
v -1.484820 1.690558 -0.130583
v -1.491202 1.688472 -0.130583
v -1.497141 1.685644 -0.130583
v -1.502584 1.682128 -0.130583
v -1.507477 1.677977 -0.130583
v -1.511766 1.673244 -0.130583
v -1.515396 1.667982 -0.130583
v -1.518314 1.662246 -0.130583
v -1.520465 1.656088 -0.130583
v -1.521795 1.649561 -0.130583
v -1.522251 1.642720 -0.130583
v -1.521812 1.635431 -0.130583
v -1.520525 1.628531 -0.130583
v -1.518436 1.622068 -0.130583
v -1.515589 1.616087 -0.130583
v -1.512029 1.610635 -0.130583
v -1.507802 1.605758 -0.130583
v -1.502952 1.601505 -0.130583
v -1.497526 1.597920 -0.130583
v -1.491567 1.595050 -0.130583
v -1.485121 1.592943 -0.130583
v -1.478233 1.591644 -0.130583
v -1.470948 1.591201 -0.130583
v -1.463365 1.591628 -0.130583
v -1.456229 1.592883 -0.130583
v -1.449579 1.594928 -0.130583
v -1.443457 1.597727 -0.130583
v -1.437904 1.601241 -0.130583
v -1.432959 1.605434 -0.130583
v -1.428663 1.610266 -0.130583
v -1.425058 1.615702 -0.130583
v -1.422183 1.621702 -0.130583
v -1.420079 1.628231 -0.130583
v -1.418787 1.635249 -0.130583
v -1.418347 1.642720 -0.130583
v -1.418799 1.649743 -0.130583
v -1.420124 1.656388 -0.130583
v -1.422274 1.662611 -0.130583
v -1.425202 1.668367 -0.130583
v -1.428861 1.673612 -0.130583
v -1.433202 1.678301 -0.130583
v -1.438180 1.682391 -0.130583
v -1.443746 1.685837 -0.130583
v -1.449853 1.688594 -0.130583
v -1.456454 1.690618 -0.130583
v -1.463502 1.691865 -0.130583
v -1.471165 1.674973 -0.130583
v -1.466466 1.674694 -0.130583
v -1.462022 1.673876 -0.130583
v -1.457862 1.672548 -0.130583
v -1.454016 1.670740 -0.130583
v -1.450512 1.668481 -0.130583
v -1.447381 1.665801 -0.130583
v -1.444651 1.662728 -0.130583
v -1.442351 1.659292 -0.130583
v -1.440511 1.655522 -0.130583
v -1.439161 1.651448 -0.130583
v -1.438329 1.647098 -0.130583
v -1.438046 1.642503 -0.130583
v -1.438309 1.637424 -0.130583
v -1.439086 1.632695 -0.130583
v -1.440359 1.628335 -0.130583
v -1.442111 1.624360 -0.130583
v -1.444322 1.620789 -0.130583
v -1.446975 1.617637 -0.130583
v -1.450052 1.614923 -0.130583
v -1.453535 1.612663 -0.130583
v -1.457406 1.610876 -0.130583
v -1.461646 1.609578 -0.130583
v -1.466239 1.608786 -0.130583
v -1.471165 1.608518 -0.130583
v -1.475693 1.608799 -0.130583
v -1.479954 1.609624 -0.130583
v -1.483923 1.610970 -0.130583
v -1.487576 1.612816 -0.130583
v -1.490890 1.615136 -0.130583
v -1.493840 1.617908 -0.130583
v -1.496402 1.621108 -0.130583
v -1.498552 1.624713 -0.130583
v -1.500266 1.628700 -0.130583
v -1.501520 1.633046 -0.130583
v -1.502290 1.637727 -0.130583
v -1.502552 1.642720 -0.130583
v -1.502282 1.647265 -0.130583
v -1.501490 1.651573 -0.130583
v -1.500205 1.655613 -0.130583
v -1.498456 1.659356 -0.130583
v -1.496270 1.662771 -0.130583
v -1.493677 1.665828 -0.130583
v -1.490706 1.668497 -0.130583
v -1.487384 1.670748 -0.130583
v -1.483740 1.672552 -0.130583
v -1.479804 1.673877 -0.130583
v -1.475602 1.674694 -0.130583
v -1.606672 1.595530 -0.130583
v -1.604863 1.594809 -0.130583
v -1.603110 1.594157 -0.130583
v -1.601406 1.593575 -0.130583
v -1.599745 1.593061 -0.130583
v -1.598121 1.592613 -0.130583
v -1.596525 1.592229 -0.130583
v -1.594953 1.591909 -0.130583
v -1.593396 1.591650 -0.130583
v -1.591848 1.591451 -0.130583
v -1.590302 1.591311 -0.130583
v -1.588752 1.591228 -0.130583
v -1.587190 1.591201 -0.130583
v -1.580171 1.591623 -0.130583
v -1.573538 1.592860 -0.130583
v -1.567333 1.594871 -0.130583
v -1.561599 1.597615 -0.130583
v -1.556380 1.601050 -0.130583
v -1.551717 1.605136 -0.130583
v -1.547654 1.609830 -0.130583
v -1.544234 1.615093 -0.130583
v -1.541499 1.620881 -0.130583
v -1.539493 1.627153 -0.130583
v -1.538258 1.633870 -0.130583
v -1.537836 1.640988 -0.130583
v -1.538236 1.648689 -0.130583
v -1.539428 1.655768 -0.130583
v -1.541401 1.662215 -0.130583
v -1.544146 1.668022 -0.130583
v -1.547651 1.673180 -0.130583
v -1.551907 1.677679 -0.130583
v -1.556901 1.681511 -0.130583
v -1.562626 1.684666 -0.130583
v -1.569068 1.687136 -0.130583
v -1.576219 1.688911 -0.130583
v -1.584067 1.689983 -0.130583
v -1.592602 1.690342 -0.130583
v -1.625938 1.690342 -0.130583
v -1.625938 1.543362 -0.130583
v -1.606672 1.543362 -0.130583
v -1.606672 1.673025 -0.130583
v -1.589139 1.673025 -0.130583
v -1.584106 1.672783 -0.130583
v -1.579507 1.672066 -0.130583
v -1.575342 1.670884 -0.130583
v -1.571613 1.669249 -0.130583
v -1.568319 1.667172 -0.130583
v -1.565463 1.664664 -0.130583
v -1.563043 1.661737 -0.130583
v -1.561062 1.658402 -0.130583
v -1.559520 1.654670 -0.130583
v -1.558418 1.650552 -0.130583
v -1.557755 1.646060 -0.130583
v -1.557535 1.641205 -0.130583
v -1.557801 1.636605 -0.130583
v -1.558580 1.632244 -0.130583
v -1.559845 1.628152 -0.130583
v -1.561567 1.624360 -0.130583
v -1.563720 1.620899 -0.130583
v -1.566274 1.617799 -0.130583
v -1.569203 1.615092 -0.130583
v -1.572479 1.612808 -0.130583
v -1.576073 1.610977 -0.130583
v -1.579958 1.609632 -0.130583
v -1.584106 1.608802 -0.130583
v -1.588489 1.608518 -0.130583
v -1.590009 1.608550 -0.130583
v -1.591535 1.608644 -0.130583
v -1.593065 1.608799 -0.130583
v -1.594598 1.609015 -0.130583
v -1.596131 1.609292 -0.130583
v -1.597662 1.609628 -0.130583
v -1.599188 1.610022 -0.130583
v -1.600708 1.610475 -0.130583
v -1.602218 1.610984 -0.130583
v -1.603717 1.611550 -0.130583
v -1.605202 1.612171 -0.130583
v -1.606672 1.612848 -0.130583
v -1.641740 1.610467 -0.130583
v -1.642812 1.609682 -0.130583
v -1.643861 1.608954 -0.130583
v -1.644882 1.608285 -0.130583
v -1.645869 1.607677 -0.130583
v -1.646816 1.607131 -0.130583
v -1.647720 1.606651 -0.130583
v -1.648573 1.606239 -0.130583
v -1.649372 1.605897 -0.130583
v -1.650111 1.605626 -0.130583
v -1.650784 1.605431 -0.130583
v -1.651387 1.605312 -0.130583
v -1.651914 1.605271 -0.130583
v -1.652486 1.605299 -0.130583
v -1.653013 1.605385 -0.130583
v -1.653493 1.605532 -0.130583
v -1.653926 1.605744 -0.130583
v -1.654311 1.606026 -0.130583
v -1.654646 1.606381 -0.130583
v -1.654933 1.606812 -0.130583
v -1.655169 1.607324 -0.130583
v -1.655353 1.607920 -0.130583
v -1.655486 1.608603 -0.130583
v -1.655567 1.609379 -0.130583
v -1.655594 1.610250 -0.130583
v -1.655594 1.660254 -0.130583
v -1.655912 1.665522 -0.130583
v -1.656839 1.670293 -0.130583
v -1.658337 1.674574 -0.130583
v -1.660364 1.678373 -0.130583
v -1.662881 1.681696 -0.130583
v -1.665848 1.684552 -0.130583
v -1.669226 1.686948 -0.130583
v -1.672975 1.688891 -0.130583
v -1.677054 1.690390 -0.130583
v -1.681424 1.691451 -0.130583
v -1.686045 1.692082 -0.130583
v -1.690877 1.692291 -0.130583
v -1.694323 1.692200 -0.130583
v -1.697626 1.691929 -0.130583
v -1.700787 1.691475 -0.130583
v -1.703809 1.690839 -0.130583
v -1.706693 1.690020 -0.130583
v -1.709439 1.689016 -0.130583
v -1.712051 1.687828 -0.130583
v -1.714528 1.686454 -0.130583
v -1.716873 1.684893 -0.130583
v -1.719088 1.683146 -0.130583
v -1.721173 1.681210 -0.130583
v -1.723131 1.679086 -0.130583
v -1.723131 1.658089 -0.130583
v -1.720773 1.660723 -0.130583
v -1.718358 1.663109 -0.130583
v -1.715893 1.665249 -0.130583
v -1.713382 1.667148 -0.130583
v -1.710832 1.668810 -0.130583
v -1.708249 1.670238 -0.130583
v -1.705639 1.671436 -0.130583
v -1.703007 1.672408 -0.130583
v -1.700361 1.673157 -0.130583
v -1.697706 1.673687 -0.130583
v -1.695048 1.674003 -0.130583
v -1.692393 1.674107 -0.130583
v -1.689592 1.674002 -0.130583
v -1.687035 1.673682 -0.130583
v -1.684722 1.673140 -0.130583
v -1.682652 1.672368 -0.130583
v -1.680825 1.671358 -0.130583
v -1.679242 1.670103 -0.130583
v -1.677903 1.668595 -0.130583
v -1.676807 1.666828 -0.130583
v -1.675955 1.664793 -0.130583
v -1.675346 1.662482 -0.130583
v -1.674981 1.659890 -0.130583
v -1.674859 1.657007 -0.130583
v -1.674859 1.651811 -0.130583
v -1.691960 1.645750 -0.130583
v -1.695885 1.644331 -0.130583
v -1.699825 1.642857 -0.130583
v -1.703710 1.641282 -0.130583
v -1.707473 1.639561 -0.130583
v -1.711047 1.637647 -0.130583
v -1.714364 1.635495 -0.130583
v -1.717356 1.633059 -0.130583
v -1.719956 1.630293 -0.130583
v -1.722096 1.627151 -0.130583
v -1.723708 1.623588 -0.130583
v -1.724725 1.619557 -0.130583
v -1.725079 1.615012 -0.130583
v -1.724883 1.611906 -0.130583
v -1.724307 1.608889 -0.130583
v -1.723367 1.605995 -0.130583
v -1.722080 1.603259 -0.130583
v -1.720463 1.600715 -0.130583
v -1.718531 1.598399 -0.130583
v -1.716301 1.596343 -0.130583
v -1.713791 1.594584 -0.130583
v -1.711015 1.593156 -0.130583
v -1.707992 1.592093 -0.130583
v -1.704737 1.591430 -0.130583
v -1.701268 1.591201 -0.130583
v -1.699049 1.591269 -0.130583
v -1.696832 1.591473 -0.130583
v -1.694618 1.591813 -0.130583
v -1.692409 1.592291 -0.130583
v -1.690205 1.592908 -0.130583
v -1.688009 1.593663 -0.130583
v -1.685822 1.594559 -0.130583
v -1.683646 1.595595 -0.130583
v -1.681481 1.596772 -0.130583
v -1.679331 1.598091 -0.130583
v -1.677195 1.599553 -0.130583
v -1.675075 1.601158 -0.130583
v -1.674583 1.599507 -0.130583
v -1.673970 1.598016 -0.130583
v -1.673232 1.596680 -0.130583
v -1.672366 1.595498 -0.130583
v -1.671367 1.594467 -0.130583
v -1.670232 1.593582 -0.130583
v -1.668957 1.592842 -0.130583
v -1.667539 1.592243 -0.130583
v -1.665974 1.591783 -0.130583
v -1.664257 1.591458 -0.130583
v -1.662386 1.591265 -0.130583
v -1.660356 1.591201 -0.130583
v -1.658886 1.591239 -0.130583
v -1.657489 1.591356 -0.130583
v -1.656138 1.591563 -0.130583
v -1.654808 1.591866 -0.130583
v -1.653472 1.592275 -0.130583
v -1.652103 1.592798 -0.130583
v -1.650676 1.593442 -0.130583
v -1.649164 1.594216 -0.130583
v -1.647540 1.595128 -0.130583
v -1.645779 1.596187 -0.130583
v -1.643855 1.597401 -0.130583
v -1.641740 1.598777 -0.130583
v -1.674859 1.612848 -0.130583
v -1.676167 1.611644 -0.130583
v -1.677492 1.610526 -0.130583
v -1.678836 1.609496 -0.130583
v -1.680198 1.608558 -0.130583
v -1.681578 1.607717 -0.130583
v -1.682976 1.606976 -0.130583
v -1.684392 1.606339 -0.130583
v -1.685826 1.605808 -0.130583
v -1.687279 1.605390 -0.130583
v -1.688749 1.605086 -0.130583
v -1.690237 1.604901 -0.130583
v -1.691743 1.604838 -0.130583
v -1.693698 1.604954 -0.130583
v -1.695550 1.605292 -0.130583
v -1.697287 1.605843 -0.130583
v -1.698895 1.606594 -0.130583
v -1.700361 1.607535 -0.130583
v -1.701674 1.608654 -0.130583
v -1.702819 1.609939 -0.130583
v -1.703785 1.611380 -0.130583
v -1.704559 1.612966 -0.130583
v -1.705127 1.614685 -0.130583
v -1.705477 1.616525 -0.130583
v -1.705597 1.618476 -0.130583
v -1.705306 1.621226 -0.130583
v -1.704463 1.623752 -0.130583
v -1.703108 1.626076 -0.130583
v -1.701284 1.628217 -0.130583
v -1.699033 1.630195 -0.130583
v -1.696397 1.632032 -0.130583
v -1.693419 1.633747 -0.130583
v -1.690140 1.635360 -0.130583
v -1.686602 1.636892 -0.130583
v -1.682848 1.638363 -0.130583
v -1.678920 1.639794 -0.130583
v -1.674859 1.641205 -0.130583
v -1.780927 1.591201 -0.130583
v -1.774433 1.591201 -0.130583
v -1.731573 1.690342 -0.130583
v -1.752137 1.690342 -0.130583
v -1.777680 1.630598 -0.130583
v -1.803872 1.690342 -0.130583
v -1.824870 1.690342 -0.130583
v -1.833745 1.740779 -0.130583
v -1.917517 1.740779 -0.130583
v -1.917517 1.593149 -0.130583
v -1.831796 1.593149 -0.130583
v -1.831796 1.612198 -0.130583
v -1.896303 1.612198 -0.130583
v -1.896303 1.658089 -0.130583
v -1.835909 1.658089 -0.130583
v -1.835909 1.677138 -0.130583
v -1.896303 1.677138 -0.130583
v -1.896303 1.721730 -0.130583
v -1.833745 1.721730 -0.130583
vn -0.0000 -0.0000 1.0000
vn -0.0000 -0.0000 -1.0000
vt 0.021277 0.000000
vt 1.000000 0.000000
vt 0.000000 0.000000
vt 0.042553 0.000000
vt 0.978723 0.000000
vt 0.063830 0.000000
vt 0.957447 0.000000
vt 0.085106 0.000000
vt 0.936170 0.000000
vt 0.106383 0.000000
vt 0.914894 0.000000
vt 0.127660 0.000000
vt 0.893617 0.000000
vt 0.148936 0.000000
vt 0.872340 0.000000
vt 0.170213 0.000000
vt 0.851064 0.000000
vt 0.191489 0.000000
vt 0.829787 0.000000
vt 0.212766 0.000000
vt 0.808511 0.000000
vt 0.234043 0.000000
vt 0.787234 0.000000
vt 0.255319 0.000000
vt 0.765957 0.000000
vt 0.276596 0.000000
vt 0.744681 0.000000
vt 0.297872 0.000000
vt 0.723404 0.000000
vt 0.319149 0.000000
vt 0.702128 0.000000
vt 0.340426 0.000000
vt 0.680851 0.000000
vt 0.361702 0.000000
vt 0.659574 0.000000
vt 0.382979 0.000000
vt 0.638298 0.000000
vt 0.404255 0.000000
vt 0.617021 0.000000
vt 0.425532 0.000000
vt 0.595745 0.000000
vt 0.446809 0.000000
vt 0.574468 0.000000
vt 0.468085 0.000000
vt 0.553191 0.000000
vt 0.489362 0.000000
vt 0.531915 0.000000
vt 0.510638 0.000000
vt 0.219653 0.000000
vt 0.208092 0.000000
vt 0.213873 0.000000
vt 0.225434 0.000000
vt 0.202312 0.000000
vt 0.231214 0.000000
vt 0.236994 0.000000
vt 0.196532 0.000000
vt 0.242775 0.000000
vt 0.190751 0.000000
vt 0.248555 0.000000
vt 0.254335 0.000000
vt 0.184971 0.000000
vt 0.260116 0.000000
vt 0.179191 0.000000
vt 0.265896 0.000000
vt 0.271676 0.000000
vt 0.173410 0.000000
vt 0.277457 0.000000
vt 0.167630 0.000000
vt 0.283237 0.000000
vt 0.289017 0.000000
vt 0.294798 0.000000
vt 0.300578 0.000000
vt 0.306358 0.000000
vt 0.312139 0.000000
vt 0.317919 0.000000
vt 0.323699 0.000000
vt 0.329480 0.000000
vt 0.335260 0.000000
vt 0.341040 0.000000
vt 0.346821 0.000000
vt 0.352601 0.000000
vt 0.358382 0.000000
vt 0.161850 0.000000
vt 0.364162 0.000000
vt 0.156069 0.000000
vt 0.369942 0.000000
vt 0.375723 0.000000
vt 0.381503 0.000000
vt 0.387283 0.000000
vt 0.393064 0.000000
vt 0.150289 0.000000
vt 0.398844 0.000000
vt 0.404624 0.000000
vt 0.410405 0.000000
vt 0.144509 0.000000
vt 0.416185 0.000000
vt 0.421965 0.000000
vt 0.138728 0.000000
vt 0.427746 0.000000
vt 0.433526 0.000000
vt 0.439306 0.000000
vt 0.445087 0.000000
vt 0.450867 0.000000
vt 0.456647 0.000000
vt 0.462428 0.000000
vt 0.994220 0.000000
vt 0.791907 0.000000
vt 0.988439 0.000000
vt 0.468208 0.000000
vt 0.982659 0.000000
vt 0.473988 0.000000
vt 0.976879 0.000000
vt 0.479769 0.000000
vt 0.971098 0.000000
vt 0.965318 0.000000
vt 0.485549 0.000000
vt 0.959538 0.000000
vt 0.491329 0.000000
vt 0.953757 0.000000
vt 0.947977 0.000000
vt 0.497110 0.000000
vt 0.942197 0.000000
vt 0.936416 0.000000
vt 0.502890 0.000000
vt 0.930636 0.000000
vt 0.508671 0.000000
vt 0.924855 0.000000
vt 0.919075 0.000000
vt 0.514451 0.000000
vt 0.913295 0.000000
vt 0.907514 0.000000
vt 0.797688 0.000000
vt 0.520231 0.000000
vt 0.803468 0.000000
vt 0.901734 0.000000
vt 0.809249 0.000000
vt 0.005780 0.000000
vt 0.786127 0.000000
vt 0.132948 0.000000
vt 0.895954 0.000000
vt 0.011561 0.000000
vt 0.815029 0.000000
vt 0.127168 0.000000
vt 0.017341 0.000000
vt 0.526012 0.000000
vt 0.890173 0.000000
vt 0.121387 0.000000
vt 0.820809 0.000000
vt 0.023121 0.000000
vt 0.115607 0.000000
vt 0.826590 0.000000
vt 0.028902 0.000000
vt 0.884393 0.000000
vt 0.109827 0.000000
vt 0.034682 0.000000
vt 0.832370 0.000000
vt 0.104046 0.000000
vt 0.040462 0.000000
vt 0.878613 0.000000
vt 0.098266 0.000000
vt 0.838150 0.000000
vt 0.046243 0.000000
vt 0.092486 0.000000
vt 0.531792 0.000000
vt 0.052023 0.000000
vt 0.872832 0.000000
vt 0.843931 0.000000
vt 0.086705 0.000000
vt 0.057803 0.000000
vt 0.080925 0.000000
vt 0.063584 0.000000
vt 0.849711 0.000000
vt 0.075145 0.000000
vt 0.069364 0.000000
vt 0.867052 0.000000
vt 0.855491 0.000000
vt 0.861272 0.000000
vt 0.647399 0.000000
vt 0.537572 0.000000
vt 0.641618 0.000000
vt 0.653179 0.000000
vt 0.543353 0.000000
vt 0.635838 0.000000
vt 0.658960 0.000000
vt 0.780347 0.000000
vt 0.549133 0.000000
vt 0.630058 0.000000
vt 0.664740 0.000000
vt 0.774566 0.000000
vt 0.624277 0.000000
vt 0.670520 0.000000
vt 0.554913 0.000000
vt 0.768786 0.000000
vt 0.618497 0.000000
vt 0.676301 0.000000
vt 0.763006 0.000000
vt 0.560694 0.000000
vt 0.612717 0.000000
vt 0.682081 0.000000
vt 0.757225 0.000000
vt 0.606936 0.000000
vt 0.687861 0.000000
vt 0.751445 0.000000
vt 0.566474 0.000000
vt 0.601156 0.000000
vt 0.693642 0.000000
vt 0.745665 0.000000
vt 0.595376 0.000000
vt 0.739884 0.000000
vt 0.699422 0.000000
vt 0.572254 0.000000
vt 0.734104 0.000000
vt 0.589595 0.000000
vt 0.705202 0.000000
vt 0.728324 0.000000
vt 0.583815 0.000000
vt 0.710983 0.000000
vt 0.578035 0.000000
vt 0.722543 0.000000
vt 0.716763 0.000000
vt 0.759259 0.000000
vt 0.722222 0.000000
vt 0.740741 0.000000
vt 0.703704 0.000000
vt 0.777778 0.000000
vt 0.685185 0.000000
vt 0.796296 0.000000
vt 0.666667 0.000000
vt 0.648148 0.000000
vt 0.814815 0.000000
vt 0.629630 0.000000
vt 0.018519 0.000000
vt 0.981481 0.000000
vt 0.833333 0.000000
vt 0.611111 0.000000
vt 0.592593 0.000000
vt 0.851852 0.000000
vt 0.574074 0.000000
vt 0.870370 0.000000
vt 0.555556 0.000000
vt 0.537037 0.000000
vt 0.888889 0.000000
vt 0.518519 0.000000
vt 0.907407 0.000000
vt 0.333333 0.000000
vt 0.351852 0.000000
vt 0.370370 0.000000
vt 0.388889 0.000000
vt 0.407407 0.000000
vt 0.425926 0.000000
vt 0.444444 0.000000
vt 0.462963 0.000000
vt 0.481481 0.000000
vt 0.500000 0.000000
vt 0.925926 0.000000
vt 0.296296 0.000000
vt 0.314815 0.000000
vt 0.944444 0.000000
vt 0.259259 0.000000
vt 0.277778 0.000000
vt 0.240741 0.000000
vt 0.222222 0.000000
vt 0.962963 0.000000
vt 0.203704 0.000000
vt 0.185185 0.000000
vt 0.111111 0.000000
vt 0.129630 0.000000
vt 0.148148 0.000000
vt 0.166667 0.000000
vt 0.092593 0.000000
vt 0.074074 0.000000
vt 0.055556 0.000000
vt 0.037037 0.000000
vt 0.387755 0.000000
vt 0.367347 0.000000
vt 0.377551 0.000000
vt 0.357143 0.000000
vt 0.397959 0.000000
vt 0.346939 0.000000
vt 0.408163 0.000000
vt 0.336735 0.000000
vt 0.418367 0.000000
vt 0.326531 0.000000
vt 0.428571 0.000000
vt 0.316327 0.000000
vt 0.438776 0.000000
vt 0.306122 0.000000
vt 0.448980 0.000000
vt 0.877551 0.000000
vt 0.867347 0.000000
vt 0.887755 0.000000
vt 0.857143 0.000000
vt 0.897959 0.000000
vt 0.846939 0.000000
vt 0.908163 0.000000
vt 0.295918 0.000000
vt 0.836735 0.000000
vt 0.459184 0.000000
vt 0.918367 0.000000
vt 0.826531 0.000000
vt 0.928571 0.000000
vt 0.816327 0.000000
vt 0.938776 0.000000
vt 0.806122 0.000000
vt 0.948980 0.000000
vt 0.469388 0.000000
vt 0.285714 0.000000
vt 0.795918 0.000000
vt 0.959184 0.000000
vt 0.785714 0.000000
vt 0.969388 0.000000
vt 0.479592 0.000000
vt 0.275510 0.000000
vt 0.775510 0.000000
vt 0.979592 0.000000
vt 0.765306 0.000000
vt 0.989796 0.000000
vt 0.489796 0.000000
vt 0.755102 0.000000
vt 0.265306 0.000000
vt 0.255102 0.000000
vt 0.510204 0.000000
vt 0.244898 0.000000
vt 0.234694 0.000000
vt 0.520408 0.000000
vt 0.224490 0.000000
vt 0.214286 0.000000
vt 0.530612 0.000000
vt 0.204082 0.000000
vt 0.540816 0.000000
vt 0.193878 0.000000
vt 0.010204 0.000000
vt 0.744898 0.000000
vt 0.183673 0.000000
vt 0.020408 0.000000
vt 0.030612 0.000000
vt 0.551020 0.000000
vt 0.173469 0.000000
vt 0.040816 0.000000
vt 0.051020 0.000000
vt 0.163265 0.000000
vt 0.061224 0.000000
vt 0.153061 0.000000
vt 0.071429 0.000000
vt 0.561224 0.000000
vt 0.081633 0.000000
vt 0.142857 0.000000
vt 0.091837 0.000000
vt 0.132653 0.000000
vt 0.102041 0.000000
vt 0.112245 0.000000
vt 0.122449 0.000000
vt 0.571429 0.000000
vt 0.734694 0.000000
vt 0.581633 0.000000
vt 0.724490 0.000000
vt 0.714286 0.000000
vt 0.591837 0.000000
vt 0.704082 0.000000
vt 0.693878 0.000000
vt 0.602041 0.000000
vt 0.683673 0.000000
vt 0.673469 0.000000
vt 0.612245 0.000000
vt 0.663265 0.000000
vt 0.653061 0.000000
vt 0.642857 0.000000
vt 0.622449 0.000000
vt 0.632653 0.000000
vt 0.084746 0.000000
vt 0.050847 0.000000
vt 0.067797 0.000000
vt 0.033898 0.000000
vt 0.101695 0.000000
vt 0.016949 0.000000
vt 0.118644 0.000000
vt 0.135593 0.000000
vt 0.152542 0.000000
vt 0.169492 0.000000
vt 0.186441 0.000000
vt 0.203390 0.000000
vt 0.949153 0.000000
vt 0.966102 0.000000
vt 0.983051 0.000000
vt 0.220339 0.000000
vt 0.915254 0.000000
vt 0.932203 0.000000
vt 0.237288 0.000000
vt 0.881356 0.000000
vt 0.898305 0.000000
vt 0.254237 0.000000
vt 0.864407 0.000000
vt 0.271186 0.000000
vt 0.813559 0.000000
vt 0.830508 0.000000
vt 0.847458 0.000000
vt 0.288136 0.000000
vt 0.796610 0.000000
vt 0.779661 0.000000
vt 0.762712 0.000000
vt 0.745763 0.000000
vt 0.305085 0.000000
vt 0.728814 0.000000
vt 0.711864 0.000000
vt 0.322034 0.000000
vt 0.694915 0.000000
vt 0.677966 0.000000
vt 0.338983 0.000000
vt 0.661017 0.000000
vt 0.355932 0.000000
vt 0.644068 0.000000
vt 0.372881 0.000000
vt 0.627119 0.000000
vt 0.610169 0.000000
vt 0.389830 0.000000
vt 0.593220 0.000000
vt 0.406780 0.000000
vt 0.576271 0.000000
vt 0.423729 0.000000
vt 0.457627 0.000000
vt 0.440678 0.000000
vt 0.559322 0.000000
vt 0.542373 0.000000
vt 0.474576 0.000000
vt 0.491525 0.000000
vt 0.525424 0.000000
vt 0.508475 0.000000
vt 0.097744 0.000000
vt 0.082707 0.000000
vt 0.090226 0.000000
vt 0.075188 0.000000
vt 0.105263 0.000000
vt 0.067669 0.000000
vt 0.060150 0.000000
vt 0.112782 0.000000
vt 0.052632 0.000000
vt 0.045113 0.000000
vt 0.120301 0.000000
vt 0.037594 0.000000
vt 0.030075 0.000000
vt 0.127820 0.000000
vt 0.022556 0.000000
vt 0.015038 0.000000
vt 0.135338 0.000000
vt 0.007519 0.000000
vt 0.939850 0.000000
vt 0.947368 0.000000
vt 0.954887 0.000000
vt 0.962406 0.000000
vt 0.969925 0.000000
vt 0.977444 0.000000
vt 0.984962 0.000000
vt 0.992481 0.000000
vt 0.150376 0.000000
vt 0.924812 0.000000
vt 0.932331 0.000000
vt 0.157895 0.000000
vt 0.917293 0.000000
vt 0.165414 0.000000
vt 0.902256 0.000000
vt 0.909774 0.000000
vt 0.894737 0.000000
vt 0.887218 0.000000
vt 0.879699 0.000000
vt 0.872180 0.000000
vt 0.864662 0.000000
vt 0.172932 0.000000
vt 0.849624 0.000000
vt 0.842105 0.000000
vt 0.834586 0.000000
vt 0.180451 0.000000
vt 0.827068 0.000000
vt 0.819549 0.000000
vt 0.812030 0.000000
vt 0.187970 0.000000
vt 0.804511 0.000000
vt 0.796992 0.000000
vt 0.789474 0.000000
vt 0.781955 0.000000
vt 0.774436 0.000000
vt 0.195489 0.000000
vt 0.766917 0.000000
vt 0.759399 0.000000
vt 0.751880 0.000000
vt 0.203008 0.000000
vt 0.744361 0.000000
vt 0.736842 0.000000
vt 0.729323 0.000000
vt 0.210526 0.000000
vt 0.721804 0.000000
vt 0.218045 0.000000
vt 0.706767 0.000000
vt 0.225564 0.000000
vt 0.699248 0.000000
vt 0.233083 0.000000
vt 0.691729 0.000000
vt 0.684211 0.000000
vt 0.240602 0.000000
vt 0.676692 0.000000
vt 0.248120 0.000000
vt 0.669173 0.000000
vt 0.661654 0.000000
vt 0.255639 0.000000
vt 0.654135 0.000000
vt 0.263158 0.000000
vt 0.646617 0.000000
vt 0.270677 0.000000
vt 0.639098 0.000000
vt 0.458647 0.000000
vt 0.443609 0.000000
vt 0.451128 0.000000
vt 0.631579 0.000000
vt 0.278196 0.000000
vt 0.436090 0.000000
vt 0.293233 0.000000
vt 0.624060 0.000000
vt 0.421053 0.000000
vt 0.300752 0.000000
vt 0.413534 0.000000
vt 0.308271 0.000000
vt 0.406015 0.000000
vt 0.315789 0.000000
vt 0.616541 0.000000
vt 0.398496 0.000000
vt 0.323308 0.000000
vt 0.330827 0.000000
vt 0.390977 0.000000
vt 0.338346 0.000000
vt 0.383459 0.000000
vt 0.345865 0.000000
vt 0.375940 0.000000
vt 0.353383 0.000000
vt 0.368421 0.000000
vt 0.360902 0.000000
vt 0.609023 0.000000
vt 0.601504 0.000000
vt 0.593985 0.000000
vt 0.466165 0.000000
vt 0.586466 0.000000
vt 0.473684 0.000000
vt 0.481203 0.000000
vt 0.578947 0.000000
vt 0.488722 0.000000
vt 0.496241 0.000000
vt 0.503759 0.000000
vt 0.563910 0.000000
vt 0.511278 0.000000
vt 0.518797 0.000000
vt 0.556391 0.000000
vt 0.526316 0.000000
vt 0.533835 0.000000
vt 0.548872 0.000000
vt 0.541353 0.000000
vt 0.050505 0.000000
vt 0.515152 0.000000
vt 0.040404 0.000000
vt 0.505050 0.000000
vt 0.060606 0.000000
vt 0.494949 0.000000
vt 0.070707 0.000000
vt 0.484848 0.000000
vt 0.080808 0.000000
vt 0.474747 0.000000
vt 0.090909 0.000000
vt 0.464646 0.000000
vt 0.101010 0.000000
vt 0.454545 0.000000
vt 0.525253 0.000000
vt 0.535354 0.000000
vt 0.989899 0.000000
vt 0.545455 0.000000
vt 0.979798 0.000000
vt 0.121212 0.000000
vt 0.969697 0.000000
vt 0.565657 0.000000
vt 0.959596 0.000000
vt 0.575758 0.000000
vt 0.949495 0.000000
vt 0.585859 0.000000
vt 0.434343 0.000000
vt 0.131313 0.000000
vt 0.939394 0.000000
vt 0.595960 0.000000
vt 0.929293 0.000000
vt 0.606061 0.000000
vt 0.424242 0.000000
vt 0.141414 0.000000
vt 0.919192 0.000000
vt 0.616162 0.000000
vt 0.414141 0.000000
vt 0.151515 0.000000
vt 0.909091 0.000000
vt 0.626263 0.000000
vt 0.898990 0.000000
vt 0.636364 0.000000
vt 0.404040 0.000000
vt 0.161616 0.000000
vt 0.646465 0.000000
vt 0.171717 0.000000
vt 0.878788 0.000000
vt 0.393939 0.000000
vt 0.656566 0.000000
vt 0.868687 0.000000
vt 0.181818 0.000000
vt 0.383838 0.000000
vt 0.858586 0.000000
vt 0.676768 0.000000
vt 0.848485 0.000000
vt 0.191919 0.000000
vt 0.686869 0.000000
vt 0.373737 0.000000
vt 0.838384 0.000000
vt 0.696970 0.000000
vt 0.202020 0.000000
vt 0.363636 0.000000
vt 0.828283 0.000000
vt 0.707071 0.000000
vt 0.818182 0.000000
vt 0.717172 0.000000
vt 0.212121 0.000000
vt 0.353535 0.000000
vt 0.808081 0.000000
vt 0.727273 0.000000
vt 0.797980 0.000000
vt 0.737374 0.000000
vt 0.787879 0.000000
vt 0.747475 0.000000
vt 0.343434 0.000000
vt 0.757576 0.000000
vt 0.767677 0.000000
vt 0.232323 0.000000
vt 0.242424 0.000000
vt 0.323232 0.000000
vt 0.252525 0.000000
vt 0.313131 0.000000
vt 0.262626 0.000000
vt 0.303030 0.000000
vt 0.272727 0.000000
vt 0.292929 0.000000
vt 0.282828 0.000000
vt 0.010101 0.000000
vt 0.030303 0.000000
vt 0.020202 0.000000
vt 0.886792 0.000000
vt 0.867925 0.000000
vt 0.877358 0.000000
vt 0.660377 0.000000
vt 0.641509 0.000000
vt 0.650943 0.000000
vt 0.896226 0.000000
vt 0.858491 0.000000
vt 0.669811 0.000000
vt 0.632075 0.000000
vt 0.905660 0.000000
vt 0.849057 0.000000
vt 0.679245 0.000000
vt 0.915094 0.000000
vt 0.839623 0.000000
vt 0.622642 0.000000
vt 0.688679 0.000000
vt 0.924528 0.000000
vt 0.009434 0.000000
vt 0.990566 0.000000
vt 0.830189 0.000000
vt 0.698113 0.000000
vt 0.933962 0.000000
vt 0.613208 0.000000
vt 0.820755 0.000000
vt 0.943396 0.000000
vt 0.707547 0.000000
vt 0.811321 0.000000
vt 0.603774 0.000000
vt 0.952830 0.000000
vt 0.716981 0.000000
vt 0.801887 0.000000
vt 0.962264 0.000000
vt 0.726415 0.000000
vt 0.594340 0.000000
vt 0.792453 0.000000
vt 0.971698 0.000000
vt 0.735849 0.000000
vt 0.783019 0.000000
vt 0.981132 0.000000
vt 0.584906 0.000000
vt 0.745283 0.000000
vt 0.773585 0.000000
vt 0.754717 0.000000
vt 0.396226 0.000000
vt 0.575472 0.000000
vt 0.028302 0.000000
vt 0.037736 0.000000
vt 0.047170 0.000000
vt 0.056604 0.000000
vt 0.066038 0.000000
vt 0.075472 0.000000
vt 0.084906 0.000000
vt 0.094340 0.000000
vt 0.103774 0.000000
vt 0.113208 0.000000
vt 0.122642 0.000000
vt 0.132075 0.000000
vt 0.141509 0.000000
vt 0.764151 0.000000
vt 0.386792 0.000000
vt 0.150943 0.000000
vt 0.405660 0.000000
vt 0.377358 0.000000
vt 0.160377 0.000000
vt 0.415094 0.000000
vt 0.367925 0.000000
vt 0.169811 0.000000
vt 0.424528 0.000000
vt 0.358491 0.000000
vt 0.179245 0.000000
vt 0.433962 0.000000
vt 0.349057 0.000000
vt 0.566038 0.000000
vt 0.188679 0.000000
vt 0.339623 0.000000
vt 0.443396 0.000000
vt 0.330189 0.000000
vt 0.198113 0.000000
vt 0.452830 0.000000
vt 0.320755 0.000000
vt 0.207547 0.000000
vt 0.462264 0.000000
vt 0.311321 0.000000
vt 0.556604 0.000000
vt 0.216981 0.000000
vt 0.301887 0.000000
vt 0.471698 0.000000
vt 0.292453 0.000000
vt 0.226415 0.000000
vt 0.481132 0.000000
vt 0.283019 0.000000
vt 0.547170 0.000000
vt 0.235849 0.000000
vt 0.018868 0.000000
vt 0.273585 0.000000
vt 0.490566 0.000000
vt 0.245283 0.000000
vt 0.537736 0.000000
vt 0.254717 0.000000
vt 0.509434 0.000000
vt 0.528302 0.000000
vt 0.264151 0.000000
vt 0.518868 0.000000
vt 0.017544 0.000000
vt 0.982456 0.000000
vt 0.964912 0.000000
vt 0.035088 0.000000
vt 0.070175 0.000000
vt 0.929825 0.000000
vt 0.912281 0.000000
vt 0.087719 0.000000
vt 0.877193 0.000000
vt 0.859649 0.000000
vt 0.491228 0.000000
vt 0.508772 0.000000
vt 0.543860 0.000000
vt 0.561404 0.000000
vt 0.122807 0.000000
vt 0.824561 0.000000
vt 0.596491 0.000000
vt 0.807018 0.000000
vt 0.614035 0.000000
vt 0.771930 0.000000
vt 0.649123 0.000000
vt 0.140351 0.000000
vt 0.754386 0.000000
vt 0.701754 0.000000
vt 0.719298 0.000000
vt 0.175439 0.000000
vt 0.192982 0.000000
vt 0.456140 0.000000
vt 0.438596 0.000000
vt 0.228070 0.000000
vt 0.403509 0.000000
vt 0.385965 0.000000
vt 0.245614 0.000000
vt 0.350877 0.000000
vt 0.280702 0.000000
vt 0.298246 0.000000
vt 0.980392 0.000000
vt 0.941176 0.000000
vt 0.960784 0.000000
vt 0.254902 0.000000
vt 0.215686 0.000000
vt 0.235294 0.000000
vt 0.274510 0.000000
vt 0.196078 0.000000
vt 0.294118 0.000000
vt 0.176471 0.000000
vt 0.313726 0.000000
vt 0.156863 0.000000
vt 0.137255 0.000000
vt 0.352941 0.000000
vt 0.117647 0.000000
vt 0.372549 0.000000
vt 0.098039 0.000000
vt 0.392157 0.000000
vt 0.078431 0.000000
vt 0.411765 0.000000
vt 0.058824 0.000000
vt 0.431373 0.000000
vt 0.039216 0.000000
vt 0.450980 0.000000
vt 0.019608 0.000000
vt 0.470588 0.000000
vt 0.490196 0.000000
vt 0.921569 0.000000
vt 0.509804 0.000000
vt 0.901961 0.000000
vt 0.529412 0.000000
vt 0.882353 0.000000
vt 0.549020 0.000000
vt 0.862745 0.000000
vt 0.568627 0.000000
vt 0.843137 0.000000
vt 0.588235 0.000000
vt 0.823529 0.000000
vt 0.607843 0.000000
vt 0.803922 0.000000
vt 0.627451 0.000000
vt 0.784314 0.000000
vt 0.647059 0.000000
vt 0.764706 0.000000
vt 0.745098 0.000000
vt 0.686275 0.000000
vt 0.725490 0.000000
vt 0.705882 0.000000
vt 0.134021 0.000000
vt 0.113402 0.000000
vt 0.123711 0.000000
vt 0.103093 0.000000
vt 0.092784 0.000000
vt 0.144330 0.000000
vt 0.082474 0.000000
vt 0.072165 0.000000
vt 0.061856 0.000000
vt 0.154639 0.000000
vt 0.051546 0.000000
vt 0.041237 0.000000
vt 0.030928 0.000000
vt 0.164948 0.000000
vt 0.020619 0.000000
vt 0.010309 0.000000
vt 0.175258 0.000000
vt 0.917526 0.000000
vt 0.927835 0.000000
vt 0.938144 0.000000
vt 0.948454 0.000000
vt 0.958763 0.000000
vt 0.969072 0.000000
vt 0.979381 0.000000
vt 0.989691 0.000000
vt 0.185567 0.000000
vt 0.896907 0.000000
vt 0.907216 0.000000
vt 0.195876 0.000000
vt 0.876289 0.000000
vt 0.886598 0.000000
vt 0.865979 0.000000
vt 0.855670 0.000000
vt 0.845361 0.000000
vt 0.206186 0.000000
vt 0.835052 0.000000
vt 0.824742 0.000000
vt 0.814433 0.000000
vt 0.216495 0.000000
vt 0.804124 0.000000
vt 0.793814 0.000000
vt 0.226804 0.000000
vt 0.783505 0.000000
vt 0.773196 0.000000
vt 0.237113 0.000000
vt 0.762887 0.000000
vt 0.247423 0.000000
vt 0.752577 0.000000
vt 0.742268 0.000000
vt 0.257732 0.000000
vt 0.731959 0.000000
vt 0.268041 0.000000
vt 0.721649 0.000000
vt 0.711340 0.000000
vt 0.278351 0.000000
vt 0.701031 0.000000
vt 0.690722 0.000000
vt 0.288660 0.000000
vt 0.680412 0.000000
vt 0.515464 0.000000
vt 0.494845 0.000000
vt 0.505155 0.000000
vt 0.670103 0.000000
vt 0.525773 0.000000
vt 0.298969 0.000000
vt 0.536082 0.000000
vt 0.659794 0.000000
vt 0.546392 0.000000
vt 0.556701 0.000000
vt 0.567010 0.000000
vt 0.649485 0.000000
vt 0.577320 0.000000
vt 0.587629 0.000000
vt 0.639175 0.000000
vt 0.597938 0.000000
vt 0.608247 0.000000
vt 0.628866 0.000000
vt 0.618557 0.000000
vt 0.309278 0.000000
vt 0.319588 0.000000
vt 0.329897 0.000000
vt 0.340206 0.000000
vt 0.484536 0.000000
vt 0.474227 0.000000
vt 0.463918 0.000000
vt 0.350515 0.000000
vt 0.453608 0.000000
vt 0.443299 0.000000
vt 0.432990 0.000000
vt 0.422680 0.000000
vt 0.360825 0.000000
vt 0.412371 0.000000
vt 0.402062 0.000000
vt 0.391753 0.000000
vt 0.371134 0.000000
vt 0.381443 0.000000
vt 0.035714 0.000000
vt 0.017857 0.000000
vt 0.750000 0.000000
vt 0.767857 0.000000
vt 0.803571 0.000000
vt 0.732143 0.000000
vt 0.821429 0.000000
vt 0.839286 0.000000
vt 0.696429 0.000000
vt 0.875000 0.000000
vt 0.892857 0.000000
vt 0.678571 0.000000
vt 0.910714 0.000000
vt 0.660714 0.000000
vt 0.946429 0.000000
vt 0.964286 0.000000
vt 0.982143 0.000000
vt 0.625000 0.000000
vt 0.089286 0.000000
vt 0.107143 0.000000
vt 0.125000 0.000000
vt 0.160714 0.000000
vt 0.178571 0.000000
vt 0.196429 0.000000
vt 0.232143 0.000000
vt 0.250000 0.000000
vt 0.267857 0.000000
vt 0.303571 0.000000
vt 0.321429 0.000000
vt 0.339286 0.000000
vt 0.607143 0.000000
vt 0.375000 0.000000
vt 0.392857 0.000000
vt 0.410714 0.000000
vt 0.589286 0.000000
vt 0.446429 0.000000
vt 0.464286 0.000000
vt 0.053571 0.000000
vt 0.482143 0.000000
vt 0.553571 0.000000
vt 0.517857 0.000000
vt 0.535714 0.000000
vt 0.010526 0.000000
vt 0.494737 0.000000
vt 0.484211 0.000000
vt 0.021053 0.000000
vt 0.031579 0.000000
vt 0.463158 0.000000
vt 0.042105 0.000000
vt 0.452632 0.000000
vt 0.442105 0.000000
vt 0.063158 0.000000
vt 0.431579 0.000000
vt 0.073684 0.000000
vt 0.505263 0.000000
vt 0.515789 0.000000
vt 0.989474 0.000000
vt 0.978947 0.000000
vt 0.536842 0.000000
vt 0.084211 0.000000
vt 0.968421 0.000000
vt 0.547368 0.000000
vt 0.957895 0.000000
vt 0.557895 0.000000
vt 0.568421 0.000000
vt 0.410526 0.000000
vt 0.094737 0.000000
vt 0.936842 0.000000
vt 0.926316 0.000000
vt 0.589474 0.000000
vt 0.400000 0.000000
vt 0.915789 0.000000
vt 0.600000 0.000000
vt 0.389474 0.000000
vt 0.115789 0.000000
vt 0.905263 0.000000
vt 0.610526 0.000000
vt 0.621053 0.000000
vt 0.378947 0.000000
vt 0.126316 0.000000
vt 0.884211 0.000000
vt 0.136842 0.000000
vt 0.873684 0.000000
vt 0.642105 0.000000
vt 0.863158 0.000000
vt 0.652632 0.000000
vt 0.147368 0.000000
vt 0.357895 0.000000
vt 0.852632 0.000000
vt 0.663158 0.000000
vt 0.673684 0.000000
vt 0.347368 0.000000
vt 0.831579 0.000000
vt 0.168421 0.000000
vt 0.336842 0.000000
vt 0.821053 0.000000
vt 0.694737 0.000000
vt 0.810526 0.000000
vt 0.705263 0.000000
vt 0.178947 0.000000
vt 0.326316 0.000000
vt 0.800000 0.000000
vt 0.715789 0.000000
vt 0.726316 0.000000
vt 0.778947 0.000000
vt 0.189474 0.000000
vt 0.768421 0.000000
vt 0.747368 0.000000
vt 0.757895 0.000000
vt 0.200000 0.000000
vt 0.305263 0.000000
vt 0.294737 0.000000
vt 0.221053 0.000000
vt 0.284211 0.000000
vt 0.231579 0.000000
vt 0.273684 0.000000
vt 0.242105 0.000000
vt 0.252632 0.000000
vt 0.509091 0.000000
vt 0.527273 0.000000
vt 0.490909 0.000000
vt 0.054545 0.000000
vt 0.018182 0.000000
vt 0.036364 0.000000
vt 0.563636 0.000000
vt 0.472727 0.000000
vt 0.581818 0.000000
vt 0.436364 0.000000
vt 0.072727 0.000000
vt 0.418182 0.000000
vt 0.109091 0.000000
vt 0.127273 0.000000
vt 0.381818 0.000000
vt 0.618182 0.000000
vt 0.145455 0.000000
vt 0.163636 0.000000
vt 0.981818 0.000000
vt 0.345455 0.000000
vt 0.327273 0.000000
vt 0.218182 0.000000
vt 0.309091 0.000000
vt 0.236364 0.000000
vt 0.290909 0.000000
vt 0.254545 0.000000
vt 0.963636 0.000000
vt 0.654545 0.000000
vt 0.945455 0.000000
vt 0.927273 0.000000
vt 0.672727 0.000000
vt 0.690909 0.000000
vt 0.890909 0.000000
vt 0.872727 0.000000
vt 0.709091 0.000000
vt 0.854545 0.000000
vt 0.836364 0.000000
vt 0.745455 0.000000
vt 0.781818 0.000000
vt 0.763636 0.000000
vt 0.007843 0.000000
vt 0.003922 0.000000
vt 0.623529 0.000000
vt 0.011765 0.000000
vt 0.015686 0.000000
vt 0.023529 0.000000
vt 0.027451 0.000000
vt 0.031373 0.000000
vt 0.035294 0.000000
vt 0.619608 0.000000
vt 0.615686 0.000000
vt 0.768627 0.000000
vt 0.772549 0.000000
vt 0.611765 0.000000
vt 0.776471 0.000000
vt 0.760784 0.000000
vt 0.780392 0.000000
vt 0.756863 0.000000
vt 0.752941 0.000000
vt 0.788235 0.000000
vt 0.749020 0.000000
vt 0.043137 0.000000
vt 0.792157 0.000000
vt 0.603922 0.000000
vt 0.796078 0.000000
vt 0.741176 0.000000
vt 0.737255 0.000000
vt 0.596078 0.000000
vt 0.047059 0.000000
vt 0.592157 0.000000
vt 0.733333 0.000000
vt 0.807843 0.000000
vt 0.729412 0.000000
vt 0.050980 0.000000
vt 0.584314 0.000000
vt 0.811765 0.000000
vt 0.580392 0.000000
vt 0.721569 0.000000
vt 0.576471 0.000000
vt 0.054902 0.000000
vt 0.631373 0.000000
vt 0.572549 0.000000
vt 0.717647 0.000000
vt 0.635294 0.000000
vt 0.713726 0.000000
vt 0.062745 0.000000
vt 0.564706 0.000000
vt 0.066667 0.000000
vt 0.639216 0.000000
vt 0.709804 0.000000
vt 0.560784 0.000000
vt 0.070588 0.000000
vt 0.643137 0.000000
vt 0.074510 0.000000
vt 0.556863 0.000000
vt 0.701961 0.000000
vt 0.552941 0.000000
vt 0.082353 0.000000
vt 0.650980 0.000000
vt 0.698039 0.000000
vt 0.086275 0.000000
vt 0.654902 0.000000
vt 0.694118 0.000000
vt 0.090196 0.000000
vt 0.658824 0.000000
vt 0.545098 0.000000
vt 0.690196 0.000000
vt 0.094118 0.000000
vt 0.662745 0.000000
vt 0.541176 0.000000
vt 0.682353 0.000000
vt 0.670588 0.000000
vt 0.678431 0.000000
vt 0.101961 0.000000
vt 0.674510 0.000000
vt 0.537255 0.000000
vt 0.105882 0.000000
vt 0.533333 0.000000
vt 0.109804 0.000000
vt 0.113725 0.000000
vt 0.525490 0.000000
vt 0.121569 0.000000
vt 0.521569 0.000000
vt 0.125490 0.000000
vt 0.129412 0.000000
vt 0.133333 0.000000
vt 0.517647 0.000000
vt 0.141176 0.000000
vt 0.145098 0.000000
vt 0.513726 0.000000
vt 0.149020 0.000000
vt 0.152941 0.000000
vt 0.160784 0.000000
vt 0.505882 0.000000
vt 0.164706 0.000000
vt 0.501961 0.000000
vt 0.168627 0.000000
vt 0.498039 0.000000
vt 0.172549 0.000000
vt 0.494118 0.000000
vt 0.486275 0.000000
vt 0.180392 0.000000
vt 0.482353 0.000000
vt 0.184314 0.000000
vt 0.188235 0.000000
vt 0.478431 0.000000
vt 0.192157 0.000000
vt 0.474510 0.000000
vt 0.466667 0.000000
vt 0.203922 0.000000
vt 0.462745 0.000000
vt 0.207843 0.000000
vt 0.458824 0.000000
vt 0.211765 0.000000
vt 0.454902 0.000000
vt 0.219608 0.000000
vt 0.447059 0.000000
vt 0.223529 0.000000
vt 0.443137 0.000000
vt 0.227451 0.000000
vt 0.439216 0.000000
vt 0.231373 0.000000
vt 0.435294 0.000000
vt 0.239216 0.000000
vt 0.427451 0.000000
vt 0.243137 0.000000
vt 0.423529 0.000000
vt 0.247059 0.000000
vt 0.419608 0.000000
vt 0.250980 0.000000
vt 0.415686 0.000000
vt 0.258824 0.000000
vt 0.262745 0.000000
vt 0.407843 0.000000
vt 0.266667 0.000000
vt 0.403922 0.000000
vt 0.270588 0.000000
vt 0.956863 0.000000
vt 0.952941 0.000000
vt 0.964706 0.000000
vt 0.949020 0.000000
vt 0.968627 0.000000
vt 0.945098 0.000000
vt 0.972549 0.000000
vt 0.976471 0.000000
vt 0.937255 0.000000
vt 0.396078 0.000000
vt 0.933333 0.000000
vt 0.984314 0.000000
vt 0.278431 0.000000
vt 0.929412 0.000000
vt 0.988235 0.000000
vt 0.925490 0.000000
vt 0.282353 0.000000
vt 0.992157 0.000000
vt 0.996078 0.000000
vt 0.388235 0.000000
vt 0.917647 0.000000
vt 0.286275 0.000000
vt 0.913725 0.000000
vt 0.384314 0.000000
vt 0.290196 0.000000
vt 0.909804 0.000000
vt 0.815686 0.000000
vt 0.380392 0.000000
vt 0.905882 0.000000
vt 0.819608 0.000000
vt 0.376471 0.000000
vt 0.898039 0.000000
vt 0.827451 0.000000
vt 0.298039 0.000000
vt 0.894118 0.000000
vt 0.831373 0.000000
vt 0.890196 0.000000
vt 0.835294 0.000000
vt 0.301961 0.000000
vt 0.886275 0.000000
vt 0.839216 0.000000
vt 0.878431 0.000000
vt 0.368627 0.000000
vt 0.847059 0.000000
vt 0.305882 0.000000
vt 0.874510 0.000000
vt 0.850980 0.000000
vt 0.870588 0.000000
vt 0.854902 0.000000
vt 0.866667 0.000000
vt 0.858824 0.000000
vt 0.364706 0.000000
vt 0.309804 0.000000
vt 0.360784 0.000000
vt 0.317647 0.000000
vt 0.356863 0.000000
vt 0.321569 0.000000
vt 0.325490 0.000000
vt 0.349020 0.000000
vt 0.329412 0.000000
vt 0.345098 0.000000
vt 0.341176 0.000000
vt 0.337255 0.000000
vt 0.493506 0.000000
vt 0.519481 0.000000
vt 0.480519 0.000000
vt 0.467532 0.000000
vt 0.441558 0.000000
vt 0.415584 0.000000
vt 0.402597 0.000000
vt 0.389610 0.000000
vt 0.376623 0.000000
vt 0.532468 0.000000
vt 0.558442 0.000000
vt 0.584416 0.000000
vt 0.597403 0.000000
vt 0.350649 0.000000
vt 0.610390 0.000000
vt 0.623377 0.000000
vt 0.337662 0.000000
vt 0.649351 0.000000
vt 0.324675 0.000000
vt 0.662338 0.000000
vt 0.675325 0.000000
vt 0.311688 0.000000
vt 0.688312 0.000000
vt 0.701299 0.000000
vt 0.298701 0.000000
vt 0.740260 0.000000
vt 0.753247 0.000000
vt 0.766234 0.000000
vt 0.259740 0.000000
vt 0.779221 0.000000
vt 0.246753 0.000000
vt 0.792208 0.000000
vt 0.987013 0.000000
vt 0.805195 0.000000
vt 0.974026 0.000000
vt 0.961039 0.000000
vt 0.948052 0.000000
vt 0.935065 0.000000
vt 0.922078 0.000000
vt 0.233766 0.000000
vt 0.831169 0.000000
vt 0.896104 0.000000
vt 0.883117 0.000000
vt 0.844156 0.000000
vt 0.870130 0.000000
vt 0.220779 0.000000
vt 0.207792 0.000000
vt 0.194805 0.000000
vt 0.506494 0.000000
vt 0.012987 0.000000
vt 0.025974 0.000000
vt 0.038961 0.000000
vt 0.051948 0.000000
vt 0.064935 0.000000
vt 0.168831 0.000000
vt 0.077922 0.000000
vt 0.103896 0.000000
vt 0.116883 0.000000
vt 0.155844 0.000000
vt 0.129870 0.000000
vt 0.416667 0.000000
vt 0.383333 0.000000
vt 0.433333 0.000000
vt 0.366667 0.000000
vt 0.450000 0.000000
vt 0.350000 0.000000
vt 0.483333 0.000000
vt 0.316667 0.000000
vt 0.516667 0.000000
vt 0.300000 0.000000
vt 0.283333 0.000000
vt 0.550000 0.000000
vt 0.566667 0.000000
vt 0.583333 0.000000
vt 0.233333 0.000000
vt 0.616667 0.000000
vt 0.633333 0.000000
vt 0.216667 0.000000
vt 0.650000 0.000000
vt 0.683333 0.000000
vt 0.700000 0.000000
vt 0.716667 0.000000
vt 0.183333 0.000000
vt 0.766667 0.000000
vt 0.783333 0.000000
vt 0.816667 0.000000
vt 0.150000 0.000000
vt 0.850000 0.000000
vt 0.883333 0.000000
vt 0.116667 0.000000
vt 0.900000 0.000000
vt 0.100000 0.000000
vt 0.916667 0.000000
vt 0.083333 0.000000
vt 0.950000 0.000000
vt 0.966667 0.000000
vt 0.050000 0.000000
vt 0.983333 0.000000
vt 0.033333 0.000000
vt 0.016667 0.000000
vt 0.225989 0.000000
vt 0.231638 0.000000
vt 0.242938 0.000000
vt 0.248588 0.000000
vt 0.214689 0.000000
vt 0.259887 0.000000
vt 0.209040 0.000000
vt 0.265537 0.000000
vt 0.276836 0.000000
vt 0.197740 0.000000
vt 0.282486 0.000000
vt 0.192090 0.000000
vt 0.293785 0.000000
vt 0.299435 0.000000
vt 0.310734 0.000000
vt 0.316384 0.000000
vt 0.327684 0.000000
vt 0.344633 0.000000
vt 0.350282 0.000000
vt 0.361582 0.000000
vt 0.367232 0.000000
vt 0.180791 0.000000
vt 0.378531 0.000000
vt 0.175141 0.000000
vt 0.384181 0.000000
vt 0.395480 0.000000
vt 0.401130 0.000000
vt 0.412429 0.000000
vt 0.418079 0.000000
vt 0.163842 0.000000
vt 0.429379 0.000000
vt 0.435028 0.000000
vt 0.158192 0.000000
vt 0.446328 0.000000
vt 0.451977 0.000000
vt 0.463277 0.000000
vt 0.468927 0.000000
vt 0.994350 0.000000
vt 0.988701 0.000000
vt 0.480226 0.000000
vt 0.485876 0.000000
vt 0.977401 0.000000
vt 0.971751 0.000000
vt 0.497175 0.000000
vt 0.960452 0.000000
vt 0.502825 0.000000
vt 0.954802 0.000000
vt 0.943503 0.000000
vt 0.937853 0.000000
vt 0.514124 0.000000
vt 0.519774 0.000000
vt 0.926554 0.000000
vt 0.920904 0.000000
vt 0.909605 0.000000
vt 0.802260 0.000000
vt 0.531073 0.000000
vt 0.807910 0.000000
vt 0.903955 0.000000
vt 0.028249 0.000000
vt 0.790960 0.000000
vt 0.022599 0.000000
vt 0.819209 0.000000
vt 0.146893 0.000000
vt 0.039548 0.000000
vt 0.536723 0.000000
vt 0.892655 0.000000
vt 0.141243 0.000000
vt 0.824859 0.000000
vt 0.045198 0.000000
vt 0.887006 0.000000
vt 0.129944 0.000000
vt 0.056497 0.000000
vt 0.836158 0.000000
vt 0.124294 0.000000
vt 0.062147 0.000000
vt 0.841808 0.000000
vt 0.112994 0.000000
vt 0.073446 0.000000
vt 0.875706 0.000000
vt 0.107345 0.000000
vt 0.079096 0.000000
vt 0.853107 0.000000
vt 0.096045 0.000000
vt 0.090395 0.000000
vt 0.870057 0.000000
vt 0.858757 0.000000
vt 0.655367 0.000000
vt 0.548023 0.000000
vt 0.649718 0.000000
vt 0.553672 0.000000
vt 0.785311 0.000000
vt 0.638418 0.000000
vt 0.672316 0.000000
vt 0.632768 0.000000
vt 0.564972 0.000000
vt 0.774011 0.000000
vt 0.683616 0.000000
vt 0.768362 0.000000
vt 0.570621 0.000000
vt 0.621469 0.000000
vt 0.689266 0.000000
vt 0.615819 0.000000
vt 0.757062 0.000000
vt 0.700565 0.000000
vt 0.751412 0.000000
vt 0.604520 0.000000
vt 0.706215 0.000000
vt 0.581921 0.000000
vt 0.740113 0.000000
vt 0.598870 0.000000
vt 0.734463 0.000000
vt 0.717514 0.000000
vt 0.587571 0.000000
vt 0.723164 0.000000
vt 0.005650 0.000000
vt 0.011299 0.000000
s 0
usemtl Material.001
f 2/1/1 48/2/1 1/3/1
f 3/4/1 48/2/1 2/1/1
f 3/4/1 47/5/1 48/2/1
f 4/6/1 47/5/1 3/4/1
f 4/6/1 46/7/1 47/5/1
f 5/8/1 46/7/1 4/6/1
f 5/8/1 45/9/1 46/7/1
f 6/10/1 45/9/1 5/8/1
f 6/10/1 44/11/1 45/9/1
f 7/12/1 44/11/1 6/10/1
f 7/12/1 43/13/1 44/11/1
f 8/14/1 43/13/1 7/12/1
f 8/14/1 42/15/1 43/13/1
f 9/16/1 42/15/1 8/14/1
f 9/16/1 41/17/1 42/15/1
f 10/18/1 41/17/1 9/16/1
f 10/18/1 40/19/1 41/17/1
f 11/20/1 40/19/1 10/18/1
f 11/20/1 39/21/1 40/19/1
f 12/22/1 39/21/1 11/20/1
f 12/22/1 38/23/1 39/21/1
f 13/24/1 38/23/1 12/22/1
f 13/24/1 37/25/1 38/23/1
f 14/26/1 37/25/1 13/24/1
f 14/26/1 36/27/1 37/25/1
f 15/28/1 36/27/1 14/26/1
f 15/28/1 35/29/1 36/27/1
f 16/30/1 35/29/1 15/28/1
f 16/30/1 34/31/1 35/29/1
f 17/32/1 34/31/1 16/30/1
f 17/32/1 33/33/1 34/31/1
f 18/34/1 33/33/1 17/32/1
f 18/34/1 32/35/1 33/33/1
f 19/36/1 32/35/1 18/34/1
f 19/36/1 31/37/1 32/35/1
f 20/38/1 31/37/1 19/36/1
f 20/38/1 30/39/1 31/37/1
f 21/40/1 30/39/1 20/38/1
f 21/40/1 29/41/1 30/39/1
f 22/42/1 29/41/1 21/40/1
f 22/42/1 28/43/1 29/41/1
f 23/44/1 28/43/1 22/42/1
f 23/44/1 27/45/1 28/43/1
f 24/46/1 27/45/1 23/44/1
f 24/46/1 26/47/1 27/45/1
f 25/48/1 26/47/1 24/46/1
f 87/49/1 85/50/1 86/51/1
f 88/52/1 85/50/1 87/49/1
f 88/52/1 84/53/1 85/50/1
f 89/54/1 84/53/1 88/52/1
f 90/55/1 84/53/1 89/54/1
f 90/55/1 83/56/1 84/53/1
f 91/57/1 83/56/1 90/55/1
f 91/57/1 82/58/1 83/56/1
f 92/59/1 82/58/1 91/57/1
f 93/60/1 82/58/1 92/59/1
f 93/60/1 81/61/1 82/58/1
f 94/62/1 81/61/1 93/60/1
f 94/62/1 80/63/1 81/61/1
f 95/64/1 80/63/1 94/62/1
f 96/65/1 80/63/1 95/64/1
f 96/65/1 79/66/1 80/63/1
f 97/67/1 79/66/1 96/65/1
f 97/67/1 78/68/1 79/66/1
f 98/69/1 78/68/1 97/67/1
f 99/70/1 100/71/1 98/69/1
f 100/71/1 101/72/1 98/69/1
f 101/72/1 102/73/1 98/69/1
f 102/73/1 103/74/1 98/69/1
f 103/74/1 104/75/1 98/69/1
f 104/75/1 105/76/1 98/69/1
f 105/76/1 106/77/1 98/69/1
f 106/77/1 107/78/1 98/69/1
f 107/78/1 108/79/1 98/69/1
f 108/79/1 109/80/1 98/69/1
f 109/80/1 78/68/1 98/69/1
f 109/80/1 110/81/1 78/68/1
f 110/81/1 111/82/1 78/68/1
f 111/82/1 77/83/1 78/68/1
f 111/82/1 112/84/1 77/83/1
f 112/84/1 76/85/1 77/83/1
f 113/86/1 76/85/1 112/84/1
f 114/87/1 76/85/1 113/86/1
f 115/88/1 76/85/1 114/87/1
f 116/89/1 76/85/1 115/88/1
f 117/90/1 76/85/1 116/89/1
f 117/90/1 75/91/1 76/85/1
f 118/92/1 75/91/1 117/90/1
f 119/93/1 75/91/1 118/92/1
f 120/94/1 75/91/1 119/93/1
f 120/94/1 74/95/1 75/91/1
f 121/96/1 74/95/1 120/94/1
f 122/97/1 74/95/1 121/96/1
f 122/97/1 73/98/1 74/95/1
f 123/99/1 73/98/1 122/97/1
f 124/100/1 73/98/1 123/99/1
f 125/101/1 222/2/1 124/100/1
f 222/2/1 73/98/1 124/100/1
f 126/102/1 222/2/1 125/101/1
f 127/103/1 222/2/1 126/102/1
f 128/104/1 222/2/1 127/103/1
f 129/105/1 222/2/1 128/104/1
f 129/105/1 221/106/1 222/2/1
f 186/107/1 73/98/1 222/2/1
f 129/105/1 220/108/1 221/106/1
f 130/109/1 220/108/1 129/105/1
f 130/109/1 219/110/1 220/108/1
f 131/111/1 219/110/1 130/109/1
f 131/111/1 218/112/1 219/110/1
f 132/113/1 218/112/1 131/111/1
f 132/113/1 217/114/1 218/112/1
f 132/113/1 216/115/1 217/114/1
f 133/116/1 216/115/1 132/113/1
f 133/116/1 215/117/1 216/115/1
f 134/118/1 215/117/1 133/116/1
f 134/118/1 214/119/1 215/117/1
f 134/118/1 213/120/1 214/119/1
f 135/121/1 213/120/1 134/118/1
f 135/121/1 212/122/1 213/120/1
f 135/121/1 211/123/1 212/122/1
f 136/124/1 211/123/1 135/121/1
f 136/124/1 210/125/1 211/123/1
f 137/126/1 210/125/1 136/124/1
f 137/126/1 209/127/1 210/125/1
f 137/126/1 208/128/1 209/127/1
f 138/129/1 208/128/1 137/126/1
f 138/129/1 207/130/1 208/128/1
f 138/129/1 206/131/1 207/130/1
f 187/132/1 73/98/1 186/107/1
f 139/133/1 206/131/1 138/129/1
f 188/134/1 73/98/1 187/132/1
f 139/133/1 205/135/1 206/131/1
f 189/136/1 73/98/1 188/134/1
f 50/137/1 185/138/1 49/3/1
f 189/136/1 72/139/1 73/98/1
f 139/133/1 204/140/1 205/135/1
f 51/141/1 185/138/1 50/137/1
f 190/142/1 72/139/1 189/136/1
f 190/142/1 71/143/1 72/139/1
f 52/144/1 185/138/1 51/141/1
f 140/145/1 204/140/1 139/133/1
f 140/145/1 203/146/1 204/140/1
f 190/142/1 70/147/1 71/143/1
f 191/148/1 70/147/1 190/142/1
f 53/149/1 185/138/1 52/144/1
f 191/148/1 69/150/1 70/147/1
f 192/151/1 69/150/1 191/148/1
f 54/152/1 185/138/1 53/149/1
f 140/145/1 202/153/1 203/146/1
f 192/151/1 68/154/1 69/150/1
f 55/155/1 185/138/1 54/152/1
f 193/156/1 68/154/1 192/151/1
f 193/156/1 67/157/1 68/154/1
f 56/158/1 185/138/1 55/155/1
f 140/145/1 201/159/1 202/153/1
f 193/156/1 66/160/1 67/157/1
f 194/161/1 66/160/1 193/156/1
f 57/162/1 185/138/1 56/158/1
f 194/161/1 65/163/1 66/160/1
f 141/164/1 201/159/1 140/145/1
f 58/165/1 185/138/1 57/162/1
f 141/164/1 200/166/1 201/159/1
f 195/167/1 65/163/1 194/161/1
f 195/167/1 64/168/1 65/163/1
f 59/169/1 185/138/1 58/165/1
f 195/167/1 63/170/1 64/168/1
f 60/171/1 185/138/1 59/169/1
f 196/172/1 63/170/1 195/167/1
f 196/172/1 62/173/1 63/170/1
f 61/174/1 185/138/1 60/171/1
f 196/172/1 61/174/1 62/173/1
f 141/164/1 199/175/1 200/166/1
f 196/172/1 185/138/1 61/174/1
f 197/176/1 185/138/1 196/172/1
f 141/164/1 198/177/1 199/175/1
f 198/177/1 185/138/1 197/176/1
f 141/164/1 161/178/1 198/177/1
f 161/178/1 185/138/1 198/177/1
f 142/179/1 161/178/1 141/164/1
f 142/179/1 160/180/1 161/178/1
f 162/181/1 185/138/1 161/178/1
f 143/182/1 160/180/1 142/179/1
f 143/182/1 159/183/1 160/180/1
f 163/184/1 185/138/1 162/181/1
f 163/184/1 184/185/1 185/138/1
f 144/186/1 159/183/1 143/182/1
f 144/186/1 158/187/1 159/183/1
f 164/188/1 184/185/1 163/184/1
f 164/188/1 183/189/1 184/185/1
f 144/186/1 157/190/1 158/187/1
f 165/191/1 183/189/1 164/188/1
f 145/192/1 157/190/1 144/186/1
f 165/191/1 182/193/1 183/189/1
f 145/192/1 156/194/1 157/190/1
f 166/195/1 182/193/1 165/191/1
f 166/195/1 181/196/1 182/193/1
f 146/197/1 156/194/1 145/192/1
f 146/197/1 155/198/1 156/194/1
f 167/199/1 181/196/1 166/195/1
f 167/199/1 180/200/1 181/196/1
f 146/197/1 154/201/1 155/198/1
f 168/202/1 180/200/1 167/199/1
f 168/202/1 179/203/1 180/200/1
f 147/204/1 154/201/1 146/197/1
f 147/204/1 153/205/1 154/201/1
f 169/206/1 179/203/1 168/202/1
f 169/206/1 178/207/1 179/203/1
f 147/204/1 152/208/1 153/205/1
f 169/206/1 177/209/1 178/207/1
f 170/210/1 177/209/1 169/206/1
f 148/211/1 152/208/1 147/204/1
f 170/210/1 176/212/1 177/209/1
f 148/211/1 151/213/1 152/208/1
f 171/214/1 176/212/1 170/210/1
f 171/214/1 175/215/1 176/212/1
f 148/211/1 150/216/1 151/213/1
f 172/217/1 175/215/1 171/214/1
f 149/218/1 150/216/1 148/211/1
f 172/217/1 174/219/1 175/215/1
f 173/220/1 174/219/1 172/217/1
f 264/221/1 262/222/1 263/223/1
f 264/221/1 261/224/1 262/222/1
f 265/225/1 261/224/1 264/221/1
f 265/225/1 260/226/1 261/224/1
f 266/227/1 260/226/1 265/225/1
f 266/227/1 259/228/1 260/226/1
f 266/227/1 258/229/1 259/228/1
f 267/230/1 258/229/1 266/227/1
f 267/230/1 257/231/1 258/229/1
f 224/232/1 277/2/1 223/3/1
f 224/232/1 276/233/1 277/2/1
f 268/234/1 257/231/1 267/230/1
f 268/234/1 256/235/1 257/231/1
f 268/234/1 255/236/1 256/235/1
f 269/237/1 255/236/1 268/234/1
f 269/237/1 254/238/1 255/236/1
f 270/239/1 254/238/1 269/237/1
f 270/239/1 253/240/1 254/238/1
f 270/239/1 252/241/1 253/240/1
f 271/242/1 252/241/1 270/239/1
f 271/242/1 251/243/1 252/241/1
f 272/244/1 251/243/1 271/242/1
f 272/244/1 241/245/1 251/243/1
f 241/245/1 242/246/1 251/243/1
f 242/246/1 243/247/1 251/243/1
f 243/247/1 244/248/1 251/243/1
f 244/248/1 245/249/1 251/243/1
f 245/249/1 246/250/1 251/243/1
f 246/250/1 247/251/1 251/243/1
f 247/251/1 248/252/1 251/243/1
f 248/252/1 249/253/1 251/243/1
f 249/253/1 250/254/1 251/243/1
f 273/255/1 239/256/1 272/244/1
f 239/256/1 240/257/1 272/244/1
f 240/257/1 241/245/1 272/244/1
f 274/258/1 237/259/1 273/255/1
f 237/259/1 238/260/1 273/255/1
f 238/260/1 239/256/1 273/255/1
f 274/258/1 236/261/1 237/259/1
f 274/258/1 235/262/1 236/261/1
f 275/263/1 235/262/1 274/258/1
f 275/263/1 234/264/1 235/262/1
f 275/263/1 233/265/1 234/264/1
f 224/232/1 275/263/1 276/233/1
f 224/232/1 229/266/1 275/263/1
f 229/266/1 230/267/1 275/263/1
f 230/267/1 231/268/1 275/263/1
f 231/268/1 232/269/1 275/263/1
f 232/269/1 233/265/1 275/263/1
f 224/232/1 228/270/1 229/266/1
f 224/232/1 227/271/1 228/270/1
f 224/232/1 226/272/1 227/271/1
f 224/232/1 225/273/1 226/272/1
f 316/274/1 314/275/1 315/276/1
f 316/274/1 313/277/1 314/275/1
f 317/278/1 313/277/1 316/274/1
f 317/278/1 312/279/1 313/277/1
f 318/280/1 312/279/1 317/278/1
f 318/280/1 311/281/1 312/279/1
f 319/282/1 311/281/1 318/280/1
f 319/282/1 310/283/1 311/281/1
f 320/284/1 310/283/1 319/282/1
f 320/284/1 309/285/1 310/283/1
f 321/286/1 309/285/1 320/284/1
f 321/286/1 308/287/1 309/285/1
f 322/288/1 364/289/1 321/286/1
f 364/289/1 308/287/1 321/286/1
f 322/288/1 363/290/1 364/289/1
f 365/291/1 308/287/1 364/289/1
f 322/288/1 362/292/1 363/290/1
f 366/293/1 308/287/1 365/291/1
f 322/288/1 361/294/1 362/292/1
f 367/295/1 308/287/1 366/293/1
f 367/295/1 307/296/1 308/287/1
f 322/288/1 360/297/1 361/294/1
f 323/298/1 360/297/1 322/288/1
f 368/299/1 307/296/1 367/295/1
f 323/298/1 359/300/1 360/297/1
f 369/301/1 307/296/1 368/299/1
f 323/298/1 358/302/1 359/300/1
f 370/303/1 307/296/1 369/301/1
f 323/298/1 357/304/1 358/302/1
f 371/305/1 307/296/1 370/303/1
f 324/306/1 357/304/1 323/298/1
f 371/305/1 306/307/1 307/296/1
f 324/306/1 356/308/1 357/304/1
f 372/309/1 306/307/1 371/305/1
f 324/306/1 355/310/1 356/308/1
f 373/311/1 306/307/1 372/309/1
f 325/312/1 355/310/1 324/306/1
f 373/311/1 305/313/1 306/307/1
f 325/312/1 354/314/1 355/310/1
f 374/315/1 305/313/1 373/311/1
f 325/312/1 353/316/1 354/314/1
f 375/317/1 305/313/1 374/315/1
f 326/318/1 353/316/1 325/312/1
f 326/318/1 352/319/1 353/316/1
f 375/317/1 304/320/1 305/313/1
f 376/2/1 304/320/1 375/317/1
f 326/318/1 376/2/1 352/319/1
f 326/318/1 304/320/1 376/2/1
f 327/254/1 304/320/1 326/318/1
f 327/254/1 303/321/1 304/320/1
f 328/322/1 302/323/1 327/254/1
f 302/323/1 303/321/1 327/254/1
f 328/322/1 301/324/1 302/323/1
f 329/325/1 301/324/1 328/322/1
f 329/325/1 300/326/1 301/324/1
f 329/325/1 299/327/1 300/326/1
f 330/328/1 299/327/1 329/325/1
f 330/328/1 298/329/1 299/327/1
f 331/330/1 298/329/1 330/328/1
f 331/330/1 297/331/1 298/329/1
f 279/332/1 351/333/1 278/3/1
f 331/330/1 296/334/1 297/331/1
f 280/335/1 351/333/1 279/332/1
f 281/336/1 351/333/1 280/335/1
f 332/337/1 296/334/1 331/330/1
f 332/337/1 295/338/1 296/334/1
f 282/339/1 351/333/1 281/336/1
f 283/340/1 351/333/1 282/339/1
f 332/337/1 294/341/1 295/338/1
f 284/342/1 351/333/1 283/340/1
f 332/337/1 293/343/1 294/341/1
f 285/344/1 351/333/1 284/342/1
f 333/345/1 293/343/1 332/337/1
f 286/346/1 351/333/1 285/344/1
f 333/345/1 292/347/1 293/343/1
f 287/348/1 351/333/1 286/346/1
f 333/345/1 291/349/1 292/347/1
f 288/350/1 351/333/1 287/348/1
f 289/351/1 351/333/1 288/350/1
f 333/345/1 290/352/1 291/349/1
f 290/352/1 351/333/1 289/351/1
f 333/345/1 351/333/1 290/352/1
f 334/353/1 351/333/1 333/345/1
f 334/353/1 350/354/1 351/333/1
f 335/355/1 350/354/1 334/353/1
f 335/355/1 349/356/1 350/354/1
f 335/355/1 348/357/1 349/356/1
f 336/358/1 348/357/1 335/355/1
f 336/358/1 347/359/1 348/357/1
f 336/358/1 346/360/1 347/359/1
f 337/361/1 346/360/1 336/358/1
f 337/361/1 345/362/1 346/360/1
f 337/361/1 344/363/1 345/362/1
f 338/364/1 344/363/1 337/361/1
f 338/364/1 343/365/1 344/363/1
f 338/364/1 342/366/1 343/365/1
f 338/364/1 341/367/1 342/366/1
f 339/368/1 341/367/1 338/364/1
f 339/368/1 340/369/1 341/367/1
f 382/370/1 380/371/1 381/372/1
f 382/370/1 379/373/1 380/371/1
f 383/374/1 379/373/1 382/370/1
f 383/374/1 378/375/1 379/373/1
f 384/376/1 378/375/1 383/374/1
f 384/376/1 377/3/1 378/375/1
f 385/377/1 377/3/1 384/376/1
f 385/377/1 436/2/1 377/3/1
f 386/378/1 436/2/1 385/377/1
f 387/379/1 436/2/1 386/378/1
f 388/380/1 436/2/1 387/379/1
f 389/381/1 433/382/1 388/380/1
f 433/382/1 434/383/1 388/380/1
f 434/383/1 435/384/1 388/380/1
f 435/384/1 436/2/1 388/380/1
f 390/385/1 431/386/1 389/381/1
f 431/386/1 432/387/1 389/381/1
f 432/387/1 433/382/1 389/381/1
f 391/388/1 429/389/1 390/385/1
f 429/389/1 430/390/1 390/385/1
f 430/390/1 431/386/1 390/385/1
f 392/391/1 428/392/1 391/388/1
f 428/392/1 429/389/1 391/388/1
f 393/393/1 425/394/1 392/391/1
f 425/394/1 426/395/1 392/391/1
f 426/395/1 427/396/1 392/391/1
f 427/396/1 428/392/1 392/391/1
f 394/397/1 424/398/1 393/393/1
f 424/398/1 425/394/1 393/393/1
f 394/397/1 423/399/1 424/398/1
f 394/397/1 422/400/1 423/399/1
f 394/397/1 421/401/1 422/400/1
f 395/402/1 421/401/1 394/397/1
f 395/402/1 420/403/1 421/401/1
f 395/402/1 419/404/1 420/403/1
f 396/405/1 419/404/1 395/402/1
f 396/405/1 418/406/1 419/404/1
f 396/405/1 417/407/1 418/406/1
f 397/408/1 417/407/1 396/405/1
f 397/408/1 416/409/1 417/407/1
f 398/410/1 416/409/1 397/408/1
f 398/410/1 415/411/1 416/409/1
f 399/412/1 415/411/1 398/410/1
f 399/412/1 414/413/1 415/411/1
f 399/412/1 413/414/1 414/413/1
f 400/415/1 413/414/1 399/412/1
f 400/415/1 412/416/1 413/414/1
f 401/417/1 412/416/1 400/415/1
f 401/417/1 411/418/1 412/416/1
f 402/419/1 411/418/1 401/417/1
f 404/420/1 402/419/1 403/421/1
f 404/420/1 411/418/1 402/419/1
f 404/420/1 410/422/1 411/418/1
f 404/420/1 409/423/1 410/422/1
f 405/424/1 409/423/1 404/420/1
f 406/425/1 408/426/1 405/424/1
f 408/426/1 409/423/1 405/424/1
f 406/425/1 407/427/1 408/426/1
f 450/428/1 448/429/1 449/430/1
f 450/428/1 447/431/1 448/429/1
f 451/432/1 447/431/1 450/428/1
f 451/432/1 446/433/1 447/431/1
f 451/432/1 445/434/1 446/433/1
f 452/435/1 445/434/1 451/432/1
f 452/435/1 444/436/1 445/434/1
f 452/435/1 443/437/1 444/436/1
f 453/438/1 443/437/1 452/435/1
f 453/438/1 442/439/1 443/437/1
f 453/438/1 441/440/1 442/439/1
f 454/441/1 441/440/1 453/438/1
f 454/441/1 440/442/1 441/440/1
f 454/441/1 439/443/1 440/442/1
f 455/444/1 439/443/1 454/441/1
f 455/444/1 438/445/1 439/443/1
f 455/444/1 437/3/1 438/445/1
f 456/347/1 437/3/1 455/444/1
f 456/347/1 562/446/1 437/3/1
f 562/446/1 563/447/1 437/3/1
f 563/447/1 564/448/1 437/3/1
f 564/448/1 565/449/1 437/3/1
f 565/449/1 566/450/1 437/3/1
f 566/450/1 567/451/1 437/3/1
f 567/451/1 568/452/1 437/3/1
f 568/452/1 569/453/1 437/3/1
f 569/453/1 570/2/1 437/3/1
f 457/454/1 560/455/1 456/347/1
f 560/455/1 561/456/1 456/347/1
f 561/456/1 562/446/1 456/347/1
f 458/457/1 559/458/1 457/454/1
f 559/458/1 560/455/1 457/454/1
f 459/459/1 557/460/1 458/457/1
f 557/460/1 558/461/1 458/457/1
f 558/461/1 559/458/1 458/457/1
f 459/459/1 556/462/1 557/460/1
f 459/459/1 555/463/1 556/462/1
f 459/459/1 554/464/1 555/463/1
f 459/459/1 553/465/1 554/464/1
f 459/459/1 552/466/1 553/465/1
f 460/467/1 552/466/1 459/459/1
f 460/467/1 551/292/1 552/466/1
f 460/467/1 550/468/1 551/292/1
f 460/467/1 549/469/1 550/468/1
f 460/467/1 548/470/1 549/469/1
f 461/471/1 548/470/1 460/467/1
f 461/471/1 547/472/1 548/470/1
f 461/471/1 546/473/1 547/472/1
f 461/471/1 545/474/1 546/473/1
f 462/475/1 545/474/1 461/471/1
f 462/475/1 544/476/1 545/474/1
f 462/475/1 543/477/1 544/476/1
f 462/475/1 542/478/1 543/477/1
f 462/475/1 541/479/1 542/478/1
f 462/475/1 540/480/1 541/479/1
f 463/481/1 540/480/1 462/475/1
f 463/481/1 539/482/1 540/480/1
f 463/481/1 538/483/1 539/482/1
f 463/481/1 537/484/1 538/483/1
f 464/485/1 537/484/1 463/481/1
f 464/485/1 536/486/1 537/484/1
f 464/485/1 535/487/1 536/486/1
f 464/485/1 534/488/1 535/487/1
f 465/489/1 534/488/1 464/485/1
f 465/489/1 533/490/1 534/488/1
f 466/491/1 533/490/1 465/489/1
f 466/491/1 532/357/1 533/490/1
f 466/491/1 531/492/1 532/357/1
f 467/493/1 531/492/1 466/491/1
f 467/493/1 530/494/1 531/492/1
f 468/495/1 530/494/1 467/493/1
f 468/495/1 529/496/1 530/494/1
f 468/495/1 528/497/1 529/496/1
f 469/498/1 528/497/1 468/495/1
f 469/498/1 527/499/1 528/497/1
f 470/500/1 527/499/1 469/498/1
f 470/500/1 526/501/1 527/499/1
f 470/500/1 525/502/1 526/501/1
f 471/503/1 525/502/1 470/500/1
f 471/503/1 524/504/1 525/502/1
f 472/505/1 524/504/1 471/503/1
f 472/505/1 523/506/1 524/504/1
f 473/507/1 523/506/1 472/505/1
f 473/507/1 522/508/1 523/506/1
f 498/509/1 496/510/1 497/511/1
f 473/507/1 521/512/1 522/508/1
f 474/513/1 521/512/1 473/507/1
f 498/509/1 495/514/1 496/510/1
f 475/307/1 521/512/1 474/513/1
f 498/509/1 494/284/1 495/514/1
f 476/515/1 521/512/1 475/307/1
f 476/515/1 520/516/1 521/512/1
f 498/509/1 493/517/1 494/284/1
f 477/518/1 520/516/1 476/515/1
f 498/509/1 492/519/1 493/517/1
f 478/520/1 520/516/1 477/518/1
f 498/509/1 491/521/1 492/519/1
f 479/522/1 520/516/1 478/520/1
f 479/522/1 519/523/1 520/516/1
f 498/509/1 490/524/1 491/521/1
f 480/525/1 519/523/1 479/522/1
f 481/526/1 519/523/1 480/525/1
f 498/509/1 489/527/1 490/524/1
f 482/528/1 519/523/1 481/526/1
f 498/509/1 488/529/1 489/527/1
f 483/530/1 519/523/1 482/528/1
f 498/509/1 487/531/1 488/529/1
f 484/532/1 519/523/1 483/530/1
f 498/509/1 486/533/1 487/531/1
f 485/534/1 519/523/1 484/532/1
f 498/509/1 485/534/1 486/533/1
f 485/534/1 518/535/1 519/523/1
f 498/509/1 518/535/1 485/534/1
f 498/509/1 517/536/1 518/535/1
f 498/509/1 516/537/1 517/536/1
f 499/538/1 516/537/1 498/509/1
f 499/538/1 515/539/1 516/537/1
f 500/540/1 515/539/1 499/538/1
f 501/541/1 515/539/1 500/540/1
f 501/541/1 514/542/1 515/539/1
f 502/543/1 514/542/1 501/541/1
f 503/544/1 514/542/1 502/543/1
f 503/544/1 513/353/1 514/542/1
f 504/545/1 513/353/1 503/544/1
f 504/545/1 512/546/1 513/353/1
f 505/547/1 512/546/1 504/545/1
f 506/548/1 512/546/1 505/547/1
f 506/548/1 511/549/1 512/546/1
f 507/550/1 511/549/1 506/548/1
f 508/551/1 511/549/1 507/550/1
f 508/551/1 510/552/1 511/549/1
f 509/553/1 510/552/1 508/551/1
f 576/554/1 622/555/1 575/556/1
f 576/554/1 621/557/1 622/555/1
f 577/558/1 621/557/1 576/554/1
f 577/558/1 620/559/1 621/557/1
f 578/560/1 620/559/1 577/558/1
f 578/560/1 619/561/1 620/559/1
f 579/562/1 619/561/1 578/560/1
f 579/562/1 618/563/1 619/561/1
f 580/564/1 618/563/1 579/562/1
f 580/564/1 617/565/1 618/563/1
f 581/566/1 617/565/1 580/564/1
f 581/566/1 616/567/1 617/565/1
f 582/266/1 623/568/1 581/566/1
f 623/568/1 616/567/1 581/566/1
f 582/266/1 670/2/1 623/568/1
f 624/569/1 616/567/1 623/568/1
f 582/266/1 669/570/1 670/2/1
f 625/571/1 616/567/1 624/569/1
f 582/266/1 668/572/1 669/570/1
f 626/240/1 616/567/1 625/571/1
f 626/240/1 615/251/1 616/567/1
f 583/573/1 668/572/1 582/266/1
f 583/573/1 667/574/1 668/572/1
f 627/575/1 615/251/1 626/240/1
f 583/573/1 666/576/1 667/574/1
f 628/577/1 615/251/1 627/575/1
f 583/573/1 665/578/1 666/576/1
f 629/579/1 615/251/1 628/577/1
f 629/579/1 614/580/1 615/251/1
f 584/581/1 665/578/1 583/573/1
f 584/581/1 664/582/1 665/578/1
f 630/583/1 614/580/1 629/579/1
f 584/581/1 663/584/1 664/582/1
f 631/585/1 614/580/1 630/583/1
f 631/585/1 613/586/1 614/580/1
f 585/587/1 663/584/1 584/581/1
f 585/587/1 662/588/1 663/584/1
f 632/589/1 613/586/1 631/585/1
f 632/589/1 612/590/1 613/586/1
f 586/591/1 662/588/1 585/587/1
f 586/591/1 661/592/1 662/588/1
f 633/593/1 612/590/1 632/589/1
f 586/591/1 660/594/1 661/592/1
f 634/595/1 612/590/1 633/593/1
f 634/595/1 611/596/1 612/590/1
f 587/597/1 660/594/1 586/591/1
f 587/597/1 659/242/1 660/594/1
f 635/598/1 611/596/1 634/595/1
f 588/599/1 659/242/1 587/597/1
f 588/599/1 658/600/1 659/242/1
f 635/598/1 610/601/1 611/596/1
f 636/602/1 610/601/1 635/598/1
f 588/599/1 657/603/1 658/600/1
f 637/228/1 610/601/1 636/602/1
f 589/604/1 657/603/1 588/599/1
f 637/228/1 609/605/1 610/601/1
f 589/604/1 656/606/1 657/603/1
f 638/607/1 609/605/1 637/228/1
f 589/604/1 655/608/1 656/606/1
f 590/609/1 655/608/1 589/604/1
f 639/610/1 609/605/1 638/607/1
f 639/610/1 608/611/1 609/605/1
f 590/609/1 654/612/1 655/608/1
f 640/613/1 608/611/1 639/610/1
f 591/614/1 654/612/1 590/609/1
f 640/613/1 607/615/1 608/611/1
f 591/614/1 653/616/1 654/612/1
f 641/617/1 607/615/1 640/613/1
f 591/614/1 652/618/1 653/616/1
f 642/619/1 607/615/1 641/617/1
f 592/620/1 652/618/1 591/614/1
f 642/619/1 606/621/1 607/615/1
f 592/620/1 651/622/1 652/618/1
f 643/623/1 606/621/1 642/619/1
f 592/620/1 650/624/1 651/622/1
f 644/625/1 606/621/1 643/623/1
f 592/620/1 649/626/1 650/624/1
f 645/627/1 606/621/1 644/625/1
f 593/262/1 649/626/1 592/620/1
f 645/627/1 605/628/1 606/621/1
f 593/262/1 648/225/1 649/626/1
f 646/629/1 605/628/1 645/627/1
f 593/262/1 647/630/1 648/225/1
f 647/630/1 605/628/1 646/629/1
f 593/262/1 605/628/1 647/630/1
f 594/631/1 605/628/1 593/262/1
f 594/631/1 604/245/1 605/628/1
f 595/632/1 604/245/1 594/631/1
f 595/632/1 603/633/1 604/245/1
f 596/634/1 603/633/1 595/632/1
f 596/634/1 602/635/1 603/633/1
f 597/636/1 602/635/1 596/634/1
f 597/636/1 601/637/1 602/635/1
f 598/638/1 601/637/1 597/636/1
f 598/638/1 600/639/1 601/637/1
f 599/640/1 600/639/1 598/638/1
f 572/641/1 574/642/1 571/3/1
f 572/641/1 573/643/1 574/642/1
f 765/644/1 763/645/1 764/646/1
f 741/647/1 739/648/1 740/649/1
f 766/650/1 763/645/1 765/644/1
f 766/650/1 762/651/1 763/645/1
f 742/652/1 739/648/1 741/647/1
f 742/652/1 738/653/1 739/648/1
f 767/654/1 762/651/1 766/650/1
f 767/654/1 761/655/1 762/651/1
f 743/656/1 738/653/1 742/652/1
f 768/657/1 761/655/1 767/654/1
f 768/657/1 760/658/1 761/655/1
f 743/656/1 737/659/1 738/653/1
f 744/660/1 737/659/1 743/656/1
f 769/661/1 760/658/1 768/657/1
f 672/662/1 777/2/1 671/3/1
f 672/662/1 776/663/1 777/2/1
f 769/661/1 759/664/1 760/658/1
f 745/665/1 737/659/1 744/660/1
f 770/666/1 759/664/1 769/661/1
f 745/665/1 736/667/1 737/659/1
f 770/666/1 758/668/1 759/664/1
f 771/669/1 758/668/1 770/666/1
f 746/670/1 736/667/1 745/665/1
f 771/669/1 757/671/1 758/668/1
f 746/670/1 735/672/1 736/667/1
f 772/673/1 757/671/1 771/669/1
f 747/674/1 735/672/1 746/670/1
f 772/673/1 756/675/1 757/671/1
f 773/676/1 756/675/1 772/673/1
f 748/677/1 735/672/1 747/674/1
f 748/677/1 734/678/1 735/672/1
f 773/676/1 755/679/1 756/675/1
f 774/680/1 755/679/1 773/676/1
f 749/681/1 734/678/1 748/677/1
f 774/680/1 754/682/1 755/679/1
f 775/683/1 754/682/1 774/680/1
f 749/681/1 733/684/1 734/678/1
f 750/685/1 733/684/1 749/681/1
f 775/683/1 753/686/1 754/682/1
f 776/663/1 753/686/1 775/683/1
f 751/687/1 733/684/1 750/685/1
f 751/687/1 713/688/1 733/684/1
f 713/688/1 732/689/1 733/684/1
f 672/662/1 674/690/1 776/663/1
f 674/690/1 675/691/1 776/663/1
f 675/691/1 676/692/1 776/663/1
f 676/692/1 677/693/1 776/663/1
f 677/693/1 678/694/1 776/663/1
f 678/694/1 679/695/1 776/663/1
f 679/695/1 680/696/1 776/663/1
f 680/696/1 681/697/1 776/663/1
f 681/697/1 682/698/1 776/663/1
f 682/698/1 683/699/1 776/663/1
f 683/699/1 684/700/1 776/663/1
f 684/700/1 685/701/1 776/663/1
f 685/701/1 753/686/1 776/663/1
f 685/701/1 686/702/1 753/686/1
f 686/702/1 752/703/1 753/686/1
f 752/703/1 712/704/1 751/687/1
f 712/704/1 713/688/1 751/687/1
f 687/705/1 752/703/1 686/702/1
f 714/706/1 732/689/1 713/688/1
f 752/703/1 711/707/1 712/704/1
f 688/708/1 752/703/1 687/705/1
f 715/709/1 732/689/1 714/706/1
f 752/703/1 710/710/1 711/707/1
f 689/711/1 752/703/1 688/708/1
f 716/712/1 732/689/1 715/709/1
f 752/703/1 709/713/1 710/710/1
f 690/714/1 752/703/1 689/711/1
f 690/714/1 709/713/1 752/703/1
f 717/715/1 732/689/1 716/712/1
f 690/714/1 708/716/1 709/713/1
f 717/715/1 731/717/1 732/689/1
f 691/718/1 708/716/1 690/714/1
f 691/718/1 707/719/1 708/716/1
f 718/720/1 731/717/1 717/715/1
f 691/718/1 706/721/1 707/719/1
f 692/722/1 706/721/1 691/718/1
f 719/723/1 731/717/1 718/720/1
f 692/722/1 705/724/1 706/721/1
f 693/725/1 705/724/1 692/722/1
f 720/726/1 731/717/1 719/723/1
f 693/725/1 704/727/1 705/724/1
f 720/726/1 730/728/1 731/717/1
f 694/729/1 704/727/1 693/725/1
f 694/729/1 703/730/1 704/727/1
f 721/731/1 730/728/1 720/726/1
f 694/729/1 702/732/1 703/730/1
f 695/733/1 702/732/1 694/729/1
f 722/734/1 730/728/1 721/731/1
f 695/733/1 701/735/1 702/732/1
f 722/734/1 729/736/1 730/728/1
f 696/737/1 701/735/1 695/733/1
f 672/662/1 673/738/1 674/690/1
f 696/737/1 700/739/1 701/735/1
f 723/740/1 729/736/1 722/734/1
f 697/741/1 700/739/1 696/737/1
f 724/254/1 729/736/1 723/740/1
f 724/254/1 728/742/1 729/736/1
f 698/743/1 700/739/1 697/741/1
f 725/744/1 728/742/1 724/254/1
f 725/744/1 727/745/1 728/742/1
f 699/746/1 700/739/1 698/743/1
f 726/747/1 727/745/1 725/744/1
f 779/748/1 835/2/1 778/3/1
f 779/748/1 834/749/1 835/2/1
f 779/748/1 833/750/1 834/749/1
f 780/751/1 833/750/1 779/748/1
f 781/436/1 833/750/1 780/751/1
f 782/752/1 832/447/1 781/436/1
f 832/447/2 833/750/2 781/436/2
f 782/752/1 831/753/1 832/447/1
f 782/752/1 830/754/1 831/753/1
f 783/755/1 830/754/1 782/752/1
f 783/755/1 829/462/1 830/754/1
f 783/755/1 828/756/1 829/462/1
f 784/432/1 828/756/1 783/755/1
f 784/432/1 827/757/1 828/756/1
f 808/550/1 806/758/1 807/759/1
f 809/760/1 806/758/1 808/550/1
f 784/432/1 826/469/1 827/757/1
f 810/761/1 806/758/1 809/760/1
f 785/762/1 826/469/1 784/432/1
f 785/762/1 825/763/1 826/469/1
f 811/542/1 806/758/1 810/761/1
f 812/764/1 806/758/1 811/542/1
f 785/762/1 824/765/1 825/763/1
f 813/766/1 806/758/1 812/764/1
f 785/762/1 823/478/1 824/765/1
f 814/512/1 806/758/1 813/766/1
f 785/762/1 822/767/1 823/478/1
f 815/768/1 806/758/1 814/512/1
f 786/769/1 822/767/1 785/762/1
f 816/228/1 806/758/1 815/768/1
f 786/769/1 821/770/1 822/767/1
f 817/497/1 806/758/1 816/228/1
f 786/769/1 820/487/1 821/770/1
f 818/771/1 806/758/1 817/497/1
f 786/769/1 819/772/1 820/487/1
f 819/772/1 806/758/1 818/771/1
f 786/769/1 806/758/1 819/772/1
f 787/457/1 806/758/1 786/769/1
f 788/773/1 806/758/1 787/457/1
f 789/774/1 806/758/1 788/773/1
f 789/774/1 805/540/1 806/758/1
f 790/489/1 805/540/1 789/774/1
f 790/489/1 804/775/1 805/540/1
f 790/489/1 803/776/1 804/775/1
f 791/777/1 803/776/1 790/489/1
f 791/777/1 802/517/1 803/776/1
f 791/777/1 801/778/1 802/517/1
f 791/777/1 800/779/1 801/778/1
f 792/780/1 800/779/1 791/777/1
f 792/780/1 799/533/1 800/779/1
f 792/780/1 798/781/1 799/533/1
f 793/505/1 798/781/1 792/780/1
f 793/505/1 797/245/1 798/781/1
f 793/505/1 796/522/1 797/245/1
f 794/782/1 796/522/1 793/505/1
f 794/782/1 795/783/1 796/522/1
f 874/49/1 872/50/1 873/51/1
f 875/52/1 872/50/1 874/49/1
f 875/52/1 871/53/1 872/50/1
f 876/54/1 871/53/1 875/52/1
f 877/55/1 871/53/1 876/54/1
f 877/55/1 870/56/1 871/53/1
f 878/57/1 870/56/1 877/55/1
f 878/57/1 869/58/1 870/56/1
f 879/59/1 869/58/1 878/57/1
f 880/60/1 869/58/1 879/59/1
f 880/60/1 868/61/1 869/58/1
f 881/62/1 868/61/1 880/60/1
f 881/62/1 867/63/1 868/61/1
f 882/64/1 867/63/1 881/62/1
f 883/65/1 867/63/1 882/64/1
f 883/65/1 866/66/1 867/63/1
f 884/67/1 866/66/1 883/65/1
f 884/67/1 865/68/1 866/66/1
f 885/69/1 865/68/1 884/67/1
f 886/70/1 887/71/1 885/69/1
f 887/71/1 888/72/1 885/69/1
f 888/72/1 889/73/1 885/69/1
f 889/73/1 890/74/1 885/69/1
f 890/74/1 891/75/1 885/69/1
f 891/75/1 892/76/1 885/69/1
f 892/76/1 893/77/1 885/69/1
f 893/77/1 894/78/1 885/69/1
f 894/78/1 895/79/1 885/69/1
f 895/79/1 896/80/1 885/69/1
f 896/80/1 865/68/1 885/69/1
f 896/80/1 897/81/1 865/68/1
f 897/81/1 898/82/1 865/68/1
f 898/82/1 864/83/1 865/68/1
f 898/82/1 899/84/1 864/83/1
f 899/84/1 863/85/1 864/83/1
f 900/86/1 863/85/1 899/84/1
f 901/87/1 863/85/1 900/86/1
f 902/88/1 863/85/1 901/87/1
f 903/89/1 863/85/1 902/88/1
f 904/90/1 863/85/1 903/89/1
f 904/90/1 862/91/1 863/85/1
f 905/92/1 862/91/1 904/90/1
f 906/93/1 862/91/1 905/92/1
f 907/94/1 862/91/1 906/93/1
f 907/94/1 861/95/1 862/91/1
f 908/96/1 861/95/1 907/94/1
f 909/97/1 861/95/1 908/96/1
f 909/97/1 860/98/1 861/95/1
f 910/99/1 860/98/1 909/97/1
f 911/100/1 860/98/1 910/99/1
f 912/101/1 1009/2/1 911/100/1
f 1009/2/1 860/98/1 911/100/1
f 913/102/1 1009/2/1 912/101/1
f 914/103/1 1009/2/1 913/102/1
f 915/104/1 1009/2/1 914/103/1
f 916/105/1 1009/2/1 915/104/1
f 916/105/1 1008/106/1 1009/2/1
f 973/107/1 860/98/1 1009/2/1
f 916/105/1 1007/108/1 1008/106/1
f 917/109/1 1007/108/1 916/105/1
f 917/109/1 1006/110/1 1007/108/1
f 918/111/1 1006/110/1 917/109/1
f 918/111/1 1005/112/1 1006/110/1
f 919/113/1 1005/112/1 918/111/1
f 919/113/1 1004/114/1 1005/112/1
f 919/113/1 1003/115/1 1004/114/1
f 920/116/1 1003/115/1 919/113/1
f 920/116/1 1002/117/1 1003/115/1
f 921/118/1 1002/117/1 920/116/1
f 921/118/1 1001/119/1 1002/117/1
f 921/118/1 1000/120/1 1001/119/1
f 922/121/1 1000/120/1 921/118/1
f 922/121/1 999/122/1 1000/120/1
f 922/121/1 998/123/1 999/122/1
f 923/124/1 998/123/1 922/121/1
f 923/124/1 997/125/1 998/123/1
f 924/126/1 997/125/1 923/124/1
f 924/126/1 996/127/1 997/125/1
f 924/126/1 995/128/1 996/127/1
f 925/129/1 995/128/1 924/126/1
f 925/129/1 994/130/1 995/128/1
f 925/129/1 993/131/1 994/130/1
f 974/132/1 860/98/1 973/107/1
f 926/133/1 993/131/1 925/129/1
f 975/134/1 860/98/1 974/132/1
f 926/133/1 992/135/1 993/131/1
f 976/136/1 860/98/1 975/134/1
f 837/137/1 972/138/1 836/3/1
f 976/136/1 859/139/1 860/98/1
f 926/133/1 991/140/1 992/135/1
f 838/141/1 972/138/1 837/137/1
f 977/142/1 859/139/1 976/136/1
f 977/142/1 858/143/1 859/139/1
f 839/144/1 972/138/1 838/141/1
f 927/145/1 991/140/1 926/133/1
f 927/145/1 990/146/1 991/140/1
f 977/142/1 857/147/1 858/143/1
f 978/148/1 857/147/1 977/142/1
f 840/149/1 972/138/1 839/144/1
f 978/148/1 856/150/1 857/147/1
f 979/151/1 856/150/1 978/148/1
f 841/152/1 972/138/1 840/149/1
f 927/145/1 989/153/1 990/146/1
f 979/151/1 855/154/1 856/150/1
f 842/155/1 972/138/1 841/152/1
f 980/156/1 855/154/1 979/151/1
f 980/156/1 854/157/1 855/154/1
f 843/158/1 972/138/1 842/155/1
f 927/145/1 988/159/1 989/153/1
f 980/156/1 853/160/1 854/157/1
f 981/161/1 853/160/1 980/156/1
f 844/162/1 972/138/1 843/158/1
f 981/161/1 852/163/1 853/160/1
f 928/164/1 988/159/1 927/145/1
f 845/165/1 972/138/1 844/162/1
f 928/164/1 987/166/1 988/159/1
f 982/167/1 852/163/1 981/161/1
f 982/167/1 851/168/1 852/163/1
f 846/169/1 972/138/1 845/165/1
f 982/167/1 850/170/1 851/168/1
f 847/171/1 972/138/1 846/169/1
f 983/172/1 850/170/1 982/167/1
f 983/172/1 849/173/1 850/170/1
f 848/174/1 972/138/1 847/171/1
f 983/172/1 848/174/1 849/173/1
f 928/164/1 986/175/1 987/166/1
f 983/172/1 972/138/1 848/174/1
f 984/176/1 972/138/1 983/172/1
f 928/164/1 985/177/1 986/175/1
f 985/177/1 972/138/1 984/176/1
f 928/164/1 948/178/1 985/177/1
f 948/178/1 972/138/1 985/177/1
f 929/179/1 948/178/1 928/164/1
f 929/179/1 947/180/1 948/178/1
f 949/181/1 972/138/1 948/178/1
f 930/182/1 947/180/1 929/179/1
f 930/182/1 946/183/1 947/180/1
f 950/184/1 972/138/1 949/181/1
f 950/184/1 971/185/1 972/138/1
f 931/186/1 946/183/1 930/182/1
f 931/186/1 945/187/1 946/183/1
f 951/188/1 971/185/1 950/184/1
f 951/188/1 970/189/1 971/185/1
f 931/186/1 944/190/1 945/187/1
f 952/191/1 970/189/1 951/188/1
f 932/192/1 944/190/1 931/186/1
f 952/191/1 969/193/1 970/189/1
f 932/192/1 943/194/1 944/190/1
f 953/195/1 969/193/1 952/191/1
f 953/195/1 968/196/1 969/193/1
f 933/197/1 943/194/1 932/192/1
f 933/197/1 942/198/1 943/194/1
f 954/199/1 968/196/1 953/195/1
f 954/199/1 967/200/1 968/196/1
f 933/197/1 941/201/1 942/198/1
f 955/202/1 967/200/1 954/199/1
f 955/202/1 966/203/1 967/200/1
f 934/204/1 941/201/1 933/197/1
f 934/204/1 940/205/1 941/201/1
f 956/206/1 966/203/1 955/202/1
f 956/206/1 965/207/1 966/203/1
f 934/204/1 939/208/1 940/205/1
f 956/206/1 964/209/1 965/207/1
f 957/210/1 964/209/1 956/206/1
f 935/211/1 939/208/1 934/204/1
f 957/210/1 963/212/1 964/209/1
f 935/211/1 938/213/1 939/208/1
f 958/214/1 963/212/1 957/210/1
f 958/214/1 962/215/1 963/212/1
f 935/211/1 937/216/1 938/213/1
f 959/217/1 962/215/1 958/214/1
f 936/218/1 937/216/1 935/211/1
f 959/217/1 961/219/1 962/215/1
f 960/220/1 961/219/1 959/217/1
f 1048/49/1 1046/50/1 1047/51/1
f 1049/52/1 1046/50/1 1048/49/1
f 1049/52/1 1045/53/1 1046/50/1
f 1050/54/1 1045/53/1 1049/52/1
f 1051/55/1 1045/53/1 1050/54/1
f 1051/55/1 1044/56/1 1045/53/1
f 1052/57/1 1044/56/1 1051/55/1
f 1052/57/1 1043/58/1 1044/56/1
f 1053/59/1 1043/58/1 1052/57/1
f 1054/60/1 1043/58/1 1053/59/1
f 1054/60/1 1042/61/1 1043/58/1
f 1055/62/1 1042/61/1 1054/60/1
f 1055/62/1 1041/63/1 1042/61/1
f 1056/64/1 1041/63/1 1055/62/1
f 1057/65/1 1041/63/1 1056/64/1
f 1057/65/1 1040/66/1 1041/63/1
f 1058/67/1 1040/66/1 1057/65/1
f 1058/67/1 1039/68/1 1040/66/1
f 1059/69/1 1039/68/1 1058/67/1
f 1060/70/1 1061/71/1 1059/69/1
f 1061/71/1 1062/72/1 1059/69/1
f 1062/72/1 1063/73/1 1059/69/1
f 1063/73/1 1064/74/1 1059/69/1
f 1064/74/1 1065/75/1 1059/69/1
f 1065/75/1 1066/76/1 1059/69/1
f 1066/76/1 1067/77/1 1059/69/1
f 1067/77/1 1068/78/1 1059/69/1
f 1068/78/1 1069/79/1 1059/69/1
f 1069/79/1 1070/80/1 1059/69/1
f 1070/80/1 1039/68/1 1059/69/1
f 1070/80/1 1071/81/1 1039/68/1
f 1071/81/1 1072/82/1 1039/68/1
f 1072/82/1 1038/83/1 1039/68/1
f 1072/82/1 1073/84/1 1038/83/1
f 1073/84/1 1037/85/1 1038/83/1
f 1074/86/1 1037/85/1 1073/84/1
f 1075/87/1 1037/85/1 1074/86/1
f 1076/88/1 1037/85/1 1075/87/1
f 1077/89/1 1037/85/1 1076/88/1
f 1078/90/1 1037/85/1 1077/89/1
f 1078/90/1 1036/91/1 1037/85/1
f 1079/92/1 1036/91/1 1078/90/1
f 1080/93/1 1036/91/1 1079/92/1
f 1081/94/1 1036/91/1 1080/93/1
f 1081/94/1 1035/95/1 1036/91/1
f 1082/96/1 1035/95/1 1081/94/1
f 1083/97/1 1035/95/1 1082/96/1
f 1083/97/1 1034/98/1 1035/95/1
f 1084/99/1 1034/98/1 1083/97/1
f 1085/100/1 1034/98/1 1084/99/1
f 1086/101/1 1183/2/1 1085/100/1
f 1183/2/1 1034/98/1 1085/100/1
f 1087/102/1 1183/2/1 1086/101/1
f 1088/103/1 1183/2/1 1087/102/1
f 1089/104/1 1183/2/1 1088/103/1
f 1090/105/1 1183/2/1 1089/104/1
f 1090/105/1 1182/106/1 1183/2/1
f 1147/107/1 1034/98/1 1183/2/1
f 1090/105/1 1181/108/1 1182/106/1
f 1091/109/1 1181/108/1 1090/105/1
f 1091/109/1 1180/110/1 1181/108/1
f 1092/111/1 1180/110/1 1091/109/1
f 1092/111/1 1179/112/1 1180/110/1
f 1093/113/1 1179/112/1 1092/111/1
f 1093/113/1 1178/114/1 1179/112/1
f 1093/113/1 1177/115/1 1178/114/1
f 1094/116/1 1177/115/1 1093/113/1
f 1094/116/1 1176/117/1 1177/115/1
f 1095/118/1 1176/117/1 1094/116/1
f 1095/118/1 1175/119/1 1176/117/1
f 1095/118/1 1174/120/1 1175/119/1
f 1096/121/1 1174/120/1 1095/118/1
f 1096/121/1 1173/122/1 1174/120/1
f 1096/121/1 1172/123/1 1173/122/1
f 1097/124/1 1172/123/1 1096/121/1
f 1097/124/1 1171/125/1 1172/123/1
f 1098/126/1 1171/125/1 1097/124/1
f 1098/126/1 1170/127/1 1171/125/1
f 1098/126/1 1169/128/1 1170/127/1
f 1099/129/1 1169/128/1 1098/126/1
f 1099/129/1 1168/130/1 1169/128/1
f 1099/129/1 1167/131/1 1168/130/1
f 1148/132/1 1034/98/1 1147/107/1
f 1100/133/1 1167/131/1 1099/129/1
f 1149/134/1 1034/98/1 1148/132/1
f 1100/133/1 1166/135/1 1167/131/1
f 1150/136/1 1034/98/1 1149/134/1
f 1011/137/1 1146/138/1 1010/3/1
f 1150/136/1 1033/139/1 1034/98/1
f 1100/133/1 1165/140/1 1166/135/1
f 1012/141/1 1146/138/1 1011/137/1
f 1151/142/1 1033/139/1 1150/136/1
f 1151/142/1 1032/143/1 1033/139/1
f 1013/144/1 1146/138/1 1012/141/1
f 1101/145/1 1165/140/1 1100/133/1
f 1101/145/1 1164/146/1 1165/140/1
f 1151/142/1 1031/147/1 1032/143/1
f 1152/148/1 1031/147/1 1151/142/1
f 1014/149/1 1146/138/1 1013/144/1
f 1152/148/1 1030/150/1 1031/147/1
f 1153/151/1 1030/150/1 1152/148/1
f 1015/152/1 1146/138/1 1014/149/1
f 1101/145/1 1163/153/1 1164/146/1
f 1153/151/1 1029/154/1 1030/150/1
f 1016/155/1 1146/138/1 1015/152/1
f 1154/156/1 1029/154/1 1153/151/1
f 1154/156/1 1028/157/1 1029/154/1
f 1017/158/1 1146/138/1 1016/155/1
f 1101/145/1 1162/159/1 1163/153/1
f 1154/156/1 1027/160/1 1028/157/1
f 1155/161/1 1027/160/1 1154/156/1
f 1018/162/1 1146/138/1 1017/158/1
f 1155/161/1 1026/163/1 1027/160/1
f 1102/164/1 1162/159/1 1101/145/1
f 1019/165/1 1146/138/1 1018/162/1
f 1102/164/1 1161/166/1 1162/159/1
f 1156/167/1 1026/163/1 1155/161/1
f 1156/167/1 1025/168/1 1026/163/1
f 1020/169/1 1146/138/1 1019/165/1
f 1156/167/1 1024/170/1 1025/168/1
f 1021/171/1 1146/138/1 1020/169/1
f 1157/172/1 1024/170/1 1156/167/1
f 1157/172/1 1023/173/1 1024/170/1
f 1022/174/1 1146/138/1 1021/171/1
f 1157/172/1 1022/174/1 1023/173/1
f 1102/164/1 1160/175/1 1161/166/1
f 1157/172/1 1146/138/1 1022/174/1
f 1158/176/1 1146/138/1 1157/172/1
f 1102/164/1 1159/177/1 1160/175/1
f 1159/177/1 1146/138/1 1158/176/1
f 1102/164/1 1122/178/1 1159/177/1
f 1122/178/1 1146/138/1 1159/177/1
f 1103/179/1 1122/178/1 1102/164/1
f 1103/179/1 1121/180/1 1122/178/1
f 1123/181/1 1146/138/1 1122/178/1
f 1104/182/1 1121/180/1 1103/179/1
f 1104/182/1 1120/183/1 1121/180/1
f 1124/184/1 1146/138/1 1123/181/1
f 1124/184/1 1145/185/1 1146/138/1
f 1105/186/1 1120/183/1 1104/182/1
f 1105/186/1 1119/187/1 1120/183/1
f 1125/188/1 1145/185/1 1124/184/1
f 1125/188/1 1144/189/1 1145/185/1
f 1105/186/1 1118/190/1 1119/187/1
f 1126/191/1 1144/189/1 1125/188/1
f 1106/192/1 1118/190/1 1105/186/1
f 1126/191/1 1143/193/1 1144/189/1
f 1106/192/1 1117/194/1 1118/190/1
f 1127/195/1 1143/193/1 1126/191/1
f 1127/195/1 1142/196/1 1143/193/1
f 1107/197/1 1117/194/1 1106/192/1
f 1107/197/1 1116/198/1 1117/194/1
f 1128/199/1 1142/196/1 1127/195/1
f 1128/199/1 1141/200/1 1142/196/1
f 1107/197/1 1115/201/1 1116/198/1
f 1129/202/1 1141/200/1 1128/199/1
f 1129/202/1 1140/203/1 1141/200/1
f 1108/204/1 1115/201/1 1107/197/1
f 1108/204/1 1114/205/1 1115/201/1
f 1130/206/1 1140/203/1 1129/202/1
f 1130/206/1 1139/207/1 1140/203/1
f 1108/204/1 1113/208/1 1114/205/1
f 1130/206/1 1138/209/1 1139/207/1
f 1131/210/1 1138/209/1 1130/206/1
f 1109/211/1 1113/208/1 1108/204/1
f 1131/210/1 1137/212/1 1138/209/1
f 1109/211/1 1112/213/1 1113/208/1
f 1132/214/1 1137/212/1 1131/210/1
f 1132/214/1 1136/215/1 1137/212/1
f 1109/211/1 1111/216/1 1112/213/1
f 1133/217/1 1136/215/1 1132/214/1
f 1110/218/1 1111/216/1 1109/211/1
f 1133/217/1 1135/219/1 1136/215/1
f 1134/220/1 1135/219/1 1133/217/1
f 1186/228/1 1184/3/1 1185/245/1
f 1186/228/1 1187/2/1 1184/3/1
f 1226/49/1 1224/50/1 1225/51/1
f 1227/52/1 1224/50/1 1226/49/1
f 1227/52/1 1223/53/1 1224/50/1
f 1228/54/1 1223/53/1 1227/52/1
f 1229/55/1 1223/53/1 1228/54/1
f 1229/55/1 1222/56/1 1223/53/1
f 1230/57/1 1222/56/1 1229/55/1
f 1230/57/1 1221/58/1 1222/56/1
f 1231/59/1 1221/58/1 1230/57/1
f 1232/60/1 1221/58/1 1231/59/1
f 1232/60/1 1220/61/1 1221/58/1
f 1233/62/1 1220/61/1 1232/60/1
f 1233/62/1 1219/63/1 1220/61/1
f 1234/64/1 1219/63/1 1233/62/1
f 1235/65/1 1219/63/1 1234/64/1
f 1235/65/1 1218/66/1 1219/63/1
f 1236/67/1 1218/66/1 1235/65/1
f 1236/67/1 1217/68/1 1218/66/1
f 1237/69/1 1217/68/1 1236/67/1
f 1238/70/1 1239/71/1 1237/69/1
f 1239/71/1 1240/72/1 1237/69/1
f 1240/72/1 1241/73/1 1237/69/1
f 1241/73/1 1242/74/1 1237/69/1
f 1242/74/1 1243/75/1 1237/69/1
f 1243/75/1 1244/76/1 1237/69/1
f 1244/76/1 1245/77/1 1237/69/1
f 1245/77/1 1246/78/1 1237/69/1
f 1246/78/1 1247/79/1 1237/69/1
f 1247/79/1 1248/80/1 1237/69/1
f 1248/80/1 1217/68/1 1237/69/1
f 1248/80/1 1249/81/1 1217/68/1
f 1249/81/1 1250/82/1 1217/68/1
f 1250/82/1 1216/83/1 1217/68/1
f 1250/82/1 1251/84/1 1216/83/1
f 1251/84/1 1215/85/1 1216/83/1
f 1252/86/1 1215/85/1 1251/84/1
f 1253/87/1 1215/85/1 1252/86/1
f 1254/88/1 1215/85/1 1253/87/1
f 1255/89/1 1215/85/1 1254/88/1
f 1256/90/1 1215/85/1 1255/89/1
f 1256/90/1 1214/91/1 1215/85/1
f 1257/92/1 1214/91/1 1256/90/1
f 1258/93/1 1214/91/1 1257/92/1
f 1259/94/1 1214/91/1 1258/93/1
f 1259/94/1 1213/95/1 1214/91/1
f 1260/96/1 1213/95/1 1259/94/1
f 1261/97/1 1213/95/1 1260/96/1
f 1261/97/1 1212/98/1 1213/95/1
f 1262/99/1 1212/98/1 1261/97/1
f 1263/100/1 1212/98/1 1262/99/1
f 1264/101/1 1361/2/1 1263/100/1
f 1361/2/1 1212/98/1 1263/100/1
f 1265/102/1 1361/2/1 1264/101/1
f 1266/103/1 1361/2/1 1265/102/1
f 1267/104/1 1361/2/1 1266/103/1
f 1268/105/1 1361/2/1 1267/104/1
f 1268/105/1 1360/106/1 1361/2/1
f 1325/107/1 1212/98/1 1361/2/1
f 1268/105/1 1359/108/1 1360/106/1
f 1269/109/1 1359/108/1 1268/105/1
f 1269/109/1 1358/110/1 1359/108/1
f 1270/111/1 1358/110/1 1269/109/1
f 1270/111/1 1357/112/1 1358/110/1
f 1271/113/1 1357/112/1 1270/111/1
f 1271/113/1 1356/114/1 1357/112/1
f 1271/113/1 1355/115/1 1356/114/1
f 1272/116/1 1355/115/1 1271/113/1
f 1272/116/1 1354/117/1 1355/115/1
f 1273/118/1 1354/117/1 1272/116/1
f 1273/118/1 1353/119/1 1354/117/1
f 1273/118/1 1352/120/1 1353/119/1
f 1274/121/1 1352/120/1 1273/118/1
f 1274/121/1 1351/122/1 1352/120/1
f 1274/121/1 1350/123/1 1351/122/1
f 1275/124/1 1350/123/1 1274/121/1
f 1275/124/1 1349/125/1 1350/123/1
f 1276/126/1 1349/125/1 1275/124/1
f 1276/126/1 1348/127/1 1349/125/1
f 1276/126/1 1347/128/1 1348/127/1
f 1277/129/1 1347/128/1 1276/126/1
f 1277/129/1 1346/130/1 1347/128/1
f 1277/129/1 1345/131/1 1346/130/1
f 1326/132/1 1212/98/1 1325/107/1
f 1278/133/1 1345/131/1 1277/129/1
f 1327/134/1 1212/98/1 1326/132/1
f 1278/133/1 1344/135/1 1345/131/1
f 1328/136/1 1212/98/1 1327/134/1
f 1189/137/1 1324/138/1 1188/3/1
f 1328/136/1 1211/139/1 1212/98/1
f 1278/133/1 1343/140/1 1344/135/1
f 1190/141/1 1324/138/1 1189/137/1
f 1329/142/1 1211/139/1 1328/136/1
f 1329/142/1 1210/143/1 1211/139/1
f 1191/144/1 1324/138/1 1190/141/1
f 1279/145/1 1343/140/1 1278/133/1
f 1279/145/1 1342/146/1 1343/140/1
f 1329/142/1 1209/147/1 1210/143/1
f 1330/148/1 1209/147/1 1329/142/1
f 1192/149/1 1324/138/1 1191/144/1
f 1330/148/1 1208/150/1 1209/147/1
f 1331/151/1 1208/150/1 1330/148/1
f 1193/152/1 1324/138/1 1192/149/1
f 1279/145/1 1341/153/1 1342/146/1
f 1331/151/1 1207/154/1 1208/150/1
f 1194/155/1 1324/138/1 1193/152/1
f 1332/156/1 1207/154/1 1331/151/1
f 1332/156/1 1206/157/1 1207/154/1
f 1195/158/1 1324/138/1 1194/155/1
f 1279/145/1 1340/159/1 1341/153/1
f 1332/156/1 1205/160/1 1206/157/1
f 1333/161/1 1205/160/1 1332/156/1
f 1196/162/1 1324/138/1 1195/158/1
f 1333/161/1 1204/163/1 1205/160/1
f 1280/164/1 1340/159/1 1279/145/1
f 1197/165/1 1324/138/1 1196/162/1
f 1280/164/1 1339/166/1 1340/159/1
f 1334/167/1 1204/163/1 1333/161/1
f 1334/167/1 1203/168/1 1204/163/1
f 1198/169/1 1324/138/1 1197/165/1
f 1334/167/1 1202/170/1 1203/168/1
f 1199/171/1 1324/138/1 1198/169/1
f 1335/172/1 1202/170/1 1334/167/1
f 1335/172/1 1201/173/1 1202/170/1
f 1200/174/1 1324/138/1 1199/171/1
f 1335/172/1 1200/174/1 1201/173/1
f 1280/164/1 1338/175/1 1339/166/1
f 1335/172/1 1324/138/1 1200/174/1
f 1336/176/1 1324/138/1 1335/172/1
f 1280/164/1 1337/177/1 1338/175/1
f 1337/177/1 1324/138/1 1336/176/1
f 1280/164/1 1300/178/1 1337/177/1
f 1300/178/1 1324/138/1 1337/177/1
f 1281/179/1 1300/178/1 1280/164/1
f 1281/179/1 1299/180/1 1300/178/1
f 1301/181/1 1324/138/1 1300/178/1
f 1282/182/1 1299/180/1 1281/179/1
f 1282/182/1 1298/183/1 1299/180/1
f 1302/184/1 1324/138/1 1301/181/1
f 1302/184/1 1323/185/1 1324/138/1
f 1283/186/1 1298/183/1 1282/182/1
f 1283/186/1 1297/187/1 1298/183/1
f 1303/188/1 1323/185/1 1302/184/1
f 1303/188/1 1322/189/1 1323/185/1
f 1283/186/1 1296/190/1 1297/187/1
f 1304/191/1 1322/189/1 1303/188/1
f 1284/192/1 1296/190/1 1283/186/1
f 1304/191/1 1321/193/1 1322/189/1
f 1284/192/1 1295/194/1 1296/190/1
f 1305/195/1 1321/193/1 1304/191/1
f 1305/195/1 1320/196/1 1321/193/1
f 1285/197/1 1295/194/1 1284/192/1
f 1285/197/1 1294/198/1 1295/194/1
f 1306/199/1 1320/196/1 1305/195/1
f 1306/199/1 1319/200/1 1320/196/1
f 1285/197/1 1293/201/1 1294/198/1
f 1307/202/1 1319/200/1 1306/199/1
f 1307/202/1 1318/203/1 1319/200/1
f 1286/204/1 1293/201/1 1285/197/1
f 1286/204/1 1292/205/1 1293/201/1
f 1308/206/1 1318/203/1 1307/202/1
f 1308/206/1 1317/207/1 1318/203/1
f 1286/204/1 1291/208/1 1292/205/1
f 1308/206/1 1316/209/1 1317/207/1
f 1309/210/1 1316/209/1 1308/206/1
f 1287/211/1 1291/208/1 1286/204/1
f 1309/210/1 1315/212/1 1316/209/1
f 1287/211/1 1290/213/1 1291/208/1
f 1310/214/1 1315/212/1 1309/210/1
f 1310/214/1 1314/215/1 1315/212/1
f 1287/211/1 1289/216/1 1290/213/1
f 1311/217/1 1314/215/1 1310/214/1
f 1288/218/1 1289/216/1 1287/211/1
f 1311/217/1 1313/219/1 1314/215/1
f 1312/220/1 1313/219/1 1311/217/1
f 1412/784/1 1410/785/1 1411/786/1
f 1412/784/1 1413/2/1 1410/785/1
f 1375/787/1 1373/788/1 1374/789/1
f 1376/790/1 1373/788/1 1375/787/1
f 1376/790/1 1372/791/1 1373/788/1
f 1377/792/1 1372/791/1 1376/790/1
f 1377/792/1 1371/793/1 1372/791/1
f 1378/794/1 1371/793/1 1377/792/1
f 1378/794/1 1370/795/1 1371/793/1
f 1379/245/1 1370/795/1 1378/794/1
f 1379/245/1 1369/796/1 1370/795/1
f 1380/797/1 1369/796/1 1379/245/1
f 1380/797/1 1368/798/1 1369/796/1
f 1381/799/1 1368/798/1 1380/797/1
f 1381/799/1 1367/800/1 1368/798/1
f 1382/801/1 1367/800/1 1381/799/1
f 1382/801/1 1366/802/1 1367/800/1
f 1383/803/1 1366/802/1 1382/801/1
f 1383/803/1 1365/804/1 1366/802/1
f 1384/805/1 1365/804/1 1383/803/1
f 1384/805/1 1364/806/1 1365/804/1
f 1385/807/1 1364/806/1 1384/805/1
f 1385/807/1 1363/808/1 1364/806/1
f 1386/809/1 1363/808/1 1385/807/1
f 1386/809/1 1362/3/1 1363/808/1
f 1387/810/1 1362/3/1 1386/809/1
f 1387/810/1 1409/811/1 1362/3/1
f 1388/812/1 1409/811/1 1387/810/1
f 1388/812/1 1408/813/1 1409/811/1
f 1389/814/1 1408/813/1 1388/812/1
f 1389/814/1 1407/815/1 1408/813/1
f 1390/816/1 1407/815/1 1389/814/1
f 1390/816/1 1406/817/1 1407/815/1
f 1391/818/1 1406/817/1 1390/816/1
f 1391/818/1 1405/819/1 1406/817/1
f 1392/820/1 1405/819/1 1391/818/1
f 1392/820/1 1404/821/1 1405/819/1
f 1393/822/1 1404/821/1 1392/820/1
f 1393/822/1 1403/823/1 1404/821/1
f 1394/824/1 1403/823/1 1393/822/1
f 1394/824/1 1402/825/1 1403/823/1
f 1395/826/1 1402/825/1 1394/824/1
f 1395/826/1 1401/827/1 1402/825/1
f 1396/228/1 1401/827/1 1395/826/1
f 1396/228/1 1400/828/1 1401/827/1
f 1397/829/1 1400/828/1 1396/228/1
f 1397/829/1 1399/830/1 1400/828/1
f 1398/831/1 1399/830/1 1397/829/1
f 1427/832/1 1425/833/1 1426/834/1
f 1427/832/1 1424/835/1 1425/833/1
f 1427/832/1 1423/836/1 1424/835/1
f 1428/837/1 1423/836/1 1427/832/1
f 1428/837/1 1422/838/1 1423/836/1
f 1428/837/1 1421/839/1 1422/838/1
f 1428/837/1 1420/840/1 1421/839/1
f 1429/841/1 1420/840/1 1428/837/1
f 1429/841/1 1419/842/1 1420/840/1
f 1429/841/1 1418/843/1 1419/842/1
f 1429/841/1 1417/844/1 1418/843/1
f 1430/845/1 1417/844/1 1429/841/1
f 1430/845/1 1416/846/1 1417/844/1
f 1430/845/1 1415/847/1 1416/846/1
f 1430/845/1 1414/3/1 1415/847/1
f 1431/848/1 1414/3/1 1430/845/1
f 1431/848/1 1503/849/1 1414/3/1
f 1503/849/1 1504/850/1 1414/3/1
f 1504/850/1 1505/851/1 1414/3/1
f 1505/851/1 1506/852/1 1414/3/1
f 1506/852/1 1507/853/1 1414/3/1
f 1507/853/1 1508/854/1 1414/3/1
f 1508/854/1 1509/855/1 1414/3/1
f 1509/855/1 1510/856/1 1414/3/1
f 1510/856/1 1511/2/1 1414/3/1
f 1432/857/1 1501/858/1 1431/848/1
f 1501/858/1 1502/859/1 1431/848/1
f 1502/859/1 1503/849/1 1431/848/1
f 1433/860/1 1499/861/1 1432/857/1
f 1499/861/1 1500/862/1 1432/857/1
f 1500/862/1 1501/858/1 1432/857/1
f 1433/860/1 1498/863/1 1499/861/1
f 1433/860/1 1497/864/1 1498/863/1
f 1433/860/1 1496/865/1 1497/864/1
f 1434/866/1 1496/865/1 1433/860/1
f 1434/866/1 1495/867/1 1496/865/1
f 1434/866/1 1494/868/1 1495/867/1
f 1434/866/1 1493/869/1 1494/868/1
f 1435/870/1 1493/869/1 1434/866/1
f 1435/870/1 1492/871/1 1493/869/1
f 1435/870/1 1491/872/1 1492/871/1
f 1436/873/1 1491/872/1 1435/870/1
f 1436/873/1 1490/874/1 1491/872/1
f 1436/873/1 1489/875/1 1490/874/1
f 1437/876/1 1489/875/1 1436/873/1
f 1437/876/1 1488/877/1 1489/875/1
f 1438/878/1 1488/877/1 1437/876/1
f 1438/878/1 1487/879/1 1488/877/1
f 1438/878/1 1486/880/1 1487/879/1
f 1439/881/1 1486/880/1 1438/878/1
f 1439/881/1 1485/882/1 1486/880/1
f 1440/883/1 1485/882/1 1439/881/1
f 1440/883/1 1484/884/1 1485/882/1
f 1440/883/1 1483/885/1 1484/884/1
f 1441/886/1 1483/885/1 1440/883/1
f 1441/886/1 1482/887/1 1483/885/1
f 1441/886/1 1481/888/1 1482/887/1
f 1442/889/1 1481/888/1 1441/886/1
f 1442/889/1 1480/890/1 1481/888/1
f 1464/891/1 1462/892/1 1463/893/1
f 1442/889/1 1479/894/1 1480/890/1
f 1465/895/1 1462/892/1 1464/891/1
f 1443/896/1 1479/894/1 1442/889/1
f 1466/897/1 1462/892/1 1465/895/1
f 1443/896/1 1478/898/1 1479/894/1
f 1467/899/1 1462/892/1 1466/897/1
f 1468/900/1 1462/892/1 1467/899/1
f 1469/901/1 1462/892/1 1468/900/1
f 1443/896/1 1477/902/1 1478/898/1
f 1470/903/1 1462/892/1 1469/901/1
f 1471/904/1 1462/892/1 1470/903/1
f 1443/896/1 1476/905/1 1477/902/1
f 1472/906/1 1462/892/1 1471/904/1
f 1473/907/1 1462/892/1 1472/906/1
f 1443/896/1 1475/908/1 1476/905/1
f 1474/909/1 1462/892/1 1473/907/1
f 1444/910/1 1475/908/1 1443/896/1
f 1475/908/1 1462/892/1 1474/909/1
f 1444/910/1 1462/892/1 1475/908/1
f 1445/911/1 1462/892/1 1444/910/1
f 1446/912/1 1462/892/1 1445/911/1
f 1447/913/1 1462/892/1 1446/912/1
f 1447/913/1 1461/914/1 1462/892/1
f 1447/913/1 1460/915/1 1461/914/1
f 1447/913/1 1459/916/1 1460/915/1
f 1448/917/1 1459/916/1 1447/913/1
f 1448/917/1 1458/918/1 1459/916/1
f 1448/917/1 1457/919/1 1458/918/1
f 1448/917/1 1456/920/1 1457/919/1
f 1448/917/1 1455/921/1 1456/920/1
f 1449/922/1 1455/921/1 1448/917/1
f 1449/922/1 1454/923/1 1455/921/1
f 1449/922/1 1453/924/1 1454/923/1
f 1449/922/1 1452/925/1 1453/924/1
f 1450/926/1 1452/925/1 1449/922/1
f 1450/926/1 1451/927/1 1452/925/1
f 1550/49/1 1548/50/1 1549/51/1
f 1551/52/1 1548/50/1 1550/49/1
f 1551/52/1 1547/53/1 1548/50/1
f 1552/54/1 1547/53/1 1551/52/1
f 1553/55/1 1547/53/1 1552/54/1
f 1553/55/1 1546/56/1 1547/53/1
f 1554/57/1 1546/56/1 1553/55/1
f 1554/57/1 1545/58/1 1546/56/1
f 1555/59/1 1545/58/1 1554/57/1
f 1556/60/1 1545/58/1 1555/59/1
f 1556/60/1 1544/61/1 1545/58/1
f 1557/62/1 1544/61/1 1556/60/1
f 1557/62/1 1543/63/1 1544/61/1
f 1558/64/1 1543/63/1 1557/62/1
f 1559/65/1 1543/63/1 1558/64/1
f 1559/65/1 1542/66/1 1543/63/1
f 1560/67/1 1542/66/1 1559/65/1
f 1560/67/1 1541/68/1 1542/66/1
f 1561/69/1 1541/68/1 1560/67/1
f 1562/70/1 1563/71/1 1561/69/1
f 1563/71/1 1564/72/1 1561/69/1
f 1564/72/1 1565/73/1 1561/69/1
f 1565/73/1 1566/74/1 1561/69/1
f 1566/74/1 1567/75/1 1561/69/1
f 1567/75/1 1568/76/1 1561/69/1
f 1568/76/1 1569/77/1 1561/69/1
f 1569/77/1 1570/78/1 1561/69/1
f 1570/78/1 1571/79/1 1561/69/1
f 1571/79/1 1572/80/1 1561/69/1
f 1572/80/1 1541/68/1 1561/69/1
f 1572/80/1 1573/81/1 1541/68/1
f 1573/81/1 1574/82/1 1541/68/1
f 1574/82/1 1540/83/1 1541/68/1
f 1574/82/1 1575/84/1 1540/83/1
f 1575/84/1 1539/85/1 1540/83/1
f 1576/86/1 1539/85/1 1575/84/1
f 1577/87/1 1539/85/1 1576/86/1
f 1578/88/1 1539/85/1 1577/87/1
f 1579/89/1 1539/85/1 1578/88/1
f 1580/90/1 1539/85/1 1579/89/1
f 1580/90/1 1538/91/1 1539/85/1
f 1581/92/1 1538/91/1 1580/90/1
f 1582/93/1 1538/91/1 1581/92/1
f 1583/94/1 1538/91/1 1582/93/1
f 1583/94/1 1537/95/1 1538/91/1
f 1584/96/1 1537/95/1 1583/94/1
f 1585/97/1 1537/95/1 1584/96/1
f 1585/97/1 1536/98/1 1537/95/1
f 1586/99/1 1536/98/1 1585/97/1
f 1587/100/1 1536/98/1 1586/99/1
f 1588/101/1 1685/2/1 1587/100/1
f 1685/2/1 1536/98/1 1587/100/1
f 1589/102/1 1685/2/1 1588/101/1
f 1590/103/1 1685/2/1 1589/102/1
f 1591/104/1 1685/2/1 1590/103/1
f 1592/105/1 1685/2/1 1591/104/1
f 1592/105/1 1684/106/1 1685/2/1
f 1649/107/1 1536/98/1 1685/2/1
f 1592/105/1 1683/108/1 1684/106/1
f 1593/109/1 1683/108/1 1592/105/1
f 1593/109/1 1682/110/1 1683/108/1
f 1594/111/1 1682/110/1 1593/109/1
f 1594/111/1 1681/112/1 1682/110/1
f 1595/113/1 1681/112/1 1594/111/1
f 1595/113/1 1680/114/1 1681/112/1
f 1595/113/1 1679/115/1 1680/114/1
f 1596/116/1 1679/115/1 1595/113/1
f 1596/116/1 1678/117/1 1679/115/1
f 1597/118/1 1678/117/1 1596/116/1
f 1597/118/1 1677/119/1 1678/117/1
f 1597/118/1 1676/120/1 1677/119/1
f 1598/121/1 1676/120/1 1597/118/1
f 1598/121/1 1675/122/1 1676/120/1
f 1598/121/1 1674/123/1 1675/122/1
f 1599/124/1 1674/123/1 1598/121/1
f 1599/124/1 1673/125/1 1674/123/1
f 1600/126/1 1673/125/1 1599/124/1
f 1600/126/1 1672/127/1 1673/125/1
f 1600/126/1 1671/128/1 1672/127/1
f 1601/129/1 1671/128/1 1600/126/1
f 1601/129/1 1670/130/1 1671/128/1
f 1601/129/1 1669/131/1 1670/130/1
f 1650/132/1 1536/98/1 1649/107/1
f 1602/133/1 1669/131/1 1601/129/1
f 1651/134/1 1536/98/1 1650/132/1
f 1602/133/1 1668/135/1 1669/131/1
f 1652/136/1 1536/98/1 1651/134/1
f 1513/137/1 1648/138/1 1512/3/1
f 1652/136/1 1535/139/1 1536/98/1
f 1602/133/1 1667/140/1 1668/135/1
f 1514/141/1 1648/138/1 1513/137/1
f 1653/142/1 1535/139/1 1652/136/1
f 1653/142/1 1534/143/1 1535/139/1
f 1515/144/1 1648/138/1 1514/141/1
f 1603/145/1 1667/140/1 1602/133/1
f 1603/145/1 1666/146/1 1667/140/1
f 1653/142/1 1533/147/1 1534/143/1
f 1654/148/1 1533/147/1 1653/142/1
f 1516/149/1 1648/138/1 1515/144/1
f 1654/148/1 1532/150/1 1533/147/1
f 1655/151/1 1532/150/1 1654/148/1
f 1517/152/1 1648/138/1 1516/149/1
f 1603/145/1 1665/153/1 1666/146/1
f 1655/151/1 1531/154/1 1532/150/1
f 1518/155/1 1648/138/1 1517/152/1
f 1656/156/1 1531/154/1 1655/151/1
f 1656/156/1 1530/157/1 1531/154/1
f 1519/158/1 1648/138/1 1518/155/1
f 1603/145/1 1664/159/1 1665/153/1
f 1656/156/1 1529/160/1 1530/157/1
f 1657/161/1 1529/160/1 1656/156/1
f 1520/162/1 1648/138/1 1519/158/1
f 1657/161/1 1528/163/1 1529/160/1
f 1604/164/1 1664/159/1 1603/145/1
f 1521/165/1 1648/138/1 1520/162/1
f 1604/164/1 1663/166/1 1664/159/1
f 1658/167/1 1528/163/1 1657/161/1
f 1658/167/1 1527/168/1 1528/163/1
f 1522/169/1 1648/138/1 1521/165/1
f 1658/167/1 1526/170/1 1527/168/1
f 1523/171/1 1648/138/1 1522/169/1
f 1659/172/1 1526/170/1 1658/167/1
f 1659/172/1 1525/173/1 1526/170/1
f 1524/174/1 1648/138/1 1523/171/1
f 1659/172/1 1524/174/1 1525/173/1
f 1604/164/1 1662/175/1 1663/166/1
f 1659/172/1 1648/138/1 1524/174/1
f 1660/176/1 1648/138/1 1659/172/1
f 1604/164/1 1661/177/1 1662/175/1
f 1661/177/1 1648/138/1 1660/176/1
f 1604/164/1 1624/178/1 1661/177/1
f 1624/178/1 1648/138/1 1661/177/1
f 1605/179/1 1624/178/1 1604/164/1
f 1605/179/1 1623/180/1 1624/178/1
f 1625/181/1 1648/138/1 1624/178/1
f 1606/182/1 1623/180/1 1605/179/1
f 1606/182/1 1622/183/1 1623/180/1
f 1626/184/1 1648/138/1 1625/181/1
f 1626/184/1 1647/185/1 1648/138/1
f 1607/186/1 1622/183/1 1606/182/1
f 1607/186/1 1621/187/1 1622/183/1
f 1627/188/1 1647/185/1 1626/184/1
f 1627/188/1 1646/189/1 1647/185/1
f 1607/186/1 1620/190/1 1621/187/1
f 1628/191/1 1646/189/1 1627/188/1
f 1608/192/1 1620/190/1 1607/186/1
f 1628/191/1 1645/193/1 1646/189/1
f 1608/192/1 1619/194/1 1620/190/1
f 1629/195/1 1645/193/1 1628/191/1
f 1629/195/1 1644/196/1 1645/193/1
f 1609/197/1 1619/194/1 1608/192/1
f 1609/197/1 1618/198/1 1619/194/1
f 1630/199/1 1644/196/1 1629/195/1
f 1630/199/1 1643/200/1 1644/196/1
f 1609/197/1 1617/201/1 1618/198/1
f 1631/202/1 1643/200/1 1630/199/1
f 1631/202/1 1642/203/1 1643/200/1
f 1610/204/1 1617/201/1 1609/197/1
f 1610/204/1 1616/205/1 1617/201/1
f 1632/206/1 1642/203/1 1631/202/1
f 1632/206/1 1641/207/1 1642/203/1
f 1610/204/1 1615/208/1 1616/205/1
f 1632/206/1 1640/209/1 1641/207/1
f 1633/210/1 1640/209/1 1632/206/1
f 1611/211/1 1615/208/1 1610/204/1
f 1633/210/1 1639/212/1 1640/209/1
f 1611/211/1 1614/213/1 1615/208/1
f 1634/214/1 1639/212/1 1633/210/1
f 1634/214/1 1638/215/1 1639/212/1
f 1611/211/1 1613/216/1 1614/213/1
f 1635/217/1 1638/215/1 1634/214/1
f 1612/218/1 1613/216/1 1611/211/1
f 1635/217/1 1637/219/1 1638/215/1
f 1636/220/1 1637/219/1 1635/217/1
f 1688/928/1 1686/3/1 1687/929/1
f 1688/928/1 1742/2/1 1686/3/1
f 1730/310/1 1728/930/1 1729/931/1
f 1731/932/1 1728/930/1 1730/310/1
f 1731/932/1 1727/933/1 1728/930/1
f 1732/934/1 1727/933/1 1731/932/1
f 1733/935/1 1727/933/1 1732/934/1
f 1733/935/1 1726/357/1 1727/933/1
f 1734/292/1 1726/357/1 1733/935/1
f 1734/292/1 1725/936/1 1726/357/1
f 1735/937/1 1725/936/1 1734/292/1
f 1736/938/1 1725/936/1 1735/937/1
f 1736/938/1 1724/939/1 1725/936/1
f 1737/940/1 1724/939/1 1736/938/1
f 1738/301/1 1724/939/1 1737/940/1
f 1738/301/1 1723/941/1 1724/939/1
f 1739/942/1 1723/941/1 1738/301/1
f 1739/942/1 1722/367/1 1723/941/1
f 1740/943/1 1722/367/1 1739/942/1
f 1741/944/1 1722/367/1 1740/943/1
f 1741/944/1 1702/307/1 1722/367/1
f 1702/307/1 1721/945/1 1722/367/1
f 1688/928/1 1741/944/1 1742/2/1
f 1688/928/1 1690/344/1 1741/944/1
f 1690/344/1 1691/946/1 1741/944/1
f 1691/946/1 1692/947/1 1741/944/1
f 1692/947/1 1693/948/1 1741/944/1
f 1693/948/1 1694/347/1 1741/944/1
f 1694/347/1 1695/949/1 1741/944/1
f 1695/949/1 1696/950/1 1741/944/1
f 1696/950/1 1697/951/1 1741/944/1
f 1697/951/1 1698/327/1 1741/944/1
f 1698/327/1 1699/952/1 1741/944/1
f 1699/952/1 1700/953/1 1741/944/1
f 1700/953/1 1701/954/1 1741/944/1
f 1701/954/1 1702/307/1 1741/944/1
f 1703/955/1 1721/945/1 1702/307/1
f 1704/956/1 1721/945/1 1703/955/1
f 1705/957/1 1721/945/1 1704/956/1
f 1706/277/1 1721/945/1 1705/957/1
f 1706/277/1 1720/958/1 1721/945/1
f 1707/959/1 1720/958/1 1706/277/1
f 1708/960/1 1720/958/1 1707/959/1
f 1709/961/1 1720/958/1 1708/960/1
f 1709/961/1 1719/962/1 1720/958/1
f 1710/284/1 1719/962/1 1709/961/1
f 1711/963/1 1719/962/1 1710/284/1
f 1711/963/1 1718/353/1 1719/962/1
f 1712/964/1 1718/353/1 1711/963/1
f 1688/928/1 1689/965/1 1690/344/1
f 1713/966/1 1718/353/1 1712/964/1
f 1713/966/1 1717/967/1 1718/353/1
f 1714/254/1 1717/967/1 1713/966/1
f 1715/968/1 1717/967/1 1714/254/1
f 1715/968/1 1716/969/1 1717/967/1
f 1781/274/1 1779/275/1 1780/276/1
f 1781/274/1 1778/277/1 1779/275/1
f 1782/278/1 1778/277/1 1781/274/1
f 1782/278/1 1777/279/1 1778/277/1
f 1783/280/1 1777/279/1 1782/278/1
f 1783/280/1 1776/281/1 1777/279/1
f 1784/282/1 1776/281/1 1783/280/1
f 1784/282/1 1775/283/1 1776/281/1
f 1785/284/1 1775/283/1 1784/282/1
f 1785/284/1 1774/285/1 1775/283/1
f 1786/286/1 1774/285/1 1785/284/1
f 1786/286/1 1773/287/1 1774/285/1
f 1787/288/1 1829/289/1 1786/286/1
f 1829/289/1 1773/287/1 1786/286/1
f 1787/288/1 1828/290/1 1829/289/1
f 1830/291/1 1773/287/1 1829/289/1
f 1787/288/1 1827/292/1 1828/290/1
f 1831/293/1 1773/287/1 1830/291/1
f 1787/288/1 1826/294/1 1827/292/1
f 1832/295/1 1773/287/1 1831/293/1
f 1832/295/1 1772/296/1 1773/287/1
f 1787/288/1 1825/297/1 1826/294/1
f 1788/298/1 1825/297/1 1787/288/1
f 1833/299/1 1772/296/1 1832/295/1
f 1788/298/1 1824/300/1 1825/297/1
f 1834/301/1 1772/296/1 1833/299/1
f 1788/298/1 1823/302/1 1824/300/1
f 1835/303/1 1772/296/1 1834/301/1
f 1788/298/1 1822/304/1 1823/302/1
f 1836/305/1 1772/296/1 1835/303/1
f 1789/306/1 1822/304/1 1788/298/1
f 1836/305/1 1771/307/1 1772/296/1
f 1789/306/1 1821/308/1 1822/304/1
f 1837/309/1 1771/307/1 1836/305/1
f 1789/306/1 1820/310/1 1821/308/1
f 1838/311/1 1771/307/1 1837/309/1
f 1790/312/1 1820/310/1 1789/306/1
f 1838/311/1 1770/313/1 1771/307/1
f 1790/312/1 1819/314/1 1820/310/1
f 1839/315/1 1770/313/1 1838/311/1
f 1790/312/1 1818/316/1 1819/314/1
f 1840/317/1 1770/313/1 1839/315/1
f 1791/318/1 1818/316/1 1790/312/1
f 1791/318/1 1817/319/1 1818/316/1
f 1840/317/1 1769/320/1 1770/313/1
f 1841/2/1 1769/320/1 1840/317/1
f 1791/318/1 1841/2/1 1817/319/1
f 1791/318/1 1769/320/1 1841/2/1
f 1792/254/1 1769/320/1 1791/318/1
f 1792/254/1 1768/321/1 1769/320/1
f 1793/322/1 1767/323/1 1792/254/1
f 1767/323/1 1768/321/1 1792/254/1
f 1793/322/1 1766/324/1 1767/323/1
f 1794/325/1 1766/324/1 1793/322/1
f 1794/325/1 1765/326/1 1766/324/1
f 1794/325/1 1764/327/1 1765/326/1
f 1795/328/1 1764/327/1 1794/325/1
f 1795/328/1 1763/329/1 1764/327/1
f 1796/330/1 1763/329/1 1795/328/1
f 1796/330/1 1762/331/1 1763/329/1
f 1744/332/1 1816/333/1 1743/3/1
f 1796/330/1 1761/334/1 1762/331/1
f 1745/335/1 1816/333/1 1744/332/1
f 1746/336/1 1816/333/1 1745/335/1
f 1797/337/1 1761/334/1 1796/330/1
f 1797/337/1 1760/338/1 1761/334/1
f 1747/339/1 1816/333/1 1746/336/1
f 1748/340/1 1816/333/1 1747/339/1
f 1797/337/1 1759/341/1 1760/338/1
f 1749/342/1 1816/333/1 1748/340/1
f 1797/337/1 1758/343/1 1759/341/1
f 1750/344/1 1816/333/1 1749/342/1
f 1798/345/1 1758/343/1 1797/337/1
f 1751/346/1 1816/333/1 1750/344/1
f 1798/345/1 1757/347/1 1758/343/1
f 1752/348/1 1816/333/1 1751/346/1
f 1798/345/1 1756/349/1 1757/347/1
f 1753/350/1 1816/333/1 1752/348/1
f 1754/351/1 1816/333/1 1753/350/1
f 1798/345/1 1755/352/1 1756/349/1
f 1755/352/1 1816/333/1 1754/351/1
f 1798/345/1 1816/333/1 1755/352/1
f 1799/353/1 1816/333/1 1798/345/1
f 1799/353/1 1815/354/1 1816/333/1
f 1800/355/1 1815/354/1 1799/353/1
f 1800/355/1 1814/356/1 1815/354/1
f 1800/355/1 1813/357/1 1814/356/1
f 1801/358/1 1813/357/1 1800/355/1
f 1801/358/1 1812/359/1 1813/357/1
f 1801/358/1 1811/360/1 1812/359/1
f 1802/361/1 1811/360/1 1801/358/1
f 1802/361/1 1810/362/1 1811/360/1
f 1802/361/1 1809/363/1 1810/362/1
f 1803/364/1 1809/363/1 1802/361/1
f 1803/364/1 1808/365/1 1809/363/1
f 1803/364/1 1807/366/1 1808/365/1
f 1803/364/1 1806/367/1 1807/366/1
f 1804/368/1 1806/367/1 1803/364/1
f 1804/368/1 1805/369/1 1806/367/1
f 1843/748/1 1899/2/1 1842/3/1
f 1843/748/1 1898/749/1 1899/2/1
f 1843/748/1 1897/750/1 1898/749/1
f 1844/751/1 1897/750/1 1843/748/1
f 1845/436/1 1897/750/1 1844/751/1
f 1846/752/1 1896/447/1 1845/436/1
f 1896/447/1 1897/750/1 1845/436/1
f 1846/752/1 1895/753/1 1896/447/1
f 1846/752/1 1894/754/1 1895/753/1
f 1847/755/1 1894/754/1 1846/752/1
f 1847/755/1 1893/462/1 1894/754/1
f 1847/755/1 1892/756/1 1893/462/1
f 1848/432/1 1892/756/1 1847/755/1
f 1848/432/1 1891/757/1 1892/756/1
f 1872/550/1 1870/758/1 1871/759/1
f 1873/760/1 1870/758/1 1872/550/1
f 1848/432/1 1890/469/1 1891/757/1
f 1874/761/1 1870/758/1 1873/760/1
f 1849/762/1 1890/469/1 1848/432/1
f 1849/762/1 1889/763/1 1890/469/1
f 1875/542/1 1870/758/1 1874/761/1
f 1876/764/1 1870/758/1 1875/542/1
f 1849/762/1 1888/765/1 1889/763/1
f 1877/766/1 1870/758/1 1876/764/1
f 1849/762/1 1887/478/1 1888/765/1
f 1878/512/1 1870/758/1 1877/766/1
f 1849/762/1 1886/767/1 1887/478/1
f 1879/768/1 1870/758/1 1878/512/1
f 1850/769/1 1886/767/1 1849/762/1
f 1880/228/1 1870/758/1 1879/768/1
f 1850/769/1 1885/770/1 1886/767/1
f 1881/497/1 1870/758/1 1880/228/1
f 1850/769/1 1884/487/1 1885/770/1
f 1882/771/1 1870/758/1 1881/497/1
f 1850/769/1 1883/772/1 1884/487/1
f 1883/772/1 1870/758/1 1882/771/1
f 1850/769/1 1870/758/1 1883/772/1
f 1851/457/1 1870/758/1 1850/769/1
f 1852/773/1 1870/758/1 1851/457/1
f 1853/774/1 1870/758/1 1852/773/1
f 1853/774/1 1869/540/1 1870/758/1
f 1854/489/1 1869/540/1 1853/774/1
f 1854/489/1 1868/775/1 1869/540/1
f 1854/489/1 1867/776/1 1868/775/1
f 1855/777/1 1867/776/1 1854/489/1
f 1855/777/1 1866/517/1 1867/776/1
f 1855/777/1 1865/778/1 1866/517/1
f 1855/777/1 1864/779/1 1865/778/1
f 1856/780/1 1864/779/1 1855/777/1
f 1856/780/1 1863/533/1 1864/779/1
f 1856/780/1 1862/781/1 1863/533/1
f 1857/505/1 1862/781/1 1856/780/1
f 1857/505/1 1861/245/1 1862/781/1
f 1857/505/1 1860/522/1 1861/245/1
f 1858/782/1 1860/522/1 1857/505/1
f 1858/782/1 1859/783/1 1860/522/1
f 1944/310/1 1942/930/1 1943/931/1
f 1945/932/1 1942/930/1 1944/310/1
f 1945/932/1 1941/933/1 1942/930/1
f 1946/934/1 1941/933/1 1945/932/1
f 1947/935/1 1941/933/1 1946/934/1
f 1947/935/1 1940/357/1 1941/933/1
f 1948/292/1 1940/357/1 1947/935/1
f 1902/928/1 1900/3/1 1901/929/1
f 1902/928/1 1956/2/1 1900/3/1
f 1948/292/1 1939/936/1 1940/357/1
f 1949/937/1 1939/936/1 1948/292/1
f 1950/938/1 1939/936/1 1949/937/1
f 1950/938/1 1938/939/1 1939/936/1
f 1951/940/1 1938/939/1 1950/938/1
f 1951/940/1 1937/941/1 1938/939/1
f 1952/301/1 1937/941/1 1951/940/1
f 1953/942/1 1937/941/1 1952/301/1
f 1953/942/1 1936/367/1 1937/941/1
f 1954/943/1 1936/367/1 1953/942/1
f 1955/944/1 1936/367/1 1954/943/1
f 1955/944/1 1916/307/1 1936/367/1
f 1916/307/1 1935/945/1 1936/367/1
f 1902/928/1 1955/944/1 1956/2/1
f 1902/928/1 1904/344/1 1955/944/1
f 1904/344/1 1905/946/1 1955/944/1
f 1905/946/1 1906/947/1 1955/944/1
f 1906/947/1 1907/948/1 1955/944/1
f 1907/948/1 1908/347/1 1955/944/1
f 1908/347/1 1909/949/1 1955/944/1
f 1909/949/1 1910/950/1 1955/944/1
f 1910/950/1 1911/951/1 1955/944/1
f 1911/951/1 1912/327/1 1955/944/1
f 1912/327/1 1913/952/1 1955/944/1
f 1913/952/1 1914/953/1 1955/944/1
f 1914/953/1 1915/954/1 1955/944/1
f 1915/954/1 1916/307/1 1955/944/1
f 1917/955/1 1935/945/1 1916/307/1
f 1918/956/1 1935/945/1 1917/955/1
f 1919/957/1 1935/945/1 1918/956/1
f 1920/277/1 1935/945/1 1919/957/1
f 1920/277/1 1934/958/1 1935/945/1
f 1921/959/1 1934/958/1 1920/277/1
f 1922/960/1 1934/958/1 1921/959/1
f 1923/961/1 1934/958/1 1922/960/1
f 1923/961/1 1933/962/1 1934/958/1
f 1924/284/1 1933/962/1 1923/961/1
f 1925/963/1 1933/962/1 1924/284/1
f 1925/963/1 1932/353/1 1933/962/1
f 1926/964/1 1932/353/1 1925/963/1
f 1902/928/1 1903/965/1 1904/344/1
f 1927/966/1 1932/353/1 1926/964/1
f 1927/966/1 1931/967/1 1932/353/1
f 1928/254/1 1931/967/1 1927/966/1
f 1929/968/1 1931/967/1 1928/254/1
f 1929/968/1 1930/969/1 1931/967/1
f 1995/274/1 1993/275/1 1994/276/1
f 1995/274/1 1992/277/1 1993/275/1
f 1996/278/1 1992/277/1 1995/274/1
f 1996/278/1 1991/279/1 1992/277/1
f 1997/280/1 1991/279/1 1996/278/1
f 1997/280/1 1990/281/1 1991/279/1
f 1998/282/1 1990/281/1 1997/280/1
f 1998/282/1 1989/283/1 1990/281/1
f 1999/284/1 1989/283/1 1998/282/1
f 1999/284/1 1988/285/1 1989/283/1
f 2000/286/1 1988/285/1 1999/284/1
f 2000/286/1 1987/287/1 1988/285/1
f 2001/288/1 2043/289/1 2000/286/1
f 2043/289/1 1987/287/1 2000/286/1
f 2001/288/1 2042/290/1 2043/289/1
f 2044/291/1 1987/287/1 2043/289/1
f 2001/288/1 2041/292/1 2042/290/1
f 2045/293/1 1987/287/1 2044/291/1
f 2001/288/1 2040/294/1 2041/292/1
f 2046/295/1 1987/287/1 2045/293/1
f 2046/295/1 1986/296/1 1987/287/1
f 2001/288/1 2039/297/1 2040/294/1
f 2002/298/1 2039/297/1 2001/288/1
f 2047/299/1 1986/296/1 2046/295/1
f 2002/298/1 2038/300/1 2039/297/1
f 2048/301/1 1986/296/1 2047/299/1
f 2002/298/1 2037/302/1 2038/300/1
f 2049/303/1 1986/296/1 2048/301/1
f 2002/298/1 2036/304/1 2037/302/1
f 2050/305/1 1986/296/1 2049/303/1
f 2003/306/1 2036/304/1 2002/298/1
f 2050/305/1 1985/307/1 1986/296/1
f 2003/306/1 2035/308/1 2036/304/1
f 2051/309/1 1985/307/1 2050/305/1
f 2003/306/1 2034/310/1 2035/308/1
f 2052/311/1 1985/307/1 2051/309/1
f 2004/312/1 2034/310/1 2003/306/1
f 2052/311/1 1984/313/1 1985/307/1
f 2004/312/1 2033/314/1 2034/310/1
f 2053/315/1 1984/313/1 2052/311/1
f 2004/312/1 2032/316/1 2033/314/1
f 2054/317/1 1984/313/1 2053/315/1
f 2005/318/1 2032/316/1 2004/312/1
f 2005/318/1 2031/319/1 2032/316/1
f 2054/317/1 1983/320/1 1984/313/1
f 2055/2/1 1983/320/1 2054/317/1
f 2005/318/1 2055/2/1 2031/319/1
f 2005/318/1 1983/320/1 2055/2/1
f 2006/254/1 1983/320/1 2005/318/1
f 2006/254/1 1982/321/1 1983/320/1
f 2007/322/1 1981/323/1 2006/254/1
f 1981/323/1 1982/321/1 2006/254/1
f 2007/322/1 1980/324/1 1981/323/1
f 2008/325/1 1980/324/1 2007/322/1
f 2008/325/1 1979/326/1 1980/324/1
f 2008/325/1 1978/327/1 1979/326/1
f 2009/328/1 1978/327/1 2008/325/1
f 2009/328/1 1977/329/1 1978/327/1
f 2010/330/1 1977/329/1 2009/328/1
f 2010/330/1 1976/331/1 1977/329/1
f 1958/332/1 2030/333/1 1957/3/1
f 2010/330/1 1975/334/1 1976/331/1
f 1959/335/1 2030/333/1 1958/332/1
f 1960/336/1 2030/333/1 1959/335/1
f 2011/337/1 1975/334/1 2010/330/1
f 2011/337/1 1974/338/1 1975/334/1
f 1961/339/1 2030/333/1 1960/336/1
f 1962/340/1 2030/333/1 1961/339/1
f 2011/337/1 1973/341/1 1974/338/1
f 1963/342/1 2030/333/1 1962/340/1
f 2011/337/1 1972/343/1 1973/341/1
f 1964/344/1 2030/333/1 1963/342/1
f 2012/345/1 1972/343/1 2011/337/1
f 1965/346/1 2030/333/1 1964/344/1
f 2012/345/1 1971/347/1 1972/343/1
f 1966/348/1 2030/333/1 1965/346/1
f 2012/345/1 1970/349/1 1971/347/1
f 1967/350/1 2030/333/1 1966/348/1
f 1968/351/1 2030/333/1 1967/350/1
f 2012/345/1 1969/352/1 1970/349/1
f 1969/352/1 2030/333/1 1968/351/1
f 2012/345/1 2030/333/1 1969/352/1
f 2013/353/1 2030/333/1 2012/345/1
f 2013/353/1 2029/354/1 2030/333/1
f 2014/355/1 2029/354/1 2013/353/1
f 2014/355/1 2028/356/1 2029/354/1
f 2014/355/1 2027/357/1 2028/356/1
f 2015/358/1 2027/357/1 2014/355/1
f 2015/358/1 2026/359/1 2027/357/1
f 2015/358/1 2025/360/1 2026/359/1
f 2016/361/1 2025/360/1 2015/358/1
f 2016/361/1 2024/362/1 2025/360/1
f 2016/361/1 2023/363/1 2024/362/1
f 2017/364/1 2023/363/1 2016/361/1
f 2017/364/1 2022/365/1 2023/363/1
f 2017/364/1 2021/366/1 2022/365/1
f 2017/364/1 2020/367/1 2021/366/1
f 2018/368/1 2020/367/1 2017/364/1
f 2018/368/1 2019/369/1 2020/367/1
f 2150/644/1 2148/645/1 2149/646/1
f 2126/647/1 2124/648/1 2125/649/1
f 2151/650/1 2148/645/1 2150/644/1
f 2151/650/1 2147/651/1 2148/645/1
f 2127/652/1 2124/648/1 2126/647/1
f 2127/652/1 2123/653/1 2124/648/1
f 2152/654/1 2147/651/1 2151/650/1
f 2152/654/1 2146/655/1 2147/651/1
f 2128/656/1 2123/653/1 2127/652/1
f 2153/657/1 2146/655/1 2152/654/1
f 2153/657/1 2145/658/1 2146/655/1
f 2128/656/1 2122/659/1 2123/653/1
f 2129/660/1 2122/659/1 2128/656/1
f 2154/661/1 2145/658/1 2153/657/1
f 2057/662/1 2162/2/1 2056/3/1
f 2057/662/1 2161/663/1 2162/2/1
f 2154/661/1 2144/664/1 2145/658/1
f 2130/665/1 2122/659/1 2129/660/1
f 2155/666/1 2144/664/1 2154/661/1
f 2130/665/1 2121/667/1 2122/659/1
f 2155/666/1 2143/668/1 2144/664/1
f 2156/669/1 2143/668/1 2155/666/1
f 2131/670/1 2121/667/1 2130/665/1
f 2156/669/1 2142/671/1 2143/668/1
f 2131/670/1 2120/672/1 2121/667/1
f 2157/673/1 2142/671/1 2156/669/1
f 2132/674/1 2120/672/1 2131/670/1
f 2157/673/1 2141/675/1 2142/671/1
f 2158/676/1 2141/675/1 2157/673/1
f 2133/677/1 2120/672/1 2132/674/1
f 2133/677/1 2119/678/1 2120/672/1
f 2158/676/1 2140/679/1 2141/675/1
f 2159/680/1 2140/679/1 2158/676/1
f 2134/681/1 2119/678/1 2133/677/1
f 2159/680/1 2139/682/1 2140/679/1
f 2160/683/1 2139/682/1 2159/680/1
f 2134/681/1 2118/684/1 2119/678/1
f 2135/685/1 2118/684/1 2134/681/1
f 2160/683/1 2138/686/1 2139/682/1
f 2161/663/1 2138/686/1 2160/683/1
f 2136/687/1 2118/684/1 2135/685/1
f 2136/687/1 2098/688/1 2118/684/1
f 2098/688/1 2117/689/1 2118/684/1
f 2057/662/1 2059/690/1 2161/663/1
f 2059/690/1 2060/691/1 2161/663/1
f 2060/691/1 2061/692/1 2161/663/1
f 2061/692/1 2062/693/1 2161/663/1
f 2062/693/1 2063/694/1 2161/663/1
f 2063/694/1 2064/695/1 2161/663/1
f 2064/695/1 2065/696/1 2161/663/1
f 2065/696/1 2066/697/1 2161/663/1
f 2066/697/1 2067/698/1 2161/663/1
f 2067/698/1 2068/699/1 2161/663/1
f 2068/699/1 2069/700/1 2161/663/1
f 2069/700/1 2070/701/1 2161/663/1
f 2070/701/1 2138/686/1 2161/663/1
f 2070/701/1 2071/702/1 2138/686/1
f 2071/702/1 2137/703/1 2138/686/1
f 2137/703/1 2097/704/1 2136/687/1
f 2097/704/1 2098/688/1 2136/687/1
f 2072/705/1 2137/703/1 2071/702/1
f 2099/706/1 2117/689/1 2098/688/1
f 2137/703/1 2096/707/1 2097/704/1
f 2073/708/1 2137/703/1 2072/705/1
f 2100/709/1 2117/689/1 2099/706/1
f 2137/703/1 2095/710/1 2096/707/1
f 2074/711/1 2137/703/1 2073/708/1
f 2101/712/1 2117/689/1 2100/709/1
f 2137/703/1 2094/713/1 2095/710/1
f 2075/714/1 2137/703/1 2074/711/1
f 2075/714/1 2094/713/1 2137/703/1
f 2102/715/1 2117/689/1 2101/712/1
f 2075/714/1 2093/716/1 2094/713/1
f 2102/715/1 2116/717/1 2117/689/1
f 2076/718/1 2093/716/1 2075/714/1
f 2076/718/1 2092/719/1 2093/716/1
f 2103/720/1 2116/717/1 2102/715/1
f 2076/718/1 2091/721/1 2092/719/1
f 2077/722/1 2091/721/1 2076/718/1
f 2104/723/1 2116/717/1 2103/720/1
f 2077/722/1 2090/724/1 2091/721/1
f 2078/725/1 2090/724/1 2077/722/1
f 2105/726/1 2116/717/1 2104/723/1
f 2078/725/1 2089/727/1 2090/724/1
f 2105/726/1 2115/728/1 2116/717/1
f 2079/729/1 2089/727/1 2078/725/1
f 2079/729/1 2088/730/1 2089/727/1
f 2106/731/1 2115/728/1 2105/726/1
f 2079/729/1 2087/732/1 2088/730/1
f 2080/733/1 2087/732/1 2079/729/1
f 2107/734/1 2115/728/1 2106/731/1
f 2080/733/1 2086/735/1 2087/732/1
f 2107/734/1 2114/736/1 2115/728/1
f 2081/737/1 2086/735/1 2080/733/1
f 2057/662/1 2058/738/1 2059/690/1
f 2081/737/1 2085/739/1 2086/735/1
f 2108/740/1 2114/736/1 2107/734/1
f 2082/741/1 2085/739/1 2081/737/1
f 2109/254/1 2114/736/1 2108/740/1
f 2109/254/1 2113/742/1 2114/736/1
f 2083/743/1 2085/739/1 2082/741/1
f 2110/744/1 2113/742/1 2109/254/1
f 2110/744/1 2112/745/1 2113/742/1
f 2084/746/1 2085/739/1 2083/743/1
f 2111/747/1 2112/745/1 2110/744/1
f 2201/274/1 2199/275/1 2200/276/1
f 2201/274/1 2198/277/1 2199/275/1
f 2202/278/1 2198/277/1 2201/274/1
f 2202/278/1 2197/279/1 2198/277/1
f 2203/280/1 2197/279/1 2202/278/1
f 2203/280/1 2196/281/1 2197/279/1
f 2204/282/1 2196/281/1 2203/280/1
f 2204/282/1 2195/283/1 2196/281/1
f 2205/284/1 2195/283/1 2204/282/1
f 2205/284/1 2194/285/1 2195/283/1
f 2206/286/1 2194/285/1 2205/284/1
f 2206/286/1 2193/287/1 2194/285/1
f 2207/288/1 2249/289/1 2206/286/1
f 2249/289/1 2193/287/1 2206/286/1
f 2207/288/1 2248/290/1 2249/289/1
f 2250/291/1 2193/287/1 2249/289/1
f 2207/288/1 2247/292/1 2248/290/1
f 2251/293/1 2193/287/1 2250/291/1
f 2207/288/1 2246/294/1 2247/292/1
f 2252/295/1 2193/287/1 2251/293/1
f 2252/295/1 2192/296/1 2193/287/1
f 2207/288/1 2245/297/1 2246/294/1
f 2208/298/1 2245/297/1 2207/288/1
f 2253/299/1 2192/296/1 2252/295/1
f 2208/298/1 2244/300/1 2245/297/1
f 2254/301/1 2192/296/1 2253/299/1
f 2208/298/1 2243/302/1 2244/300/1
f 2255/303/1 2192/296/1 2254/301/1
f 2208/298/1 2242/304/1 2243/302/1
f 2256/305/1 2192/296/1 2255/303/1
f 2209/306/1 2242/304/1 2208/298/1
f 2256/305/1 2191/307/1 2192/296/1
f 2209/306/1 2241/308/1 2242/304/1
f 2257/309/1 2191/307/1 2256/305/1
f 2209/306/1 2240/310/1 2241/308/1
f 2258/311/1 2191/307/1 2257/309/1
f 2210/312/1 2240/310/1 2209/306/1
f 2258/311/1 2190/313/1 2191/307/1
f 2210/312/1 2239/314/1 2240/310/1
f 2259/315/1 2190/313/1 2258/311/1
f 2210/312/1 2238/316/1 2239/314/1
f 2260/317/1 2190/313/1 2259/315/1
f 2211/318/1 2238/316/1 2210/312/1
f 2211/318/1 2237/319/1 2238/316/1
f 2260/317/1 2189/320/1 2190/313/1
f 2261/2/1 2189/320/1 2260/317/1
f 2211/318/1 2261/2/1 2237/319/1
f 2211/318/1 2189/320/1 2261/2/1
f 2212/254/1 2189/320/1 2211/318/1
f 2212/254/1 2188/321/1 2189/320/1
f 2213/322/1 2187/323/1 2212/254/1
f 2187/323/1 2188/321/1 2212/254/1
f 2213/322/1 2186/324/1 2187/323/1
f 2214/325/1 2186/324/1 2213/322/1
f 2214/325/1 2185/326/1 2186/324/1
f 2214/325/1 2184/327/1 2185/326/1
f 2215/328/1 2184/327/1 2214/325/1
f 2215/328/1 2183/329/1 2184/327/1
f 2216/330/1 2183/329/1 2215/328/1
f 2216/330/1 2182/331/1 2183/329/1
f 2164/332/1 2236/333/1 2163/3/1
f 2216/330/1 2181/334/1 2182/331/1
f 2165/335/1 2236/333/1 2164/332/1
f 2166/336/1 2236/333/1 2165/335/1
f 2217/337/1 2181/334/1 2216/330/1
f 2217/337/1 2180/338/1 2181/334/1
f 2167/339/1 2236/333/1 2166/336/1
f 2168/340/1 2236/333/1 2167/339/1
f 2217/337/1 2179/341/1 2180/338/1
f 2169/342/1 2236/333/1 2168/340/1
f 2217/337/1 2178/343/1 2179/341/1
f 2170/344/1 2236/333/1 2169/342/1
f 2218/345/1 2178/343/1 2217/337/1
f 2171/346/1 2236/333/1 2170/344/1
f 2218/345/1 2177/347/1 2178/343/1
f 2172/348/1 2236/333/1 2171/346/1
f 2218/345/1 2176/349/1 2177/347/1
f 2173/350/1 2236/333/1 2172/348/1
f 2174/351/1 2236/333/1 2173/350/1
f 2218/345/1 2175/352/1 2176/349/1
f 2175/352/1 2236/333/1 2174/351/1
f 2218/345/1 2236/333/1 2175/352/1
f 2219/353/1 2236/333/1 2218/345/1
f 2219/353/1 2235/354/1 2236/333/1
f 2220/355/1 2235/354/1 2219/353/1
f 2220/355/1 2234/356/1 2235/354/1
f 2220/355/1 2233/357/1 2234/356/1
f 2221/358/1 2233/357/1 2220/355/1
f 2221/358/1 2232/359/1 2233/357/1
f 2221/358/1 2231/360/1 2232/359/1
f 2222/361/1 2231/360/1 2221/358/1
f 2222/361/1 2230/362/1 2231/360/1
f 2222/361/1 2229/363/1 2230/362/1
f 2223/364/1 2229/363/1 2222/361/1
f 2223/364/1 2228/365/1 2229/363/1
f 2223/364/1 2227/366/1 2228/365/1
f 2223/364/1 2226/367/1 2227/366/1
f 2224/368/1 2226/367/1 2223/364/1
f 2224/368/1 2225/369/1 2226/367/1
f 2263/748/1 2319/2/1 2262/3/1
f 2263/748/1 2318/749/1 2319/2/1
f 2263/748/1 2317/750/1 2318/749/1
f 2264/751/1 2317/750/1 2263/748/1
f 2265/436/1 2317/750/1 2264/751/1
f 2266/752/1 2316/447/1 2265/436/1
f 2316/447/1 2317/750/1 2265/436/1
f 2266/752/1 2315/753/1 2316/447/1
f 2266/752/1 2314/754/1 2315/753/1
f 2267/755/1 2314/754/1 2266/752/1
f 2267/755/1 2313/462/1 2314/754/1
f 2267/755/1 2312/756/1 2313/462/1
f 2268/432/1 2312/756/1 2267/755/1
f 2268/432/1 2311/757/1 2312/756/1
f 2292/550/1 2290/758/1 2291/759/1
f 2293/760/1 2290/758/1 2292/550/1
f 2268/432/1 2310/469/1 2311/757/1
f 2294/761/1 2290/758/1 2293/760/1
f 2269/762/1 2310/469/1 2268/432/1
f 2269/762/1 2309/763/1 2310/469/1
f 2295/542/1 2290/758/1 2294/761/1
f 2296/764/1 2290/758/1 2295/542/1
f 2269/762/1 2308/765/1 2309/763/1
f 2297/766/1 2290/758/1 2296/764/1
f 2269/762/1 2307/478/1 2308/765/1
f 2298/512/1 2290/758/1 2297/766/1
f 2269/762/1 2306/767/1 2307/478/1
f 2299/768/1 2290/758/1 2298/512/1
f 2270/769/1 2306/767/1 2269/762/1
f 2300/228/1 2290/758/1 2299/768/1
f 2270/769/1 2305/770/1 2306/767/1
f 2301/497/1 2290/758/1 2300/228/1
f 2270/769/1 2304/487/1 2305/770/1
f 2302/771/1 2290/758/1 2301/497/1
f 2270/769/1 2303/772/1 2304/487/1
f 2303/772/1 2290/758/1 2302/771/1
f 2270/769/1 2290/758/1 2303/772/1
f 2271/457/1 2290/758/1 2270/769/1
f 2272/773/1 2290/758/1 2271/457/1
f 2273/774/1 2290/758/1 2272/773/1
f 2273/774/1 2289/540/1 2290/758/1
f 2274/489/1 2289/540/1 2273/774/1
f 2274/489/1 2288/775/1 2289/540/1
f 2274/489/1 2287/776/1 2288/775/1
f 2275/777/1 2287/776/1 2274/489/1
f 2275/777/1 2286/517/1 2287/776/1
f 2275/777/1 2285/778/1 2286/517/1
f 2275/777/1 2284/779/1 2285/778/1
f 2276/780/1 2284/779/1 2275/777/1
f 2276/780/1 2283/533/1 2284/779/1
f 2276/780/1 2282/781/1 2283/533/1
f 2277/505/1 2282/781/1 2276/780/1
f 2277/505/1 2281/245/1 2282/781/1
f 2277/505/1 2280/522/1 2281/245/1
f 2278/782/1 2280/522/1 2277/505/1
f 2278/782/1 2279/783/1 2280/522/1
f 2364/310/1 2362/930/1 2363/931/1
f 2365/932/1 2362/930/1 2364/310/1
f 2365/932/1 2361/933/1 2362/930/1
f 2366/934/1 2361/933/1 2365/932/1
f 2367/935/1 2361/933/1 2366/934/1
f 2367/935/1 2360/357/1 2361/933/1
f 2368/292/1 2360/357/1 2367/935/1
f 2322/928/1 2320/3/1 2321/929/1
f 2322/928/1 2376/2/1 2320/3/1
f 2368/292/1 2359/936/1 2360/357/1
f 2369/937/1 2359/936/1 2368/292/1
f 2370/938/1 2359/936/1 2369/937/1
f 2370/938/1 2358/939/1 2359/936/1
f 2371/940/1 2358/939/1 2370/938/1
f 2371/940/1 2357/941/1 2358/939/1
f 2372/301/1 2357/941/1 2371/940/1
f 2373/942/1 2357/941/1 2372/301/1
f 2373/942/1 2356/367/1 2357/941/1
f 2374/943/1 2356/367/1 2373/942/1
f 2375/944/1 2356/367/1 2374/943/1
f 2375/944/1 2336/307/1 2356/367/1
f 2336/307/1 2355/945/1 2356/367/1
f 2322/928/1 2375/944/1 2376/2/1
f 2322/928/1 2324/344/1 2375/944/1
f 2324/344/1 2325/946/1 2375/944/1
f 2325/946/1 2326/947/1 2375/944/1
f 2326/947/1 2327/948/1 2375/944/1
f 2327/948/1 2328/347/1 2375/944/1
f 2328/347/1 2329/949/1 2375/944/1
f 2329/949/1 2330/950/1 2375/944/1
f 2330/950/1 2331/951/1 2375/944/1
f 2331/951/1 2332/327/1 2375/944/1
f 2332/327/1 2333/952/1 2375/944/1
f 2333/952/1 2334/953/1 2375/944/1
f 2334/953/1 2335/954/1 2375/944/1
f 2335/954/1 2336/307/1 2375/944/1
f 2337/955/1 2355/945/1 2336/307/1
f 2338/956/1 2355/945/1 2337/955/1
f 2339/957/1 2355/945/1 2338/956/1
f 2340/277/1 2355/945/1 2339/957/1
f 2340/277/1 2354/958/1 2355/945/1
f 2341/959/1 2354/958/1 2340/277/1
f 2342/960/1 2354/958/1 2341/959/1
f 2343/961/1 2354/958/1 2342/960/1
f 2343/961/1 2353/962/1 2354/958/1
f 2344/284/1 2353/962/1 2343/961/1
f 2345/963/1 2353/962/1 2344/284/1
f 2345/963/1 2352/353/1 2353/962/1
f 2346/964/1 2352/353/1 2345/963/1
f 2322/928/1 2323/965/1 2324/344/1
f 2347/966/1 2352/353/1 2346/964/1
f 2347/966/1 2351/967/1 2352/353/1
f 2348/254/1 2351/967/1 2347/966/1
f 2349/968/1 2351/967/1 2348/254/1
f 2349/968/1 2350/969/1 2351/967/1
f 2415/49/1 2413/50/1 2414/51/1
f 2416/52/1 2413/50/1 2415/49/1
f 2416/52/1 2412/53/1 2413/50/1
f 2417/54/1 2412/53/1 2416/52/1
f 2418/55/1 2412/53/1 2417/54/1
f 2418/55/1 2411/56/1 2412/53/1
f 2419/57/1 2411/56/1 2418/55/1
f 2419/57/1 2410/58/1 2411/56/1
f 2420/59/1 2410/58/1 2419/57/1
f 2421/60/1 2410/58/1 2420/59/1
f 2421/60/1 2409/61/1 2410/58/1
f 2422/62/1 2409/61/1 2421/60/1
f 2422/62/1 2408/63/1 2409/61/1
f 2423/64/1 2408/63/1 2422/62/1
f 2424/65/1 2408/63/1 2423/64/1
f 2424/65/1 2407/66/1 2408/63/1
f 2425/67/1 2407/66/1 2424/65/1
f 2425/67/1 2406/68/1 2407/66/1
f 2426/69/1 2406/68/1 2425/67/1
f 2427/70/1 2428/71/1 2426/69/1
f 2428/71/1 2429/72/1 2426/69/1
f 2429/72/1 2430/73/1 2426/69/1
f 2430/73/1 2431/74/1 2426/69/1
f 2431/74/1 2432/75/1 2426/69/1
f 2432/75/1 2433/76/1 2426/69/1
f 2433/76/1 2434/77/1 2426/69/1
f 2434/77/1 2435/78/1 2426/69/1
f 2435/78/1 2436/79/1 2426/69/1
f 2436/79/1 2437/80/1 2426/69/1
f 2437/80/1 2406/68/1 2426/69/1
f 2437/80/1 2438/81/1 2406/68/1
f 2438/81/1 2439/82/1 2406/68/1
f 2439/82/1 2405/83/1 2406/68/1
f 2439/82/1 2440/84/1 2405/83/1
f 2440/84/1 2404/85/1 2405/83/1
f 2441/86/1 2404/85/1 2440/84/1
f 2442/87/1 2404/85/1 2441/86/1
f 2443/88/1 2404/85/1 2442/87/1
f 2444/89/1 2404/85/1 2443/88/1
f 2445/90/1 2404/85/1 2444/89/1
f 2445/90/1 2403/91/1 2404/85/1
f 2446/92/1 2403/91/1 2445/90/1
f 2447/93/1 2403/91/1 2446/92/1
f 2448/94/1 2403/91/1 2447/93/1
f 2448/94/1 2402/95/1 2403/91/1
f 2449/96/1 2402/95/1 2448/94/1
f 2450/97/1 2402/95/1 2449/96/1
f 2450/97/1 2401/98/1 2402/95/1
f 2451/99/1 2401/98/1 2450/97/1
f 2452/100/1 2401/98/1 2451/99/1
f 2453/101/1 2550/2/1 2452/100/1
f 2550/2/1 2401/98/1 2452/100/1
f 2454/102/1 2550/2/1 2453/101/1
f 2455/103/1 2550/2/1 2454/102/1
f 2456/104/1 2550/2/1 2455/103/1
f 2457/105/1 2550/2/1 2456/104/1
f 2457/105/1 2549/106/1 2550/2/1
f 2514/107/1 2401/98/1 2550/2/1
f 2457/105/1 2548/108/1 2549/106/1
f 2458/109/1 2548/108/1 2457/105/1
f 2458/109/1 2547/110/1 2548/108/1
f 2459/111/1 2547/110/1 2458/109/1
f 2459/111/1 2546/112/1 2547/110/1
f 2460/113/1 2546/112/1 2459/111/1
f 2460/113/1 2545/114/1 2546/112/1
f 2460/113/1 2544/115/1 2545/114/1
f 2461/116/1 2544/115/1 2460/113/1
f 2461/116/1 2543/117/1 2544/115/1
f 2462/118/1 2543/117/1 2461/116/1
f 2462/118/1 2542/119/1 2543/117/1
f 2462/118/1 2541/120/1 2542/119/1
f 2463/121/1 2541/120/1 2462/118/1
f 2463/121/1 2540/122/1 2541/120/1
f 2463/121/1 2539/123/1 2540/122/1
f 2464/124/1 2539/123/1 2463/121/1
f 2464/124/1 2538/125/1 2539/123/1
f 2465/126/1 2538/125/1 2464/124/1
f 2465/126/1 2537/127/1 2538/125/1
f 2465/126/1 2536/128/1 2537/127/1
f 2466/129/1 2536/128/1 2465/126/1
f 2466/129/1 2535/130/1 2536/128/1
f 2466/129/1 2534/131/1 2535/130/1
f 2515/132/1 2401/98/1 2514/107/1
f 2467/133/1 2534/131/1 2466/129/1
f 2516/134/1 2401/98/1 2515/132/1
f 2467/133/1 2533/135/1 2534/131/1
f 2517/136/1 2401/98/1 2516/134/1
f 2378/137/1 2513/138/1 2377/3/1
f 2517/136/1 2400/139/1 2401/98/1
f 2467/133/1 2532/140/1 2533/135/1
f 2379/141/1 2513/138/1 2378/137/1
f 2518/142/1 2400/139/1 2517/136/1
f 2518/142/1 2399/143/1 2400/139/1
f 2380/144/1 2513/138/1 2379/141/1
f 2468/145/1 2532/140/1 2467/133/1
f 2468/145/1 2531/146/1 2532/140/1
f 2518/142/1 2398/147/1 2399/143/1
f 2519/148/1 2398/147/1 2518/142/1
f 2381/149/1 2513/138/1 2380/144/1
f 2519/148/1 2397/150/1 2398/147/1
f 2520/151/1 2397/150/1 2519/148/1
f 2382/152/1 2513/138/1 2381/149/1
f 2468/145/1 2530/153/1 2531/146/1
f 2520/151/1 2396/154/1 2397/150/1
f 2383/155/1 2513/138/1 2382/152/1
f 2521/156/1 2396/154/1 2520/151/1
f 2521/156/1 2395/157/1 2396/154/1
f 2384/158/1 2513/138/1 2383/155/1
f 2468/145/1 2529/159/1 2530/153/1
f 2521/156/1 2394/160/1 2395/157/1
f 2522/161/1 2394/160/1 2521/156/1
f 2385/162/1 2513/138/1 2384/158/1
f 2522/161/1 2393/163/1 2394/160/1
f 2469/164/1 2529/159/1 2468/145/1
f 2386/165/1 2513/138/1 2385/162/1
f 2469/164/1 2528/166/1 2529/159/1
f 2523/167/1 2393/163/1 2522/161/1
f 2523/167/1 2392/168/1 2393/163/1
f 2387/169/1 2513/138/1 2386/165/1
f 2523/167/1 2391/170/1 2392/168/1
f 2388/171/1 2513/138/1 2387/169/1
f 2524/172/1 2391/170/1 2523/167/1
f 2524/172/1 2390/173/1 2391/170/1
f 2389/174/1 2513/138/1 2388/171/1
f 2524/172/1 2389/174/1 2390/173/1
f 2469/164/1 2527/175/1 2528/166/1
f 2524/172/1 2513/138/1 2389/174/1
f 2525/176/1 2513/138/1 2524/172/1
f 2469/164/1 2526/177/1 2527/175/1
f 2526/177/1 2513/138/1 2525/176/1
f 2469/164/1 2489/178/1 2526/177/1
f 2489/178/1 2513/138/1 2526/177/1
f 2470/179/1 2489/178/1 2469/164/1
f 2470/179/1 2488/180/1 2489/178/1
f 2490/181/1 2513/138/1 2489/178/1
f 2471/182/1 2488/180/1 2470/179/1
f 2471/182/1 2487/183/1 2488/180/1
f 2491/184/1 2513/138/1 2490/181/1
f 2491/184/1 2512/185/1 2513/138/1
f 2472/186/1 2487/183/1 2471/182/1
f 2472/186/1 2486/187/1 2487/183/1
f 2492/188/1 2512/185/1 2491/184/1
f 2492/188/1 2511/189/1 2512/185/1
f 2472/186/1 2485/190/1 2486/187/1
f 2493/191/1 2511/189/1 2492/188/1
f 2473/192/1 2485/190/1 2472/186/1
f 2493/191/1 2510/193/1 2511/189/1
f 2473/192/1 2484/194/1 2485/190/1
f 2494/195/1 2510/193/1 2493/191/1
f 2494/195/1 2509/196/1 2510/193/1
f 2474/197/1 2484/194/1 2473/192/1
f 2474/197/1 2483/198/1 2484/194/1
f 2495/199/1 2509/196/1 2494/195/1
f 2495/199/1 2508/200/1 2509/196/1
f 2474/197/1 2482/201/1 2483/198/1
f 2496/202/1 2508/200/1 2495/199/1
f 2496/202/1 2507/203/1 2508/200/1
f 2475/204/1 2482/201/1 2474/197/1
f 2475/204/1 2481/205/1 2482/201/1
f 2497/206/1 2507/203/1 2496/202/1
f 2497/206/1 2506/207/1 2507/203/1
f 2475/204/1 2480/208/1 2481/205/1
f 2497/206/1 2505/209/1 2506/207/1
f 2498/210/1 2505/209/1 2497/206/1
f 2476/211/1 2480/208/1 2475/204/1
f 2498/210/1 2504/212/1 2505/209/1
f 2476/211/1 2479/213/1 2480/208/1
f 2499/214/1 2504/212/1 2498/210/1
f 2499/214/1 2503/215/1 2504/212/1
f 2476/211/1 2478/216/1 2479/213/1
f 2500/217/1 2503/215/1 2499/214/1
f 2477/218/1 2478/216/1 2476/211/1
f 2500/217/1 2502/219/1 2503/215/1
f 2501/220/1 2502/219/1 2500/217/1
f 2552/748/1 2608/2/1 2551/3/1
f 2552/748/1 2607/749/1 2608/2/1
f 2552/748/1 2606/750/1 2607/749/1
f 2553/751/1 2606/750/1 2552/748/1
f 2554/436/1 2606/750/1 2553/751/1
f 2555/752/1 2605/447/1 2554/436/1
f 2605/447/1 2606/750/1 2554/436/1
f 2555/752/1 2604/753/1 2605/447/1
f 2555/752/1 2603/754/1 2604/753/1
f 2556/755/1 2603/754/1 2555/752/1
f 2556/755/1 2602/462/1 2603/754/1
f 2556/755/1 2601/756/1 2602/462/1
f 2557/432/1 2601/756/1 2556/755/1
f 2557/432/1 2600/757/1 2601/756/1
f 2581/550/1 2579/758/1 2580/759/1
f 2582/760/1 2579/758/1 2581/550/1
f 2557/432/1 2599/469/1 2600/757/1
f 2583/761/1 2579/758/1 2582/760/1
f 2558/762/1 2599/469/1 2557/432/1
f 2558/762/1 2598/763/1 2599/469/1
f 2584/542/1 2579/758/1 2583/761/1
f 2585/764/1 2579/758/1 2584/542/1
f 2558/762/1 2597/765/1 2598/763/1
f 2586/766/1 2579/758/1 2585/764/1
f 2558/762/1 2596/478/1 2597/765/1
f 2587/512/1 2579/758/1 2586/766/1
f 2558/762/1 2595/767/1 2596/478/1
f 2588/768/1 2579/758/1 2587/512/1
f 2559/769/1 2595/767/1 2558/762/1
f 2589/228/1 2579/758/1 2588/768/1
f 2559/769/1 2594/770/1 2595/767/1
f 2590/497/1 2579/758/1 2589/228/1
f 2559/769/1 2593/487/1 2594/770/1
f 2591/771/1 2579/758/1 2590/497/1
f 2559/769/1 2592/772/1 2593/487/1
f 2592/772/1 2579/758/1 2591/771/1
f 2559/769/1 2579/758/1 2592/772/1
f 2560/457/1 2579/758/1 2559/769/1
f 2561/773/1 2579/758/1 2560/457/1
f 2562/774/1 2579/758/1 2561/773/1
f 2562/774/1 2578/540/1 2579/758/1
f 2563/489/1 2578/540/1 2562/774/1
f 2563/489/1 2577/775/1 2578/540/1
f 2563/489/1 2576/776/1 2577/775/1
f 2564/777/1 2576/776/1 2563/489/1
f 2564/777/1 2575/517/1 2576/776/1
f 2564/777/1 2574/778/1 2575/517/1
f 2564/777/1 2573/779/1 2574/778/1
f 2565/780/1 2573/779/1 2564/777/1
f 2565/780/1 2572/533/1 2573/779/1
f 2565/780/1 2571/781/1 2572/533/1
f 2566/505/1 2571/781/1 2565/780/1
f 2566/505/1 2570/245/1 2571/781/1
f 2566/505/1 2569/522/1 2570/245/1
f 2567/782/1 2569/522/1 2566/505/1
f 2567/782/1 2568/783/1 2569/522/1
f 2622/428/1 2620/429/1 2621/430/1
f 2622/428/1 2619/431/1 2620/429/1
f 2623/432/1 2619/431/1 2622/428/1
f 2623/432/1 2618/433/1 2619/431/1
f 2623/432/1 2617/434/1 2618/433/1
f 2624/435/1 2617/434/1 2623/432/1
f 2624/435/1 2616/436/1 2617/434/1
f 2624/435/1 2615/437/1 2616/436/1
f 2625/438/1 2615/437/1 2624/435/1
f 2625/438/1 2614/439/1 2615/437/1
f 2625/438/1 2613/440/1 2614/439/1
f 2626/441/1 2613/440/1 2625/438/1
f 2626/441/1 2612/442/1 2613/440/1
f 2626/441/1 2611/443/1 2612/442/1
f 2627/444/1 2611/443/1 2626/441/1
f 2627/444/1 2610/445/1 2611/443/1
f 2627/444/1 2609/3/1 2610/445/1
f 2628/347/1 2609/3/1 2627/444/1
f 2628/347/1 2734/446/1 2609/3/1
f 2734/446/1 2735/447/1 2609/3/1
f 2735/447/1 2736/448/1 2609/3/1
f 2736/448/1 2737/449/1 2609/3/1
f 2737/449/1 2738/450/1 2609/3/1
f 2738/450/1 2739/451/1 2609/3/1
f 2739/451/1 2740/452/1 2609/3/1
f 2740/452/1 2741/453/1 2609/3/1
f 2741/453/1 2742/2/1 2609/3/1
f 2629/454/1 2732/455/1 2628/347/1
f 2732/455/1 2733/456/1 2628/347/1
f 2733/456/1 2734/446/1 2628/347/1
f 2630/457/1 2731/458/1 2629/454/1
f 2731/458/1 2732/455/1 2629/454/1
f 2631/459/1 2729/460/1 2630/457/1
f 2729/460/1 2730/461/1 2630/457/1
f 2730/461/1 2731/458/1 2630/457/1
f 2631/459/1 2728/462/1 2729/460/1
f 2631/459/1 2727/463/1 2728/462/1
f 2631/459/1 2726/464/1 2727/463/1
f 2631/459/1 2725/465/1 2726/464/1
f 2631/459/1 2724/466/1 2725/465/1
f 2632/467/1 2724/466/1 2631/459/1
f 2632/467/1 2723/292/1 2724/466/1
f 2632/467/1 2722/468/1 2723/292/1
f 2632/467/1 2721/469/1 2722/468/1
f 2632/467/1 2720/470/1 2721/469/1
f 2633/471/1 2720/470/1 2632/467/1
f 2633/471/1 2719/472/1 2720/470/1
f 2633/471/1 2718/473/1 2719/472/1
f 2633/471/1 2717/474/1 2718/473/1
f 2634/475/1 2717/474/1 2633/471/1
f 2634/475/1 2716/476/1 2717/474/1
f 2634/475/1 2715/477/1 2716/476/1
f 2634/475/1 2714/478/1 2715/477/1
f 2634/475/1 2713/479/1 2714/478/1
f 2634/475/1 2712/480/1 2713/479/1
f 2635/481/1 2712/480/1 2634/475/1
f 2635/481/1 2711/482/1 2712/480/1
f 2635/481/1 2710/483/1 2711/482/1
f 2635/481/1 2709/484/1 2710/483/1
f 2636/485/1 2709/484/1 2635/481/1
f 2636/485/1 2708/486/1 2709/484/1
f 2636/485/1 2707/487/1 2708/486/1
f 2636/485/1 2706/488/1 2707/487/1
f 2637/489/1 2706/488/1 2636/485/1
f 2637/489/1 2705/490/1 2706/488/1
f 2638/491/1 2705/490/1 2637/489/1
f 2638/491/1 2704/357/1 2705/490/1
f 2638/491/1 2703/492/1 2704/357/1
f 2639/493/1 2703/492/1 2638/491/1
f 2639/493/1 2702/494/1 2703/492/1
f 2640/495/1 2702/494/1 2639/493/1
f 2640/495/1 2701/496/1 2702/494/1
f 2640/495/1 2700/497/1 2701/496/1
f 2641/498/1 2700/497/1 2640/495/1
f 2641/498/1 2699/499/1 2700/497/1
f 2642/500/1 2699/499/1 2641/498/1
f 2642/500/1 2698/501/1 2699/499/1
f 2642/500/1 2697/502/1 2698/501/1
f 2643/503/1 2697/502/1 2642/500/1
f 2643/503/1 2696/504/1 2697/502/1
f 2644/505/1 2696/504/1 2643/503/1
f 2644/505/1 2695/506/1 2696/504/1
f 2645/507/1 2695/506/1 2644/505/1
f 2645/507/1 2694/508/1 2695/506/1
f 2670/509/1 2668/510/1 2669/511/1
f 2645/507/1 2693/512/1 2694/508/1
f 2646/513/1 2693/512/1 2645/507/1
f 2670/509/1 2667/514/1 2668/510/1
f 2647/307/1 2693/512/1 2646/513/1
f 2670/509/1 2666/284/1 2667/514/1
f 2648/515/1 2693/512/1 2647/307/1
f 2648/515/1 2692/516/1 2693/512/1
f 2670/509/1 2665/517/1 2666/284/1
f 2649/518/1 2692/516/1 2648/515/1
f 2670/509/1 2664/519/1 2665/517/1
f 2650/520/1 2692/516/1 2649/518/1
f 2670/509/1 2663/521/1 2664/519/1
f 2651/522/1 2692/516/1 2650/520/1
f 2651/522/1 2691/523/1 2692/516/1
f 2670/509/1 2662/524/1 2663/521/1
f 2652/525/1 2691/523/1 2651/522/1
f 2653/526/1 2691/523/1 2652/525/1
f 2670/509/1 2661/527/1 2662/524/1
f 2654/528/1 2691/523/1 2653/526/1
f 2670/509/1 2660/529/1 2661/527/1
f 2655/530/1 2691/523/1 2654/528/1
f 2670/509/1 2659/531/1 2660/529/1
f 2656/532/1 2691/523/1 2655/530/1
f 2670/509/1 2658/533/1 2659/531/1
f 2657/534/1 2691/523/1 2656/532/1
f 2670/509/1 2657/534/1 2658/533/1
f 2657/534/1 2690/535/1 2691/523/1
f 2670/509/1 2690/535/1 2657/534/1
f 2670/509/1 2689/536/1 2690/535/1
f 2670/509/1 2688/537/1 2689/536/1
f 2671/538/1 2688/537/1 2670/509/1
f 2671/538/1 2687/539/1 2688/537/1
f 2672/540/1 2687/539/1 2671/538/1
f 2673/541/1 2687/539/1 2672/540/1
f 2673/541/1 2686/542/1 2687/539/1
f 2674/543/1 2686/542/1 2673/541/1
f 2675/544/1 2686/542/1 2674/543/1
f 2675/544/1 2685/353/1 2686/542/1
f 2676/545/1 2685/353/1 2675/544/1
f 2676/545/1 2684/546/1 2685/353/1
f 2677/547/1 2684/546/1 2676/545/1
f 2678/548/1 2684/546/1 2677/547/1
f 2678/548/1 2683/549/1 2684/546/1
f 2679/550/1 2683/549/1 2678/548/1
f 2680/551/1 2683/549/1 2679/550/1
f 2680/551/1 2682/552/1 2683/549/1
f 2681/553/1 2682/552/1 2680/551/1
f 2787/310/1 2785/930/1 2786/931/1
f 2788/932/1 2785/930/1 2787/310/1
f 2788/932/1 2784/933/1 2785/930/1
f 2789/934/1 2784/933/1 2788/932/1
f 2790/935/1 2784/933/1 2789/934/1
f 2790/935/1 2783/357/1 2784/933/1
f 2791/292/1 2783/357/1 2790/935/1
f 2745/928/1 2743/3/1 2744/929/1
f 2745/928/1 2799/2/1 2743/3/1
f 2791/292/1 2782/936/1 2783/357/1
f 2792/937/1 2782/936/1 2791/292/1
f 2793/938/1 2782/936/1 2792/937/1
f 2793/938/1 2781/939/1 2782/936/1
f 2794/940/1 2781/939/1 2793/938/1
f 2794/940/1 2780/941/1 2781/939/1
f 2795/301/1 2780/941/1 2794/940/1
f 2796/942/1 2780/941/1 2795/301/1
f 2796/942/1 2779/367/1 2780/941/1
f 2797/943/1 2779/367/1 2796/942/1
f 2798/944/1 2779/367/1 2797/943/1
f 2798/944/1 2759/307/1 2779/367/1
f 2759/307/1 2778/945/1 2779/367/1
f 2745/928/1 2798/944/1 2799/2/1
f 2745/928/1 2747/344/1 2798/944/1
f 2747/344/1 2748/946/1 2798/944/1
f 2748/946/1 2749/947/1 2798/944/1
f 2749/947/1 2750/948/1 2798/944/1
f 2750/948/1 2751/347/1 2798/944/1
f 2751/347/1 2752/949/1 2798/944/1
f 2752/949/1 2753/950/1 2798/944/1
f 2753/950/1 2754/951/1 2798/944/1
f 2754/951/1 2755/327/1 2798/944/1
f 2755/327/1 2756/952/1 2798/944/1
f 2756/952/1 2757/953/1 2798/944/1
f 2757/953/1 2758/954/1 2798/944/1
f 2758/954/1 2759/307/1 2798/944/1
f 2760/955/1 2778/945/1 2759/307/1
f 2761/956/1 2778/945/1 2760/955/1
f 2762/957/1 2778/945/1 2761/956/1
f 2763/277/1 2778/945/1 2762/957/1
f 2763/277/1 2777/958/1 2778/945/1
f 2764/959/1 2777/958/1 2763/277/1
f 2765/960/1 2777/958/1 2764/959/1
f 2766/961/1 2777/958/1 2765/960/1
f 2766/961/1 2776/962/1 2777/958/1
f 2767/284/1 2776/962/1 2766/961/1
f 2768/963/1 2776/962/1 2767/284/1
f 2768/963/1 2775/353/1 2776/962/1
f 2769/964/1 2775/353/1 2768/963/1
f 2745/928/1 2746/965/1 2747/344/1
f 2770/966/1 2775/353/1 2769/964/1
f 2770/966/1 2774/967/1 2775/353/1
f 2771/254/1 2774/967/1 2770/966/1
f 2772/968/1 2774/967/1 2771/254/1
f 2772/968/1 2773/969/1 2774/967/1
f 2801/970/1 2847/971/1 2800/3/1
f 2801/970/1 2846/972/1 2847/971/1
f 2802/973/1 2846/972/1 2801/970/1
f 2802/973/1 2845/540/1 2846/972/1
f 2803/974/1 2845/540/1 2802/973/1
f 2803/974/1 2844/975/1 2845/540/1
f 2804/976/1 2844/975/1 2803/974/1
f 2804/976/1 2843/977/1 2844/975/1
f 2805/436/1 2843/977/1 2804/976/1
f 2805/436/1 2842/978/1 2843/977/1
f 2806/979/1 2842/978/1 2805/436/1
f 2806/979/1 2841/980/1 2842/978/1
f 2807/981/1 2848/982/1 2806/979/1
f 2848/982/1 2841/980/1 2806/979/1
f 2807/981/1 2895/2/1 2848/982/1
f 2849/983/1 2841/980/1 2848/982/1
f 2807/981/1 2894/984/1 2895/2/1
f 2850/550/1 2841/980/1 2849/983/1
f 2807/981/1 2893/985/1 2894/984/1
f 2851/986/1 2841/980/1 2850/550/1
f 2851/986/1 2840/517/1 2841/980/1
f 2808/987/1 2893/985/1 2807/981/1
f 2808/987/1 2892/988/1 2893/985/1
f 2852/989/1 2840/517/1 2851/986/1
f 2808/987/1 2891/990/1 2892/988/1
f 2853/991/1 2840/517/1 2852/989/1
f 2808/987/1 2890/447/1 2891/990/1
f 2854/992/1 2840/517/1 2853/991/1
f 2854/992/1 2839/993/1 2840/517/1
f 2809/994/1 2890/447/1 2808/987/1
f 2809/994/1 2889/995/1 2890/447/1
f 2855/542/1 2839/993/1 2854/992/1
f 2809/994/1 2888/996/1 2889/995/1
f 2856/997/1 2839/993/1 2855/542/1
f 2856/997/1 2838/998/1 2839/993/1
f 2810/432/1 2888/996/1 2809/994/1
f 2810/432/1 2887/999/1 2888/996/1
f 2857/1000/1 2838/998/1 2856/997/1
f 2857/1000/1 2837/1001/1 2838/998/1
f 2811/1002/1 2887/999/1 2810/432/1
f 2811/1002/1 2886/1003/1 2887/999/1
f 2858/1004/1 2837/1001/1 2857/1000/1
f 2811/1002/1 2885/462/1 2886/1003/1
f 2859/1005/1 2837/1001/1 2858/1004/1
f 2859/1005/1 2836/1006/1 2837/1001/1
f 2812/1007/1 2885/462/1 2811/1002/1
f 2812/1007/1 2884/1008/1 2885/462/1
f 2860/512/1 2836/1006/1 2859/1005/1
f 2813/1009/1 2884/1008/1 2812/1007/1
f 2813/1009/1 2883/1010/1 2884/1008/1
f 2860/512/1 2835/533/1 2836/1006/1
f 2861/1011/1 2835/533/1 2860/512/1
f 2813/1009/1 2882/1012/1 2883/1010/1
f 2862/1013/1 2835/533/1 2861/1011/1
f 2814/1014/1 2882/1012/1 2813/1009/1
f 2862/1013/1 2834/1015/1 2835/533/1
f 2814/1014/1 2881/1016/1 2882/1012/1
f 2863/1017/1 2834/1015/1 2862/1013/1
f 2814/1014/1 2880/469/1 2881/1016/1
f 2815/457/1 2880/469/1 2814/1014/1
f 2864/1018/1 2834/1015/1 2863/1017/1
f 2864/1018/1 2833/1019/1 2834/1015/1
f 2815/457/1 2879/1020/1 2880/469/1
f 2865/497/1 2833/1019/1 2864/1018/1
f 2816/1021/1 2879/1020/1 2815/457/1
f 2865/497/1 2832/1022/1 2833/1019/1
f 2816/1021/1 2878/1023/1 2879/1020/1
f 2866/1024/1 2832/1022/1 2865/497/1
f 2816/1021/1 2877/1025/1 2878/1023/1
f 2867/1026/1 2832/1022/1 2866/1024/1
f 2817/1027/1 2877/1025/1 2816/1021/1
f 2867/1026/1 2831/1028/1 2832/1022/1
f 2817/1027/1 2876/1029/1 2877/1025/1
f 2868/1030/1 2831/1028/1 2867/1026/1
f 2817/1027/1 2875/478/1 2876/1029/1
f 2869/1031/1 2831/1028/1 2868/1030/1
f 2817/1027/1 2874/1032/1 2875/478/1
f 2870/487/1 2831/1028/1 2869/1031/1
f 2818/1033/1 2874/1032/1 2817/1027/1
f 2870/487/1 2830/522/1 2831/1028/1
f 2818/1033/1 2873/1034/1 2874/1032/1
f 2871/1035/1 2830/522/1 2870/487/1
f 2818/1033/1 2872/1036/1 2873/1034/1
f 2872/1036/1 2830/522/1 2871/1035/1
f 2818/1033/1 2830/522/1 2872/1036/1
f 2819/1037/1 2830/522/1 2818/1033/1
f 2819/1037/1 2829/1038/1 2830/522/1
f 2820/489/1 2829/1038/1 2819/1037/1
f 2820/489/1 2828/1039/1 2829/1038/1
f 2821/1040/1 2828/1039/1 2820/489/1
f 2821/1040/1 2827/1041/1 2828/1039/1
f 2822/1042/1 2827/1041/1 2821/1040/1
f 2822/1042/1 2826/1043/1 2827/1041/1
f 2823/1044/1 2826/1043/1 2822/1042/1
f 2823/1044/1 2825/505/1 2826/1043/1
f 2824/1045/1 2825/505/1 2823/1044/1
f 2909/832/1 2907/833/1 2908/834/1
f 2909/832/1 2906/835/1 2907/833/1
f 2909/832/1 2905/836/1 2906/835/1
f 2910/837/1 2905/836/1 2909/832/1
f 2910/837/1 2904/838/1 2905/836/1
f 2910/837/1 2903/839/1 2904/838/1
f 2910/837/1 2902/840/1 2903/839/1
f 2911/841/1 2902/840/1 2910/837/1
f 2911/841/1 2901/842/1 2902/840/1
f 2911/841/1 2900/843/1 2901/842/1
f 2911/841/1 2899/844/1 2900/843/1
f 2912/845/1 2899/844/1 2911/841/1
f 2912/845/1 2898/846/1 2899/844/1
f 2912/845/1 2897/847/1 2898/846/1
f 2912/845/1 2896/3/1 2897/847/1
f 2913/848/1 2896/3/1 2912/845/1
f 2913/848/1 2985/849/1 2896/3/1
f 2985/849/1 2986/850/1 2896/3/1
f 2986/850/1 2987/851/1 2896/3/1
f 2987/851/1 2988/852/1 2896/3/1
f 2988/852/1 2989/853/1 2896/3/1
f 2989/853/1 2990/854/1 2896/3/1
f 2990/854/1 2991/855/1 2896/3/1
f 2991/855/1 2992/856/1 2896/3/1
f 2992/856/1 2993/2/1 2896/3/1
f 2914/857/1 2983/858/1 2913/848/1
f 2983/858/1 2984/859/1 2913/848/1
f 2984/859/1 2985/849/1 2913/848/1
f 2915/860/1 2981/861/1 2914/857/1
f 2981/861/1 2982/862/1 2914/857/1
f 2982/862/1 2983/858/1 2914/857/1
f 2915/860/1 2980/863/1 2981/861/1
f 2915/860/1 2979/864/1 2980/863/1
f 2915/860/1 2978/865/1 2979/864/1
f 2916/866/1 2978/865/1 2915/860/1
f 2916/866/1 2977/867/1 2978/865/1
f 2916/866/1 2976/868/1 2977/867/1
f 2916/866/1 2975/869/1 2976/868/1
f 2917/870/1 2975/869/1 2916/866/1
f 2917/870/1 2974/871/1 2975/869/1
f 2917/870/1 2973/872/1 2974/871/1
f 2918/873/1 2973/872/1 2917/870/1
f 2918/873/1 2972/874/1 2973/872/1
f 2918/873/1 2971/875/1 2972/874/1
f 2919/876/1 2971/875/1 2918/873/1
f 2919/876/1 2970/877/1 2971/875/1
f 2920/878/1 2970/877/1 2919/876/1
f 2920/878/1 2969/879/1 2970/877/1
f 2920/878/1 2968/880/1 2969/879/1
f 2921/881/1 2968/880/1 2920/878/1
f 2921/881/1 2967/882/1 2968/880/1
f 2922/883/1 2967/882/1 2921/881/1
f 2922/883/1 2966/884/1 2967/882/1
f 2922/883/1 2965/885/1 2966/884/1
f 2923/886/1 2965/885/1 2922/883/1
f 2923/886/1 2964/887/1 2965/885/1
f 2923/886/1 2963/888/1 2964/887/1
f 2924/889/1 2963/888/1 2923/886/1
f 2924/889/1 2962/890/1 2963/888/1
f 2946/891/1 2944/892/1 2945/893/1
f 2924/889/1 2961/894/1 2962/890/1
f 2947/895/1 2944/892/1 2946/891/1
f 2925/896/1 2961/894/1 2924/889/1
f 2948/897/1 2944/892/1 2947/895/1
f 2925/896/1 2960/898/1 2961/894/1
f 2949/899/1 2944/892/1 2948/897/1
f 2950/900/1 2944/892/1 2949/899/1
f 2951/901/1 2944/892/1 2950/900/1
f 2925/896/1 2959/902/1 2960/898/1
f 2952/903/1 2944/892/1 2951/901/1
f 2953/904/1 2944/892/1 2952/903/1
f 2925/896/1 2958/905/1 2959/902/1
f 2954/906/1 2944/892/1 2953/904/1
f 2955/907/1 2944/892/1 2954/906/1
f 2925/896/1 2957/908/1 2958/905/1
f 2956/909/1 2944/892/1 2955/907/1
f 2926/910/1 2957/908/1 2925/896/1
f 2957/908/1 2944/892/1 2956/909/1
f 2926/910/1 2944/892/1 2957/908/1
f 2927/911/1 2944/892/1 2926/910/1
f 2928/912/1 2944/892/1 2927/911/1
f 2929/913/1 2944/892/1 2928/912/1
f 2929/913/1 2943/914/1 2944/892/1
f 2929/913/1 2942/915/1 2943/914/1
f 2929/913/1 2941/916/1 2942/915/1
f 2930/917/1 2941/916/1 2929/913/1
f 2930/917/1 2940/918/1 2941/916/1
f 2930/917/1 2939/919/1 2940/918/1
f 2930/917/1 2938/920/1 2939/919/1
f 2930/917/1 2937/921/1 2938/920/1
f 2931/922/1 2937/921/1 2930/917/1
f 2931/922/1 2936/923/1 2937/921/1
f 2931/922/1 2935/924/1 2936/923/1
f 2931/922/1 2934/925/1 2935/924/1
f 2932/926/1 2934/925/1 2931/922/1
f 2932/926/1 2933/927/1 2934/925/1
f 3032/49/1 3030/50/1 3031/51/1
f 3033/52/1 3030/50/1 3032/49/1
f 3033/52/1 3029/53/1 3030/50/1
f 3034/54/1 3029/53/1 3033/52/1
f 3035/55/1 3029/53/1 3034/54/1
f 3035/55/1 3028/56/1 3029/53/1
f 3036/57/1 3028/56/1 3035/55/1
f 3036/57/1 3027/58/1 3028/56/1
f 3037/59/1 3027/58/1 3036/57/1
f 3038/60/1 3027/58/1 3037/59/1
f 3038/60/1 3026/61/1 3027/58/1
f 3039/62/1 3026/61/1 3038/60/1
f 3039/62/1 3025/63/1 3026/61/1
f 3040/64/1 3025/63/1 3039/62/1
f 3041/65/1 3025/63/1 3040/64/1
f 3041/65/1 3024/66/1 3025/63/1
f 3042/67/1 3024/66/1 3041/65/1
f 3042/67/1 3023/68/1 3024/66/1
f 3043/69/1 3023/68/1 3042/67/1
f 3044/70/1 3045/71/1 3043/69/1
f 3045/71/1 3046/72/1 3043/69/1
f 3046/72/1 3047/73/1 3043/69/1
f 3047/73/1 3048/74/1 3043/69/1
f 3048/74/1 3049/75/1 3043/69/1
f 3049/75/1 3050/76/1 3043/69/1
f 3050/76/1 3051/77/1 3043/69/1
f 3051/77/1 3052/78/1 3043/69/1
f 3052/78/1 3053/79/1 3043/69/1
f 3053/79/1 3054/80/1 3043/69/1
f 3054/80/1 3023/68/1 3043/69/1
f 3054/80/1 3055/81/1 3023/68/1
f 3055/81/1 3056/82/1 3023/68/1
f 3056/82/1 3022/83/1 3023/68/1
f 3056/82/1 3057/84/1 3022/83/1
f 3057/84/1 3021/85/1 3022/83/1
f 3058/86/1 3021/85/1 3057/84/1
f 3059/87/1 3021/85/1 3058/86/1
f 3060/88/1 3021/85/1 3059/87/1
f 3061/89/1 3021/85/1 3060/88/1
f 3062/90/1 3021/85/1 3061/89/1
f 3062/90/1 3020/91/1 3021/85/1
f 3063/92/1 3020/91/1 3062/90/1
f 3064/93/1 3020/91/1 3063/92/1
f 3065/94/1 3020/91/1 3064/93/1
f 3065/94/1 3019/95/1 3020/91/1
f 3066/96/1 3019/95/1 3065/94/1
f 3067/97/1 3019/95/1 3066/96/1
f 3067/97/1 3018/98/1 3019/95/1
f 3068/99/1 3018/98/1 3067/97/1
f 3069/100/1 3018/98/1 3068/99/1
f 3070/101/1 3167/2/1 3069/100/1
f 3167/2/1 3018/98/1 3069/100/1
f 3071/102/1 3167/2/1 3070/101/1
f 3072/103/1 3167/2/1 3071/102/1
f 3073/104/1 3167/2/1 3072/103/1
f 3074/105/1 3167/2/1 3073/104/1
f 3074/105/1 3166/106/1 3167/2/1
f 3131/107/1 3018/98/1 3167/2/1
f 3074/105/1 3165/108/1 3166/106/1
f 3075/109/1 3165/108/1 3074/105/1
f 3075/109/1 3164/110/1 3165/108/1
f 3076/111/1 3164/110/1 3075/109/1
f 3076/111/1 3163/112/1 3164/110/1
f 3077/113/1 3163/112/1 3076/111/1
f 3077/113/1 3162/114/1 3163/112/1
f 3077/113/1 3161/115/1 3162/114/1
f 3078/116/1 3161/115/1 3077/113/1
f 3078/116/1 3160/117/1 3161/115/1
f 3079/118/1 3160/117/1 3078/116/1
f 3079/118/1 3159/119/1 3160/117/1
f 3079/118/1 3158/120/1 3159/119/1
f 3080/121/1 3158/120/1 3079/118/1
f 3080/121/1 3157/122/1 3158/120/1
f 3080/121/1 3156/123/1 3157/122/1
f 3081/124/1 3156/123/1 3080/121/1
f 3081/124/1 3155/125/1 3156/123/1
f 3082/126/1 3155/125/1 3081/124/1
f 3082/126/1 3154/127/1 3155/125/1
f 3082/126/1 3153/128/1 3154/127/1
f 3083/129/1 3153/128/1 3082/126/1
f 3083/129/1 3152/130/1 3153/128/1
f 3083/129/1 3151/131/1 3152/130/1
f 3132/132/1 3018/98/1 3131/107/1
f 3084/133/1 3151/131/1 3083/129/1
f 3133/134/1 3018/98/1 3132/132/1
f 3084/133/1 3150/135/1 3151/131/1
f 3134/136/1 3018/98/1 3133/134/1
f 2995/137/1 3130/138/1 2994/3/1
f 3134/136/1 3017/139/1 3018/98/1
f 3084/133/1 3149/140/1 3150/135/1
f 2996/141/1 3130/138/1 2995/137/1
f 3135/142/1 3017/139/1 3134/136/1
f 3135/142/1 3016/143/1 3017/139/1
f 2997/144/1 3130/138/1 2996/141/1
f 3085/145/1 3149/140/1 3084/133/1
f 3085/145/1 3148/146/1 3149/140/1
f 3135/142/1 3015/147/1 3016/143/1
f 3136/148/1 3015/147/1 3135/142/1
f 2998/149/1 3130/138/1 2997/144/1
f 3136/148/1 3014/150/1 3015/147/1
f 3137/151/1 3014/150/1 3136/148/1
f 2999/152/1 3130/138/1 2998/149/1
f 3085/145/1 3147/153/1 3148/146/1
f 3137/151/1 3013/154/1 3014/150/1
f 3000/155/1 3130/138/1 2999/152/1
f 3138/156/1 3013/154/1 3137/151/1
f 3138/156/1 3012/157/1 3013/154/1
f 3001/158/1 3130/138/1 3000/155/1
f 3085/145/1 3146/159/1 3147/153/1
f 3138/156/1 3011/160/1 3012/157/1
f 3139/161/1 3011/160/1 3138/156/1
f 3002/162/1 3130/138/1 3001/158/1
f 3139/161/1 3010/163/1 3011/160/1
f 3086/164/1 3146/159/1 3085/145/1
f 3003/165/1 3130/138/1 3002/162/1
f 3086/164/1 3145/166/1 3146/159/1
f 3140/167/1 3010/163/1 3139/161/1
f 3140/167/1 3009/168/1 3010/163/1
f 3004/169/1 3130/138/1 3003/165/1
f 3140/167/1 3008/170/1 3009/168/1
f 3005/171/1 3130/138/1 3004/169/1
f 3141/172/1 3008/170/1 3140/167/1
f 3141/172/1 3007/173/1 3008/170/1
f 3006/174/1 3130/138/1 3005/171/1
f 3141/172/1 3006/174/1 3007/173/1
f 3086/164/1 3144/175/1 3145/166/1
f 3141/172/1 3130/138/1 3006/174/1
f 3142/176/1 3130/138/1 3141/172/1
f 3086/164/1 3143/177/1 3144/175/1
f 3143/177/1 3130/138/1 3142/176/1
f 3086/164/1 3106/178/1 3143/177/1
f 3106/178/1 3130/138/1 3143/177/1
f 3087/179/1 3106/178/1 3086/164/1
f 3087/179/1 3105/180/1 3106/178/1
f 3107/181/1 3130/138/1 3106/178/1
f 3088/182/1 3105/180/1 3087/179/1
f 3088/182/1 3104/183/1 3105/180/1
f 3108/184/1 3130/138/1 3107/181/1
f 3108/184/1 3129/185/1 3130/138/1
f 3089/186/1 3104/183/1 3088/182/1
f 3089/186/1 3103/187/1 3104/183/1
f 3109/188/1 3129/185/1 3108/184/1
f 3109/188/1 3128/189/1 3129/185/1
f 3089/186/1 3102/190/1 3103/187/1
f 3110/191/1 3128/189/1 3109/188/1
f 3090/192/1 3102/190/1 3089/186/1
f 3110/191/1 3127/193/1 3128/189/1
f 3090/192/1 3101/194/1 3102/190/1
f 3111/195/1 3127/193/1 3110/191/1
f 3111/195/1 3126/196/1 3127/193/1
f 3091/197/1 3101/194/1 3090/192/1
f 3091/197/1 3100/198/1 3101/194/1
f 3112/199/1 3126/196/1 3111/195/1
f 3112/199/1 3125/200/1 3126/196/1
f 3091/197/1 3099/201/1 3100/198/1
f 3113/202/1 3125/200/1 3112/199/1
f 3113/202/1 3124/203/1 3125/200/1
f 3092/204/1 3099/201/1 3091/197/1
f 3092/204/1 3098/205/1 3099/201/1
f 3114/206/1 3124/203/1 3113/202/1
f 3114/206/1 3123/207/1 3124/203/1
f 3092/204/1 3097/208/1 3098/205/1
f 3114/206/1 3122/209/1 3123/207/1
f 3115/210/1 3122/209/1 3114/206/1
f 3093/211/1 3097/208/1 3092/204/1
f 3115/210/1 3121/212/1 3122/209/1
f 3093/211/1 3096/213/1 3097/208/1
f 3116/214/1 3121/212/1 3115/210/1
f 3116/214/1 3120/215/1 3121/212/1
f 3093/211/1 3095/216/1 3096/213/1
f 3117/217/1 3120/215/1 3116/214/1
f 3094/218/1 3095/216/1 3093/211/1
f 3117/217/1 3119/219/1 3120/215/1
f 3118/220/1 3119/219/1 3117/217/1
f 3198/571/1 3196/1046/1 3197/1047/1
f 3198/571/1 3195/1048/1 3196/1046/1
f 3171/1049/1 3169/1050/1 3170/1051/1
f 3171/1049/1 3168/3/1 3169/1050/1
f 3199/1052/1 3195/1048/1 3198/571/1
f 3199/1052/1 3194/1053/1 3195/1048/1
f 3199/1052/1 3193/567/1 3194/1053/1
f 3200/1054/1 3193/567/1 3199/1052/1
f 3200/1054/1 3192/1055/1 3193/567/1
f 3172/1056/1 3168/3/1 3171/1049/1
f 3200/1054/1 3191/1057/1 3192/1055/1
f 3173/564/1 3168/3/1 3172/1056/1
f 3201/1000/1 3191/1057/1 3200/1054/1
f 3201/1000/1 3190/998/1 3191/1057/1
f 3174/1058/1 3168/3/1 3173/564/1
f 3175/1059/1 3168/3/1 3174/1058/1
f 3201/1000/1 3189/1060/1 3190/998/1
f 3202/1061/1 3189/1060/1 3201/1000/1
f 3176/1062/1 3168/3/1 3175/1059/1
f 3202/1061/1 3188/615/1 3189/1060/1
f 3177/1063/1 3222/1064/1 3176/1062/1
f 3222/1064/1 3168/3/1 3176/1062/1
f 3202/1061/1 3187/1065/1 3188/615/1
f 3178/604/1 3222/1064/1 3177/1063/1
f 3202/1061/1 3186/1066/1 3187/1065/1
f 3179/1037/1 3222/1064/1 3178/604/1
f 3203/595/1 3186/1066/1 3202/1061/1
f 3180/1067/1 3222/1064/1 3179/1037/1
f 3203/595/1 3185/1068/1 3186/1066/1
f 3181/1069/1 3222/1064/1 3180/1067/1
f 3203/595/1 3184/1070/1 3185/1068/1
f 3182/1071/1 3222/1064/1 3181/1069/1
f 3203/595/1 3183/638/1 3184/1070/1
f 3183/638/1 3222/1064/1 3182/1071/1
f 3203/595/1 3222/1064/1 3183/638/1
f 3203/595/1 3221/1072/1 3222/1064/1
f 3223/2/1 3168/3/1 3222/1064/1
f 3204/1073/1 3221/1072/1 3203/595/1
f 3204/1073/1 3220/1074/1 3221/1072/1
f 3204/1073/1 3219/1075/1 3220/1074/1
f 3205/1076/1 3219/1075/1 3204/1073/1
f 3205/1076/1 3218/592/1 3219/1075/1
f 3206/1077/1 3218/592/1 3205/1076/1
f 3206/1077/1 3217/1078/1 3218/592/1
f 3206/1077/1 3216/1079/1 3217/1078/1
f 3207/1080/1 3216/1079/1 3206/1077/1
f 3207/1080/1 3215/1081/1 3216/1079/1
f 3207/1080/1 3214/1082/1 3215/1081/1
f 3208/623/1 3214/1082/1 3207/1080/1
f 3208/623/1 3213/618/1 3214/1082/1
f 3209/1083/1 3213/618/1 3208/623/1
f 3209/1083/1 3212/1029/1 3213/618/1
f 3209/1083/1 3211/1084/1 3212/1029/1
f 3210/1085/1 3211/1084/1 3209/1083/1
f 3226/1086/1 3224/3/1 3225/1087/1
f 3226/1086/1 3383/1088/1 3224/3/1
f 3227/1089/1 3383/1088/1 3226/1086/1
f 3228/1090/1 3383/1088/1 3227/1089/1
f 3229/808/1 3383/1088/1 3228/1090/1
f 3230/1091/1 3383/1088/1 3229/808/1
f 3231/1092/1 3383/1088/1 3230/1091/1
f 3232/1093/1 3383/1088/1 3231/1092/1
f 3233/1094/1 3382/1095/1 3232/1093/1
f 3382/1095/1 3383/1088/1 3232/1093/1
f 3233/1094/1 3381/1096/1 3382/1095/1
f 3234/806/1 3419/827/1 3233/1094/1
f 3419/827/1 3420/1097/1 3233/1094/1
f 3420/1097/1 3381/1096/1 3233/1094/1
f 3421/1098/1 3381/1096/1 3420/1097/1
f 3421/1098/1 3380/1099/1 3381/1096/1
f 3422/1100/1 3380/1099/1 3421/1098/1
f 3234/806/1 3418/1101/1 3419/827/1
f 3423/1102/1 3380/1099/1 3422/1100/1
f 3234/806/1 3417/1103/1 3418/1101/1
f 3424/825/1 3380/1099/1 3423/1102/1
f 3234/806/1 3416/1104/1 3417/1103/1
f 3424/825/1 3379/822/1 3380/1099/1
f 3425/1105/1 3379/822/1 3424/825/1
f 3234/806/1 3415/1106/1 3416/1104/1
f 3235/1107/1 3415/1106/1 3234/806/1
f 3426/1108/1 3379/822/1 3425/1105/1
f 3426/1108/1 3378/1109/1 3379/822/1
f 3235/1107/1 3414/828/1 3415/1106/1
f 3427/1110/1 3378/1109/1 3426/1108/1
f 3235/1107/1 3413/1111/1 3414/828/1
f 3427/1110/1 3377/1000/1 3378/1109/1
f 3428/1029/1 3377/1000/1 3427/1110/1
f 3235/1107/1 3412/1112/1 3413/1111/1
f 3428/1029/1 3376/1113/1 3377/1000/1
f 3236/1114/1 3412/1112/1 3235/1107/1
f 3429/823/1 3376/1113/1 3428/1029/1
f 3429/823/1 3375/1115/1 3376/1113/1
f 3236/1114/1 3411/1116/1 3412/1112/1
f 3429/823/1 3374/820/1 3375/1115/1
f 3430/1117/1 3374/820/1 3429/823/1
f 3236/1114/1 3410/1118/1 3411/1116/1
f 3237/1119/1 3410/1118/1 3236/1114/1
f 3430/1117/1 3373/1120/1 3374/820/1
f 3431/1121/1 3373/1120/1 3430/1117/1
f 3237/1119/1 3409/830/1 3410/1118/1
f 3431/1121/1 3372/1122/1 3373/1120/1
f 3384/824/1 3372/1122/1 3431/1121/1
f 3237/1119/1 3408/1123/1 3409/830/1
f 3384/824/1 3371/1124/1 3372/1122/1
f 3238/1125/1 3408/1123/1 3237/1119/1
f 3385/1126/1 3371/1124/1 3384/824/1
f 3385/1126/1 3370/1127/1 3371/1124/1
f 3238/1125/1 3407/1128/1 3408/1123/1
f 3239/804/1 3407/1128/1 3238/1125/1
f 3385/1126/1 3369/818/1 3370/1127/1
f 3386/1129/1 3369/818/1 3385/1126/1
f 3239/804/1 3406/1130/1 3407/1128/1
f 3240/1131/1 3406/1130/1 3239/804/1
f 3386/1129/1 3368/1132/1 3369/818/1
f 3241/1133/1 3406/1130/1 3240/1131/1
f 3387/1134/1 3368/1132/1 3386/1129/1
f 3241/1133/1 3405/1135/1 3406/1130/1
f 3387/1134/1 3367/1136/1 3368/1132/1
f 3242/1137/1 3405/1135/1 3241/1133/1
f 3388/1138/1 3367/1136/1 3387/1134/1
f 3242/1137/1 3404/831/1 3405/1135/1
f 3243/1139/1 3404/831/1 3242/1137/1
f 3388/1138/1 3366/1140/1 3367/1136/1
f 3389/826/1 3366/1140/1 3388/1138/1
f 3244/802/1 3404/831/1 3243/1139/1
f 3244/802/1 3403/1141/1 3404/831/1
f 3389/826/1 3365/1142/1 3366/1140/1
f 3245/1143/1 3403/1141/1 3244/802/1
f 3390/1144/1 3365/1142/1 3389/826/1
f 3245/1143/1 3402/1145/1 3403/1141/1
f 3246/1146/1 3402/1145/1 3245/1143/1
f 3390/1144/1 3364/816/1 3365/1142/1
f 3391/1147/1 3364/816/1 3390/1144/1
f 3246/1146/1 3401/1148/1 3402/1145/1
f 3247/1149/1 3401/1148/1 3246/1146/1
f 3392/1150/1 3364/816/1 3391/1147/1
f 3392/1150/1 3363/1151/1 3364/816/1
f 3247/1149/1 3400/1152/1 3401/1148/1
f 3248/1153/1 3400/1152/1 3247/1149/1
f 3393/1154/1 3363/1151/1 3392/1150/1
f 3248/1153/1 3399/829/1 3400/1152/1
f 3393/1154/1 3362/1155/1 3363/1151/1
f 3249/800/1 3399/829/1 3248/1153/1
f 3394/228/1 3362/1155/1 3393/1154/1
f 3249/800/1 3398/1156/1 3399/829/1
f 3395/1157/1 3362/1155/1 3394/228/1
f 3249/800/1 3397/1158/1 3398/1156/1
f 3250/1159/1 3397/1158/1 3249/800/1
f 3396/1160/1 3362/1155/1 3395/1157/1
f 3250/1159/1 3396/1160/1 3397/1158/1
f 3250/1159/1 3362/1155/1 3396/1160/1
f 3250/1159/1 3361/1161/1 3362/1155/1
f 3251/1162/1 3361/1161/1 3250/1159/1
f 3251/1162/1 3360/1163/1 3361/1161/1
f 3252/1164/1 3360/1163/1 3251/1162/1
f 3252/1164/1 3359/814/1 3360/1163/1
f 3253/1165/1 3359/814/1 3252/1164/1
f 3254/798/1 3359/814/1 3253/1165/1
f 3254/798/1 3358/1166/1 3359/814/1
f 3255/1167/1 3358/1166/1 3254/798/1
f 3255/1167/1 3357/1168/1 3358/1166/1
f 3256/1169/1 3357/1168/1 3255/1167/1
f 3257/1170/1 3357/1168/1 3256/1169/1
f 3258/1171/1 3357/1168/1 3257/1170/1
f 3258/1171/1 3356/1172/1 3357/1168/1
f 3259/796/1 3356/1172/1 3258/1171/1
f 3260/1173/1 3356/1172/1 3259/796/1
f 3261/1174/1 3356/1172/1 3260/1173/1
f 3261/1174/1 3355/1175/1 3356/1172/1
f 3262/1176/1 3355/1175/1 3261/1174/1
f 3263/1177/1 3355/1175/1 3262/1176/1
f 3264/795/1 3355/1175/1 3263/1177/1
f 3264/795/1 3354/812/1 3355/1175/1
f 3265/1178/1 3354/812/1 3264/795/1
f 3265/1178/1 3353/1179/1 3354/812/1
f 3266/1180/1 3353/1179/1 3265/1178/1
f 3266/1180/1 3352/1181/1 3353/1179/1
f 3267/1182/1 3352/1181/1 3266/1180/1
f 3267/1182/1 3351/1183/1 3352/1181/1
f 3268/1184/1 3351/1183/1 3267/1182/1
f 3268/1184/1 3350/1185/1 3351/1183/1
f 3268/1184/1 3349/810/1 3350/1185/1
f 3269/793/1 3349/810/1 3268/1184/1
f 3269/793/1 3348/1186/1 3349/810/1
f 3270/1187/1 3348/1186/1 3269/793/1
f 3270/1187/1 3347/1188/1 3348/1186/1
f 3271/1189/1 3347/1188/1 3270/1187/1
f 3272/1190/1 3347/1188/1 3271/1189/1
f 3272/1190/1 3346/1191/1 3347/1188/1
f 3273/1192/1 3346/1191/1 3272/1190/1
f 3273/1192/1 3345/1193/1 3346/1191/1
f 3274/791/1 3345/1193/1 3273/1192/1
f 3274/791/1 3344/809/1 3345/1193/1
f 3275/1037/1 3344/809/1 3274/791/1
f 3275/1037/1 3343/1194/1 3344/809/1
f 3276/1195/1 3343/1194/1 3275/1037/1
f 3276/1195/1 3342/1196/1 3343/1194/1
f 3277/1197/1 3342/1196/1 3276/1195/1
f 3277/1197/1 3341/1198/1 3342/1196/1
f 3278/1199/1 3341/1198/1 3277/1197/1
f 3278/1199/1 3340/1200/1 3341/1198/1
f 3279/788/1 3340/1200/1 3278/1199/1
f 3279/788/1 3339/807/1 3340/1200/1
f 3280/1201/1 3339/807/1 3279/788/1
f 3280/1201/1 3338/1202/1 3339/807/1
f 3281/1203/1 3338/1202/1 3280/1201/1
f 3281/1203/1 3337/1204/1 3338/1202/1
f 3282/1205/1 3337/1204/1 3281/1203/1
f 3282/1205/1 3336/1206/1 3337/1204/1
f 3283/1207/1 3336/1206/1 3282/1205/1
f 3283/1207/1 3335/1208/1 3336/1206/1
f 3284/789/1 3335/1208/1 3283/1207/1
f 3284/789/1 3334/805/1 3335/1208/1
f 3285/1209/1 3334/805/1 3284/789/1
f 3285/1209/1 3333/1210/1 3334/805/1
f 3286/1211/1 3333/1210/1 3285/1209/1
f 3286/1211/1 3332/1212/1 3333/1210/1
f 3287/1213/1 3332/1212/1 3286/1211/1
f 3287/1213/1 3331/1214/1 3332/1212/1
f 3288/1215/1 3331/1214/1 3287/1213/1
f 3289/787/1 3331/1214/1 3288/1215/1
f 3289/787/1 3330/1216/1 3331/1214/1
f 3290/1217/1 3330/1216/1 3289/787/1
f 3290/1217/1 3329/803/1 3330/1216/1
f 3291/1218/1 3329/803/1 3290/1217/1
f 3291/1218/1 3328/1219/1 3329/803/1
f 3292/1220/1 3328/1219/1 3291/1218/1
f 3292/1220/1 3327/1221/1 3328/1219/1
f 3293/1222/1 3468/1223/1 3292/1220/1
f 3468/1223/1 3327/1221/1 3292/1220/1
f 3468/1223/1 3469/786/1 3327/1221/1
f 3469/786/1 3326/998/1 3327/1221/1
f 3293/1222/1 3467/1224/1 3468/1223/1
f 3470/1225/1 3326/998/1 3469/786/1
f 3293/1222/1 3466/1226/1 3467/1224/1
f 3471/1227/1 3326/998/1 3470/1225/1
f 3293/1222/1 3465/1228/1 3466/1226/1
f 3294/790/1 3465/1228/1 3293/1222/1
f 3472/1229/1 3326/998/1 3471/1227/1
f 3294/790/1 3464/785/1 3465/1228/1
f 3473/1230/1 3326/998/1 3472/1229/1
f 3294/790/1 3463/1231/1 3464/785/1
f 3474/784/1 3326/998/1 3473/1230/1
f 3474/784/1 3325/1232/1 3326/998/1
f 3294/790/1 3462/1233/1 3463/1231/1
f 3475/1234/1 3325/1232/1 3474/784/1
f 3295/1235/1 3462/1233/1 3294/790/1
f 3295/1235/1 3461/1236/1 3462/1233/1
f 3476/1237/1 3325/1232/1 3475/1234/1
f 3476/1237/1 3324/801/1 3325/1232/1
f 3295/1235/1 3460/1238/1 3461/1236/1
f 3296/1239/1 3460/1238/1 3295/1235/1
f 3477/1240/1 3324/801/1 3476/1237/1
f 3296/1239/1 3459/811/1 3460/1238/1
f 3478/1241/1 3324/801/1 3477/1240/1
f 3478/1241/1 3323/1242/1 3324/801/1
f 3296/1239/1 3458/1243/1 3459/811/1
f 3297/1244/1 3458/1243/1 3296/1239/1
f 3479/2/1 3323/1242/1 3478/1241/1
f 3297/1244/1 3457/1245/1 3458/1243/1
f 3479/2/1 3322/1246/1 3323/1242/1
f 3298/1247/1 3457/1245/1 3297/1244/1
f 3298/1247/1 3456/1248/1 3457/1245/1
f 3432/1249/1 3322/1246/1 3479/2/1
f 3432/1249/1 3321/1250/1 3322/1246/1
f 3298/1247/1 3455/1251/1 3456/1248/1
f 3299/792/1 3455/1251/1 3298/1247/1
f 3433/1252/1 3321/1250/1 3432/1249/1
f 3299/792/1 3454/813/1 3455/1251/1
f 3434/821/1 3321/1250/1 3433/1252/1
f 3434/821/1 3320/1253/1 3321/1250/1
f 3299/792/1 3453/1254/1 3454/813/1
f 3435/1255/1 3320/1253/1 3434/821/1
f 3300/1256/1 3453/1254/1 3299/792/1
f 3300/1256/1 3452/1257/1 3453/1254/1
f 3436/1258/1 3320/1253/1 3435/1255/1
f 3300/1256/1 3451/1259/1 3452/1257/1
f 3436/1258/1 3319/799/1 3320/1253/1
f 3437/1260/1 3319/799/1 3436/1258/1
f 3301/1261/1 3451/1259/1 3300/1256/1
f 3301/1261/1 3450/1262/1 3451/1259/1
f 3438/1263/1 3319/799/1 3437/1260/1
f 3301/1261/1 3449/815/1 3450/1262/1
f 3439/819/1 3319/799/1 3438/1263/1
f 3301/1261/1 3448/1264/1 3449/815/1
f 3439/819/1 3318/1265/1 3319/799/1
f 3440/1266/1 3318/1265/1 3439/819/1
f 3302/1267/1 3448/1264/1 3301/1261/1
f 3302/1267/1 3447/1268/1 3448/1264/1
f 3441/1269/1 3318/1265/1 3440/1266/1
f 3302/1267/1 3446/1270/1 3447/1268/1
f 3442/1271/1 3318/1265/1 3441/1269/1
f 3302/1267/1 3445/1272/1 3446/1270/1
f 3443/1273/1 3318/1265/1 3442/1271/1
f 3302/1267/1 3444/817/1 3445/1272/1
f 3444/817/1 3318/1265/1 3443/1273/1
f 3302/1267/1 3318/1265/1 3444/817/1
f 3302/1267/1 3317/1274/1 3318/1265/1
f 3303/1275/1 3317/1274/1 3302/1267/1
f 3303/1275/1 3316/1276/1 3317/1274/1
f 3304/794/1 3316/1276/1 3303/1275/1
f 3305/1277/1 3316/1276/1 3304/794/1
f 3305/1277/1 3315/1278/1 3316/1276/1
f 3306/1279/1 3315/1278/1 3305/1277/1
f 3306/1279/1 3314/797/1 3315/1278/1
f 3307/1280/1 3314/797/1 3306/1279/1
f 3307/1280/1 3313/1281/1 3314/797/1
f 3308/1282/1 3313/1281/1 3307/1280/1
f 3308/1282/1 3312/1283/1 3313/1281/1
f 3309/245/1 3312/1283/1 3308/1282/1
f 3309/245/1 3311/1284/1 3312/1283/1
f 3310/1285/1 3311/1284/1 3309/245/1
f 3518/49/1 3516/50/1 3517/51/1
f 3519/52/1 3516/50/1 3518/49/1
f 3519/52/1 3515/53/1 3516/50/1
f 3520/54/1 3515/53/1 3519/52/1
f 3521/55/1 3515/53/1 3520/54/1
f 3521/55/1 3514/56/1 3515/53/1
f 3522/57/1 3514/56/1 3521/55/1
f 3522/57/1 3513/58/1 3514/56/1
f 3523/59/1 3513/58/1 3522/57/1
f 3524/60/1 3513/58/1 3523/59/1
f 3524/60/1 3512/61/1 3513/58/1
f 3525/62/1 3512/61/1 3524/60/1
f 3525/62/1 3511/63/1 3512/61/1
f 3526/64/1 3511/63/1 3525/62/1
f 3527/65/1 3511/63/1 3526/64/1
f 3527/65/1 3510/66/1 3511/63/1
f 3528/67/1 3510/66/1 3527/65/1
f 3528/67/1 3509/68/1 3510/66/1
f 3529/69/1 3509/68/1 3528/67/1
f 3530/70/1 3531/71/1 3529/69/1
f 3531/71/1 3532/72/1 3529/69/1
f 3532/72/1 3533/73/1 3529/69/1
f 3533/73/1 3534/74/1 3529/69/1
f 3534/74/1 3535/75/1 3529/69/1
f 3535/75/1 3536/76/1 3529/69/1
f 3536/76/1 3537/77/1 3529/69/1
f 3537/77/1 3538/78/1 3529/69/1
f 3538/78/1 3539/79/1 3529/69/1
f 3539/79/1 3540/80/1 3529/69/1
f 3540/80/1 3509/68/1 3529/69/1
f 3540/80/1 3541/81/1 3509/68/1
f 3541/81/1 3542/82/1 3509/68/1
f 3542/82/1 3508/83/1 3509/68/1
f 3542/82/1 3543/84/1 3508/83/1
f 3543/84/1 3507/85/1 3508/83/1
f 3544/86/1 3507/85/1 3543/84/1
f 3545/87/1 3507/85/1 3544/86/1
f 3546/88/1 3507/85/1 3545/87/1
f 3547/89/1 3507/85/1 3546/88/1
f 3548/90/1 3507/85/1 3547/89/1
f 3548/90/1 3506/91/1 3507/85/1
f 3549/92/1 3506/91/1 3548/90/1
f 3550/93/1 3506/91/1 3549/92/1
f 3551/94/1 3506/91/1 3550/93/1
f 3551/94/1 3505/95/1 3506/91/1
f 3552/96/1 3505/95/1 3551/94/1
f 3553/97/1 3505/95/1 3552/96/1
f 3553/97/1 3504/98/1 3505/95/1
f 3554/99/1 3504/98/1 3553/97/1
f 3555/100/1 3504/98/1 3554/99/1
f 3556/101/1 3653/2/1 3555/100/1
f 3653/2/1 3504/98/1 3555/100/1
f 3557/102/1 3653/2/1 3556/101/1
f 3558/103/1 3653/2/1 3557/102/1
f 3559/104/1 3653/2/1 3558/103/1
f 3560/105/1 3653/2/1 3559/104/1
f 3560/105/1 3652/106/1 3653/2/1
f 3617/107/1 3504/98/1 3653/2/1
f 3560/105/1 3651/108/1 3652/106/1
f 3561/109/1 3651/108/1 3560/105/1
f 3561/109/1 3650/110/1 3651/108/1
f 3562/111/1 3650/110/1 3561/109/1
f 3562/111/1 3649/112/1 3650/110/1
f 3563/113/1 3649/112/1 3562/111/1
f 3563/113/1 3648/114/1 3649/112/1
f 3563/113/1 3647/115/1 3648/114/1
f 3564/116/1 3647/115/1 3563/113/1
f 3564/116/1 3646/117/1 3647/115/1
f 3565/118/1 3646/117/1 3564/116/1
f 3565/118/1 3645/119/1 3646/117/1
f 3565/118/1 3644/120/1 3645/119/1
f 3566/121/1 3644/120/1 3565/118/1
f 3566/121/1 3643/122/1 3644/120/1
f 3566/121/1 3642/123/1 3643/122/1
f 3567/124/1 3642/123/1 3566/121/1
f 3567/124/1 3641/125/1 3642/123/1
f 3568/126/1 3641/125/1 3567/124/1
f 3568/126/1 3640/127/1 3641/125/1
f 3568/126/1 3639/128/1 3640/127/1
f 3569/129/1 3639/128/1 3568/126/1
f 3569/129/1 3638/130/1 3639/128/1
f 3569/129/1 3637/131/1 3638/130/1
f 3618/132/1 3504/98/1 3617/107/1
f 3570/133/1 3637/131/1 3569/129/1
f 3619/134/1 3504/98/1 3618/132/1
f 3570/133/1 3636/135/1 3637/131/1
f 3620/136/1 3504/98/1 3619/134/1
f 3481/137/1 3616/138/1 3480/3/1
f 3620/136/1 3503/139/1 3504/98/1
f 3570/133/1 3635/140/1 3636/135/1
f 3482/141/1 3616/138/1 3481/137/1
f 3621/142/1 3503/139/1 3620/136/1
f 3621/142/1 3502/143/1 3503/139/1
f 3483/144/1 3616/138/1 3482/141/1
f 3571/145/1 3635/140/1 3570/133/1
f 3571/145/1 3634/146/1 3635/140/1
f 3621/142/1 3501/147/1 3502/143/1
f 3622/148/1 3501/147/1 3621/142/1
f 3484/149/1 3616/138/1 3483/144/1
f 3622/148/1 3500/150/1 3501/147/1
f 3623/151/1 3500/150/1 3622/148/1
f 3485/152/1 3616/138/1 3484/149/1
f 3571/145/1 3633/153/1 3634/146/1
f 3623/151/1 3499/154/1 3500/150/1
f 3486/155/1 3616/138/1 3485/152/1
f 3624/156/1 3499/154/1 3623/151/1
f 3624/156/1 3498/157/1 3499/154/1
f 3487/158/1 3616/138/1 3486/155/1
f 3571/145/1 3632/159/1 3633/153/1
f 3624/156/1 3497/160/1 3498/157/1
f 3625/161/1 3497/160/1 3624/156/1
f 3488/162/1 3616/138/1 3487/158/1
f 3625/161/1 3496/163/1 3497/160/1
f 3572/164/1 3632/159/1 3571/145/1
f 3489/165/1 3616/138/1 3488/162/1
f 3572/164/1 3631/166/1 3632/159/1
f 3626/167/1 3496/163/1 3625/161/1
f 3626/167/1 3495/168/1 3496/163/1
f 3490/169/1 3616/138/1 3489/165/1
f 3626/167/1 3494/170/1 3495/168/1
f 3491/171/1 3616/138/1 3490/169/1
f 3627/172/1 3494/170/1 3626/167/1
f 3627/172/1 3493/173/1 3494/170/1
f 3492/174/1 3616/138/1 3491/171/1
f 3627/172/1 3492/174/1 3493/173/1
f 3572/164/1 3630/175/1 3631/166/1
f 3627/172/1 3616/138/1 3492/174/1
f 3628/176/1 3616/138/1 3627/172/1
f 3572/164/1 3629/177/1 3630/175/1
f 3629/177/1 3616/138/1 3628/176/1
f 3572/164/1 3592/178/1 3629/177/1
f 3592/178/1 3616/138/1 3629/177/1
f 3573/179/1 3592/178/1 3572/164/1
f 3573/179/1 3591/180/1 3592/178/1
f 3593/181/1 3616/138/1 3592/178/1
f 3574/182/1 3591/180/1 3573/179/1
f 3574/182/1 3590/183/1 3591/180/1
f 3594/184/1 3616/138/1 3593/181/1
f 3594/184/1 3615/185/1 3616/138/1
f 3575/186/1 3590/183/1 3574/182/1
f 3575/186/1 3589/187/1 3590/183/1
f 3595/188/1 3615/185/1 3594/184/1
f 3595/188/1 3614/189/1 3615/185/1
f 3575/186/1 3588/190/1 3589/187/1
f 3596/191/1 3614/189/1 3595/188/1
f 3576/192/1 3588/190/1 3575/186/1
f 3596/191/1 3613/193/1 3614/189/1
f 3576/192/1 3587/194/1 3588/190/1
f 3597/195/1 3613/193/1 3596/191/1
f 3597/195/1 3612/196/1 3613/193/1
f 3577/197/1 3587/194/1 3576/192/1
f 3577/197/1 3586/198/1 3587/194/1
f 3598/199/1 3612/196/1 3597/195/1
f 3598/199/1 3611/200/1 3612/196/1
f 3577/197/1 3585/201/1 3586/198/1
f 3599/202/1 3611/200/1 3598/199/1
f 3599/202/1 3610/203/1 3611/200/1
f 3578/204/1 3585/201/1 3577/197/1
f 3578/204/1 3584/205/1 3585/201/1
f 3600/206/1 3610/203/1 3599/202/1
f 3600/206/1 3609/207/1 3610/203/1
f 3578/204/1 3583/208/1 3584/205/1
f 3600/206/1 3608/209/1 3609/207/1
f 3601/210/1 3608/209/1 3600/206/1
f 3579/211/1 3583/208/1 3578/204/1
f 3601/210/1 3607/212/1 3608/209/1
f 3579/211/1 3582/213/1 3583/208/1
f 3602/214/1 3607/212/1 3601/210/1
f 3602/214/1 3606/215/1 3607/212/1
f 3579/211/1 3581/216/1 3582/213/1
f 3603/217/1 3606/215/1 3602/214/1
f 3580/218/1 3581/216/1 3579/211/1
f 3603/217/1 3605/219/1 3606/215/1
f 3604/220/1 3605/219/1 3603/217/1
f 3656/228/1 3654/3/1 3655/245/1
f 3656/228/1 3657/2/1 3654/3/1
f 3696/274/1 3694/275/1 3695/276/1
f 3696/274/1 3693/277/1 3694/275/1
f 3697/278/1 3693/277/1 3696/274/1
f 3697/278/1 3692/279/1 3693/277/1
f 3698/280/1 3692/279/1 3697/278/1
f 3698/280/1 3691/281/1 3692/279/1
f 3699/282/1 3691/281/1 3698/280/1
f 3699/282/1 3690/283/1 3691/281/1
f 3700/284/1 3690/283/1 3699/282/1
f 3700/284/1 3689/285/1 3690/283/1
f 3701/286/1 3689/285/1 3700/284/1
f 3701/286/1 3688/287/1 3689/285/1
f 3702/288/1 3744/289/1 3701/286/1
f 3744/289/1 3688/287/1 3701/286/1
f 3702/288/1 3743/290/1 3744/289/1
f 3745/291/1 3688/287/1 3744/289/1
f 3702/288/1 3742/292/1 3743/290/1
f 3746/293/1 3688/287/1 3745/291/1
f 3702/288/1 3741/294/1 3742/292/1
f 3747/295/1 3688/287/1 3746/293/1
f 3747/295/1 3687/296/1 3688/287/1
f 3702/288/1 3740/297/1 3741/294/1
f 3703/298/1 3740/297/1 3702/288/1
f 3748/299/1 3687/296/1 3747/295/1
f 3703/298/1 3739/300/1 3740/297/1
f 3749/301/1 3687/296/1 3748/299/1
f 3703/298/1 3738/302/1 3739/300/1
f 3750/303/1 3687/296/1 3749/301/1
f 3703/298/1 3737/304/1 3738/302/1
f 3751/305/1 3687/296/1 3750/303/1
f 3704/306/1 3737/304/1 3703/298/1
f 3751/305/1 3686/307/1 3687/296/1
f 3704/306/1 3736/308/1 3737/304/1
f 3752/309/1 3686/307/1 3751/305/1
f 3704/306/1 3735/310/1 3736/308/1
f 3753/311/1 3686/307/1 3752/309/1
f 3705/312/1 3735/310/1 3704/306/1
f 3753/311/1 3685/313/1 3686/307/1
f 3705/312/1 3734/314/1 3735/310/1
f 3754/315/1 3685/313/1 3753/311/1
f 3705/312/1 3733/316/1 3734/314/1
f 3755/317/1 3685/313/1 3754/315/1
f 3706/318/1 3733/316/1 3705/312/1
f 3706/318/1 3732/319/1 3733/316/1
f 3755/317/1 3684/320/1 3685/313/1
f 3756/2/1 3684/320/1 3755/317/1
f 3706/318/1 3756/2/1 3732/319/1
f 3706/318/1 3684/320/1 3756/2/1
f 3707/254/1 3684/320/1 3706/318/1
f 3707/254/1 3683/321/1 3684/320/1
f 3708/322/1 3682/323/1 3707/254/1
f 3682/323/1 3683/321/1 3707/254/1
f 3708/322/1 3681/324/1 3682/323/1
f 3709/325/1 3681/324/1 3708/322/1
f 3709/325/1 3680/326/1 3681/324/1
f 3709/325/1 3679/327/1 3680/326/1
f 3710/328/1 3679/327/1 3709/325/1
f 3710/328/1 3678/329/1 3679/327/1
f 3711/330/1 3678/329/1 3710/328/1
f 3711/330/1 3677/331/1 3678/329/1
f 3659/332/1 3731/333/1 3658/3/1
f 3711/330/1 3676/334/1 3677/331/1
f 3660/335/1 3731/333/1 3659/332/1
f 3661/336/1 3731/333/1 3660/335/1
f 3712/337/1 3676/334/1 3711/330/1
f 3712/337/1 3675/338/1 3676/334/1
f 3662/339/1 3731/333/1 3661/336/1
f 3663/340/1 3731/333/1 3662/339/1
f 3712/337/1 3674/341/1 3675/338/1
f 3664/342/1 3731/333/1 3663/340/1
f 3712/337/1 3673/343/1 3674/341/1
f 3665/344/1 3731/333/1 3664/342/1
f 3713/345/1 3673/343/1 3712/337/1
f 3666/346/1 3731/333/1 3665/344/1
f 3713/345/1 3672/347/1 3673/343/1
f 3667/348/1 3731/333/1 3666/346/1
f 3713/345/1 3671/349/1 3672/347/1
f 3668/350/1 3731/333/1 3667/348/1
f 3669/351/1 3731/333/1 3668/350/1
f 3713/345/1 3670/352/1 3671/349/1
f 3670/352/1 3731/333/1 3669/351/1
f 3713/345/1 3731/333/1 3670/352/1
f 3714/353/1 3731/333/1 3713/345/1
f 3714/353/1 3730/354/1 3731/333/1
f 3715/355/1 3730/354/1 3714/353/1
f 3715/355/1 3729/356/1 3730/354/1
f 3715/355/1 3728/357/1 3729/356/1
f 3716/358/1 3728/357/1 3715/355/1
f 3716/358/1 3727/359/1 3728/357/1
f 3716/358/1 3726/360/1 3727/359/1
f 3717/361/1 3726/360/1 3716/358/1
f 3717/361/1 3725/362/1 3726/360/1
f 3717/361/1 3724/363/1 3725/362/1
f 3718/364/1 3724/363/1 3717/361/1
f 3718/364/1 3723/365/1 3724/363/1
f 3718/364/1 3722/366/1 3723/365/1
f 3718/364/1 3721/367/1 3722/366/1
f 3719/368/1 3721/367/1 3718/364/1
f 3719/368/1 3720/369/1 3721/367/1
f 3795/49/1 3793/50/1 3794/51/1
f 3796/52/1 3793/50/1 3795/49/1
f 3796/52/1 3792/53/1 3793/50/1
f 3797/54/1 3792/53/1 3796/52/1
f 3798/55/1 3792/53/1 3797/54/1
f 3798/55/1 3791/56/1 3792/53/1
f 3799/57/1 3791/56/1 3798/55/1
f 3799/57/1 3790/58/1 3791/56/1
f 3800/59/1 3790/58/1 3799/57/1
f 3801/60/1 3790/58/1 3800/59/1
f 3801/60/1 3789/61/1 3790/58/1
f 3802/62/1 3789/61/1 3801/60/1
f 3802/62/1 3788/63/1 3789/61/1
f 3803/64/1 3788/63/1 3802/62/1
f 3804/65/1 3788/63/1 3803/64/1
f 3804/65/1 3787/66/1 3788/63/1
f 3805/67/1 3787/66/1 3804/65/1
f 3805/67/1 3786/68/1 3787/66/1
f 3806/69/1 3786/68/1 3805/67/1
f 3807/70/1 3808/71/1 3806/69/1
f 3808/71/1 3809/72/1 3806/69/1
f 3809/72/1 3810/73/1 3806/69/1
f 3810/73/1 3811/74/1 3806/69/1
f 3811/74/1 3812/75/1 3806/69/1
f 3812/75/1 3813/76/1 3806/69/1
f 3813/76/1 3814/77/1 3806/69/1
f 3814/77/1 3815/78/1 3806/69/1
f 3815/78/1 3816/79/1 3806/69/1
f 3816/79/1 3817/80/1 3806/69/1
f 3817/80/1 3786/68/1 3806/69/1
f 3817/80/1 3818/81/1 3786/68/1
f 3818/81/1 3819/82/1 3786/68/1
f 3819/82/1 3785/83/1 3786/68/1
f 3819/82/1 3820/84/1 3785/83/1
f 3820/84/1 3784/85/1 3785/83/1
f 3821/86/1 3784/85/1 3820/84/1
f 3822/87/1 3784/85/1 3821/86/1
f 3823/88/1 3784/85/1 3822/87/1
f 3824/89/1 3784/85/1 3823/88/1
f 3825/90/1 3784/85/1 3824/89/1
f 3825/90/1 3783/91/1 3784/85/1
f 3826/92/1 3783/91/1 3825/90/1
f 3827/93/1 3783/91/1 3826/92/1
f 3828/94/1 3783/91/1 3827/93/1
f 3828/94/1 3782/95/1 3783/91/1
f 3829/96/1 3782/95/1 3828/94/1
f 3830/97/1 3782/95/1 3829/96/1
f 3830/97/1 3781/98/1 3782/95/1
f 3831/99/1 3781/98/1 3830/97/1
f 3832/100/1 3781/98/1 3831/99/1
f 3833/101/1 3930/2/1 3832/100/1
f 3930/2/1 3781/98/1 3832/100/1
f 3834/102/1 3930/2/1 3833/101/1
f 3835/103/1 3930/2/1 3834/102/1
f 3836/104/1 3930/2/1 3835/103/1
f 3837/105/1 3930/2/1 3836/104/1
f 3837/105/1 3929/106/1 3930/2/1
f 3894/107/1 3781/98/1 3930/2/1
f 3837/105/1 3928/108/1 3929/106/1
f 3838/109/1 3928/108/1 3837/105/1
f 3838/109/1 3927/110/1 3928/108/1
f 3839/111/1 3927/110/1 3838/109/1
f 3839/111/1 3926/112/1 3927/110/1
f 3840/113/1 3926/112/1 3839/111/1
f 3840/113/1 3925/114/1 3926/112/1
f 3840/113/1 3924/115/1 3925/114/1
f 3841/116/1 3924/115/1 3840/113/1
f 3841/116/1 3923/117/1 3924/115/1
f 3842/118/1 3923/117/1 3841/116/1
f 3842/118/1 3922/119/1 3923/117/1
f 3842/118/1 3921/120/1 3922/119/1
f 3843/121/1 3921/120/1 3842/118/1
f 3843/121/1 3920/122/1 3921/120/1
f 3843/121/1 3919/123/1 3920/122/1
f 3844/124/1 3919/123/1 3843/121/1
f 3844/124/1 3918/125/1 3919/123/1
f 3845/126/1 3918/125/1 3844/124/1
f 3845/126/1 3917/127/1 3918/125/1
f 3845/126/1 3916/128/1 3917/127/1
f 3846/129/1 3916/128/1 3845/126/1
f 3846/129/1 3915/130/1 3916/128/1
f 3846/129/1 3914/131/1 3915/130/1
f 3895/132/1 3781/98/1 3894/107/1
f 3847/133/1 3914/131/1 3846/129/1
f 3896/134/1 3781/98/1 3895/132/1
f 3847/133/1 3913/135/1 3914/131/1
f 3897/136/1 3781/98/1 3896/134/1
f 3758/137/1 3893/138/1 3757/3/1
f 3897/136/1 3780/139/1 3781/98/1
f 3847/133/1 3912/140/1 3913/135/1
f 3759/141/1 3893/138/1 3758/137/1
f 3898/142/1 3780/139/1 3897/136/1
f 3898/142/1 3779/143/1 3780/139/1
f 3760/144/1 3893/138/1 3759/141/1
f 3848/145/1 3912/140/1 3847/133/1
f 3848/145/1 3911/146/1 3912/140/1
f 3898/142/1 3778/147/1 3779/143/1
f 3899/148/1 3778/147/1 3898/142/1
f 3761/149/1 3893/138/1 3760/144/1
f 3899/148/1 3777/150/1 3778/147/1
f 3900/151/1 3777/150/1 3899/148/1
f 3762/152/1 3893/138/1 3761/149/1
f 3848/145/1 3910/153/1 3911/146/1
f 3900/151/1 3776/154/1 3777/150/1
f 3763/155/1 3893/138/1 3762/152/1
f 3901/156/1 3776/154/1 3900/151/1
f 3901/156/1 3775/157/1 3776/154/1
f 3764/158/1 3893/138/1 3763/155/1
f 3848/145/1 3909/159/1 3910/153/1
f 3901/156/1 3774/160/1 3775/157/1
f 3902/161/1 3774/160/1 3901/156/1
f 3765/162/1 3893/138/1 3764/158/1
f 3902/161/1 3773/163/1 3774/160/1
f 3849/164/1 3909/159/1 3848/145/1
f 3766/165/1 3893/138/1 3765/162/1
f 3849/164/1 3908/166/1 3909/159/1
f 3903/167/1 3773/163/1 3902/161/1
f 3903/167/1 3772/168/1 3773/163/1
f 3767/169/1 3893/138/1 3766/165/1
f 3903/167/1 3771/170/1 3772/168/1
f 3768/171/1 3893/138/1 3767/169/1
f 3904/172/1 3771/170/1 3903/167/1
f 3904/172/1 3770/173/1 3771/170/1
f 3769/174/1 3893/138/1 3768/171/1
f 3904/172/1 3769/174/1 3770/173/1
f 3849/164/1 3907/175/1 3908/166/1
f 3904/172/1 3893/138/1 3769/174/1
f 3905/176/1 3893/138/1 3904/172/1
f 3849/164/1 3906/177/1 3907/175/1
f 3906/177/1 3893/138/1 3905/176/1
f 3849/164/1 3869/178/1 3906/177/1
f 3869/178/1 3893/138/1 3906/177/1
f 3850/179/1 3869/178/1 3849/164/1
f 3850/179/1 3868/180/1 3869/178/1
f 3870/181/1 3893/138/1 3869/178/1
f 3851/182/1 3868/180/1 3850/179/1
f 3851/182/1 3867/183/1 3868/180/1
f 3871/184/1 3893/138/1 3870/181/1
f 3871/184/1 3892/185/1 3893/138/1
f 3852/186/1 3867/183/1 3851/182/1
f 3852/186/1 3866/187/1 3867/183/1
f 3872/188/1 3892/185/1 3871/184/1
f 3872/188/1 3891/189/1 3892/185/1
f 3852/186/1 3865/190/1 3866/187/1
f 3873/191/1 3891/189/1 3872/188/1
f 3853/192/1 3865/190/1 3852/186/1
f 3873/191/1 3890/193/1 3891/189/1
f 3853/192/1 3864/194/1 3865/190/1
f 3874/195/1 3890/193/1 3873/191/1
f 3874/195/1 3889/196/1 3890/193/1
f 3854/197/1 3864/194/1 3853/192/1
f 3854/197/1 3863/198/1 3864/194/1
f 3875/199/1 3889/196/1 3874/195/1
f 3875/199/1 3888/200/1 3889/196/1
f 3854/197/1 3862/201/1 3863/198/1
f 3876/202/1 3888/200/1 3875/199/1
f 3876/202/1 3887/203/1 3888/200/1
f 3855/204/1 3862/201/1 3854/197/1
f 3855/204/1 3861/205/1 3862/201/1
f 3877/206/1 3887/203/1 3876/202/1
f 3877/206/1 3886/207/1 3887/203/1
f 3855/204/1 3860/208/1 3861/205/1
f 3877/206/1 3885/209/1 3886/207/1
f 3878/210/1 3885/209/1 3877/206/1
f 3856/211/1 3860/208/1 3855/204/1
f 3878/210/1 3884/212/1 3885/209/1
f 3856/211/1 3859/213/1 3860/208/1
f 3879/214/1 3884/212/1 3878/210/1
f 3879/214/1 3883/215/1 3884/212/1
f 3856/211/1 3858/216/1 3859/213/1
f 3880/217/1 3883/215/1 3879/214/1
f 3857/218/1 3858/216/1 3856/211/1
f 3880/217/1 3882/219/1 3883/215/1
f 3881/220/1 3882/219/1 3880/217/1
f 3972/221/1 3970/222/1 3971/223/1
f 3972/221/1 3969/224/1 3970/222/1
f 3973/225/1 3969/224/1 3972/221/1
f 3973/225/1 3968/226/1 3969/224/1
f 3974/227/1 3968/226/1 3973/225/1
f 3974/227/1 3967/228/1 3968/226/1
f 3974/227/1 3966/229/1 3967/228/1
f 3975/230/1 3966/229/1 3974/227/1
f 3975/230/1 3965/231/1 3966/229/1
f 3932/232/1 3985/2/1 3931/3/1
f 3932/232/1 3984/233/1 3985/2/1
f 3976/234/1 3965/231/1 3975/230/1
f 3976/234/1 3964/235/1 3965/231/1
f 3976/234/1 3963/236/1 3964/235/1
f 3977/237/1 3963/236/1 3976/234/1
f 3977/237/1 3962/238/1 3963/236/1
f 3978/239/1 3962/238/1 3977/237/1
f 3978/239/1 3961/240/1 3962/238/1
f 3978/239/1 3960/241/1 3961/240/1
f 3979/242/1 3960/241/1 3978/239/1
f 3979/242/1 3959/243/1 3960/241/1
f 3980/244/1 3959/243/1 3979/242/1
f 3980/244/1 3949/245/1 3959/243/1
f 3949/245/1 3950/246/1 3959/243/1
f 3950/246/1 3951/247/1 3959/243/1
f 3951/247/1 3952/248/1 3959/243/1
f 3952/248/1 3953/249/1 3959/243/1
f 3953/249/1 3954/250/1 3959/243/1
f 3954/250/1 3955/251/1 3959/243/1
f 3955/251/1 3956/252/1 3959/243/1
f 3956/252/1 3957/253/1 3959/243/1
f 3957/253/1 3958/254/1 3959/243/1
f 3981/255/1 3947/256/1 3980/244/1
f 3947/256/1 3948/257/1 3980/244/1
f 3948/257/1 3949/245/1 3980/244/1
f 3982/258/1 3945/259/1 3981/255/1
f 3945/259/1 3946/260/1 3981/255/1
f 3946/260/1 3947/256/1 3981/255/1
f 3982/258/1 3944/261/1 3945/259/1
f 3982/258/1 3943/262/1 3944/261/1
f 3983/263/1 3943/262/1 3982/258/1
f 3983/263/1 3942/264/1 3943/262/1
f 3983/263/1 3941/265/1 3942/264/1
f 3932/232/1 3983/263/1 3984/233/1
f 3932/232/1 3937/266/1 3983/263/1
f 3937/266/1 3938/267/1 3983/263/1
f 3938/267/1 3939/268/1 3983/263/1
f 3939/268/1 3940/269/1 3983/263/1
f 3940/269/1 3941/265/1 3983/263/1
f 3932/232/1 3936/270/1 3937/266/1
f 3932/232/1 3935/271/1 3936/270/1
f 3932/232/1 3934/272/1 3935/271/1
f 3932/232/1 3933/273/1 3934/272/1
f 3987/970/1 4033/971/1 3986/3/1
f 3987/970/1 4032/972/1 4033/971/1
f 3988/973/1 4032/972/1 3987/970/1
f 3988/973/1 4031/540/1 4032/972/1
f 3989/974/1 4031/540/1 3988/973/1
f 3989/974/1 4030/975/1 4031/540/1
f 3990/976/1 4030/975/1 3989/974/1
f 3990/976/1 4029/977/1 4030/975/1
f 3991/436/1 4029/977/1 3990/976/1
f 3991/436/1 4028/978/1 4029/977/1
f 3992/979/1 4028/978/1 3991/436/1
f 3992/979/1 4027/980/1 4028/978/1
f 3993/981/1 4034/982/1 3992/979/1
f 4034/982/1 4027/980/1 3992/979/1
f 3993/981/1 4081/2/1 4034/982/1
f 4035/983/1 4027/980/1 4034/982/1
f 3993/981/1 4080/984/1 4081/2/1
f 4036/550/1 4027/980/1 4035/983/1
f 3993/981/1 4079/985/1 4080/984/1
f 4037/986/1 4027/980/1 4036/550/1
f 4037/986/1 4026/517/1 4027/980/1
f 3994/987/1 4079/985/1 3993/981/1
f 3994/987/1 4078/988/1 4079/985/1
f 4038/989/1 4026/517/1 4037/986/1
f 3994/987/1 4077/990/1 4078/988/1
f 4039/991/1 4026/517/1 4038/989/1
f 3994/987/1 4076/447/1 4077/990/1
f 4040/992/1 4026/517/1 4039/991/1
f 4040/992/1 4025/993/1 4026/517/1
f 3995/994/1 4076/447/1 3994/987/1
f 3995/994/1 4075/995/1 4076/447/1
f 4041/542/1 4025/993/1 4040/992/1
f 3995/994/1 4074/996/1 4075/995/1
f 4042/997/1 4025/993/1 4041/542/1
f 4042/997/1 4024/998/1 4025/993/1
f 3996/432/1 4074/996/1 3995/994/1
f 3996/432/1 4073/999/1 4074/996/1
f 4043/1000/1 4024/998/1 4042/997/1
f 4043/1000/1 4023/1001/1 4024/998/1
f 3997/1002/1 4073/999/1 3996/432/1
f 3997/1002/1 4072/1003/1 4073/999/1
f 4044/1004/1 4023/1001/1 4043/1000/1
f 3997/1002/1 4071/462/1 4072/1003/1
f 4045/1005/1 4023/1001/1 4044/1004/1
f 4045/1005/1 4022/1006/1 4023/1001/1
f 3998/1007/1 4071/462/1 3997/1002/1
f 3998/1007/1 4070/1008/1 4071/462/1
f 4046/512/1 4022/1006/1 4045/1005/1
f 3999/1009/1 4070/1008/1 3998/1007/1
f 3999/1009/1 4069/1010/1 4070/1008/1
f 4046/512/1 4021/533/1 4022/1006/1
f 4047/1011/1 4021/533/1 4046/512/1
f 3999/1009/1 4068/1012/1 4069/1010/1
f 4048/1013/1 4021/533/1 4047/1011/1
f 4000/1014/1 4068/1012/1 3999/1009/1
f 4048/1013/1 4020/1015/1 4021/533/1
f 4000/1014/1 4067/1016/1 4068/1012/1
f 4049/1017/1 4020/1015/1 4048/1013/1
f 4000/1014/1 4066/469/1 4067/1016/1
f 4001/457/1 4066/469/1 4000/1014/1
f 4050/1018/1 4020/1015/1 4049/1017/1
f 4050/1018/1 4019/1019/1 4020/1015/1
f 4001/457/1 4065/1020/1 4066/469/1
f 4051/497/1 4019/1019/1 4050/1018/1
f 4002/1021/1 4065/1020/1 4001/457/1
f 4051/497/1 4018/1022/1 4019/1019/1
f 4002/1021/1 4064/1023/1 4065/1020/1
f 4052/1024/1 4018/1022/1 4051/497/1
f 4002/1021/1 4063/1025/1 4064/1023/1
f 4053/1026/1 4018/1022/1 4052/1024/1
f 4003/1027/1 4063/1025/1 4002/1021/1
f 4053/1026/1 4017/1028/1 4018/1022/1
f 4003/1027/1 4062/1029/1 4063/1025/1
f 4054/1030/1 4017/1028/1 4053/1026/1
f 4003/1027/1 4061/478/1 4062/1029/1
f 4055/1031/1 4017/1028/1 4054/1030/1
f 4003/1027/1 4060/1032/1 4061/478/1
f 4056/487/1 4017/1028/1 4055/1031/1
f 4004/1033/1 4060/1032/1 4003/1027/1
f 4056/487/1 4016/522/1 4017/1028/1
f 4004/1033/1 4059/1034/1 4060/1032/1
f 4057/1035/1 4016/522/1 4056/487/1
f 4004/1033/1 4058/1036/1 4059/1034/1
f 4058/1036/1 4016/522/1 4057/1035/1
f 4004/1033/1 4016/522/1 4058/1036/1
f 4005/1037/1 4016/522/1 4004/1033/1
f 4005/1037/1 4015/1038/1 4016/522/1
f 4006/489/1 4015/1038/1 4005/1037/1
f 4006/489/1 4014/1039/1 4015/1038/1
f 4007/1040/1 4014/1039/1 4006/489/1
f 4007/1040/1 4013/1041/1 4014/1039/1
f 4008/1042/1 4013/1041/1 4007/1040/1
f 4008/1042/1 4012/1043/1 4013/1041/1
f 4009/1044/1 4012/1043/1 4008/1042/1
f 4009/1044/1 4011/505/1 4012/1043/1
f 4010/1045/1 4011/505/1 4009/1044/1
f 4120/1286/1 4122/1287/1 4119/1288/1
f 4122/1287/1 4118/1289/1 4119/1288/1
f 4122/1287/1 4117/567/1 4118/1289/1
f 4122/1287/1 4116/1290/1 4117/567/1
f 4122/1287/1 4115/284/1 4116/1290/1
f 4122/1287/1 4114/1291/1 4115/284/1
f 4122/1287/1 4113/1292/1 4114/1291/1
f 4122/1287/1 4112/1293/1 4113/1292/1
f 4122/1287/1 4111/1294/1 4112/1293/1
f 4122/1287/1 4123/1295/1 4111/1294/1
f 4123/1295/1 4124/571/1 4111/1294/1
f 4124/571/1 4110/615/1 4111/1294/1
f 4120/1286/1 4159/2/1 4122/1287/1
f 4125/1296/1 4110/615/1 4124/571/1
f 4126/353/1 4110/615/1 4125/1296/1
f 4127/1297/1 4110/615/1 4126/353/1
f 4128/1298/1 4110/615/1 4127/1297/1
f 4128/1298/1 4109/1299/1 4110/615/1
f 4129/1300/1 4109/1299/1 4128/1298/1
f 4130/1301/1 4109/1299/1 4129/1300/1
f 4130/1301/1 4108/1302/1 4109/1299/1
f 4131/595/1 4108/1302/1 4130/1301/1
f 4132/1303/1 4108/1302/1 4131/595/1
f 4132/1303/1 4107/1304/1 4108/1302/1
f 4133/1305/1 4107/1304/1 4132/1303/1
f 4134/1306/1 4107/1304/1 4133/1305/1
f 4134/1306/1 4106/1307/1 4107/1304/1
f 4135/1308/1 4106/1307/1 4134/1306/1
f 4136/1309/1 4106/1307/1 4135/1308/1
f 4136/1309/1 4105/1310/1 4106/1307/1
f 4137/357/1 4105/1310/1 4136/1309/1
f 4137/357/1 4104/307/1 4105/1310/1
f 4138/623/1 4104/307/1 4137/357/1
f 4139/1311/1 4104/307/1 4138/623/1
f 4139/1311/1 4103/638/1 4104/307/1
f 4140/1312/1 4103/638/1 4139/1311/1
f 4141/1313/1 4103/638/1 4140/1312/1
f 4141/1313/1 4102/1314/1 4103/638/1
f 4142/1315/1 4102/1314/1 4141/1313/1
f 4142/1315/1 4101/1316/1 4102/1314/1
f 4143/1317/1 4101/1316/1 4142/1315/1
f 4120/1286/1 4158/1318/1 4159/2/1
f 4144/1319/1 4101/1316/1 4143/1317/1
f 4120/1286/1 4157/1320/1 4158/1318/1
f 4120/1286/1 4156/1321/1 4157/1320/1
f 4120/1286/1 4082/3/1 4156/1321/1
f 4082/3/1 4155/1322/1 4156/1321/1
f 4145/618/1 4101/1316/1 4144/1319/1
f 4082/3/1 4154/1323/1 4155/1322/1
f 4082/3/1 4153/1324/1 4154/1323/1
f 4145/618/1 4100/1325/1 4101/1316/1
f 4146/1326/1 4100/1325/1 4145/618/1
f 4082/3/1 4152/592/1 4153/1324/1
f 4082/3/1 4151/1327/1 4152/592/1
f 4082/3/1 4150/1328/1 4151/1327/1
f 4147/1329/1 4100/1325/1 4146/1326/1
f 4082/3/1 4149/1330/1 4150/1328/1
f 4082/3/1 4148/292/1 4149/1330/1
f 4082/3/1 4147/1329/1 4148/292/1
f 4082/3/1 4100/1325/1 4147/1329/1
f 4082/3/1 4099/1331/1 4100/1325/1
f 4082/3/1 4098/1332/1 4099/1331/1
f 4082/3/1 4097/1333/1 4098/1332/1
f 4120/1286/1 4121/1334/1 4082/3/1
f 4083/1335/1 4097/1333/1 4082/3/1
f 4083/1335/1 4096/604/1 4097/1333/1
f 4084/1336/1 4096/604/1 4083/1335/1
f 4085/1337/1 4096/604/1 4084/1336/1
f 4086/1338/1 4096/604/1 4085/1337/1
f 4087/1339/1 4096/604/1 4086/1338/1
f 4087/1339/1 4095/1340/1 4096/604/1
f 4088/1341/1 4095/1340/1 4087/1339/1
f 4089/564/1 4095/1340/1 4088/1341/1
f 4090/1342/1 4095/1340/1 4089/564/1
f 4091/1343/1 4095/1340/1 4090/1342/1
f 4091/1343/1 4094/1344/1 4095/1340/1
f 4092/1345/1 4094/1344/1 4091/1343/1
f 4093/347/1 4094/1344/1 4092/1345/1
f 4198/49/1 4196/50/1 4197/51/1
f 4199/52/1 4196/50/1 4198/49/1
f 4199/52/1 4195/53/1 4196/50/1
f 4200/54/1 4195/53/1 4199/52/1
f 4201/55/1 4195/53/1 4200/54/1
f 4201/55/1 4194/56/1 4195/53/1
f 4202/57/1 4194/56/1 4201/55/1
f 4202/57/1 4193/58/1 4194/56/1
f 4203/59/1 4193/58/1 4202/57/1
f 4204/60/1 4193/58/1 4203/59/1
f 4204/60/1 4192/61/1 4193/58/1
f 4205/62/1 4192/61/1 4204/60/1
f 4205/62/1 4191/63/1 4192/61/1
f 4206/64/1 4191/63/1 4205/62/1
f 4207/65/1 4191/63/1 4206/64/1
f 4207/65/1 4190/66/1 4191/63/1
f 4208/67/1 4190/66/1 4207/65/1
f 4208/67/1 4189/68/1 4190/66/1
f 4209/69/1 4189/68/1 4208/67/1
f 4210/70/1 4211/71/1 4209/69/1
f 4211/71/1 4212/72/1 4209/69/1
f 4212/72/1 4213/73/1 4209/69/1
f 4213/73/1 4214/74/1 4209/69/1
f 4214/74/1 4215/75/1 4209/69/1
f 4215/75/1 4216/76/1 4209/69/1
f 4216/76/1 4217/77/1 4209/69/1
f 4217/77/1 4218/78/1 4209/69/1
f 4218/78/1 4219/79/1 4209/69/1
f 4219/79/1 4220/80/1 4209/69/1
f 4220/80/1 4189/68/1 4209/69/1
f 4220/80/1 4221/81/1 4189/68/1
f 4221/81/1 4222/82/1 4189/68/1
f 4222/82/1 4188/83/1 4189/68/1
f 4222/82/1 4223/84/1 4188/83/1
f 4223/84/1 4187/85/1 4188/83/1
f 4224/86/1 4187/85/1 4223/84/1
f 4225/87/1 4187/85/1 4224/86/1
f 4226/88/1 4187/85/1 4225/87/1
f 4227/89/1 4187/85/1 4226/88/1
f 4228/90/1 4187/85/1 4227/89/1
f 4228/90/1 4186/91/1 4187/85/1
f 4229/92/1 4186/91/1 4228/90/1
f 4230/93/1 4186/91/1 4229/92/1
f 4231/94/1 4186/91/1 4230/93/1
f 4231/94/1 4185/95/1 4186/91/1
f 4232/96/1 4185/95/1 4231/94/1
f 4233/97/1 4185/95/1 4232/96/1
f 4233/97/1 4184/98/1 4185/95/1
f 4234/99/1 4184/98/1 4233/97/1
f 4235/100/1 4184/98/1 4234/99/1
f 4236/101/1 4333/2/1 4235/100/1
f 4333/2/1 4184/98/1 4235/100/1
f 4237/102/1 4333/2/1 4236/101/1
f 4238/103/1 4333/2/1 4237/102/1
f 4239/104/1 4333/2/1 4238/103/1
f 4240/105/1 4333/2/1 4239/104/1
f 4240/105/1 4332/106/1 4333/2/1
f 4297/107/1 4184/98/1 4333/2/1
f 4240/105/1 4331/108/1 4332/106/1
f 4241/109/1 4331/108/1 4240/105/1
f 4241/109/1 4330/110/1 4331/108/1
f 4242/111/1 4330/110/1 4241/109/1
f 4242/111/1 4329/112/1 4330/110/1
f 4243/113/1 4329/112/1 4242/111/1
f 4243/113/1 4328/114/1 4329/112/1
f 4243/113/1 4327/115/1 4328/114/1
f 4244/116/1 4327/115/1 4243/113/1
f 4244/116/1 4326/117/1 4327/115/1
f 4245/118/1 4326/117/1 4244/116/1
f 4245/118/1 4325/119/1 4326/117/1
f 4245/118/1 4324/120/1 4325/119/1
f 4246/121/1 4324/120/1 4245/118/1
f 4246/121/1 4323/122/1 4324/120/1
f 4246/121/1 4322/123/1 4323/122/1
f 4247/124/1 4322/123/1 4246/121/1
f 4247/124/1 4321/125/1 4322/123/1
f 4248/126/1 4321/125/1 4247/124/1
f 4248/126/1 4320/127/1 4321/125/1
f 4248/126/1 4319/128/1 4320/127/1
f 4249/129/1 4319/128/1 4248/126/1
f 4249/129/1 4318/130/1 4319/128/1
f 4249/129/1 4317/131/1 4318/130/1
f 4298/132/1 4184/98/1 4297/107/1
f 4250/133/1 4317/131/1 4249/129/1
f 4299/134/1 4184/98/1 4298/132/1
f 4250/133/1 4316/135/1 4317/131/1
f 4300/136/1 4184/98/1 4299/134/1
f 4161/137/1 4296/138/1 4160/3/1
f 4300/136/1 4183/139/1 4184/98/1
f 4250/133/1 4315/140/1 4316/135/1
f 4162/141/1 4296/138/1 4161/137/1
f 4301/142/1 4183/139/1 4300/136/1
f 4301/142/1 4182/143/1 4183/139/1
f 4163/144/1 4296/138/1 4162/141/1
f 4251/145/1 4315/140/1 4250/133/1
f 4251/145/1 4314/146/1 4315/140/1
f 4301/142/1 4181/147/1 4182/143/1
f 4302/148/1 4181/147/1 4301/142/1
f 4164/149/1 4296/138/1 4163/144/1
f 4302/148/1 4180/150/1 4181/147/1
f 4303/151/1 4180/150/1 4302/148/1
f 4165/152/1 4296/138/1 4164/149/1
f 4251/145/1 4313/153/1 4314/146/1
f 4303/151/1 4179/154/1 4180/150/1
f 4166/155/1 4296/138/1 4165/152/1
f 4304/156/1 4179/154/1 4303/151/1
f 4304/156/1 4178/157/1 4179/154/1
f 4167/158/1 4296/138/1 4166/155/1
f 4251/145/1 4312/159/1 4313/153/1
f 4304/156/1 4177/160/1 4178/157/1
f 4305/161/1 4177/160/1 4304/156/1
f 4168/162/1 4296/138/1 4167/158/1
f 4305/161/1 4176/163/1 4177/160/1
f 4252/164/1 4312/159/1 4251/145/1
f 4169/165/1 4296/138/1 4168/162/1
f 4252/164/1 4311/166/1 4312/159/1
f 4306/167/1 4176/163/1 4305/161/1
f 4306/167/1 4175/168/1 4176/163/1
f 4170/169/1 4296/138/1 4169/165/1
f 4306/167/1 4174/170/1 4175/168/1
f 4171/171/1 4296/138/1 4170/169/1
f 4307/172/1 4174/170/1 4306/167/1
f 4307/172/1 4173/173/1 4174/170/1
f 4172/174/1 4296/138/1 4171/171/1
f 4307/172/1 4172/174/1 4173/173/1
f 4252/164/1 4310/175/1 4311/166/1
f 4307/172/1 4296/138/1 4172/174/1
f 4308/176/1 4296/138/1 4307/172/1
f 4252/164/1 4309/177/1 4310/175/1
f 4309/177/1 4296/138/1 4308/176/1
f 4252/164/1 4272/178/1 4309/177/1
f 4272/178/1 4296/138/1 4309/177/1
f 4253/179/1 4272/178/1 4252/164/1
f 4253/179/1 4271/180/1 4272/178/1
f 4273/181/1 4296/138/1 4272/178/1
f 4254/182/1 4271/180/1 4253/179/1
f 4254/182/1 4270/183/1 4271/180/1
f 4274/184/1 4296/138/1 4273/181/1
f 4274/184/1 4295/185/1 4296/138/1
f 4255/186/1 4270/183/1 4254/182/1
f 4255/186/1 4269/187/1 4270/183/1
f 4275/188/1 4295/185/1 4274/184/1
f 4275/188/1 4294/189/1 4295/185/1
f 4255/186/1 4268/190/1 4269/187/1
f 4276/191/1 4294/189/1 4275/188/1
f 4256/192/1 4268/190/1 4255/186/1
f 4276/191/1 4293/193/1 4294/189/1
f 4256/192/1 4267/194/1 4268/190/1
f 4277/195/1 4293/193/1 4276/191/1
f 4277/195/1 4292/196/1 4293/193/1
f 4257/197/1 4267/194/1 4256/192/1
f 4257/197/1 4266/198/1 4267/194/1
f 4278/199/1 4292/196/1 4277/195/1
f 4278/199/1 4291/200/1 4292/196/1
f 4257/197/1 4265/201/1 4266/198/1
f 4279/202/1 4291/200/1 4278/199/1
f 4279/202/1 4290/203/1 4291/200/1
f 4258/204/1 4265/201/1 4257/197/1
f 4258/204/1 4264/205/1 4265/201/1
f 4280/206/1 4290/203/1 4279/202/1
f 4280/206/1 4289/207/1 4290/203/1
f 4258/204/1 4263/208/1 4264/205/1
f 4280/206/1 4288/209/1 4289/207/1
f 4281/210/1 4288/209/1 4280/206/1
f 4259/211/1 4263/208/1 4258/204/1
f 4281/210/1 4287/212/1 4288/209/1
f 4259/211/1 4262/213/1 4263/208/1
f 4282/214/1 4287/212/1 4281/210/1
f 4282/214/1 4286/215/1 4287/212/1
f 4259/211/1 4261/216/1 4262/213/1
f 4283/217/1 4286/215/1 4282/214/1
f 4260/218/1 4261/216/1 4259/211/1
f 4283/217/1 4285/219/1 4286/215/1
f 4284/220/1 4285/219/1 4283/217/1
f 4334/3/1 4339/234/1 4340/2/1
f 4334/3/1 4338/228/1 4339/234/1
f 4338/228/1 4336/245/1 4337/254/1
f 4338/228/1 4335/269/1 4336/245/1
f 4334/3/1 4335/269/1 4338/228/1
f 4379/274/1 4377/275/1 4378/276/1
f 4379/274/1 4376/277/1 4377/275/1
f 4380/278/1 4376/277/1 4379/274/1
f 4380/278/1 4375/279/1 4376/277/1
f 4381/280/1 4375/279/1 4380/278/1
f 4381/280/1 4374/281/1 4375/279/1
f 4382/282/1 4374/281/1 4381/280/1
f 4382/282/1 4373/283/1 4374/281/1
f 4383/284/1 4373/283/1 4382/282/1
f 4383/284/1 4372/285/1 4373/283/1
f 4384/286/1 4372/285/1 4383/284/1
f 4384/286/1 4371/287/1 4372/285/1
f 4385/288/1 4427/289/1 4384/286/1
f 4427/289/1 4371/287/1 4384/286/1
f 4385/288/1 4426/290/1 4427/289/1
f 4428/291/1 4371/287/1 4427/289/1
f 4385/288/1 4425/292/1 4426/290/1
f 4429/293/1 4371/287/1 4428/291/1
f 4385/288/1 4424/294/1 4425/292/1
f 4430/295/1 4371/287/1 4429/293/1
f 4430/295/1 4370/296/1 4371/287/1
f 4385/288/1 4423/297/1 4424/294/1
f 4386/298/1 4423/297/1 4385/288/1
f 4431/299/1 4370/296/1 4430/295/1
f 4386/298/1 4422/300/1 4423/297/1
f 4432/301/1 4370/296/1 4431/299/1
f 4386/298/1 4421/302/1 4422/300/1
f 4433/303/1 4370/296/1 4432/301/1
f 4386/298/1 4420/304/1 4421/302/1
f 4434/305/1 4370/296/1 4433/303/1
f 4387/306/1 4420/304/1 4386/298/1
f 4434/305/1 4369/307/1 4370/296/1
f 4387/306/1 4419/308/1 4420/304/1
f 4435/309/1 4369/307/1 4434/305/1
f 4387/306/1 4418/310/1 4419/308/1
f 4436/311/1 4369/307/1 4435/309/1
f 4388/312/1 4418/310/1 4387/306/1
f 4436/311/1 4368/313/1 4369/307/1
f 4388/312/1 4417/314/1 4418/310/1
f 4437/315/1 4368/313/1 4436/311/1
f 4388/312/1 4416/316/1 4417/314/1
f 4438/317/1 4368/313/1 4437/315/1
f 4389/318/1 4416/316/1 4388/312/1
f 4389/318/1 4415/319/1 4416/316/1
f 4438/317/1 4367/320/1 4368/313/1
f 4439/2/1 4367/320/1 4438/317/1
f 4389/318/1 4439/2/1 4415/319/1
f 4389/318/1 4367/320/1 4439/2/1
f 4390/254/1 4367/320/1 4389/318/1
f 4390/254/1 4366/321/1 4367/320/1
f 4391/322/1 4365/323/1 4390/254/1
f 4365/323/1 4366/321/1 4390/254/1
f 4391/322/1 4364/324/1 4365/323/1
f 4392/325/1 4364/324/1 4391/322/1
f 4392/325/1 4363/326/1 4364/324/1
f 4392/325/1 4362/327/1 4363/326/1
f 4393/328/1 4362/327/1 4392/325/1
f 4393/328/1 4361/329/1 4362/327/1
f 4394/330/1 4361/329/1 4393/328/1
f 4394/330/1 4360/331/1 4361/329/1
f 4342/332/1 4414/333/1 4341/3/1
f 4394/330/1 4359/334/1 4360/331/1
f 4343/335/1 4414/333/1 4342/332/1
f 4344/336/1 4414/333/1 4343/335/1
f 4395/337/1 4359/334/1 4394/330/1
f 4395/337/1 4358/338/1 4359/334/1
f 4345/339/1 4414/333/1 4344/336/1
f 4346/340/1 4414/333/1 4345/339/1
f 4395/337/1 4357/341/1 4358/338/1
f 4347/342/1 4414/333/1 4346/340/1
f 4395/337/1 4356/343/1 4357/341/1
f 4348/344/1 4414/333/1 4347/342/1
f 4396/345/1 4356/343/1 4395/337/1
f 4349/346/1 4414/333/1 4348/344/1
f 4396/345/1 4355/347/1 4356/343/1
f 4350/348/1 4414/333/1 4349/346/1
f 4396/345/1 4354/349/1 4355/347/1
f 4351/350/1 4414/333/1 4350/348/1
f 4352/351/1 4414/333/1 4351/350/1
f 4396/345/1 4353/352/1 4354/349/1
f 4353/352/1 4414/333/1 4352/351/1
f 4396/345/1 4414/333/1 4353/352/1
f 4397/353/1 4414/333/1 4396/345/1
f 4397/353/1 4413/354/1 4414/333/1
f 4398/355/1 4413/354/1 4397/353/1
f 4398/355/1 4412/356/1 4413/354/1
f 4398/355/1 4411/357/1 4412/356/1
f 4399/358/1 4411/357/1 4398/355/1
f 4399/358/1 4410/359/1 4411/357/1
f 4399/358/1 4409/360/1 4410/359/1
f 4400/361/1 4409/360/1 4399/358/1
f 4400/361/1 4408/362/1 4409/360/1
f 4400/361/1 4407/363/1 4408/362/1
f 4401/364/1 4407/363/1 4400/361/1
f 4401/364/1 4406/365/1 4407/363/1
f 4401/364/1 4405/366/1 4406/365/1
f 4401/364/1 4404/367/1 4405/366/1
f 4402/368/1 4404/367/1 4401/364/1
f 4402/368/1 4403/369/1 4404/367/1
f 4465/1346/1 4463/1347/1 4464/998/1
f 4466/1348/1 4463/1347/1 4465/1346/1
f 4466/1348/1 4462/1349/1 4463/1347/1
f 4467/1350/1 4462/1349/1 4466/1348/1
f 4467/1350/1 4461/1351/1 4462/1349/1
f 4468/1194/1 4461/1351/1 4467/1350/1
f 4468/1194/1 4460/245/1 4461/1351/1
f 4469/1352/1 4460/245/1 4468/1194/1
f 4470/254/1 4460/245/1 4469/1352/1
f 4470/254/1 4459/1353/1 4460/245/1
f 4471/1354/1 4459/1353/1 4470/254/1
f 4471/1354/1 4458/1355/1 4459/1353/1
f 4472/1163/1 4458/1355/1 4471/1354/1
f 4472/1163/1 4457/1356/1 4458/1355/1
f 4473/1357/1 4457/1356/1 4472/1163/1
f 4474/1358/1 4457/1356/1 4473/1357/1
f 4474/1358/1 4456/1220/1 4457/1356/1
f 4475/1359/1 4456/1220/1 4474/1358/1
f 4475/1359/1 4455/953/1 4456/1220/1
f 4476/1000/1 4455/953/1 4475/1359/1
f 4476/1000/1 4454/1360/1 4455/953/1
f 4477/1361/1 4454/1360/1 4476/1000/1
f 4478/1362/1 4454/1360/1 4477/1361/1
f 4478/1362/1 4453/1363/1 4454/1360/1
f 4479/1364/1 4453/1363/1 4478/1362/1
f 4480/228/1 4453/1363/1 4479/1364/1
f 4480/228/1 4452/1037/1 4453/1363/1
f 4481/1365/1 4452/1037/1 4480/228/1
f 4482/1366/1 4452/1037/1 4481/1365/1
f 4483/1367/1 4452/1037/1 4482/1366/1
f 4483/1367/1 4451/1368/1 4452/1037/1
f 4484/1116/1 4451/1368/1 4483/1367/1
f 4485/930/1 4451/1368/1 4484/1116/1
f 4486/1369/1 4451/1368/1 4485/930/1
f 4487/1370/1 4451/1368/1 4486/1369/1
f 4487/1370/1 4488/1029/1 4451/1368/1
f 4488/1029/1 4450/269/1 4451/1368/1
f 4489/1371/1 4450/269/1 4488/1029/1
f 4490/234/1 4450/269/1 4489/1371/1
f 4490/234/1 4449/1372/1 4450/269/1
f 4491/1373/1 4449/1372/1 4490/234/1
f 4491/1373/1 4448/1171/1 4449/1372/1
f 4492/1272/1 4448/1171/1 4491/1373/1
f 4493/1374/1 4448/1171/1 4492/1272/1
f 4493/1374/1 4447/1375/1 4448/1171/1
f 4494/1376/1 4447/1375/1 4493/1374/1
f 4494/1376/1 4446/1377/1 4447/1375/1
f 4495/1378/1 4446/1377/1 4494/1376/1
f 4495/1378/1 4445/1379/1 4446/1377/1
f 4496/1233/1 4445/1379/1 4495/1378/1
f 4497/1380/1 4445/1379/1 4496/1233/1
f 4497/1380/1 4444/1133/1 4445/1379/1
f 4498/1381/1 4444/1133/1 4497/1380/1
f 4498/1381/1 4443/1382/1 4444/1133/1
f 4499/1383/1 4443/1382/1 4498/1381/1
f 4500/2/1 4443/1382/1 4499/1383/1
f 4500/2/1 4442/1384/1 4443/1382/1
f 4440/3/1 4442/1384/1 4500/2/1
f 4440/3/1 4441/1385/1 4442/1384/1
f 4539/274/1 4537/275/1 4538/276/1
f 4539/274/1 4536/277/1 4537/275/1
f 4540/278/1 4536/277/1 4539/274/1
f 4540/278/1 4535/279/1 4536/277/1
f 4541/280/1 4535/279/1 4540/278/1
f 4541/280/1 4534/281/1 4535/279/1
f 4542/282/1 4534/281/1 4541/280/1
f 4542/282/1 4533/283/1 4534/281/1
f 4543/284/1 4533/283/1 4542/282/1
f 4543/284/1 4532/285/1 4533/283/1
f 4544/286/1 4532/285/1 4543/284/1
f 4544/286/1 4531/287/1 4532/285/1
f 4545/288/1 4587/289/1 4544/286/1
f 4587/289/1 4531/287/1 4544/286/1
f 4545/288/1 4586/290/1 4587/289/1
f 4588/291/1 4531/287/1 4587/289/1
f 4545/288/1 4585/292/1 4586/290/1
f 4589/293/1 4531/287/1 4588/291/1
f 4545/288/1 4584/294/1 4585/292/1
f 4590/295/1 4531/287/1 4589/293/1
f 4590/295/1 4530/296/1 4531/287/1
f 4545/288/1 4583/297/1 4584/294/1
f 4546/298/1 4583/297/1 4545/288/1
f 4591/299/1 4530/296/1 4590/295/1
f 4546/298/1 4582/300/1 4583/297/1
f 4592/301/1 4530/296/1 4591/299/1
f 4546/298/1 4581/302/1 4582/300/1
f 4593/303/1 4530/296/1 4592/301/1
f 4546/298/1 4580/304/1 4581/302/1
f 4594/305/1 4530/296/1 4593/303/1
f 4547/306/1 4580/304/1 4546/298/1
f 4594/305/1 4529/307/1 4530/296/1
f 4547/306/1 4579/308/1 4580/304/1
f 4595/309/1 4529/307/1 4594/305/1
f 4547/306/1 4578/310/1 4579/308/1
f 4596/311/1 4529/307/1 4595/309/1
f 4548/312/1 4578/310/1 4547/306/1
f 4596/311/1 4528/313/1 4529/307/1
f 4548/312/1 4577/314/1 4578/310/1
f 4597/315/1 4528/313/1 4596/311/1
f 4548/312/1 4576/316/1 4577/314/1
f 4598/317/1 4528/313/1 4597/315/1
f 4549/318/1 4576/316/1 4548/312/1
f 4549/318/1 4575/319/1 4576/316/1
f 4598/317/1 4527/320/1 4528/313/1
f 4599/2/1 4527/320/1 4598/317/1
f 4549/318/1 4599/2/1 4575/319/1
f 4549/318/1 4527/320/1 4599/2/1
f 4550/254/1 4527/320/1 4549/318/1
f 4550/254/1 4526/321/1 4527/320/1
f 4551/322/1 4525/323/1 4550/254/1
f 4525/323/1 4526/321/1 4550/254/1
f 4551/322/1 4524/324/1 4525/323/1
f 4552/325/1 4524/324/1 4551/322/1
f 4552/325/1 4523/326/1 4524/324/1
f 4552/325/1 4522/327/1 4523/326/1
f 4553/328/1 4522/327/1 4552/325/1
f 4553/328/1 4521/329/1 4522/327/1
f 4554/330/1 4521/329/1 4553/328/1
f 4554/330/1 4520/331/1 4521/329/1
f 4502/332/1 4574/333/1 4501/3/1
f 4554/330/1 4519/334/1 4520/331/1
f 4503/335/1 4574/333/1 4502/332/1
f 4504/336/1 4574/333/1 4503/335/1
f 4555/337/1 4519/334/1 4554/330/1
f 4555/337/1 4518/338/1 4519/334/1
f 4505/339/1 4574/333/1 4504/336/1
f 4506/340/1 4574/333/1 4505/339/1
f 4555/337/1 4517/341/1 4518/338/1
f 4507/342/1 4574/333/1 4506/340/1
f 4555/337/1 4516/343/1 4517/341/1
f 4508/344/1 4574/333/1 4507/342/1
f 4556/345/1 4516/343/1 4555/337/1
f 4509/346/1 4574/333/1 4508/344/1
f 4556/345/1 4515/347/1 4516/343/1
f 4510/348/1 4574/333/1 4509/346/1
f 4556/345/1 4514/349/1 4515/347/1
f 4511/350/1 4574/333/1 4510/348/1
f 4512/351/1 4574/333/1 4511/350/1
f 4556/345/1 4513/352/1 4514/349/1
f 4513/352/1 4574/333/1 4512/351/1
f 4556/345/1 4574/333/1 4513/352/1
f 4557/353/1 4574/333/1 4556/345/1
f 4557/353/1 4573/354/1 4574/333/1
f 4558/355/1 4573/354/1 4557/353/1
f 4558/355/1 4572/356/1 4573/354/1
f 4558/355/1 4571/357/1 4572/356/1
f 4559/358/1 4571/357/1 4558/355/1
f 4559/358/1 4570/359/1 4571/357/1
f 4559/358/1 4569/360/1 4570/359/1
f 4560/361/1 4569/360/1 4559/358/1
f 4560/361/1 4568/362/1 4569/360/1
f 4560/361/1 4567/363/1 4568/362/1
f 4561/364/1 4567/363/1 4560/361/1
f 4561/364/1 4566/365/1 4567/363/1
f 4561/364/1 4565/366/1 4566/365/1
f 4561/364/1 4564/367/1 4565/366/1
f 4562/368/1 4564/367/1 4561/364/1
f 4562/368/1 4563/369/1 4564/367/1
f 4641/221/1 4639/222/1 4640/223/1
f 4641/221/1 4638/224/1 4639/222/1
f 4642/225/1 4638/224/1 4641/221/1
f 4642/225/1 4637/226/1 4638/224/1
f 4643/227/1 4637/226/1 4642/225/1
f 4643/227/1 4636/228/1 4637/226/1
f 4643/227/1 4635/229/1 4636/228/1
f 4644/230/1 4635/229/1 4643/227/1
f 4644/230/1 4634/231/1 4635/229/1
f 4601/232/1 4654/2/1 4600/3/1
f 4601/232/1 4653/233/1 4654/2/1
f 4645/234/1 4634/231/1 4644/230/1
f 4645/234/1 4633/235/1 4634/231/1
f 4645/234/1 4632/236/1 4633/235/1
f 4646/237/1 4632/236/1 4645/234/1
f 4646/237/1 4631/238/1 4632/236/1
f 4647/239/1 4631/238/1 4646/237/1
f 4647/239/1 4630/240/1 4631/238/1
f 4647/239/1 4629/241/1 4630/240/1
f 4648/242/1 4629/241/1 4647/239/1
f 4648/242/1 4628/243/1 4629/241/1
f 4649/244/1 4628/243/1 4648/242/1
f 4649/244/1 4618/245/1 4628/243/1
f 4618/245/1 4619/246/1 4628/243/1
f 4619/246/1 4620/247/1 4628/243/1
f 4620/247/1 4621/248/1 4628/243/1
f 4621/248/1 4622/249/1 4628/243/1
f 4622/249/1 4623/250/1 4628/243/1
f 4623/250/1 4624/251/1 4628/243/1
f 4624/251/1 4625/252/1 4628/243/1
f 4625/252/1 4626/253/1 4628/243/1
f 4626/253/1 4627/254/1 4628/243/1
f 4650/255/1 4616/256/1 4649/244/1
f 4616/256/1 4617/257/1 4649/244/1
f 4617/257/1 4618/245/1 4649/244/1
f 4651/258/1 4614/259/1 4650/255/1
f 4614/259/1 4615/260/1 4650/255/1
f 4615/260/1 4616/256/1 4650/255/1
f 4651/258/1 4613/261/1 4614/259/1
f 4651/258/1 4612/262/1 4613/261/1
f 4652/263/1 4612/262/1 4651/258/1
f 4652/263/1 4611/264/1 4612/262/1
f 4652/263/1 4610/265/1 4611/264/1
f 4601/232/1 4652/263/1 4653/233/1
f 4601/232/1 4606/266/1 4652/263/1
f 4606/266/1 4607/267/1 4652/263/1
f 4607/267/1 4608/268/1 4652/263/1
f 4608/268/1 4609/269/1 4652/263/1
f 4609/269/1 4610/265/1 4652/263/1
f 4601/232/1 4605/270/1 4606/266/1
f 4601/232/1 4604/271/1 4605/270/1
f 4601/232/1 4603/272/1 4604/271/1
f 4601/232/1 4602/273/1 4603/272/1
f 4656/748/1 4712/2/1 4655/3/1
f 4656/748/1 4711/749/1 4712/2/1
f 4656/748/1 4710/750/1 4711/749/1
f 4657/751/1 4710/750/1 4656/748/1
f 4658/436/1 4710/750/1 4657/751/1
f 4659/752/1 4709/447/1 4658/436/1
f 4709/447/1 4710/750/1 4658/436/1
f 4659/752/1 4708/753/1 4709/447/1
f 4659/752/1 4707/754/1 4708/753/1
f 4660/755/1 4707/754/1 4659/752/1
f 4660/755/1 4706/462/1 4707/754/1
f 4660/755/1 4705/756/1 4706/462/1
f 4661/432/1 4705/756/1 4660/755/1
f 4661/432/1 4704/757/1 4705/756/1
f 4685/550/1 4683/758/1 4684/759/1
f 4686/760/1 4683/758/1 4685/550/1
f 4661/432/1 4703/469/1 4704/757/1
f 4687/761/1 4683/758/1 4686/760/1
f 4662/762/1 4703/469/1 4661/432/1
f 4662/762/1 4702/763/1 4703/469/1
f 4688/542/1 4683/758/1 4687/761/1
f 4689/764/1 4683/758/1 4688/542/1
f 4662/762/1 4701/765/1 4702/763/1
f 4690/766/1 4683/758/1 4689/764/1
f 4662/762/1 4700/478/1 4701/765/1
f 4691/512/1 4683/758/1 4690/766/1
f 4662/762/1 4699/767/1 4700/478/1
f 4692/768/1 4683/758/1 4691/512/1
f 4663/769/1 4699/767/1 4662/762/1
f 4693/228/1 4683/758/1 4692/768/1
f 4663/769/1 4698/770/1 4699/767/1
f 4694/497/1 4683/758/1 4693/228/1
f 4663/769/1 4697/487/1 4698/770/1
f 4695/771/1 4683/758/1 4694/497/1
f 4663/769/1 4696/772/1 4697/487/1
f 4696/772/1 4683/758/1 4695/771/1
f 4663/769/1 4683/758/1 4696/772/1
f 4664/457/1 4683/758/1 4663/769/1
f 4665/773/1 4683/758/1 4664/457/1
f 4666/774/1 4683/758/1 4665/773/1
f 4666/774/1 4682/540/1 4683/758/1
f 4667/489/1 4682/540/1 4666/774/1
f 4667/489/1 4681/775/1 4682/540/1
f 4667/489/1 4680/776/1 4681/775/1
f 4668/777/1 4680/776/1 4667/489/1
f 4668/777/1 4679/517/1 4680/776/1
f 4668/777/1 4678/778/1 4679/517/1
f 4668/777/1 4677/779/1 4678/778/1
f 4669/780/1 4677/779/1 4668/777/1
f 4669/780/1 4676/533/1 4677/779/1
f 4669/780/1 4675/781/1 4676/533/1
f 4670/505/1 4675/781/1 4669/780/1
f 4670/505/1 4674/245/1 4675/781/1
f 4670/505/1 4673/522/1 4674/245/1
f 4671/782/1 4673/522/1 4670/505/1
f 4671/782/1 4672/783/1 4673/522/1
f 4726/428/1 4724/429/1 4725/430/1
f 4726/428/1 4723/431/1 4724/429/1
f 4727/432/1 4723/431/1 4726/428/1
f 4727/432/1 4722/433/1 4723/431/1
f 4727/432/1 4721/434/1 4722/433/1
f 4728/435/1 4721/434/1 4727/432/1
f 4728/435/1 4720/436/1 4721/434/1
f 4728/435/1 4719/437/1 4720/436/1
f 4729/438/1 4719/437/1 4728/435/1
f 4729/438/1 4718/439/1 4719/437/1
f 4729/438/1 4717/440/1 4718/439/1
f 4730/441/1 4717/440/1 4729/438/1
f 4730/441/1 4716/442/1 4717/440/1
f 4730/441/1 4715/443/1 4716/442/1
f 4731/444/1 4715/443/1 4730/441/1
f 4731/444/1 4714/445/1 4715/443/1
f 4731/444/1 4713/3/1 4714/445/1
f 4732/347/1 4713/3/1 4731/444/1
f 4732/347/1 4838/446/1 4713/3/1
f 4838/446/1 4839/447/1 4713/3/1
f 4839/447/1 4840/448/1 4713/3/1
f 4840/448/1 4841/449/1 4713/3/1
f 4841/449/1 4842/450/1 4713/3/1
f 4842/450/1 4843/451/1 4713/3/1
f 4843/451/1 4844/452/1 4713/3/1
f 4844/452/1 4845/453/1 4713/3/1
f 4845/453/1 4846/2/1 4713/3/1
f 4733/454/1 4836/455/1 4732/347/1
f 4836/455/1 4837/456/1 4732/347/1
f 4837/456/1 4838/446/1 4732/347/1
f 4734/457/1 4835/458/1 4733/454/1
f 4835/458/1 4836/455/1 4733/454/1
f 4735/459/1 4833/460/1 4734/457/1
f 4833/460/1 4834/461/1 4734/457/1
f 4834/461/1 4835/458/1 4734/457/1
f 4735/459/1 4832/462/1 4833/460/1
f 4735/459/1 4831/463/1 4832/462/1
f 4735/459/1 4830/464/1 4831/463/1
f 4735/459/1 4829/465/1 4830/464/1
f 4735/459/1 4828/466/1 4829/465/1
f 4736/467/1 4828/466/1 4735/459/1
f 4736/467/1 4827/292/1 4828/466/1
f 4736/467/1 4826/468/1 4827/292/1
f 4736/467/1 4825/469/1 4826/468/1
f 4736/467/1 4824/470/1 4825/469/1
f 4737/471/1 4824/470/1 4736/467/1
f 4737/471/1 4823/472/1 4824/470/1
f 4737/471/1 4822/473/1 4823/472/1
f 4737/471/1 4821/474/1 4822/473/1
f 4738/475/1 4821/474/1 4737/471/1
f 4738/475/1 4820/476/1 4821/474/1
f 4738/475/1 4819/477/1 4820/476/1
f 4738/475/1 4818/478/1 4819/477/1
f 4738/475/1 4817/479/1 4818/478/1
f 4738/475/1 4816/480/1 4817/479/1
f 4739/481/1 4816/480/1 4738/475/1
f 4739/481/1 4815/482/1 4816/480/1
f 4739/481/1 4814/483/1 4815/482/1
f 4739/481/1 4813/484/1 4814/483/1
f 4740/485/1 4813/484/1 4739/481/1
f 4740/485/1 4812/486/1 4813/484/1
f 4740/485/1 4811/487/1 4812/486/1
f 4740/485/1 4810/488/1 4811/487/1
f 4741/489/1 4810/488/1 4740/485/1
f 4741/489/1 4809/490/1 4810/488/1
f 4742/491/1 4809/490/1 4741/489/1
f 4742/491/1 4808/357/1 4809/490/1
f 4742/491/1 4807/492/1 4808/357/1
f 4743/493/1 4807/492/1 4742/491/1
f 4743/493/1 4806/494/1 4807/492/1
f 4744/495/1 4806/494/1 4743/493/1
f 4744/495/1 4805/496/1 4806/494/1
f 4744/495/1 4804/497/1 4805/496/1
f 4745/498/1 4804/497/1 4744/495/1
f 4745/498/1 4803/499/1 4804/497/1
f 4746/500/1 4803/499/1 4745/498/1
f 4746/500/1 4802/501/1 4803/499/1
f 4746/500/1 4801/502/1 4802/501/1
f 4747/503/1 4801/502/1 4746/500/1
f 4747/503/1 4800/504/1 4801/502/1
f 4748/505/1 4800/504/1 4747/503/1
f 4748/505/1 4799/506/1 4800/504/1
f 4749/507/1 4799/506/1 4748/505/1
f 4749/507/1 4798/508/1 4799/506/1
f 4774/509/1 4772/510/1 4773/511/1
f 4749/507/1 4797/512/1 4798/508/1
f 4750/513/1 4797/512/1 4749/507/1
f 4774/509/1 4771/514/1 4772/510/1
f 4751/307/1 4797/512/1 4750/513/1
f 4774/509/1 4770/284/1 4771/514/1
f 4752/515/1 4797/512/1 4751/307/1
f 4752/515/1 4796/516/1 4797/512/1
f 4774/509/1 4769/517/1 4770/284/1
f 4753/518/1 4796/516/1 4752/515/1
f 4774/509/1 4768/519/1 4769/517/1
f 4754/520/1 4796/516/1 4753/518/1
f 4774/509/1 4767/521/1 4768/519/1
f 4755/522/1 4796/516/1 4754/520/1
f 4755/522/1 4795/523/1 4796/516/1
f 4774/509/1 4766/524/1 4767/521/1
f 4756/525/1 4795/523/1 4755/522/1
f 4757/526/1 4795/523/1 4756/525/1
f 4774/509/1 4765/527/1 4766/524/1
f 4758/528/1 4795/523/1 4757/526/1
f 4774/509/1 4764/529/1 4765/527/1
f 4759/530/1 4795/523/1 4758/528/1
f 4774/509/1 4763/531/1 4764/529/1
f 4760/532/1 4795/523/1 4759/530/1
f 4774/509/1 4762/533/1 4763/531/1
f 4761/534/1 4795/523/1 4760/532/1
f 4774/509/1 4761/534/1 4762/533/1
f 4761/534/1 4794/535/1 4795/523/1
f 4774/509/1 4794/535/1 4761/534/1
f 4774/509/1 4793/536/1 4794/535/1
f 4774/509/1 4792/537/1 4793/536/1
f 4775/538/1 4792/537/1 4774/509/1
f 4775/538/1 4791/539/1 4792/537/1
f 4776/540/1 4791/539/1 4775/538/1
f 4777/541/1 4791/539/1 4776/540/1
f 4777/541/1 4790/542/1 4791/539/1
f 4778/543/1 4790/542/1 4777/541/1
f 4779/544/1 4790/542/1 4778/543/1
f 4779/544/1 4789/353/1 4790/542/1
f 4780/545/1 4789/353/1 4779/544/1
f 4780/545/1 4788/546/1 4789/353/1
f 4781/547/1 4788/546/1 4780/545/1
f 4782/548/1 4788/546/1 4781/547/1
f 4782/548/1 4787/549/1 4788/546/1
f 4783/550/1 4787/549/1 4782/548/1
f 4784/551/1 4787/549/1 4783/550/1
f 4784/551/1 4786/552/1 4787/549/1
f 4785/553/1 4786/552/1 4784/551/1
f 4885/274/1 4883/275/1 4884/276/1
f 4885/274/1 4882/277/1 4883/275/1
f 4886/278/1 4882/277/1 4885/274/1
f 4886/278/1 4881/279/1 4882/277/1
f 4887/280/1 4881/279/1 4886/278/1
f 4887/280/1 4880/281/1 4881/279/1
f 4888/282/1 4880/281/1 4887/280/1
f 4888/282/1 4879/283/1 4880/281/1
f 4889/284/1 4879/283/1 4888/282/1
f 4889/284/1 4878/285/1 4879/283/1
f 4890/286/1 4878/285/1 4889/284/1
f 4890/286/1 4877/287/1 4878/285/1
f 4891/288/1 4933/289/1 4890/286/1
f 4933/289/1 4877/287/1 4890/286/1
f 4891/288/1 4932/290/1 4933/289/1
f 4934/291/1 4877/287/1 4933/289/1
f 4891/288/1 4931/292/1 4932/290/1
f 4935/293/1 4877/287/1 4934/291/1
f 4891/288/1 4930/294/1 4931/292/1
f 4936/295/1 4877/287/1 4935/293/1
f 4936/295/1 4876/296/1 4877/287/1
f 4891/288/1 4929/297/1 4930/294/1
f 4892/298/1 4929/297/1 4891/288/1
f 4937/299/1 4876/296/1 4936/295/1
f 4892/298/1 4928/300/1 4929/297/1
f 4938/301/1 4876/296/1 4937/299/1
f 4892/298/1 4927/302/1 4928/300/1
f 4939/303/1 4876/296/1 4938/301/1
f 4892/298/1 4926/304/1 4927/302/1
f 4940/305/1 4876/296/1 4939/303/1
f 4893/306/1 4926/304/1 4892/298/1
f 4940/305/1 4875/307/1 4876/296/1
f 4893/306/1 4925/308/1 4926/304/1
f 4941/309/1 4875/307/1 4940/305/1
f 4893/306/1 4924/310/1 4925/308/1
f 4942/311/1 4875/307/1 4941/309/1
f 4894/312/1 4924/310/1 4893/306/1
f 4942/311/1 4874/313/1 4875/307/1
f 4894/312/1 4923/314/1 4924/310/1
f 4943/315/1 4874/313/1 4942/311/1
f 4894/312/1 4922/316/1 4923/314/1
f 4944/317/1 4874/313/1 4943/315/1
f 4895/318/1 4922/316/1 4894/312/1
f 4895/318/1 4921/319/1 4922/316/1
f 4944/317/1 4873/320/1 4874/313/1
f 4945/2/1 4873/320/1 4944/317/1
f 4895/318/1 4945/2/1 4921/319/1
f 4895/318/1 4873/320/1 4945/2/1
f 4896/254/1 4873/320/1 4895/318/1
f 4896/254/1 4872/321/1 4873/320/1
f 4897/322/1 4871/323/1 4896/254/1
f 4871/323/1 4872/321/1 4896/254/1
f 4897/322/1 4870/324/1 4871/323/1
f 4898/325/1 4870/324/1 4897/322/1
f 4898/325/1 4869/326/1 4870/324/1
f 4898/325/1 4868/327/1 4869/326/1
f 4899/328/1 4868/327/1 4898/325/1
f 4899/328/1 4867/329/1 4868/327/1
f 4900/330/1 4867/329/1 4899/328/1
f 4900/330/1 4866/331/1 4867/329/1
f 4848/332/1 4920/333/1 4847/3/1
f 4900/330/1 4865/334/1 4866/331/1
f 4849/335/1 4920/333/1 4848/332/1
f 4850/336/1 4920/333/1 4849/335/1
f 4901/337/1 4865/334/1 4900/330/1
f 4901/337/1 4864/338/1 4865/334/1
f 4851/339/1 4920/333/1 4850/336/1
f 4852/340/1 4920/333/1 4851/339/1
f 4901/337/1 4863/341/1 4864/338/1
f 4853/342/1 4920/333/1 4852/340/1
f 4901/337/1 4862/343/1 4863/341/1
f 4854/344/1 4920/333/1 4853/342/1
f 4902/345/1 4862/343/1 4901/337/1
f 4855/346/1 4920/333/1 4854/344/1
f 4902/345/1 4861/347/1 4862/343/1
f 4856/348/1 4920/333/1 4855/346/1
f 4902/345/1 4860/349/1 4861/347/1
f 4857/350/1 4920/333/1 4856/348/1
f 4858/351/1 4920/333/1 4857/350/1
f 4902/345/1 4859/352/1 4860/349/1
f 4859/352/1 4920/333/1 4858/351/1
f 4902/345/1 4920/333/1 4859/352/1
f 4903/353/1 4920/333/1 4902/345/1
f 4903/353/1 4919/354/1 4920/333/1
f 4904/355/1 4919/354/1 4903/353/1
f 4904/355/1 4918/356/1 4919/354/1
f 4904/355/1 4917/357/1 4918/356/1
f 4905/358/1 4917/357/1 4904/355/1
f 4905/358/1 4916/359/1 4917/357/1
f 4905/358/1 4915/360/1 4916/359/1
f 4906/361/1 4915/360/1 4905/358/1
f 4906/361/1 4914/362/1 4915/360/1
f 4906/361/1 4913/363/1 4914/362/1
f 4907/364/1 4913/363/1 4906/361/1
f 4907/364/1 4912/365/1 4913/363/1
f 4907/364/1 4911/366/1 4912/365/1
f 4907/364/1 4910/367/1 4911/366/1
f 4908/368/1 4910/367/1 4907/364/1
f 4908/368/1 4909/369/1 4910/367/1
f 4987/221/1 4985/222/1 4986/223/1
f 4987/221/1 4984/224/1 4985/222/1
f 4988/225/1 4984/224/1 4987/221/1
f 4988/225/1 4983/226/1 4984/224/1
f 4989/227/1 4983/226/1 4988/225/1
f 4989/227/1 4982/228/1 4983/226/1
f 4989/227/1 4981/229/1 4982/228/1
f 4990/230/1 4981/229/1 4989/227/1
f 4990/230/1 4980/231/1 4981/229/1
f 4947/232/1 5000/2/1 4946/3/1
f 4947/232/1 4999/233/1 5000/2/1
f 4991/234/1 4980/231/1 4990/230/1
f 4991/234/1 4979/235/1 4980/231/1
f 4991/234/1 4978/236/1 4979/235/1
f 4992/237/1 4978/236/1 4991/234/1
f 4992/237/1 4977/238/1 4978/236/1
f 4993/239/1 4977/238/1 4992/237/1
f 4993/239/1 4976/240/1 4977/238/1
f 4993/239/1 4975/241/1 4976/240/1
f 4994/242/1 4975/241/1 4993/239/1
f 4994/242/1 4974/243/1 4975/241/1
f 4995/244/1 4974/243/1 4994/242/1
f 4995/244/1 4964/245/1 4974/243/1
f 4964/245/1 4965/246/1 4974/243/1
f 4965/246/1 4966/247/1 4974/243/1
f 4966/247/1 4967/248/1 4974/243/1
f 4967/248/1 4968/249/1 4974/243/1
f 4968/249/1 4969/250/1 4974/243/1
f 4969/250/1 4970/251/1 4974/243/1
f 4970/251/1 4971/252/1 4974/243/1
f 4971/252/1 4972/253/1 4974/243/1
f 4972/253/1 4973/254/1 4974/243/1
f 4996/255/1 4962/256/1 4995/244/1
f 4962/256/1 4963/257/1 4995/244/1
f 4963/257/1 4964/245/1 4995/244/1
f 4997/258/1 4960/259/1 4996/255/1
f 4960/259/1 4961/260/1 4996/255/1
f 4961/260/1 4962/256/1 4996/255/1
f 4997/258/1 4959/261/1 4960/259/1
f 4997/258/1 4958/262/1 4959/261/1
f 4998/263/1 4958/262/1 4997/258/1
f 4998/263/1 4957/264/1 4958/262/1
f 4998/263/1 4956/265/1 4957/264/1
f 4947/232/1 4998/263/1 4999/233/1
f 4947/232/1 4952/266/1 4998/263/1
f 4952/266/1 4953/267/1 4998/263/1
f 4953/267/1 4954/268/1 4998/263/1
f 4954/268/1 4955/269/1 4998/263/1
f 4955/269/1 4956/265/1 4998/263/1
f 4947/232/1 4951/270/1 4952/266/1
f 4947/232/1 4950/271/1 4951/270/1
f 4947/232/1 4949/272/1 4950/271/1
f 4947/232/1 4948/273/1 4949/272/1
f 5042/221/1 5040/222/1 5041/223/1
f 5042/221/1 5039/224/1 5040/222/1
f 5043/225/1 5039/224/1 5042/221/1
f 5043/225/1 5038/226/1 5039/224/1
f 5044/227/1 5038/226/1 5043/225/1
f 5044/227/1 5037/228/1 5038/226/1
f 5044/227/1 5036/229/1 5037/228/1
f 5045/230/1 5036/229/1 5044/227/1
f 5045/230/1 5035/231/1 5036/229/1
f 5002/232/1 5055/2/1 5001/3/1
f 5002/232/1 5054/233/1 5055/2/1
f 5046/234/1 5035/231/1 5045/230/1
f 5046/234/1 5034/235/1 5035/231/1
f 5046/234/1 5033/236/1 5034/235/1
f 5047/237/1 5033/236/1 5046/234/1
f 5047/237/1 5032/238/1 5033/236/1
f 5048/239/1 5032/238/1 5047/237/1
f 5048/239/1 5031/240/1 5032/238/1
f 5048/239/1 5030/241/1 5031/240/1
f 5049/242/1 5030/241/1 5048/239/1
f 5049/242/1 5029/243/1 5030/241/1
f 5050/244/1 5029/243/1 5049/242/1
f 5050/244/1 5019/245/1 5029/243/1
f 5019/245/1 5020/246/1 5029/243/1
f 5020/246/1 5021/247/1 5029/243/1
f 5021/247/1 5022/248/1 5029/243/1
f 5022/248/1 5023/249/1 5029/243/1
f 5023/249/1 5024/250/1 5029/243/1
f 5024/250/1 5025/251/1 5029/243/1
f 5025/251/1 5026/252/1 5029/243/1
f 5026/252/1 5027/253/1 5029/243/1
f 5027/253/1 5028/254/1 5029/243/1
f 5051/255/1 5017/256/1 5050/244/1
f 5017/256/1 5018/257/1 5050/244/1
f 5018/257/1 5019/245/1 5050/244/1
f 5052/258/1 5015/259/1 5051/255/1
f 5015/259/1 5016/260/1 5051/255/1
f 5016/260/1 5017/256/1 5051/255/1
f 5052/258/1 5014/261/1 5015/259/1
f 5052/258/1 5013/262/1 5014/261/1
f 5053/263/1 5013/262/1 5052/258/1
f 5053/263/1 5012/264/1 5013/262/1
f 5053/263/1 5011/265/1 5012/264/1
f 5002/232/1 5053/263/1 5054/233/1
f 5002/232/1 5007/266/1 5053/263/1
f 5007/266/1 5008/267/1 5053/263/1
f 5008/267/1 5009/268/1 5053/263/1
f 5009/268/1 5010/269/1 5053/263/1
f 5010/269/1 5011/265/1 5053/263/1
f 5002/232/1 5006/270/1 5007/266/1
f 5002/232/1 5005/271/1 5006/270/1
f 5002/232/1 5004/272/1 5005/271/1
f 5002/232/1 5003/273/1 5004/272/1
f 5094/274/1 5092/275/1 5093/276/1
f 5094/274/1 5091/277/1 5092/275/1
f 5095/278/1 5091/277/1 5094/274/1
f 5095/278/1 5090/279/1 5091/277/1
f 5096/280/1 5090/279/1 5095/278/1
f 5096/280/1 5089/281/1 5090/279/1
f 5097/282/1 5089/281/1 5096/280/1
f 5097/282/1 5088/283/1 5089/281/1
f 5098/284/1 5088/283/1 5097/282/1
f 5098/284/1 5087/285/1 5088/283/1
f 5099/286/1 5087/285/1 5098/284/1
f 5099/286/1 5086/287/1 5087/285/1
f 5100/288/1 5142/289/1 5099/286/1
f 5142/289/1 5086/287/1 5099/286/1
f 5100/288/1 5141/290/1 5142/289/1
f 5143/291/1 5086/287/1 5142/289/1
f 5100/288/1 5140/292/1 5141/290/1
f 5144/293/1 5086/287/1 5143/291/1
f 5100/288/1 5139/294/1 5140/292/1
f 5145/295/1 5086/287/1 5144/293/1
f 5145/295/1 5085/296/1 5086/287/1
f 5100/288/1 5138/297/1 5139/294/1
f 5101/298/1 5138/297/1 5100/288/1
f 5146/299/1 5085/296/1 5145/295/1
f 5101/298/1 5137/300/1 5138/297/1
f 5147/301/1 5085/296/1 5146/299/1
f 5101/298/1 5136/302/1 5137/300/1
f 5148/303/1 5085/296/1 5147/301/1
f 5101/298/1 5135/304/1 5136/302/1
f 5149/305/1 5085/296/1 5148/303/1
f 5102/306/1 5135/304/1 5101/298/1
f 5149/305/1 5084/307/1 5085/296/1
f 5102/306/1 5134/308/1 5135/304/1
f 5150/309/1 5084/307/1 5149/305/1
f 5102/306/1 5133/310/1 5134/308/1
f 5151/311/1 5084/307/1 5150/309/1
f 5103/312/1 5133/310/1 5102/306/1
f 5151/311/1 5083/313/1 5084/307/1
f 5103/312/1 5132/314/1 5133/310/1
f 5152/315/1 5083/313/1 5151/311/1
f 5103/312/1 5131/316/1 5132/314/1
f 5153/317/1 5083/313/1 5152/315/1
f 5104/318/1 5131/316/1 5103/312/1
f 5104/318/1 5130/319/1 5131/316/1
f 5153/317/1 5082/320/1 5083/313/1
f 5154/2/1 5082/320/1 5153/317/1
f 5104/318/1 5154/2/1 5130/319/1
f 5104/318/1 5082/320/1 5154/2/1
f 5105/254/1 5082/320/1 5104/318/1
f 5105/254/1 5081/321/1 5082/320/1
f 5106/322/1 5080/323/1 5105/254/1
f 5080/323/1 5081/321/1 5105/254/1
f 5106/322/1 5079/324/1 5080/323/1
f 5107/325/1 5079/324/1 5106/322/1
f 5107/325/1 5078/326/1 5079/324/1
f 5107/325/1 5077/327/1 5078/326/1
f 5108/328/1 5077/327/1 5107/325/1
f 5108/328/1 5076/329/1 5077/327/1
f 5109/330/1 5076/329/1 5108/328/1
f 5109/330/1 5075/331/1 5076/329/1
f 5057/332/1 5129/333/1 5056/3/1
f 5109/330/1 5074/334/1 5075/331/1
f 5058/335/1 5129/333/1 5057/332/1
f 5059/336/1 5129/333/1 5058/335/1
f 5110/337/1 5074/334/1 5109/330/1
f 5110/337/1 5073/338/1 5074/334/1
f 5060/339/1 5129/333/1 5059/336/1
f 5061/340/1 5129/333/1 5060/339/1
f 5110/337/1 5072/341/1 5073/338/1
f 5062/342/1 5129/333/1 5061/340/1
f 5110/337/1 5071/343/1 5072/341/1
f 5063/344/1 5129/333/1 5062/342/1
f 5111/345/1 5071/343/1 5110/337/1
f 5064/346/1 5129/333/1 5063/344/1
f 5111/345/1 5070/347/1 5071/343/1
f 5065/348/1 5129/333/1 5064/346/1
f 5111/345/1 5069/349/1 5070/347/1
f 5066/350/1 5129/333/1 5065/348/1
f 5067/351/1 5129/333/1 5066/350/1
f 5111/345/1 5068/352/1 5069/349/1
f 5068/352/1 5129/333/1 5067/351/1
f 5111/345/1 5129/333/1 5068/352/1
f 5112/353/1 5129/333/1 5111/345/1
f 5112/353/1 5128/354/1 5129/333/1
f 5113/355/1 5128/354/1 5112/353/1
f 5113/355/1 5127/356/1 5128/354/1
f 5113/355/1 5126/357/1 5127/356/1
f 5114/358/1 5126/357/1 5113/355/1
f 5114/358/1 5125/359/1 5126/357/1
f 5114/358/1 5124/360/1 5125/359/1
f 5115/361/1 5124/360/1 5114/358/1
f 5115/361/1 5123/362/1 5124/360/1
f 5115/361/1 5122/363/1 5123/362/1
f 5116/364/1 5122/363/1 5115/361/1
f 5116/364/1 5121/365/1 5122/363/1
f 5116/364/1 5120/366/1 5121/365/1
f 5116/364/1 5119/367/1 5120/366/1
f 5117/368/1 5119/367/1 5116/364/1
f 5117/368/1 5118/369/1 5119/367/1
f 5156/748/1 5212/2/1 5155/3/1
f 5156/748/1 5211/749/1 5212/2/1
f 5156/748/1 5210/750/1 5211/749/1
f 5157/751/1 5210/750/1 5156/748/1
f 5158/436/1 5210/750/1 5157/751/1
f 5159/752/1 5209/447/1 5158/436/1
f 5209/447/2 5210/750/2 5158/436/2
f 5159/752/1 5208/753/1 5209/447/1
f 5159/752/1 5207/754/1 5208/753/1
f 5160/755/1 5207/754/1 5159/752/1
f 5160/755/1 5206/462/1 5207/754/1
f 5160/755/1 5205/756/1 5206/462/1
f 5161/432/1 5205/756/1 5160/755/1
f 5161/432/1 5204/757/1 5205/756/1
f 5185/550/1 5183/758/1 5184/759/1
f 5186/760/1 5183/758/1 5185/550/1
f 5161/432/1 5203/469/1 5204/757/1
f 5187/761/1 5183/758/1 5186/760/1
f 5162/762/1 5203/469/1 5161/432/1
f 5162/762/1 5202/763/1 5203/469/1
f 5188/542/1 5183/758/1 5187/761/1
f 5189/764/1 5183/758/1 5188/542/1
f 5162/762/1 5201/765/1 5202/763/1
f 5190/766/1 5183/758/1 5189/764/1
f 5162/762/1 5200/478/1 5201/765/1
f 5191/512/1 5183/758/1 5190/766/1
f 5162/762/1 5199/767/1 5200/478/1
f 5192/768/1 5183/758/1 5191/512/1
f 5163/769/1 5199/767/1 5162/762/1
f 5193/228/1 5183/758/1 5192/768/1
f 5163/769/1 5198/770/1 5199/767/1
f 5194/497/1 5183/758/1 5193/228/1
f 5163/769/1 5197/487/1 5198/770/1
f 5195/771/1 5183/758/1 5194/497/1
f 5163/769/1 5196/772/1 5197/487/1
f 5196/772/1 5183/758/1 5195/771/1
f 5163/769/1 5183/758/1 5196/772/1
f 5164/457/1 5183/758/1 5163/769/1
f 5165/773/1 5183/758/1 5164/457/1
f 5166/774/1 5183/758/1 5165/773/1
f 5166/774/1 5182/540/1 5183/758/1
f 5167/489/1 5182/540/1 5166/774/1
f 5167/489/1 5181/775/1 5182/540/1
f 5167/489/1 5180/776/1 5181/775/1
f 5168/777/1 5180/776/1 5167/489/1
f 5168/777/1 5179/517/1 5180/776/1
f 5168/777/1 5178/778/1 5179/517/1
f 5168/777/1 5177/779/1 5178/778/1
f 5169/780/1 5177/779/1 5168/777/1
f 5169/780/1 5176/533/1 5177/779/1
f 5169/780/1 5175/781/1 5176/533/1
f 5170/505/1 5175/781/1 5169/780/1
f 5170/505/1 5174/245/1 5175/781/1
f 5170/505/1 5173/522/1 5174/245/1
f 5171/782/1 5173/522/1 5170/505/1
f 5171/782/1 5172/783/1 5173/522/1
f 5214/970/1 5260/971/1 5213/3/1
f 5214/970/1 5259/972/1 5260/971/1
f 5215/973/1 5259/972/1 5214/970/1
f 5215/973/1 5258/540/1 5259/972/1
f 5216/974/1 5258/540/1 5215/973/1
f 5216/974/1 5257/975/1 5258/540/1
f 5217/976/1 5257/975/1 5216/974/1
f 5217/976/1 5256/977/1 5257/975/1
f 5218/436/1 5256/977/1 5217/976/1
f 5218/436/1 5255/978/1 5256/977/1
f 5219/979/1 5255/978/1 5218/436/1
f 5219/979/1 5254/980/1 5255/978/1
f 5220/981/1 5261/982/1 5219/979/1
f 5261/982/1 5254/980/1 5219/979/1
f 5220/981/1 5308/2/1 5261/982/1
f 5262/983/1 5254/980/1 5261/982/1
f 5220/981/1 5307/984/1 5308/2/1
f 5263/550/1 5254/980/1 5262/983/1
f 5220/981/1 5306/985/1 5307/984/1
f 5264/986/1 5254/980/1 5263/550/1
f 5264/986/1 5253/517/1 5254/980/1
f 5221/987/1 5306/985/1 5220/981/1
f 5221/987/1 5305/988/1 5306/985/1
f 5265/989/1 5253/517/1 5264/986/1
f 5221/987/1 5304/990/1 5305/988/1
f 5266/991/1 5253/517/1 5265/989/1
f 5221/987/1 5303/447/1 5304/990/1
f 5267/992/1 5253/517/1 5266/991/1
f 5267/992/1 5252/993/1 5253/517/1
f 5222/994/1 5303/447/1 5221/987/1
f 5222/994/1 5302/995/1 5303/447/1
f 5268/542/1 5252/993/1 5267/992/1
f 5222/994/1 5301/996/1 5302/995/1
f 5269/997/1 5252/993/1 5268/542/1
f 5269/997/1 5251/998/1 5252/993/1
f 5223/432/1 5301/996/1 5222/994/1
f 5223/432/1 5300/999/1 5301/996/1
f 5270/1000/1 5251/998/1 5269/997/1
f 5270/1000/1 5250/1001/1 5251/998/1
f 5224/1002/1 5300/999/1 5223/432/1
f 5224/1002/1 5299/1003/1 5300/999/1
f 5271/1004/1 5250/1001/1 5270/1000/1
f 5224/1002/1 5298/462/1 5299/1003/1
f 5272/1005/1 5250/1001/1 5271/1004/1
f 5272/1005/1 5249/1006/1 5250/1001/1
f 5225/1007/1 5298/462/1 5224/1002/1
f 5225/1007/1 5297/1008/1 5298/462/1
f 5273/512/1 5249/1006/1 5272/1005/1
f 5226/1009/1 5297/1008/1 5225/1007/1
f 5226/1009/1 5296/1010/1 5297/1008/1
f 5273/512/1 5248/533/1 5249/1006/1
f 5274/1011/1 5248/533/1 5273/512/1
f 5226/1009/1 5295/1012/1 5296/1010/1
f 5275/1013/1 5248/533/1 5274/1011/1
f 5227/1014/1 5295/1012/1 5226/1009/1
f 5275/1013/1 5247/1015/1 5248/533/1
f 5227/1014/1 5294/1016/1 5295/1012/1
f 5276/1017/1 5247/1015/1 5275/1013/1
f 5227/1014/1 5293/469/1 5294/1016/1
f 5228/457/1 5293/469/1 5227/1014/1
f 5277/1018/1 5247/1015/1 5276/1017/1
f 5277/1018/1 5246/1019/1 5247/1015/1
f 5228/457/1 5292/1020/1 5293/469/1
f 5278/497/1 5246/1019/1 5277/1018/1
f 5229/1021/1 5292/1020/1 5228/457/1
f 5278/497/1 5245/1022/1 5246/1019/1
f 5229/1021/1 5291/1023/1 5292/1020/1
f 5279/1024/1 5245/1022/1 5278/497/1
f 5229/1021/1 5290/1025/1 5291/1023/1
f 5280/1026/1 5245/1022/1 5279/1024/1
f 5230/1027/1 5290/1025/1 5229/1021/1
f 5280/1026/1 5244/1028/1 5245/1022/1
f 5230/1027/1 5289/1029/1 5290/1025/1
f 5281/1030/1 5244/1028/1 5280/1026/1
f 5230/1027/1 5288/478/1 5289/1029/1
f 5282/1031/1 5244/1028/1 5281/1030/1
f 5230/1027/1 5287/1032/1 5288/478/1
f 5283/487/1 5244/1028/1 5282/1031/1
f 5231/1033/1 5287/1032/1 5230/1027/1
f 5283/487/1 5243/522/1 5244/1028/1
f 5231/1033/1 5286/1034/1 5287/1032/1
f 5284/1035/1 5243/522/1 5283/487/1
f 5231/1033/1 5285/1036/1 5286/1034/1
f 5285/1036/1 5243/522/1 5284/1035/1
f 5231/1033/1 5243/522/1 5285/1036/1
f 5232/1037/1 5243/522/1 5231/1033/1
f 5232/1037/1 5242/1038/1 5243/522/1
f 5233/489/1 5242/1038/1 5232/1037/1
f 5233/489/1 5241/1039/1 5242/1038/1
f 5234/1040/1 5241/1039/1 5233/489/1
f 5234/1040/1 5240/1041/1 5241/1039/1
f 5235/1042/1 5240/1041/1 5234/1040/1
f 5235/1042/1 5239/1043/1 5240/1041/1
f 5236/1044/1 5239/1043/1 5235/1042/1
f 5236/1044/1 5238/505/1 5239/1043/1
f 5237/1045/1 5238/505/1 5236/1044/1
f 5403/644/1 5401/645/1 5402/646/1
f 5379/647/1 5377/648/1 5378/649/1
f 5404/650/1 5401/645/1 5403/644/1
f 5404/650/1 5400/651/1 5401/645/1
f 5380/652/1 5377/648/1 5379/647/1
f 5380/652/1 5376/653/1 5377/648/1
f 5405/654/1 5400/651/1 5404/650/1
f 5405/654/1 5399/655/1 5400/651/1
f 5381/656/1 5376/653/1 5380/652/1
f 5406/657/1 5399/655/1 5405/654/1
f 5406/657/1 5398/658/1 5399/655/1
f 5381/656/1 5375/659/1 5376/653/1
f 5382/660/1 5375/659/1 5381/656/1
f 5407/661/1 5398/658/1 5406/657/1
f 5310/662/1 5415/2/1 5309/3/1
f 5310/662/1 5414/663/1 5415/2/1
f 5407/661/1 5397/664/1 5398/658/1
f 5383/665/1 5375/659/1 5382/660/1
f 5408/666/1 5397/664/1 5407/661/1
f 5383/665/1 5374/667/1 5375/659/1
f 5408/666/1 5396/668/1 5397/664/1
f 5409/669/1 5396/668/1 5408/666/1
f 5384/670/1 5374/667/1 5383/665/1
f 5409/669/1 5395/671/1 5396/668/1
f 5384/670/1 5373/672/1 5374/667/1
f 5410/673/1 5395/671/1 5409/669/1
f 5385/674/1 5373/672/1 5384/670/1
f 5410/673/1 5394/675/1 5395/671/1
f 5411/676/1 5394/675/1 5410/673/1
f 5386/677/1 5373/672/1 5385/674/1
f 5386/677/1 5372/678/1 5373/672/1
f 5411/676/1 5393/679/1 5394/675/1
f 5412/680/1 5393/679/1 5411/676/1
f 5387/681/1 5372/678/1 5386/677/1
f 5412/680/1 5392/682/1 5393/679/1
f 5413/683/1 5392/682/1 5412/680/1
f 5387/681/1 5371/684/1 5372/678/1
f 5388/685/1 5371/684/1 5387/681/1
f 5413/683/1 5391/686/1 5392/682/1
f 5414/663/1 5391/686/1 5413/683/1
f 5389/687/1 5371/684/1 5388/685/1
f 5389/687/1 5351/688/1 5371/684/1
f 5351/688/1 5370/689/1 5371/684/1
f 5310/662/1 5312/690/1 5414/663/1
f 5312/690/1 5313/691/1 5414/663/1
f 5313/691/1 5314/692/1 5414/663/1
f 5314/692/1 5315/693/1 5414/663/1
f 5315/693/1 5316/694/1 5414/663/1
f 5316/694/1 5317/695/1 5414/663/1
f 5317/695/1 5318/696/1 5414/663/1
f 5318/696/1 5319/697/1 5414/663/1
f 5319/697/1 5320/698/1 5414/663/1
f 5320/698/1 5321/699/1 5414/663/1
f 5321/699/1 5322/700/1 5414/663/1
f 5322/700/1 5323/701/1 5414/663/1
f 5323/701/1 5391/686/1 5414/663/1
f 5323/701/1 5324/702/1 5391/686/1
f 5324/702/1 5390/703/1 5391/686/1
f 5390/703/1 5350/704/1 5389/687/1
f 5350/704/1 5351/688/1 5389/687/1
f 5325/705/1 5390/703/1 5324/702/1
f 5352/706/1 5370/689/1 5351/688/1
f 5390/703/1 5349/707/1 5350/704/1
f 5326/708/1 5390/703/1 5325/705/1
f 5353/709/1 5370/689/1 5352/706/1
f 5390/703/1 5348/710/1 5349/707/1
f 5327/711/1 5390/703/1 5326/708/1
f 5354/712/1 5370/689/1 5353/709/1
f 5390/703/1 5347/713/1 5348/710/1
f 5328/714/1 5390/703/1 5327/711/1
f 5328/714/1 5347/713/1 5390/703/1
f 5355/715/1 5370/689/1 5354/712/1
f 5328/714/1 5346/716/1 5347/713/1
f 5355/715/1 5369/717/1 5370/689/1
f 5329/718/1 5346/716/1 5328/714/1
f 5329/718/1 5345/719/1 5346/716/1
f 5356/720/1 5369/717/1 5355/715/1
f 5329/718/1 5344/721/1 5345/719/1
f 5330/722/1 5344/721/1 5329/718/1
f 5357/723/1 5369/717/1 5356/720/1
f 5330/722/1 5343/724/1 5344/721/1
f 5331/725/1 5343/724/1 5330/722/1
f 5358/726/1 5369/717/1 5357/723/1
f 5331/725/1 5342/727/1 5343/724/1
f 5358/726/1 5368/728/1 5369/717/1
f 5332/729/1 5342/727/1 5331/725/1
f 5332/729/1 5341/730/1 5342/727/1
f 5359/731/1 5368/728/1 5358/726/1
f 5332/729/1 5340/732/1 5341/730/1
f 5333/733/1 5340/732/1 5332/729/1
f 5360/734/1 5368/728/1 5359/731/1
f 5333/733/1 5339/735/1 5340/732/1
f 5360/734/1 5367/736/1 5368/728/1
f 5334/737/1 5339/735/1 5333/733/1
f 5310/662/1 5311/738/1 5312/690/1
f 5334/737/1 5338/739/1 5339/735/1
f 5361/740/1 5367/736/1 5360/734/1
f 5335/741/1 5338/739/1 5334/737/1
f 5362/254/1 5367/736/1 5361/740/1
f 5362/254/1 5366/742/1 5367/736/1
f 5336/743/1 5338/739/1 5335/741/1
f 5363/744/1 5366/742/1 5362/254/1
f 5363/744/1 5365/745/1 5366/742/1
f 5337/746/1 5338/739/1 5336/743/1
f 5364/747/1 5365/745/1 5363/744/1
f 5417/970/1 5463/971/1 5416/3/1
f 5417/970/1 5462/972/1 5463/971/1
f 5418/973/1 5462/972/1 5417/970/1
f 5418/973/1 5461/540/1 5462/972/1
f 5419/974/1 5461/540/1 5418/973/1
f 5419/974/1 5460/975/1 5461/540/1
f 5420/976/1 5460/975/1 5419/974/1
f 5420/976/1 5459/977/1 5460/975/1
f 5421/436/1 5459/977/1 5420/976/1
f 5421/436/1 5458/978/1 5459/977/1
f 5422/979/1 5458/978/1 5421/436/1
f 5422/979/1 5457/980/1 5458/978/1
f 5423/981/1 5464/982/1 5422/979/1
f 5464/982/1 5457/980/1 5422/979/1
f 5423/981/1 5511/2/1 5464/982/1
f 5465/983/1 5457/980/1 5464/982/1
f 5423/981/1 5510/984/1 5511/2/1
f 5466/550/1 5457/980/1 5465/983/1
f 5423/981/1 5509/985/1 5510/984/1
f 5467/986/1 5457/980/1 5466/550/1
f 5467/986/1 5456/517/1 5457/980/1
f 5424/987/1 5509/985/1 5423/981/1
f 5424/987/1 5508/988/1 5509/985/1
f 5468/989/1 5456/517/1 5467/986/1
f 5424/987/1 5507/990/1 5508/988/1
f 5469/991/1 5456/517/1 5468/989/1
f 5424/987/1 5506/447/1 5507/990/1
f 5470/992/1 5456/517/1 5469/991/1
f 5470/992/1 5455/993/1 5456/517/1
f 5425/994/1 5506/447/1 5424/987/1
f 5425/994/1 5505/995/1 5506/447/1
f 5471/542/1 5455/993/1 5470/992/1
f 5425/994/1 5504/996/1 5505/995/1
f 5472/997/1 5455/993/1 5471/542/1
f 5472/997/1 5454/998/1 5455/993/1
f 5426/432/1 5504/996/1 5425/994/1
f 5426/432/1 5503/999/1 5504/996/1
f 5473/1000/1 5454/998/1 5472/997/1
f 5473/1000/1 5453/1001/1 5454/998/1
f 5427/1002/1 5503/999/1 5426/432/1
f 5427/1002/1 5502/1003/1 5503/999/1
f 5474/1004/1 5453/1001/1 5473/1000/1
f 5427/1002/1 5501/462/1 5502/1003/1
f 5475/1005/1 5453/1001/1 5474/1004/1
f 5475/1005/1 5452/1006/1 5453/1001/1
f 5428/1007/1 5501/462/1 5427/1002/1
f 5428/1007/1 5500/1008/1 5501/462/1
f 5476/512/1 5452/1006/1 5475/1005/1
f 5429/1009/1 5500/1008/1 5428/1007/1
f 5429/1009/1 5499/1010/1 5500/1008/1
f 5476/512/1 5451/533/1 5452/1006/1
f 5477/1011/1 5451/533/1 5476/512/1
f 5429/1009/1 5498/1012/1 5499/1010/1
f 5478/1013/1 5451/533/1 5477/1011/1
f 5430/1014/1 5498/1012/1 5429/1009/1
f 5478/1013/1 5450/1015/1 5451/533/1
f 5430/1014/1 5497/1016/1 5498/1012/1
f 5479/1017/1 5450/1015/1 5478/1013/1
f 5430/1014/1 5496/469/1 5497/1016/1
f 5431/457/1 5496/469/1 5430/1014/1
f 5480/1018/1 5450/1015/1 5479/1017/1
f 5480/1018/1 5449/1019/1 5450/1015/1
f 5431/457/1 5495/1020/1 5496/469/1
f 5481/497/1 5449/1019/1 5480/1018/1
f 5432/1021/1 5495/1020/1 5431/457/1
f 5481/497/1 5448/1022/1 5449/1019/1
f 5432/1021/1 5494/1023/1 5495/1020/1
f 5482/1024/1 5448/1022/1 5481/497/1
f 5432/1021/1 5493/1025/1 5494/1023/1
f 5483/1026/1 5448/1022/1 5482/1024/1
f 5433/1027/1 5493/1025/1 5432/1021/1
f 5483/1026/1 5447/1028/1 5448/1022/1
f 5433/1027/1 5492/1029/1 5493/1025/1
f 5484/1030/1 5447/1028/1 5483/1026/1
f 5433/1027/1 5491/478/1 5492/1029/1
f 5485/1031/1 5447/1028/1 5484/1030/1
f 5433/1027/1 5490/1032/1 5491/478/1
f 5486/487/1 5447/1028/1 5485/1031/1
f 5434/1033/1 5490/1032/1 5433/1027/1
f 5486/487/1 5446/522/1 5447/1028/1
f 5434/1033/1 5489/1034/1 5490/1032/1
f 5487/1035/1 5446/522/1 5486/487/1
f 5434/1033/1 5488/1036/1 5489/1034/1
f 5488/1036/1 5446/522/1 5487/1035/1
f 5434/1033/1 5446/522/1 5488/1036/1
f 5435/1037/1 5446/522/1 5434/1033/1
f 5435/1037/1 5445/1038/1 5446/522/1
f 5436/489/1 5445/1038/1 5435/1037/1
f 5436/489/1 5444/1039/1 5445/1038/1
f 5437/1040/1 5444/1039/1 5436/489/1
f 5437/1040/1 5443/1041/1 5444/1039/1
f 5438/1042/1 5443/1041/1 5437/1040/1
f 5438/1042/1 5442/1043/1 5443/1041/1
f 5439/1044/1 5442/1043/1 5438/1042/1
f 5439/1044/1 5441/505/1 5442/1043/1
f 5440/1045/1 5441/505/1 5439/1044/1
f 5525/832/1 5523/833/1 5524/834/1
f 5525/832/1 5522/835/1 5523/833/1
f 5525/832/1 5521/836/1 5522/835/1
f 5526/837/1 5521/836/1 5525/832/1
f 5526/837/1 5520/838/1 5521/836/1
f 5526/837/1 5519/839/1 5520/838/1
f 5526/837/1 5518/840/1 5519/839/1
f 5527/841/1 5518/840/1 5526/837/1
f 5527/841/1 5517/842/1 5518/840/1
f 5527/841/1 5516/843/1 5517/842/1
f 5527/841/1 5515/844/1 5516/843/1
f 5528/845/1 5515/844/1 5527/841/1
f 5528/845/1 5514/846/1 5515/844/1
f 5528/845/1 5513/847/1 5514/846/1
f 5528/845/1 5512/3/1 5513/847/1
f 5529/848/1 5512/3/1 5528/845/1
f 5529/848/1 5601/849/1 5512/3/1
f 5601/849/1 5602/850/1 5512/3/1
f 5602/850/1 5603/851/1 5512/3/1
f 5603/851/1 5604/852/1 5512/3/1
f 5604/852/1 5605/853/1 5512/3/1
f 5605/853/1 5606/854/1 5512/3/1
f 5606/854/1 5607/855/1 5512/3/1
f 5607/855/1 5608/856/1 5512/3/1
f 5608/856/1 5609/2/1 5512/3/1
f 5530/857/1 5599/858/1 5529/848/1
f 5599/858/1 5600/859/1 5529/848/1
f 5600/859/1 5601/849/1 5529/848/1
f 5531/860/1 5597/861/1 5530/857/1
f 5597/861/1 5598/862/1 5530/857/1
f 5598/862/1 5599/858/1 5530/857/1
f 5531/860/1 5596/863/1 5597/861/1
f 5531/860/1 5595/864/1 5596/863/1
f 5531/860/1 5594/865/1 5595/864/1
f 5532/866/1 5594/865/1 5531/860/1
f 5532/866/1 5593/867/1 5594/865/1
f 5532/866/1 5592/868/1 5593/867/1
f 5532/866/1 5591/869/1 5592/868/1
f 5533/870/1 5591/869/1 5532/866/1
f 5533/870/1 5590/871/1 5591/869/1
f 5533/870/1 5589/872/1 5590/871/1
f 5534/873/1 5589/872/1 5533/870/1
f 5534/873/1 5588/874/1 5589/872/1
f 5534/873/1 5587/875/1 5588/874/1
f 5535/876/1 5587/875/1 5534/873/1
f 5535/876/1 5586/877/1 5587/875/1
f 5536/878/1 5586/877/1 5535/876/1
f 5536/878/1 5585/879/1 5586/877/1
f 5536/878/1 5584/880/1 5585/879/1
f 5537/881/1 5584/880/1 5536/878/1
f 5537/881/1 5583/882/1 5584/880/1
f 5538/883/1 5583/882/1 5537/881/1
f 5538/883/1 5582/884/1 5583/882/1
f 5538/883/1 5581/885/1 5582/884/1
f 5539/886/1 5581/885/1 5538/883/1
f 5539/886/1 5580/887/1 5581/885/1
f 5539/886/1 5579/888/1 5580/887/1
f 5540/889/1 5579/888/1 5539/886/1
f 5540/889/1 5578/890/1 5579/888/1
f 5562/891/1 5560/892/1 5561/893/1
f 5540/889/1 5577/894/1 5578/890/1
f 5563/895/1 5560/892/1 5562/891/1
f 5541/896/1 5577/894/1 5540/889/1
f 5564/897/1 5560/892/1 5563/895/1
f 5541/896/1 5576/898/1 5577/894/1
f 5565/899/1 5560/892/1 5564/897/1
f 5566/900/1 5560/892/1 5565/899/1
f 5567/901/1 5560/892/1 5566/900/1
f 5541/896/1 5575/902/1 5576/898/1
f 5568/903/1 5560/892/1 5567/901/1
f 5569/904/1 5560/892/1 5568/903/1
f 5541/896/1 5574/905/1 5575/902/1
f 5570/906/1 5560/892/1 5569/904/1
f 5571/907/1 5560/892/1 5570/906/1
f 5541/896/1 5573/908/1 5574/905/1
f 5572/909/1 5560/892/1 5571/907/1
f 5542/910/1 5573/908/1 5541/896/1
f 5573/908/1 5560/892/1 5572/909/1
f 5542/910/1 5560/892/1 5573/908/1
f 5543/911/1 5560/892/1 5542/910/1
f 5544/912/1 5560/892/1 5543/911/1
f 5545/913/1 5560/892/1 5544/912/1
f 5545/913/1 5559/914/1 5560/892/1
f 5545/913/1 5558/915/1 5559/914/1
f 5545/913/1 5557/916/1 5558/915/1
f 5546/917/1 5557/916/1 5545/913/1
f 5546/917/1 5556/918/1 5557/916/1
f 5546/917/1 5555/919/1 5556/918/1
f 5546/917/1 5554/920/1 5555/919/1
f 5546/917/1 5553/921/1 5554/920/1
f 5547/922/1 5553/921/1 5546/917/1
f 5547/922/1 5552/923/1 5553/921/1
f 5547/922/1 5551/924/1 5552/923/1
f 5547/922/1 5550/925/1 5551/924/1
f 5548/926/1 5550/925/1 5547/922/1
f 5548/926/1 5549/927/1 5550/925/1
f 5648/49/1 5646/50/1 5647/51/1
f 5649/52/1 5646/50/1 5648/49/1
f 5649/52/1 5645/53/1 5646/50/1
f 5650/54/1 5645/53/1 5649/52/1
f 5651/55/1 5645/53/1 5650/54/1
f 5651/55/1 5644/56/1 5645/53/1
f 5652/57/1 5644/56/1 5651/55/1
f 5652/57/1 5643/58/1 5644/56/1
f 5653/59/1 5643/58/1 5652/57/1
f 5654/60/1 5643/58/1 5653/59/1
f 5654/60/1 5642/61/1 5643/58/1
f 5655/62/1 5642/61/1 5654/60/1
f 5655/62/1 5641/63/1 5642/61/1
f 5656/64/1 5641/63/1 5655/62/1
f 5657/65/1 5641/63/1 5656/64/1
f 5657/65/1 5640/66/1 5641/63/1
f 5658/67/1 5640/66/1 5657/65/1
f 5658/67/1 5639/68/1 5640/66/1
f 5659/69/1 5639/68/1 5658/67/1
f 5660/70/1 5661/71/1 5659/69/1
f 5661/71/1 5662/72/1 5659/69/1
f 5662/72/1 5663/73/1 5659/69/1
f 5663/73/1 5664/74/1 5659/69/1
f 5664/74/1 5665/75/1 5659/69/1
f 5665/75/1 5666/76/1 5659/69/1
f 5666/76/1 5667/77/1 5659/69/1
f 5667/77/1 5668/78/1 5659/69/1
f 5668/78/1 5669/79/1 5659/69/1
f 5669/79/1 5670/80/1 5659/69/1
f 5670/80/1 5639/68/1 5659/69/1
f 5670/80/1 5671/81/1 5639/68/1
f 5671/81/1 5672/82/1 5639/68/1
f 5672/82/1 5638/83/1 5639/68/1
f 5672/82/1 5673/84/1 5638/83/1
f 5673/84/1 5637/85/1 5638/83/1
f 5674/86/1 5637/85/1 5673/84/1
f 5675/87/1 5637/85/1 5674/86/1
f 5676/88/1 5637/85/1 5675/87/1
f 5677/89/1 5637/85/1 5676/88/1
f 5678/90/1 5637/85/1 5677/89/1
f 5678/90/1 5636/91/1 5637/85/1
f 5679/92/1 5636/91/1 5678/90/1
f 5680/93/1 5636/91/1 5679/92/1
f 5681/94/1 5636/91/1 5680/93/1
f 5681/94/1 5635/95/1 5636/91/1
f 5682/96/1 5635/95/1 5681/94/1
f 5683/97/1 5635/95/1 5682/96/1
f 5683/97/1 5634/98/1 5635/95/1
f 5684/99/1 5634/98/1 5683/97/1
f 5685/100/1 5634/98/1 5684/99/1
f 5686/101/1 5783/2/1 5685/100/1
f 5783/2/1 5634/98/1 5685/100/1
f 5687/102/1 5783/2/1 5686/101/1
f 5688/103/1 5783/2/1 5687/102/1
f 5689/104/1 5783/2/1 5688/103/1
f 5690/105/1 5783/2/1 5689/104/1
f 5690/105/1 5782/106/1 5783/2/1
f 5747/107/1 5634/98/1 5783/2/1
f 5690/105/1 5781/108/1 5782/106/1
f 5691/109/1 5781/108/1 5690/105/1
f 5691/109/1 5780/110/1 5781/108/1
f 5692/111/1 5780/110/1 5691/109/1
f 5692/111/1 5779/112/1 5780/110/1
f 5693/113/1 5779/112/1 5692/111/1
f 5693/113/1 5778/114/1 5779/112/1
f 5693/113/1 5777/115/1 5778/114/1
f 5694/116/1 5777/115/1 5693/113/1
f 5694/116/1 5776/117/1 5777/115/1
f 5695/118/1 5776/117/1 5694/116/1
f 5695/118/1 5775/119/1 5776/117/1
f 5695/118/1 5774/120/1 5775/119/1
f 5696/121/1 5774/120/1 5695/118/1
f 5696/121/1 5773/122/1 5774/120/1
f 5696/121/1 5772/123/1 5773/122/1
f 5697/124/1 5772/123/1 5696/121/1
f 5697/124/1 5771/125/1 5772/123/1
f 5698/126/1 5771/125/1 5697/124/1
f 5698/126/1 5770/127/1 5771/125/1
f 5698/126/1 5769/128/1 5770/127/1
f 5699/129/1 5769/128/1 5698/126/1
f 5699/129/1 5768/130/1 5769/128/1
f 5699/129/1 5767/131/1 5768/130/1
f 5748/132/1 5634/98/1 5747/107/1
f 5700/133/1 5767/131/1 5699/129/1
f 5749/134/1 5634/98/1 5748/132/1
f 5700/133/1 5766/135/1 5767/131/1
f 5750/136/1 5634/98/1 5749/134/1
f 5611/137/1 5746/138/1 5610/3/1
f 5750/136/1 5633/139/1 5634/98/1
f 5700/133/1 5765/140/1 5766/135/1
f 5612/141/1 5746/138/1 5611/137/1
f 5751/142/1 5633/139/1 5750/136/1
f 5751/142/1 5632/143/1 5633/139/1
f 5613/144/1 5746/138/1 5612/141/1
f 5701/145/1 5765/140/1 5700/133/1
f 5701/145/1 5764/146/1 5765/140/1
f 5751/142/1 5631/147/1 5632/143/1
f 5752/148/1 5631/147/1 5751/142/1
f 5614/149/1 5746/138/1 5613/144/1
f 5752/148/1 5630/150/1 5631/147/1
f 5753/151/1 5630/150/1 5752/148/1
f 5615/152/1 5746/138/1 5614/149/1
f 5701/145/1 5763/153/1 5764/146/1
f 5753/151/1 5629/154/1 5630/150/1
f 5616/155/1 5746/138/1 5615/152/1
f 5754/156/1 5629/154/1 5753/151/1
f 5754/156/1 5628/157/1 5629/154/1
f 5617/158/1 5746/138/1 5616/155/1
f 5701/145/1 5762/159/1 5763/153/1
f 5754/156/1 5627/160/1 5628/157/1
f 5755/161/1 5627/160/1 5754/156/1
f 5618/162/1 5746/138/1 5617/158/1
f 5755/161/1 5626/163/1 5627/160/1
f 5702/164/1 5762/159/1 5701/145/1
f 5619/165/1 5746/138/1 5618/162/1
f 5702/164/1 5761/166/1 5762/159/1
f 5756/167/1 5626/163/1 5755/161/1
f 5756/167/1 5625/168/1 5626/163/1
f 5620/169/1 5746/138/1 5619/165/1
f 5756/167/1 5624/170/1 5625/168/1
f 5621/171/1 5746/138/1 5620/169/1
f 5757/172/1 5624/170/1 5756/167/1
f 5757/172/1 5623/173/1 5624/170/1
f 5622/174/1 5746/138/1 5621/171/1
f 5757/172/1 5622/174/1 5623/173/1
f 5702/164/1 5760/175/1 5761/166/1
f 5757/172/1 5746/138/1 5622/174/1
f 5758/176/1 5746/138/1 5757/172/1
f 5702/164/1 5759/177/1 5760/175/1
f 5759/177/1 5746/138/1 5758/176/1
f 5702/164/1 5722/178/1 5759/177/1
f 5722/178/1 5746/138/1 5759/177/1
f 5703/179/1 5722/178/1 5702/164/1
f 5703/179/1 5721/180/1 5722/178/1
f 5723/181/1 5746/138/1 5722/178/1
f 5704/182/1 5721/180/1 5703/179/1
f 5704/182/1 5720/183/1 5721/180/1
f 5724/184/1 5746/138/1 5723/181/1
f 5724/184/1 5745/185/1 5746/138/1
f 5705/186/1 5720/183/1 5704/182/1
f 5705/186/1 5719/187/1 5720/183/1
f 5725/188/1 5745/185/1 5724/184/1
f 5725/188/1 5744/189/1 5745/185/1
f 5705/186/1 5718/190/1 5719/187/1
f 5726/191/1 5744/189/1 5725/188/1
f 5706/192/1 5718/190/1 5705/186/1
f 5726/191/1 5743/193/1 5744/189/1
f 5706/192/1 5717/194/1 5718/190/1
f 5727/195/1 5743/193/1 5726/191/1
f 5727/195/1 5742/196/1 5743/193/1
f 5707/197/1 5717/194/1 5706/192/1
f 5707/197/1 5716/198/1 5717/194/1
f 5728/199/1 5742/196/1 5727/195/1
f 5728/199/1 5741/200/1 5742/196/1
f 5707/197/1 5715/201/1 5716/198/1
f 5729/202/1 5741/200/1 5728/199/1
f 5729/202/1 5740/203/1 5741/200/1
f 5708/204/1 5715/201/1 5707/197/1
f 5708/204/1 5714/205/1 5715/201/1
f 5730/206/1 5740/203/1 5729/202/1
f 5730/206/1 5739/207/1 5740/203/1
f 5708/204/1 5713/208/1 5714/205/1
f 5730/206/1 5738/209/1 5739/207/1
f 5731/210/1 5738/209/1 5730/206/1
f 5709/211/1 5713/208/1 5708/204/1
f 5731/210/1 5737/212/1 5738/209/1
f 5709/211/1 5712/213/1 5713/208/1
f 5732/214/1 5737/212/1 5731/210/1
f 5732/214/1 5736/215/1 5737/212/1
f 5709/211/1 5711/216/1 5712/213/1
f 5733/217/1 5736/215/1 5732/214/1
f 5710/218/1 5711/216/1 5709/211/1
f 5733/217/1 5735/219/1 5736/215/1
f 5734/220/1 5735/219/1 5733/217/1
f 5797/832/1 5795/833/1 5796/834/1
f 5797/832/1 5794/835/1 5795/833/1
f 5797/832/1 5793/836/1 5794/835/1
f 5798/837/1 5793/836/1 5797/832/1
f 5798/837/1 5792/838/1 5793/836/1
f 5798/837/1 5791/839/1 5792/838/1
f 5798/837/1 5790/840/1 5791/839/1
f 5799/841/1 5790/840/1 5798/837/1
f 5799/841/1 5789/842/1 5790/840/1
f 5799/841/1 5788/843/1 5789/842/1
f 5799/841/1 5787/844/1 5788/843/1
f 5800/845/1 5787/844/1 5799/841/1
f 5800/845/1 5786/846/1 5787/844/1
f 5800/845/1 5785/847/1 5786/846/1
f 5800/845/1 5784/3/1 5785/847/1
f 5801/848/1 5784/3/1 5800/845/1
f 5801/848/1 5873/849/1 5784/3/1
f 5873/849/1 5874/850/1 5784/3/1
f 5874/850/1 5875/851/1 5784/3/1
f 5875/851/1 5876/852/1 5784/3/1
f 5876/852/1 5877/853/1 5784/3/1
f 5877/853/1 5878/854/1 5784/3/1
f 5878/854/1 5879/855/1 5784/3/1
f 5879/855/1 5880/856/1 5784/3/1
f 5880/856/1 5881/2/1 5784/3/1
f 5802/857/1 5871/858/1 5801/848/1
f 5871/858/1 5872/859/1 5801/848/1
f 5872/859/1 5873/849/1 5801/848/1
f 5803/860/1 5869/861/1 5802/857/1
f 5869/861/1 5870/862/1 5802/857/1
f 5870/862/1 5871/858/1 5802/857/1
f 5803/860/1 5868/863/1 5869/861/1
f 5803/860/1 5867/864/1 5868/863/1
f 5803/860/1 5866/865/1 5867/864/1
f 5804/866/1 5866/865/1 5803/860/1
f 5804/866/1 5865/867/1 5866/865/1
f 5804/866/1 5864/868/1 5865/867/1
f 5804/866/1 5863/869/1 5864/868/1
f 5805/870/1 5863/869/1 5804/866/1
f 5805/870/1 5862/871/1 5863/869/1
f 5805/870/1 5861/872/1 5862/871/1
f 5806/873/1 5861/872/1 5805/870/1
f 5806/873/1 5860/874/1 5861/872/1
f 5806/873/1 5859/875/1 5860/874/1
f 5807/876/1 5859/875/1 5806/873/1
f 5807/876/1 5858/877/1 5859/875/1
f 5808/878/1 5858/877/1 5807/876/1
f 5808/878/1 5857/879/1 5858/877/1
f 5808/878/1 5856/880/1 5857/879/1
f 5809/881/1 5856/880/1 5808/878/1
f 5809/881/1 5855/882/1 5856/880/1
f 5810/883/1 5855/882/1 5809/881/1
f 5810/883/1 5854/884/1 5855/882/1
f 5810/883/1 5853/885/1 5854/884/1
f 5811/886/1 5853/885/1 5810/883/1
f 5811/886/1 5852/887/1 5853/885/1
f 5811/886/1 5851/888/1 5852/887/1
f 5812/889/1 5851/888/1 5811/886/1
f 5812/889/1 5850/890/1 5851/888/1
f 5834/891/1 5832/892/1 5833/893/1
f 5812/889/1 5849/894/1 5850/890/1
f 5835/895/1 5832/892/1 5834/891/1
f 5813/896/1 5849/894/1 5812/889/1
f 5836/897/1 5832/892/1 5835/895/1
f 5813/896/1 5848/898/1 5849/894/1
f 5837/899/1 5832/892/1 5836/897/1
f 5838/900/1 5832/892/1 5837/899/1
f 5839/901/1 5832/892/1 5838/900/1
f 5813/896/1 5847/902/1 5848/898/1
f 5840/903/1 5832/892/1 5839/901/1
f 5841/904/1 5832/892/1 5840/903/1
f 5813/896/1 5846/905/1 5847/902/1
f 5842/906/1 5832/892/1 5841/904/1
f 5843/907/1 5832/892/1 5842/906/1
f 5813/896/1 5845/908/1 5846/905/1
f 5844/909/1 5832/892/1 5843/907/1
f 5814/910/1 5845/908/1 5813/896/1
f 5845/908/1 5832/892/1 5844/909/1
f 5814/910/1 5832/892/1 5845/908/1
f 5815/911/1 5832/892/1 5814/910/1
f 5816/912/1 5832/892/1 5815/911/1
f 5817/913/1 5832/892/1 5816/912/1
f 5817/913/1 5831/914/1 5832/892/1
f 5817/913/1 5830/915/1 5831/914/1
f 5817/913/1 5829/916/1 5830/915/1
f 5818/917/1 5829/916/1 5817/913/1
f 5818/917/1 5828/918/1 5829/916/1
f 5818/917/1 5827/919/1 5828/918/1
f 5818/917/1 5826/920/1 5827/919/1
f 5818/917/1 5825/921/1 5826/920/1
f 5819/922/1 5825/921/1 5818/917/1
f 5819/922/1 5824/923/1 5825/921/1
f 5819/922/1 5823/924/1 5824/923/1
f 5819/922/1 5822/925/1 5823/924/1
f 5820/926/1 5822/925/1 5819/922/1
f 5820/926/1 5821/927/1 5822/925/1
f 5932/784/1 5930/785/1 5931/786/1
f 5932/784/1 5933/2/1 5930/785/1
f 5895/787/1 5893/788/1 5894/789/1
f 5896/790/1 5893/788/1 5895/787/1
f 5896/790/1 5892/791/1 5893/788/1
f 5897/792/1 5892/791/1 5896/790/1
f 5897/792/1 5891/793/1 5892/791/1
f 5898/794/1 5891/793/1 5897/792/1
f 5898/794/1 5890/795/1 5891/793/1
f 5899/245/1 5890/795/1 5898/794/1
f 5899/245/1 5889/796/1 5890/795/1
f 5900/797/1 5889/796/1 5899/245/1
f 5900/797/1 5888/798/1 5889/796/1
f 5901/799/1 5888/798/1 5900/797/1
f 5901/799/1 5887/800/1 5888/798/1
f 5902/801/1 5887/800/1 5901/799/1
f 5902/801/1 5886/802/1 5887/800/1
f 5903/803/1 5886/802/1 5902/801/1
f 5903/803/1 5885/804/1 5886/802/1
f 5904/805/1 5885/804/1 5903/803/1
f 5904/805/1 5884/806/1 5885/804/1
f 5905/807/1 5884/806/1 5904/805/1
f 5905/807/1 5883/808/1 5884/806/1
f 5906/809/1 5883/808/1 5905/807/1
f 5906/809/1 5882/3/1 5883/808/1
f 5907/810/1 5882/3/1 5906/809/1
f 5907/810/1 5929/811/1 5882/3/1
f 5908/812/1 5929/811/1 5907/810/1
f 5908/812/1 5928/813/1 5929/811/1
f 5909/814/1 5928/813/1 5908/812/1
f 5909/814/1 5927/815/1 5928/813/1
f 5910/816/1 5927/815/1 5909/814/1
f 5910/816/1 5926/817/1 5927/815/1
f 5911/818/1 5926/817/1 5910/816/1
f 5911/818/1 5925/819/1 5926/817/1
f 5912/820/1 5925/819/1 5911/818/1
f 5912/820/1 5924/821/1 5925/819/1
f 5913/822/1 5924/821/1 5912/820/1
f 5913/822/1 5923/823/1 5924/821/1
f 5914/824/1 5923/823/1 5913/822/1
f 5914/824/1 5922/825/1 5923/823/1
f 5915/826/1 5922/825/1 5914/824/1
f 5915/826/1 5921/827/1 5922/825/1
f 5916/228/1 5921/827/1 5915/826/1
f 5916/228/1 5920/828/1 5921/827/1
f 5917/829/1 5920/828/1 5916/228/1
f 5917/829/1 5919/830/1 5920/828/1
f 5918/831/1 5919/830/1 5917/829/1
f 5935/748/1 5991/2/1 5934/3/1
f 5935/748/1 5990/749/1 5991/2/1
f 5935/748/1 5989/750/1 5990/749/1
f 5936/751/1 5989/750/1 5935/748/1
f 5937/436/1 5989/750/1 5936/751/1
f 5938/752/1 5988/447/1 5937/436/1
f 5988/447/2 5989/750/2 5937/436/2
f 5938/752/1 5987/753/1 5988/447/1
f 5938/752/1 5986/754/1 5987/753/1
f 5939/755/1 5986/754/1 5938/752/1
f 5939/755/1 5985/462/1 5986/754/1
f 5939/755/1 5984/756/1 5985/462/1
f 5940/432/1 5984/756/1 5939/755/1
f 5940/432/1 5983/757/1 5984/756/1
f 5964/550/1 5962/758/1 5963/759/1
f 5965/760/1 5962/758/1 5964/550/1
f 5940/432/1 5982/469/1 5983/757/1
f 5966/761/1 5962/758/1 5965/760/1
f 5941/762/1 5982/469/1 5940/432/1
f 5941/762/1 5981/763/1 5982/469/1
f 5967/542/1 5962/758/1 5966/761/1
f 5968/764/1 5962/758/1 5967/542/1
f 5941/762/1 5980/765/1 5981/763/1
f 5969/766/1 5962/758/1 5968/764/1
f 5941/762/1 5979/478/1 5980/765/1
f 5970/512/1 5962/758/1 5969/766/1
f 5941/762/1 5978/767/1 5979/478/1
f 5971/768/1 5962/758/1 5970/512/1
f 5942/769/1 5978/767/1 5941/762/1
f 5972/228/1 5962/758/1 5971/768/1
f 5942/769/1 5977/770/1 5978/767/1
f 5973/497/1 5962/758/1 5972/228/1
f 5942/769/1 5976/487/1 5977/770/1
f 5974/771/1 5962/758/1 5973/497/1
f 5942/769/1 5975/772/1 5976/487/1
f 5975/772/1 5962/758/1 5974/771/1
f 5942/769/1 5962/758/1 5975/772/1
f 5943/457/1 5962/758/1 5942/769/1
f 5944/773/1 5962/758/1 5943/457/1
f 5945/774/1 5962/758/1 5944/773/1
f 5945/774/1 5961/540/1 5962/758/1
f 5946/489/1 5961/540/1 5945/774/1
f 5946/489/1 5960/775/1 5961/540/1
f 5946/489/1 5959/776/1 5960/775/1
f 5947/777/1 5959/776/1 5946/489/1
f 5947/777/1 5958/517/1 5959/776/1
f 5947/777/1 5957/778/1 5958/517/1
f 5947/777/1 5956/779/1 5957/778/1
f 5948/780/1 5956/779/1 5947/777/1
f 5948/780/1 5955/533/1 5956/779/1
f 5948/780/1 5954/781/1 5955/533/1
f 5949/505/1 5954/781/1 5948/780/1
f 5949/505/1 5953/245/1 5954/781/1
f 5949/505/1 5952/522/1 5953/245/1
f 5950/782/1 5952/522/1 5949/505/1
f 5950/782/1 5951/783/1 5952/522/1
f 6034/388/1 6032/1386/1 6033/1387/1
f 6035/1388/1 6032/1386/1 6034/388/1
f 6035/1388/1 6031/385/1 6032/1386/1
f 6036/1389/1 6031/385/1 6035/1388/1
f 6037/391/1 6031/385/1 6036/1389/1
f 6037/391/1 6030/1390/1 6031/385/1
f 6038/1391/1 6030/1390/1 6037/391/1
f 6038/1391/1 6029/1392/1 6030/1390/1
f 6039/1393/1 6029/1392/1 6038/1391/1
f 6040/393/1 6029/1392/1 6039/1393/1
f 6040/393/1 6028/381/1 6029/1392/1
f 6041/1394/1 6028/381/1 6040/393/1
f 6041/1394/1 6027/1395/1 6028/381/1
f 6042/1396/1 6027/1395/1 6041/1394/1
f 6043/397/1 6027/1395/1 6042/1396/1
f 6043/397/1 6026/1397/1 6027/1395/1
f 6044/1398/1 6026/1397/1 6043/397/1
f 6044/1398/1 6025/380/1 6026/1397/1
f 6045/1399/1 6025/380/1 6044/1398/1
f 6046/402/1 6047/1400/1 6045/1399/1
f 6047/1400/1 6048/1401/1 6045/1399/1
f 6048/1401/1 6049/405/1 6045/1399/1
f 6049/405/1 6050/1402/1 6045/1399/1
f 6050/1402/1 6051/245/1 6045/1399/1
f 6051/245/1 6052/408/1 6045/1399/1
f 6052/408/1 6053/1403/1 6045/1399/1
f 6053/1403/1 6054/1404/1 6045/1399/1
f 6054/1404/1 6055/410/1 6045/1399/1
f 6055/410/1 6056/1405/1 6045/1399/1
f 6056/1405/1 6025/380/1 6045/1399/1
f 6056/1405/1 6057/1406/1 6025/380/1
f 6057/1406/1 6058/412/1 6025/380/1
f 6058/412/1 6024/1407/1 6025/380/1
f 6058/412/1 6059/1408/1 6024/1407/1
f 6059/1408/1 6023/1409/1 6024/1407/1
f 6060/1410/1 6023/1409/1 6059/1408/1
f 6061/415/1 6023/1409/1 6060/1410/1
f 6062/1411/1 6023/1409/1 6061/415/1
f 6063/1412/1 6023/1409/1 6062/1411/1
f 6064/417/1 6023/1409/1 6063/1412/1
f 6064/417/1 6022/379/1 6023/1409/1
f 6065/1413/1 6022/379/1 6064/417/1
f 6066/1414/1 6022/379/1 6065/1413/1
f 6067/419/1 6022/379/1 6066/1414/1
f 6067/419/1 6021/1415/1 6022/379/1
f 6068/1416/1 6021/1415/1 6067/419/1
f 6069/1417/1 6021/1415/1 6068/1416/1
f 6069/1417/1 6020/1418/1 6021/1415/1
f 6070/421/1 6020/1418/1 6069/1417/1
f 6071/1419/1 6020/1418/1 6070/421/1
f 6072/1420/1 6169/2/1 6071/1419/1
f 6169/2/1 6020/1418/1 6071/1419/1
f 6073/420/1 6169/2/1 6072/1420/1
f 6074/1421/1 6169/2/1 6073/420/1
f 6075/1422/1 6169/2/1 6074/1421/1
f 6076/424/1 6169/2/1 6075/1422/1
f 6076/424/1 6168/1423/1 6169/2/1
f 6133/398/1 6020/1418/1 6169/2/1
f 6076/424/1 6167/1424/1 6168/1423/1
f 6077/1425/1 6167/1424/1 6076/424/1
f 6077/1425/1 6166/384/1 6167/1424/1
f 6078/1426/1 6166/384/1 6077/1425/1
f 6078/1426/1 6165/1427/1 6166/384/1
f 6079/425/1 6165/1427/1 6078/1426/1
f 6079/425/1 6164/1428/1 6165/1427/1
f 6079/425/1 6163/383/1 6164/1428/1
f 6080/1429/1 6163/383/1 6079/425/1
f 6080/1429/1 6162/1430/1 6163/383/1
f 6081/1431/1 6162/1430/1 6080/1429/1
f 6081/1431/1 6161/1432/1 6162/1430/1
f 6081/1431/1 6160/382/1 6161/1432/1
f 6082/427/1 6160/382/1 6081/1431/1
f 6082/427/1 6159/1433/1 6160/382/1
f 6082/427/1 6158/1434/1 6159/1433/1
f 6083/1435/1 6158/1434/1 6082/427/1
f 6083/1435/1 6157/387/1 6158/1434/1
f 6084/1436/1 6157/387/1 6083/1435/1
f 6084/1436/1 6156/1437/1 6157/387/1
f 6084/1436/1 6155/1438/1 6156/1437/1
f 6085/426/1 6155/1438/1 6084/1436/1
f 6085/426/1 6154/386/1 6155/1438/1
f 6085/426/1 6153/1439/1 6154/386/1
f 6134/1440/1 6020/1418/1 6133/398/1
f 6086/1441/1 6153/1439/1 6085/426/1
f 6135/1442/1 6020/1418/1 6134/1440/1
f 6086/1441/1 6152/1443/1 6153/1439/1
f 6136/394/1 6020/1418/1 6135/1442/1
f 5997/1444/1 6132/1445/1 5996/1446/1
f 6136/394/1 6019/378/1 6020/1418/1
f 6086/1441/1 6151/390/1 6152/1443/1
f 5998/373/1 6132/1445/1 5997/1444/1
f 6137/1447/1 6019/378/1 6136/394/1
f 6137/1447/1 6018/1448/1 6019/378/1
f 5999/1449/1 6132/1445/1 5998/373/1
f 6087/1450/1 6151/390/1 6086/1441/1
f 6087/1450/1 6150/1451/1 6151/390/1
f 6137/1447/1 6017/1452/1 6018/1448/1
f 6138/1453/1 6017/1452/1 6137/1447/1
f 6000/1454/1 6132/1445/1 5999/1449/1
f 6138/1453/1 6016/377/1 6017/1452/1
f 6139/395/1 6016/377/1 6138/1453/1
f 6001/371/1 6132/1445/1 6000/1454/1
f 6087/1450/1 6149/1455/1 6150/1451/1
f 6139/395/1 6015/1456/1 6016/377/1
f 6002/1457/1 6132/1445/1 6001/371/1
f 6140/1458/1 6015/1456/1 6139/395/1
f 6140/1458/1 6014/1459/1 6015/1456/1
f 6003/1460/1 6132/1445/1 6002/1457/1
f 6087/1450/1 6148/389/1 6149/1455/1
f 6140/1458/1 6013/376/1 6014/1459/1
f 6141/1461/1 6013/376/1 6140/1458/1
f 6004/372/1 6132/1445/1 6003/1460/1
f 6141/1461/1 6012/1462/1 6013/376/1
f 6088/423/1 6148/389/1 6087/1450/1
f 6005/1463/1 6132/1445/1 6004/372/1
f 6088/423/1 6147/1464/1 6148/389/1
f 6142/396/1 6012/1462/1 6141/1461/1
f 6142/396/1 6011/1465/1 6012/1462/1
f 6006/1466/1 6132/1445/1 6005/1463/1
f 6142/396/1 6010/374/1 6011/1465/1
f 6007/370/1 6132/1445/1 6006/1466/1
f 6143/1467/1 6010/374/1 6142/396/1
f 6143/1467/1 6009/1468/1 6010/374/1
f 6008/1469/1 6132/1445/1 6007/370/1
f 6143/1467/1 6008/1469/1 6009/1468/1
f 6088/423/1 6146/1470/1 6147/1464/1
f 6143/1467/1 6132/1445/1 6008/1469/1
f 6144/1471/1 6132/1445/1 6143/1467/1
f 6088/423/1 6145/392/1 6146/1470/1
f 6145/392/1 6132/1445/1 6144/1471/1
f 6088/423/1 6108/1472/1 6145/392/1
f 6108/1472/1 6132/1445/1 6145/392/1
f 6089/1473/1 6108/1472/1 6088/423/1
f 6089/1473/1 6107/1474/1 6108/1472/1
f 6109/409/1 6132/1445/1 6108/1472/1
f 6090/1475/1 6107/1474/1 6089/1473/1
f 6090/1475/1 6106/411/1 6107/1474/1
f 6110/228/1 6132/1445/1 6109/409/1
f 6110/228/1 6131/1476/1 6132/1445/1
f 6091/422/1 6106/411/1 6090/1475/1
f 6091/422/1 6105/1477/1 6106/411/1
f 6111/1478/1 6131/1476/1 6110/228/1
f 6111/1478/1 6130/399/1 6131/1476/1
f 6091/422/1 6104/1479/1 6105/1477/1
f 6112/407/1 6130/399/1 6111/1478/1
f 6092/1480/1 6104/1479/1 6091/422/1
f 6112/407/1 6129/1481/1 6130/399/1
f 6092/1480/1 6103/413/1 6104/1479/1
f 6113/1482/1 6129/1481/1 6112/407/1
f 6113/1482/1 6128/1483/1 6129/1481/1
f 6093/1484/1 6103/413/1 6092/1480/1
f 6093/1484/1 6102/1485/1 6103/413/1
f 6114/1486/1 6128/1483/1 6113/1482/1
f 6114/1486/1 6127/400/1 6128/1483/1
f 6093/1484/1 6101/1487/1 6102/1485/1
f 6115/406/1 6127/400/1 6114/1486/1
f 6115/406/1 6126/1488/1 6127/400/1
f 6094/418/1 6101/1487/1 6093/1484/1
f 6094/418/1 6100/414/1 6101/1487/1
f 6116/1489/1 6126/1488/1 6115/406/1
f 6116/1489/1 6125/1490/1 6126/1488/1
f 6094/418/1 6099/1491/1 6100/414/1
f 6116/1489/1 6124/401/1 6125/1490/1
f 6117/1492/1 6124/401/1 6116/1489/1
f 6095/1493/1 6099/1491/1 6094/418/1
f 6117/1492/1 6123/1494/1 6124/401/1
f 6095/1493/1 6098/1495/1 6099/1491/1
f 6118/404/1 6123/1494/1 6117/1492/1
f 6118/404/1 6122/1496/1 6123/1494/1
f 6095/1493/1 6097/416/1 6098/1495/1
f 6119/1497/1 6122/1496/1 6118/404/1
f 6096/1498/1 6097/416/1 6095/1493/1
f 6119/1497/1 6121/403/1 6122/1496/1
f 6120/1499/1 6121/403/1 6119/1497/1
f 5993/1500/1 5995/375/1 5992/3/1
f 5993/1500/1 5994/1501/1 5995/375/1
f 6200/571/1 6198/1046/1 6199/1047/1
f 6200/571/1 6197/1048/1 6198/1046/1
f 6173/1049/1 6171/1050/1 6172/1051/1
f 6173/1049/1 6170/3/1 6171/1050/1
f 6201/1052/1 6197/1048/1 6200/571/1
f 6201/1052/1 6196/1053/1 6197/1048/1
f 6201/1052/1 6195/567/1 6196/1053/1
f 6202/1054/1 6195/567/1 6201/1052/1
f 6202/1054/1 6194/1055/1 6195/567/1
f 6174/1056/1 6170/3/1 6173/1049/1
f 6202/1054/1 6193/1057/1 6194/1055/1
f 6175/564/1 6170/3/1 6174/1056/1
f 6203/1000/1 6193/1057/1 6202/1054/1
f 6203/1000/1 6192/998/1 6193/1057/1
f 6176/1058/1 6170/3/1 6175/564/1
f 6177/1059/1 6170/3/1 6176/1058/1
f 6203/1000/1 6191/1060/1 6192/998/1
f 6204/1061/1 6191/1060/1 6203/1000/1
f 6178/1062/1 6170/3/1 6177/1059/1
f 6204/1061/1 6190/615/1 6191/1060/1
f 6179/1063/1 6224/1064/1 6178/1062/1
f 6224/1064/1 6170/3/1 6178/1062/1
f 6204/1061/1 6189/1065/1 6190/615/1
f 6180/604/1 6224/1064/1 6179/1063/1
f 6204/1061/1 6188/1066/1 6189/1065/1
f 6181/1037/1 6224/1064/1 6180/604/1
f 6205/595/1 6188/1066/1 6204/1061/1
f 6182/1067/1 6224/1064/1 6181/1037/1
f 6205/595/1 6187/1068/1 6188/1066/1
f 6183/1069/1 6224/1064/1 6182/1067/1
f 6205/595/1 6186/1070/1 6187/1068/1
f 6184/1071/1 6224/1064/1 6183/1069/1
f 6205/595/1 6185/638/1 6186/1070/1
f 6185/638/1 6224/1064/1 6184/1071/1
f 6205/595/1 6224/1064/1 6185/638/1
f 6205/595/1 6223/1072/1 6224/1064/1
f 6225/2/1 6170/3/1 6224/1064/1
f 6206/1073/1 6223/1072/1 6205/595/1
f 6206/1073/1 6222/1074/1 6223/1072/1
f 6206/1073/1 6221/1075/1 6222/1074/1
f 6207/1076/1 6221/1075/1 6206/1073/1
f 6207/1076/1 6220/592/1 6221/1075/1
f 6208/1077/1 6220/592/1 6207/1076/1
f 6208/1077/1 6219/1078/1 6220/592/1
f 6208/1077/1 6218/1079/1 6219/1078/1
f 6209/1080/1 6218/1079/1 6208/1077/1
f 6209/1080/1 6217/1081/1 6218/1079/1
f 6209/1080/1 6216/1082/1 6217/1081/1
f 6210/623/1 6216/1082/1 6209/1080/1
f 6210/623/1 6215/618/1 6216/1082/1
f 6211/1083/1 6215/618/1 6210/623/1
f 6211/1083/1 6214/1029/1 6215/618/1
f 6211/1083/1 6213/1084/1 6214/1029/1
f 6212/1085/1 6213/1084/1 6211/1083/1
f 6239/832/1 6237/833/1 6238/834/1
f 6239/832/1 6236/835/1 6237/833/1
f 6239/832/1 6235/836/1 6236/835/1
f 6240/837/1 6235/836/1 6239/832/1
f 6240/837/1 6234/838/1 6235/836/1
f 6240/837/1 6233/839/1 6234/838/1
f 6240/837/1 6232/840/1 6233/839/1
f 6241/841/1 6232/840/1 6240/837/1
f 6241/841/1 6231/842/1 6232/840/1
f 6241/841/1 6230/843/1 6231/842/1
f 6241/841/1 6229/844/1 6230/843/1
f 6242/845/1 6229/844/1 6241/841/1
f 6242/845/1 6228/846/1 6229/844/1
f 6242/845/1 6227/847/1 6228/846/1
f 6242/845/1 6226/3/1 6227/847/1
f 6243/848/1 6226/3/1 6242/845/1
f 6243/848/1 6315/849/1 6226/3/1
f 6315/849/1 6316/850/1 6226/3/1
f 6316/850/1 6317/851/1 6226/3/1
f 6317/851/1 6318/852/1 6226/3/1
f 6318/852/1 6319/853/1 6226/3/1
f 6319/853/1 6320/854/1 6226/3/1
f 6320/854/1 6321/855/1 6226/3/1
f 6321/855/1 6322/856/1 6226/3/1
f 6322/856/1 6323/2/1 6226/3/1
f 6244/857/1 6313/858/1 6243/848/1
f 6313/858/1 6314/859/1 6243/848/1
f 6314/859/1 6315/849/1 6243/848/1
f 6245/860/1 6311/861/1 6244/857/1
f 6311/861/1 6312/862/1 6244/857/1
f 6312/862/1 6313/858/1 6244/857/1
f 6245/860/1 6310/863/1 6311/861/1
f 6245/860/1 6309/864/1 6310/863/1
f 6245/860/1 6308/865/1 6309/864/1
f 6246/866/1 6308/865/1 6245/860/1
f 6246/866/1 6307/867/1 6308/865/1
f 6246/866/1 6306/868/1 6307/867/1
f 6246/866/1 6305/869/1 6306/868/1
f 6247/870/1 6305/869/1 6246/866/1
f 6247/870/1 6304/871/1 6305/869/1
f 6247/870/1 6303/872/1 6304/871/1
f 6248/873/1 6303/872/1 6247/870/1
f 6248/873/1 6302/874/1 6303/872/1
f 6248/873/1 6301/875/1 6302/874/1
f 6249/876/1 6301/875/1 6248/873/1
f 6249/876/1 6300/877/1 6301/875/1
f 6250/878/1 6300/877/1 6249/876/1
f 6250/878/1 6299/879/1 6300/877/1
f 6250/878/1 6298/880/1 6299/879/1
f 6251/881/1 6298/880/1 6250/878/1
f 6251/881/1 6297/882/1 6298/880/1
f 6252/883/1 6297/882/1 6251/881/1
f 6252/883/1 6296/884/1 6297/882/1
f 6252/883/1 6295/885/1 6296/884/1
f 6253/886/1 6295/885/1 6252/883/1
f 6253/886/1 6294/887/1 6295/885/1
f 6253/886/1 6293/888/1 6294/887/1
f 6254/889/1 6293/888/1 6253/886/1
f 6254/889/1 6292/890/1 6293/888/1
f 6276/891/1 6274/892/1 6275/893/1
f 6254/889/1 6291/894/1 6292/890/1
f 6277/895/1 6274/892/1 6276/891/1
f 6255/896/1 6291/894/1 6254/889/1
f 6278/897/1 6274/892/1 6277/895/1
f 6255/896/1 6290/898/1 6291/894/1
f 6279/899/1 6274/892/1 6278/897/1
f 6280/900/1 6274/892/1 6279/899/1
f 6281/901/1 6274/892/1 6280/900/1
f 6255/896/1 6289/902/1 6290/898/1
f 6282/903/1 6274/892/1 6281/901/1
f 6283/904/1 6274/892/1 6282/903/1
f 6255/896/1 6288/905/1 6289/902/1
f 6284/906/1 6274/892/1 6283/904/1
f 6285/907/1 6274/892/1 6284/906/1
f 6255/896/1 6287/908/1 6288/905/1
f 6286/909/1 6274/892/1 6285/907/1
f 6256/910/1 6287/908/1 6255/896/1
f 6287/908/1 6274/892/1 6286/909/1
f 6256/910/1 6274/892/1 6287/908/1
f 6257/911/1 6274/892/1 6256/910/1
f 6258/912/1 6274/892/1 6257/911/1
f 6259/913/1 6274/892/1 6258/912/1
f 6259/913/1 6273/914/1 6274/892/1
f 6259/913/1 6272/915/1 6273/914/1
f 6259/913/1 6271/916/1 6272/915/1
f 6260/917/1 6271/916/1 6259/913/1
f 6260/917/1 6270/918/1 6271/916/1
f 6260/917/1 6269/919/1 6270/918/1
f 6260/917/1 6268/920/1 6269/919/1
f 6260/917/1 6267/921/1 6268/920/1
f 6261/922/1 6267/921/1 6260/917/1
f 6261/922/1 6266/923/1 6267/921/1
f 6261/922/1 6265/924/1 6266/923/1
f 6261/922/1 6264/925/1 6265/924/1
f 6262/926/1 6264/925/1 6261/922/1
f 6262/926/1 6263/927/1 6264/925/1
f 6362/49/1 6360/50/1 6361/51/1
f 6363/52/1 6360/50/1 6362/49/1
f 6363/52/1 6359/53/1 6360/50/1
f 6364/54/1 6359/53/1 6363/52/1
f 6365/55/1 6359/53/1 6364/54/1
f 6365/55/1 6358/56/1 6359/53/1
f 6366/57/1 6358/56/1 6365/55/1
f 6366/57/1 6357/58/1 6358/56/1
f 6367/59/1 6357/58/1 6366/57/1
f 6368/60/1 6357/58/1 6367/59/1
f 6368/60/1 6356/61/1 6357/58/1
f 6369/62/1 6356/61/1 6368/60/1
f 6369/62/1 6355/63/1 6356/61/1
f 6370/64/1 6355/63/1 6369/62/1
f 6371/65/1 6355/63/1 6370/64/1
f 6371/65/1 6354/66/1 6355/63/1
f 6372/67/1 6354/66/1 6371/65/1
f 6372/67/1 6353/68/1 6354/66/1
f 6373/69/1 6353/68/1 6372/67/1
f 6374/70/1 6375/71/1 6373/69/1
f 6375/71/1 6376/72/1 6373/69/1
f 6376/72/1 6377/73/1 6373/69/1
f 6377/73/1 6378/74/1 6373/69/1
f 6378/74/1 6379/75/1 6373/69/1
f 6379/75/1 6380/76/1 6373/69/1
f 6380/76/1 6381/77/1 6373/69/1
f 6381/77/1 6382/78/1 6373/69/1
f 6382/78/1 6383/79/1 6373/69/1
f 6383/79/1 6384/80/1 6373/69/1
f 6384/80/1 6353/68/1 6373/69/1
f 6384/80/1 6385/81/1 6353/68/1
f 6385/81/1 6386/82/1 6353/68/1
f 6386/82/1 6352/83/1 6353/68/1
f 6386/82/1 6387/84/1 6352/83/1
f 6387/84/1 6351/85/1 6352/83/1
f 6388/86/1 6351/85/1 6387/84/1
f 6389/87/1 6351/85/1 6388/86/1
f 6390/88/1 6351/85/1 6389/87/1
f 6391/89/1 6351/85/1 6390/88/1
f 6392/90/1 6351/85/1 6391/89/1
f 6392/90/1 6350/91/1 6351/85/1
f 6393/92/1 6350/91/1 6392/90/1
f 6394/93/1 6350/91/1 6393/92/1
f 6395/94/1 6350/91/1 6394/93/1
f 6395/94/1 6349/95/1 6350/91/1
f 6396/96/1 6349/95/1 6395/94/1
f 6397/97/1 6349/95/1 6396/96/1
f 6397/97/1 6348/98/1 6349/95/1
f 6398/99/1 6348/98/1 6397/97/1
f 6399/100/1 6348/98/1 6398/99/1
f 6400/101/1 6497/2/1 6399/100/1
f 6497/2/1 6348/98/1 6399/100/1
f 6401/102/1 6497/2/1 6400/101/1
f 6402/103/1 6497/2/1 6401/102/1
f 6403/104/1 6497/2/1 6402/103/1
f 6404/105/1 6497/2/1 6403/104/1
f 6404/105/1 6496/106/1 6497/2/1
f 6461/107/1 6348/98/1 6497/2/1
f 6404/105/1 6495/108/1 6496/106/1
f 6405/109/1 6495/108/1 6404/105/1
f 6405/109/1 6494/110/1 6495/108/1
f 6406/111/1 6494/110/1 6405/109/1
f 6406/111/1 6493/112/1 6494/110/1
f 6407/113/1 6493/112/1 6406/111/1
f 6407/113/1 6492/114/1 6493/112/1
f 6407/113/1 6491/115/1 6492/114/1
f 6408/116/1 6491/115/1 6407/113/1
f 6408/116/1 6490/117/1 6491/115/1
f 6409/118/1 6490/117/1 6408/116/1
f 6409/118/1 6489/119/1 6490/117/1
f 6409/118/1 6488/120/1 6489/119/1
f 6410/121/1 6488/120/1 6409/118/1
f 6410/121/1 6487/122/1 6488/120/1
f 6410/121/1 6486/123/1 6487/122/1
f 6411/124/1 6486/123/1 6410/121/1
f 6411/124/1 6485/125/1 6486/123/1
f 6412/126/1 6485/125/1 6411/124/1
f 6412/126/1 6484/127/1 6485/125/1
f 6412/126/1 6483/128/1 6484/127/1
f 6413/129/1 6483/128/1 6412/126/1
f 6413/129/1 6482/130/1 6483/128/1
f 6413/129/1 6481/131/1 6482/130/1
f 6462/132/1 6348/98/1 6461/107/1
f 6414/133/1 6481/131/1 6413/129/1
f 6463/134/1 6348/98/1 6462/132/1
f 6414/133/1 6480/135/1 6481/131/1
f 6464/136/1 6348/98/1 6463/134/1
f 6325/137/1 6460/138/1 6324/3/1
f 6464/136/1 6347/139/1 6348/98/1
f 6414/133/1 6479/140/1 6480/135/1
f 6326/141/1 6460/138/1 6325/137/1
f 6465/142/1 6347/139/1 6464/136/1
f 6465/142/1 6346/143/1 6347/139/1
f 6327/144/1 6460/138/1 6326/141/1
f 6415/145/1 6479/140/1 6414/133/1
f 6415/145/1 6478/146/1 6479/140/1
f 6465/142/1 6345/147/1 6346/143/1
f 6466/148/1 6345/147/1 6465/142/1
f 6328/149/1 6460/138/1 6327/144/1
f 6466/148/1 6344/150/1 6345/147/1
f 6467/151/1 6344/150/1 6466/148/1
f 6329/152/1 6460/138/1 6328/149/1
f 6415/145/1 6477/153/1 6478/146/1
f 6467/151/1 6343/154/1 6344/150/1
f 6330/155/1 6460/138/1 6329/152/1
f 6468/156/1 6343/154/1 6467/151/1
f 6468/156/1 6342/157/1 6343/154/1
f 6331/158/1 6460/138/1 6330/155/1
f 6415/145/1 6476/159/1 6477/153/1
f 6468/156/1 6341/160/1 6342/157/1
f 6469/161/1 6341/160/1 6468/156/1
f 6332/162/1 6460/138/1 6331/158/1
f 6469/161/1 6340/163/1 6341/160/1
f 6416/164/1 6476/159/1 6415/145/1
f 6333/165/1 6460/138/1 6332/162/1
f 6416/164/1 6475/166/1 6476/159/1
f 6470/167/1 6340/163/1 6469/161/1
f 6470/167/1 6339/168/1 6340/163/1
f 6334/169/1 6460/138/1 6333/165/1
f 6470/167/1 6338/170/1 6339/168/1
f 6335/171/1 6460/138/1 6334/169/1
f 6471/172/1 6338/170/1 6470/167/1
f 6471/172/1 6337/173/1 6338/170/1
f 6336/174/1 6460/138/1 6335/171/1
f 6471/172/1 6336/174/1 6337/173/1
f 6416/164/1 6474/175/1 6475/166/1
f 6471/172/1 6460/138/1 6336/174/1
f 6472/176/1 6460/138/1 6471/172/1
f 6416/164/1 6473/177/1 6474/175/1
f 6473/177/1 6460/138/1 6472/176/1
f 6416/164/1 6436/178/1 6473/177/1
f 6436/178/1 6460/138/1 6473/177/1
f 6417/179/1 6436/178/1 6416/164/1
f 6417/179/1 6435/180/1 6436/178/1
f 6437/181/1 6460/138/1 6436/178/1
f 6418/182/1 6435/180/1 6417/179/1
f 6418/182/1 6434/183/1 6435/180/1
f 6438/184/1 6460/138/1 6437/181/1
f 6438/184/1 6459/185/1 6460/138/1
f 6419/186/1 6434/183/1 6418/182/1
f 6419/186/1 6433/187/1 6434/183/1
f 6439/188/1 6459/185/1 6438/184/1
f 6439/188/1 6458/189/1 6459/185/1
f 6419/186/1 6432/190/1 6433/187/1
f 6440/191/1 6458/189/1 6439/188/1
f 6420/192/1 6432/190/1 6419/186/1
f 6440/191/1 6457/193/1 6458/189/1
f 6420/192/1 6431/194/1 6432/190/1
f 6441/195/1 6457/193/1 6440/191/1
f 6441/195/1 6456/196/1 6457/193/1
f 6421/197/1 6431/194/1 6420/192/1
f 6421/197/1 6430/198/1 6431/194/1
f 6442/199/1 6456/196/1 6441/195/1
f 6442/199/1 6455/200/1 6456/196/1
f 6421/197/1 6429/201/1 6430/198/1
f 6443/202/1 6455/200/1 6442/199/1
f 6443/202/1 6454/203/1 6455/200/1
f 6422/204/1 6429/201/1 6421/197/1
f 6422/204/1 6428/205/1 6429/201/1
f 6444/206/1 6454/203/1 6443/202/1
f 6444/206/1 6453/207/1 6454/203/1
f 6422/204/1 6427/208/1 6428/205/1
f 6444/206/1 6452/209/1 6453/207/1
f 6445/210/1 6452/209/1 6444/206/1
f 6423/211/1 6427/208/1 6422/204/1
f 6445/210/1 6451/212/1 6452/209/1
f 6423/211/1 6426/213/1 6427/208/1
f 6446/214/1 6451/212/1 6445/210/1
f 6446/214/1 6450/215/1 6451/212/1
f 6423/211/1 6425/216/1 6426/213/1
f 6447/217/1 6450/215/1 6446/214/1
f 6424/218/1 6425/216/1 6423/211/1
f 6447/217/1 6449/219/1 6450/215/1
f 6448/220/1 6449/219/1 6447/217/1
f 6499/970/1 6545/971/1 6498/3/1
f 6499/970/1 6544/972/1 6545/971/1
f 6500/973/1 6544/972/1 6499/970/1
f 6500/973/1 6543/540/1 6544/972/1
f 6501/974/1 6543/540/1 6500/973/1
f 6501/974/1 6542/975/1 6543/540/1
f 6502/976/1 6542/975/1 6501/974/1
f 6502/976/1 6541/977/1 6542/975/1
f 6503/436/1 6541/977/1 6502/976/1
f 6503/436/1 6540/978/1 6541/977/1
f 6504/979/1 6540/978/1 6503/436/1
f 6504/979/1 6539/980/1 6540/978/1
f 6505/981/1 6546/982/1 6504/979/1
f 6546/982/1 6539/980/1 6504/979/1
f 6505/981/1 6593/2/1 6546/982/1
f 6547/983/1 6539/980/1 6546/982/1
f 6505/981/1 6592/984/1 6593/2/1
f 6548/550/1 6539/980/1 6547/983/1
f 6505/981/1 6591/985/1 6592/984/1
f 6549/986/1 6539/980/1 6548/550/1
f 6549/986/1 6538/517/1 6539/980/1
f 6506/987/1 6591/985/1 6505/981/1
f 6506/987/1 6590/988/1 6591/985/1
f 6550/989/1 6538/517/1 6549/986/1
f 6506/987/1 6589/990/1 6590/988/1
f 6551/991/1 6538/517/1 6550/989/1
f 6506/987/1 6588/447/1 6589/990/1
f 6552/992/1 6538/517/1 6551/991/1
f 6552/992/1 6537/993/1 6538/517/1
f 6507/994/1 6588/447/1 6506/987/1
f 6507/994/1 6587/995/1 6588/447/1
f 6553/542/1 6537/993/1 6552/992/1
f 6507/994/1 6586/996/1 6587/995/1
f 6554/997/1 6537/993/1 6553/542/1
f 6554/997/1 6536/998/1 6537/993/1
f 6508/432/1 6586/996/1 6507/994/1
f 6508/432/1 6585/999/1 6586/996/1
f 6555/1000/1 6536/998/1 6554/997/1
f 6555/1000/1 6535/1001/1 6536/998/1
f 6509/1002/1 6585/999/1 6508/432/1
f 6509/1002/1 6584/1003/1 6585/999/1
f 6556/1004/1 6535/1001/1 6555/1000/1
f 6509/1002/1 6583/462/1 6584/1003/1
f 6557/1005/1 6535/1001/1 6556/1004/1
f 6557/1005/1 6534/1006/1 6535/1001/1
f 6510/1007/1 6583/462/1 6509/1002/1
f 6510/1007/1 6582/1008/1 6583/462/1
f 6558/512/1 6534/1006/1 6557/1005/1
f 6511/1009/1 6582/1008/1 6510/1007/1
f 6511/1009/1 6581/1010/1 6582/1008/1
f 6558/512/1 6533/533/1 6534/1006/1
f 6559/1011/1 6533/533/1 6558/512/1
f 6511/1009/1 6580/1012/1 6581/1010/1
f 6560/1013/1 6533/533/1 6559/1011/1
f 6512/1014/1 6580/1012/1 6511/1009/1
f 6560/1013/1 6532/1015/1 6533/533/1
f 6512/1014/1 6579/1016/1 6580/1012/1
f 6561/1017/1 6532/1015/1 6560/1013/1
f 6512/1014/1 6578/469/1 6579/1016/1
f 6513/457/1 6578/469/1 6512/1014/1
f 6562/1018/1 6532/1015/1 6561/1017/1
f 6562/1018/1 6531/1019/1 6532/1015/1
f 6513/457/1 6577/1020/1 6578/469/1
f 6563/497/1 6531/1019/1 6562/1018/1
f 6514/1021/1 6577/1020/1 6513/457/1
f 6563/497/1 6530/1022/1 6531/1019/1
f 6514/1021/1 6576/1023/1 6577/1020/1
f 6564/1024/1 6530/1022/1 6563/497/1
f 6514/1021/1 6575/1025/1 6576/1023/1
f 6565/1026/1 6530/1022/1 6564/1024/1
f 6515/1027/1 6575/1025/1 6514/1021/1
f 6565/1026/1 6529/1028/1 6530/1022/1
f 6515/1027/1 6574/1029/1 6575/1025/1
f 6566/1030/1 6529/1028/1 6565/1026/1
f 6515/1027/1 6573/478/1 6574/1029/1
f 6567/1031/1 6529/1028/1 6566/1030/1
f 6515/1027/1 6572/1032/1 6573/478/1
f 6568/487/1 6529/1028/1 6567/1031/1
f 6516/1033/1 6572/1032/1 6515/1027/1
f 6568/487/1 6528/522/1 6529/1028/1
f 6516/1033/1 6571/1034/1 6572/1032/1
f 6569/1035/1 6528/522/1 6568/487/1
f 6516/1033/1 6570/1036/1 6571/1034/1
f 6570/1036/1 6528/522/1 6569/1035/1
f 6516/1033/1 6528/522/1 6570/1036/1
f 6517/1037/1 6528/522/1 6516/1033/1
f 6517/1037/1 6527/1038/1 6528/522/1
f 6518/489/1 6527/1038/1 6517/1037/1
f 6518/489/1 6526/1039/1 6527/1038/1
f 6519/1040/1 6526/1039/1 6518/489/1
f 6519/1040/1 6525/1041/1 6526/1039/1
f 6520/1042/1 6525/1041/1 6519/1040/1
f 6520/1042/1 6524/1043/1 6525/1041/1
f 6521/1044/1 6524/1043/1 6520/1042/1
f 6521/1044/1 6523/505/1 6524/1043/1
f 6522/1045/1 6523/505/1 6521/1044/1
f 6595/748/1 6651/2/1 6594/3/1
f 6595/748/1 6650/749/1 6651/2/1
f 6595/748/1 6649/750/1 6650/749/1
f 6596/751/1 6649/750/1 6595/748/1
f 6597/436/1 6649/750/1 6596/751/1
f 6598/752/1 6648/447/1 6597/436/1
f 6648/447/2 6649/750/2 6597/436/2
f 6598/752/1 6647/753/1 6648/447/1
f 6598/752/1 6646/754/1 6647/753/1
f 6599/755/1 6646/754/1 6598/752/1
f 6599/755/1 6645/462/1 6646/754/1
f 6599/755/1 6644/756/1 6645/462/1
f 6600/432/1 6644/756/1 6599/755/1
f 6600/432/1 6643/757/1 6644/756/1
f 6624/550/1 6622/758/1 6623/759/1
f 6625/760/1 6622/758/1 6624/550/1
f 6600/432/1 6642/469/1 6643/757/1
f 6626/761/1 6622/758/1 6625/760/1
f 6601/762/1 6642/469/1 6600/432/1
f 6601/762/1 6641/763/1 6642/469/1
f 6627/542/1 6622/758/1 6626/761/1
f 6628/764/1 6622/758/1 6627/542/1
f 6601/762/1 6640/765/1 6641/763/1
f 6629/766/1 6622/758/1 6628/764/1
f 6601/762/1 6639/478/1 6640/765/1
f 6630/512/1 6622/758/1 6629/766/1
f 6601/762/1 6638/767/1 6639/478/1
f 6631/768/1 6622/758/1 6630/512/1
f 6602/769/1 6638/767/1 6601/762/1
f 6632/228/1 6622/758/1 6631/768/1
f 6602/769/1 6637/770/1 6638/767/1
f 6633/497/1 6622/758/1 6632/228/1
f 6602/769/1 6636/487/1 6637/770/1
f 6634/771/1 6622/758/1 6633/497/1
f 6602/769/1 6635/772/1 6636/487/1
f 6635/772/1 6622/758/1 6634/771/1
f 6602/769/1 6622/758/1 6635/772/1
f 6603/457/1 6622/758/1 6602/769/1
f 6604/773/1 6622/758/1 6603/457/1
f 6605/774/1 6622/758/1 6604/773/1
f 6605/774/1 6621/540/1 6622/758/1
f 6606/489/1 6621/540/1 6605/774/1
f 6606/489/1 6620/775/1 6621/540/1
f 6606/489/1 6619/776/1 6620/775/1
f 6607/777/1 6619/776/1 6606/489/1
f 6607/777/1 6618/517/1 6619/776/1
f 6607/777/1 6617/778/1 6618/517/1
f 6607/777/1 6616/779/1 6617/778/1
f 6608/780/1 6616/779/1 6607/777/1
f 6608/780/1 6615/533/1 6616/779/1
f 6608/780/1 6614/781/1 6615/533/1
f 6609/505/1 6614/781/1 6608/780/1
f 6609/505/1 6613/245/1 6614/781/1
f 6609/505/1 6612/522/1 6613/245/1
f 6610/782/1 6612/522/1 6609/505/1
f 6610/782/1 6611/783/1 6612/522/1
f 6696/310/1 6694/930/1 6695/931/1
f 6697/932/1 6694/930/1 6696/310/1
f 6697/932/1 6693/933/1 6694/930/1
f 6698/934/1 6693/933/1 6697/932/1
f 6699/935/1 6693/933/1 6698/934/1
f 6699/935/1 6692/357/1 6693/933/1
f 6700/292/1 6692/357/1 6699/935/1
f 6654/928/1 6652/3/1 6653/929/1
f 6654/928/1 6708/2/1 6652/3/1
f 6700/292/1 6691/936/1 6692/357/1
f 6701/937/1 6691/936/1 6700/292/1
f 6702/938/1 6691/936/1 6701/937/1
f 6702/938/1 6690/939/1 6691/936/1
f 6703/940/1 6690/939/1 6702/938/1
f 6703/940/1 6689/941/1 6690/939/1
f 6704/301/1 6689/941/1 6703/940/1
f 6705/942/1 6689/941/1 6704/301/1
f 6705/942/1 6688/367/1 6689/941/1
f 6706/943/1 6688/367/1 6705/942/1
f 6707/944/1 6688/367/1 6706/943/1
f 6707/944/1 6668/307/1 6688/367/1
f 6668/307/1 6687/945/1 6688/367/1
f 6654/928/1 6707/944/1 6708/2/1
f 6654/928/1 6656/344/1 6707/944/1
f 6656/344/1 6657/946/1 6707/944/1
f 6657/946/1 6658/947/1 6707/944/1
f 6658/947/1 6659/948/1 6707/944/1
f 6659/948/1 6660/347/1 6707/944/1
f 6660/347/1 6661/949/1 6707/944/1
f 6661/949/1 6662/950/1 6707/944/1
f 6662/950/1 6663/951/1 6707/944/1
f 6663/951/1 6664/327/1 6707/944/1
f 6664/327/1 6665/952/1 6707/944/1
f 6665/952/1 6666/953/1 6707/944/1
f 6666/953/1 6667/954/1 6707/944/1
f 6667/954/1 6668/307/1 6707/944/1
f 6669/955/1 6687/945/1 6668/307/1
f 6670/956/1 6687/945/1 6669/955/1
f 6671/957/1 6687/945/1 6670/956/1
f 6672/277/1 6687/945/1 6671/957/1
f 6672/277/1 6686/958/1 6687/945/1
f 6673/959/1 6686/958/1 6672/277/1
f 6674/960/1 6686/958/1 6673/959/1
f 6675/961/1 6686/958/1 6674/960/1
f 6675/961/1 6685/962/1 6686/958/1
f 6676/284/1 6685/962/1 6675/961/1
f 6677/963/1 6685/962/1 6676/284/1
f 6677/963/1 6684/353/1 6685/962/1
f 6678/964/1 6684/353/1 6677/963/1
f 6654/928/1 6655/965/1 6656/344/1
f 6679/966/1 6684/353/1 6678/964/1
f 6679/966/1 6683/967/1 6684/353/1
f 6680/254/1 6683/967/1 6679/966/1
f 6681/968/1 6683/967/1 6680/254/1
f 6681/968/1 6682/969/1 6683/967/1
f 6747/49/1 6745/50/1 6746/51/1
f 6748/52/1 6745/50/1 6747/49/1
f 6748/52/1 6744/53/1 6745/50/1
f 6749/54/1 6744/53/1 6748/52/1
f 6750/55/1 6744/53/1 6749/54/1
f 6750/55/1 6743/56/1 6744/53/1
f 6751/57/1 6743/56/1 6750/55/1
f 6751/57/1 6742/58/1 6743/56/1
f 6752/59/1 6742/58/1 6751/57/1
f 6753/60/1 6742/58/1 6752/59/1
f 6753/60/1 6741/61/1 6742/58/1
f 6754/62/1 6741/61/1 6753/60/1
f 6754/62/1 6740/63/1 6741/61/1
f 6755/64/1 6740/63/1 6754/62/1
f 6756/65/1 6740/63/1 6755/64/1
f 6756/65/1 6739/66/1 6740/63/1
f 6757/67/1 6739/66/1 6756/65/1
f 6757/67/1 6738/68/1 6739/66/1
f 6758/69/1 6738/68/1 6757/67/1
f 6759/70/1 6760/71/1 6758/69/1
f 6760/71/1 6761/72/1 6758/69/1
f 6761/72/1 6762/73/1 6758/69/1
f 6762/73/1 6763/74/1 6758/69/1
f 6763/74/1 6764/75/1 6758/69/1
f 6764/75/1 6765/76/1 6758/69/1
f 6765/76/1 6766/77/1 6758/69/1
f 6766/77/1 6767/78/1 6758/69/1
f 6767/78/1 6768/79/1 6758/69/1
f 6768/79/1 6769/80/1 6758/69/1
f 6769/80/1 6738/68/1 6758/69/1
f 6769/80/1 6770/81/1 6738/68/1
f 6770/81/1 6771/82/1 6738/68/1
f 6771/82/1 6737/83/1 6738/68/1
f 6771/82/1 6772/84/1 6737/83/1
f 6772/84/1 6736/85/1 6737/83/1
f 6773/86/1 6736/85/1 6772/84/1
f 6774/87/1 6736/85/1 6773/86/1
f 6775/88/1 6736/85/1 6774/87/1
f 6776/89/1 6736/85/1 6775/88/1
f 6777/90/1 6736/85/1 6776/89/1
f 6777/90/1 6735/91/1 6736/85/1
f 6778/92/1 6735/91/1 6777/90/1
f 6779/93/1 6735/91/1 6778/92/1
f 6780/94/1 6735/91/1 6779/93/1
f 6780/94/1 6734/95/1 6735/91/1
f 6781/96/1 6734/95/1 6780/94/1
f 6782/97/1 6734/95/1 6781/96/1
f 6782/97/1 6733/98/1 6734/95/1
f 6783/99/1 6733/98/1 6782/97/1
f 6784/100/1 6733/98/1 6783/99/1
f 6785/101/1 6882/2/1 6784/100/1
f 6882/2/1 6733/98/1 6784/100/1
f 6786/102/1 6882/2/1 6785/101/1
f 6787/103/1 6882/2/1 6786/102/1
f 6788/104/1 6882/2/1 6787/103/1
f 6789/105/1 6882/2/1 6788/104/1
f 6789/105/1 6881/106/1 6882/2/1
f 6846/107/1 6733/98/1 6882/2/1
f 6789/105/1 6880/108/1 6881/106/1
f 6790/109/1 6880/108/1 6789/105/1
f 6790/109/1 6879/110/1 6880/108/1
f 6791/111/1 6879/110/1 6790/109/1
f 6791/111/1 6878/112/1 6879/110/1
f 6792/113/1 6878/112/1 6791/111/1
f 6792/113/1 6877/114/1 6878/112/1
f 6792/113/1 6876/115/1 6877/114/1
f 6793/116/1 6876/115/1 6792/113/1
f 6793/116/1 6875/117/1 6876/115/1
f 6794/118/1 6875/117/1 6793/116/1
f 6794/118/1 6874/119/1 6875/117/1
f 6794/118/1 6873/120/1 6874/119/1
f 6795/121/1 6873/120/1 6794/118/1
f 6795/121/1 6872/122/1 6873/120/1
f 6795/121/1 6871/123/1 6872/122/1
f 6796/124/1 6871/123/1 6795/121/1
f 6796/124/1 6870/125/1 6871/123/1
f 6797/126/1 6870/125/1 6796/124/1
f 6797/126/1 6869/127/1 6870/125/1
f 6797/126/1 6868/128/1 6869/127/1
f 6798/129/1 6868/128/1 6797/126/1
f 6798/129/1 6867/130/1 6868/128/1
f 6798/129/1 6866/131/1 6867/130/1
f 6847/132/1 6733/98/1 6846/107/1
f 6799/133/1 6866/131/1 6798/129/1
f 6848/134/1 6733/98/1 6847/132/1
f 6799/133/1 6865/135/1 6866/131/1
f 6849/136/1 6733/98/1 6848/134/1
f 6710/137/1 6845/138/1 6709/3/1
f 6849/136/1 6732/139/1 6733/98/1
f 6799/133/1 6864/140/1 6865/135/1
f 6711/141/1 6845/138/1 6710/137/1
f 6850/142/1 6732/139/1 6849/136/1
f 6850/142/1 6731/143/1 6732/139/1
f 6712/144/1 6845/138/1 6711/141/1
f 6800/145/1 6864/140/1 6799/133/1
f 6800/145/1 6863/146/1 6864/140/1
f 6850/142/1 6730/147/1 6731/143/1
f 6851/148/1 6730/147/1 6850/142/1
f 6713/149/1 6845/138/1 6712/144/1
f 6851/148/1 6729/150/1 6730/147/1
f 6852/151/1 6729/150/1 6851/148/1
f 6714/152/1 6845/138/1 6713/149/1
f 6800/145/1 6862/153/1 6863/146/1
f 6852/151/1 6728/154/1 6729/150/1
f 6715/155/1 6845/138/1 6714/152/1
f 6853/156/1 6728/154/1 6852/151/1
f 6853/156/1 6727/157/1 6728/154/1
f 6716/158/1 6845/138/1 6715/155/1
f 6800/145/1 6861/159/1 6862/153/1
f 6853/156/1 6726/160/1 6727/157/1
f 6854/161/1 6726/160/1 6853/156/1
f 6717/162/1 6845/138/1 6716/158/1
f 6854/161/1 6725/163/1 6726/160/1
f 6801/164/1 6861/159/1 6800/145/1
f 6718/165/1 6845/138/1 6717/162/1
f 6801/164/1 6860/166/1 6861/159/1
f 6855/167/1 6725/163/1 6854/161/1
f 6855/167/1 6724/168/1 6725/163/1
f 6719/169/1 6845/138/1 6718/165/1
f 6855/167/1 6723/170/1 6724/168/1
f 6720/171/1 6845/138/1 6719/169/1
f 6856/172/1 6723/170/1 6855/167/1
f 6856/172/1 6722/173/1 6723/170/1
f 6721/174/1 6845/138/1 6720/171/1
f 6856/172/1 6721/174/1 6722/173/1
f 6801/164/1 6859/175/1 6860/166/1
f 6856/172/1 6845/138/1 6721/174/1
f 6857/176/1 6845/138/1 6856/172/1
f 6801/164/1 6858/177/1 6859/175/1
f 6858/177/1 6845/138/1 6857/176/1
f 6801/164/1 6821/178/1 6858/177/1
f 6821/178/1 6845/138/1 6858/177/1
f 6802/179/1 6821/178/1 6801/164/1
f 6802/179/1 6820/180/1 6821/178/1
f 6822/181/1 6845/138/1 6821/178/1
f 6803/182/1 6820/180/1 6802/179/1
f 6803/182/1 6819/183/1 6820/180/1
f 6823/184/1 6845/138/1 6822/181/1
f 6823/184/1 6844/185/1 6845/138/1
f 6804/186/1 6819/183/1 6803/182/1
f 6804/186/1 6818/187/1 6819/183/1
f 6824/188/1 6844/185/1 6823/184/1
f 6824/188/1 6843/189/1 6844/185/1
f 6804/186/1 6817/190/1 6818/187/1
f 6825/191/1 6843/189/1 6824/188/1
f 6805/192/1 6817/190/1 6804/186/1
f 6825/191/1 6842/193/1 6843/189/1
f 6805/192/1 6816/194/1 6817/190/1
f 6826/195/1 6842/193/1 6825/191/1
f 6826/195/1 6841/196/1 6842/193/1
f 6806/197/1 6816/194/1 6805/192/1
f 6806/197/1 6815/198/1 6816/194/1
f 6827/199/1 6841/196/1 6826/195/1
f 6827/199/1 6840/200/1 6841/196/1
f 6806/197/1 6814/201/1 6815/198/1
f 6828/202/1 6840/200/1 6827/199/1
f 6828/202/1 6839/203/1 6840/200/1
f 6807/204/1 6814/201/1 6806/197/1
f 6807/204/1 6813/205/1 6814/201/1
f 6829/206/1 6839/203/1 6828/202/1
f 6829/206/1 6838/207/1 6839/203/1
f 6807/204/1 6812/208/1 6813/205/1
f 6829/206/1 6837/209/1 6838/207/1
f 6830/210/1 6837/209/1 6829/206/1
f 6808/211/1 6812/208/1 6807/204/1
f 6830/210/1 6836/212/1 6837/209/1
f 6808/211/1 6811/213/1 6812/208/1
f 6831/214/1 6836/212/1 6830/210/1
f 6831/214/1 6835/215/1 6836/212/1
f 6808/211/1 6810/216/1 6811/213/1
f 6832/217/1 6835/215/1 6831/214/1
f 6809/218/1 6810/216/1 6808/211/1
f 6832/217/1 6834/219/1 6835/215/1
f 6833/220/1 6834/219/1 6832/217/1
f 6884/748/1 6940/2/1 6883/3/1
f 6884/748/1 6939/749/1 6940/2/1
f 6884/748/1 6938/750/1 6939/749/1
f 6885/751/1 6938/750/1 6884/748/1
f 6886/436/1 6938/750/1 6885/751/1
f 6887/752/1 6937/447/1 6886/436/1
f 6937/447/2 6938/750/2 6886/436/2
f 6887/752/1 6936/753/1 6937/447/1
f 6887/752/1 6935/754/1 6936/753/1
f 6888/755/1 6935/754/1 6887/752/1
f 6888/755/1 6934/462/1 6935/754/1
f 6888/755/1 6933/756/1 6934/462/1
f 6889/432/1 6933/756/1 6888/755/1
f 6889/432/1 6932/757/1 6933/756/1
f 6913/550/1 6911/758/1 6912/759/1
f 6914/760/1 6911/758/1 6913/550/1
f 6889/432/1 6931/469/1 6932/757/1
f 6915/761/1 6911/758/1 6914/760/1
f 6890/762/1 6931/469/1 6889/432/1
f 6890/762/1 6930/763/1 6931/469/1
f 6916/542/1 6911/758/1 6915/761/1
f 6917/764/1 6911/758/1 6916/542/1
f 6890/762/1 6929/765/1 6930/763/1
f 6918/766/1 6911/758/1 6917/764/1
f 6890/762/1 6928/478/1 6929/765/1
f 6919/512/1 6911/758/1 6918/766/1
f 6890/762/1 6927/767/1 6928/478/1
f 6920/768/1 6911/758/1 6919/512/1
f 6891/769/1 6927/767/1 6890/762/1
f 6921/228/1 6911/758/1 6920/768/1
f 6891/769/1 6926/770/1 6927/767/1
f 6922/497/1 6911/758/1 6921/228/1
f 6891/769/1 6925/487/1 6926/770/1
f 6923/771/1 6911/758/1 6922/497/1
f 6891/769/1 6924/772/1 6925/487/1
f 6924/772/1 6911/758/1 6923/771/1
f 6891/769/1 6911/758/1 6924/772/1
f 6892/457/1 6911/758/1 6891/769/1
f 6893/773/1 6911/758/1 6892/457/1
f 6894/774/1 6911/758/1 6893/773/1
f 6894/774/1 6910/540/1 6911/758/1
f 6895/489/1 6910/540/1 6894/774/1
f 6895/489/1 6909/775/1 6910/540/1
f 6895/489/1 6908/776/1 6909/775/1
f 6896/777/1 6908/776/1 6895/489/1
f 6896/777/1 6907/517/1 6908/776/1
f 6896/777/1 6906/778/1 6907/517/1
f 6896/777/1 6905/779/1 6906/778/1
f 6897/780/1 6905/779/1 6896/777/1
f 6897/780/1 6904/533/1 6905/779/1
f 6897/780/1 6903/781/1 6904/533/1
f 6898/505/1 6903/781/1 6897/780/1
f 6898/505/1 6902/245/1 6903/781/1
f 6898/505/1 6901/522/1 6902/245/1
f 6899/782/1 6901/522/1 6898/505/1
f 6899/782/1 6900/783/1 6901/522/1
f 6954/428/1 6952/429/1 6953/430/1
f 6954/428/1 6951/431/1 6952/429/1
f 6955/432/1 6951/431/1 6954/428/1
f 6955/432/1 6950/433/1 6951/431/1
f 6955/432/1 6949/434/1 6950/433/1
f 6956/435/1 6949/434/1 6955/432/1
f 6956/435/1 6948/436/1 6949/434/1
f 6956/435/1 6947/437/1 6948/436/1
f 6957/438/1 6947/437/1 6956/435/1
f 6957/438/1 6946/439/1 6947/437/1
f 6957/438/1 6945/440/1 6946/439/1
f 6958/441/1 6945/440/1 6957/438/1
f 6958/441/1 6944/442/1 6945/440/1
f 6958/441/1 6943/443/1 6944/442/1
f 6959/444/1 6943/443/1 6958/441/1
f 6959/444/1 6942/445/1 6943/443/1
f 6959/444/1 6941/3/1 6942/445/1
f 6960/347/1 6941/3/1 6959/444/1
f 6960/347/1 7066/446/1 6941/3/1
f 7066/446/1 7067/447/1 6941/3/1
f 7067/447/1 7068/448/1 6941/3/1
f 7068/448/1 7069/449/1 6941/3/1
f 7069/449/1 7070/450/1 6941/3/1
f 7070/450/1 7071/451/1 6941/3/1
f 7071/451/1 7072/452/1 6941/3/1
f 7072/452/1 7073/453/1 6941/3/1
f 7073/453/1 7074/2/1 6941/3/1
f 6961/454/1 7064/455/1 6960/347/1
f 7064/455/1 7065/456/1 6960/347/1
f 7065/456/1 7066/446/1 6960/347/1
f 6962/457/1 7063/458/1 6961/454/1
f 7063/458/1 7064/455/1 6961/454/1
f 6963/459/1 7061/460/1 6962/457/1
f 7061/460/1 7062/461/1 6962/457/1
f 7062/461/1 7063/458/1 6962/457/1
f 6963/459/1 7060/462/1 7061/460/1
f 6963/459/1 7059/463/1 7060/462/1
f 6963/459/1 7058/464/1 7059/463/1
f 6963/459/1 7057/465/1 7058/464/1
f 6963/459/1 7056/466/1 7057/465/1
f 6964/467/1 7056/466/1 6963/459/1
f 6964/467/1 7055/292/1 7056/466/1
f 6964/467/1 7054/468/1 7055/292/1
f 6964/467/1 7053/469/1 7054/468/1
f 6964/467/1 7052/470/1 7053/469/1
f 6965/471/1 7052/470/1 6964/467/1
f 6965/471/1 7051/472/1 7052/470/1
f 6965/471/1 7050/473/1 7051/472/1
f 6965/471/1 7049/474/1 7050/473/1
f 6966/475/1 7049/474/1 6965/471/1
f 6966/475/1 7048/476/1 7049/474/1
f 6966/475/1 7047/477/1 7048/476/1
f 6966/475/1 7046/478/1 7047/477/1
f 6966/475/1 7045/479/1 7046/478/1
f 6966/475/1 7044/480/1 7045/479/1
f 6967/481/1 7044/480/1 6966/475/1
f 6967/481/1 7043/482/1 7044/480/1
f 6967/481/1 7042/483/1 7043/482/1
f 6967/481/1 7041/484/1 7042/483/1
f 6968/485/1 7041/484/1 6967/481/1
f 6968/485/1 7040/486/1 7041/484/1
f 6968/485/1 7039/487/1 7040/486/1
f 6968/485/1 7038/488/1 7039/487/1
f 6969/489/1 7038/488/1 6968/485/1
f 6969/489/1 7037/490/1 7038/488/1
f 6970/491/1 7037/490/1 6969/489/1
f 6970/491/1 7036/357/1 7037/490/1
f 6970/491/1 7035/492/1 7036/357/1
f 6971/493/1 7035/492/1 6970/491/1
f 6971/493/1 7034/494/1 7035/492/1
f 6972/495/1 7034/494/1 6971/493/1
f 6972/495/1 7033/496/1 7034/494/1
f 6972/495/1 7032/497/1 7033/496/1
f 6973/498/1 7032/497/1 6972/495/1
f 6973/498/1 7031/499/1 7032/497/1
f 6974/500/1 7031/499/1 6973/498/1
f 6974/500/1 7030/501/1 7031/499/1
f 6974/500/1 7029/502/1 7030/501/1
f 6975/503/1 7029/502/1 6974/500/1
f 6975/503/1 7028/504/1 7029/502/1
f 6976/505/1 7028/504/1 6975/503/1
f 6976/505/1 7027/506/1 7028/504/1
f 6977/507/1 7027/506/1 6976/505/1
f 6977/507/1 7026/508/1 7027/506/1
f 7002/509/1 7000/510/1 7001/511/1
f 6977/507/1 7025/512/1 7026/508/1
f 6978/513/1 7025/512/1 6977/507/1
f 7002/509/1 6999/514/1 7000/510/1
f 6979/307/1 7025/512/1 6978/513/1
f 7002/509/1 6998/284/1 6999/514/1
f 6980/515/1 7025/512/1 6979/307/1
f 6980/515/1 7024/516/1 7025/512/1
f 7002/509/1 6997/517/1 6998/284/1
f 6981/518/1 7024/516/1 6980/515/1
f 7002/509/1 6996/519/1 6997/517/1
f 6982/520/1 7024/516/1 6981/518/1
f 7002/509/1 6995/521/1 6996/519/1
f 6983/522/1 7024/516/1 6982/520/1
f 6983/522/1 7023/523/1 7024/516/1
f 7002/509/1 6994/524/1 6995/521/1
f 6984/525/1 7023/523/1 6983/522/1
f 6985/526/1 7023/523/1 6984/525/1
f 7002/509/1 6993/527/1 6994/524/1
f 6986/528/1 7023/523/1 6985/526/1
f 7002/509/1 6992/529/1 6993/527/1
f 6987/530/1 7023/523/1 6986/528/1
f 7002/509/1 6991/531/1 6992/529/1
f 6988/532/1 7023/523/1 6987/530/1
f 7002/509/1 6990/533/1 6991/531/1
f 6989/534/1 7023/523/1 6988/532/1
f 7002/509/1 6989/534/1 6990/533/1
f 6989/534/1 7022/535/1 7023/523/1
f 7002/509/1 7022/535/1 6989/534/1
f 7002/509/1 7021/536/1 7022/535/1
f 7002/509/1 7020/537/1 7021/536/1
f 7003/538/1 7020/537/1 7002/509/1
f 7003/538/1 7019/539/1 7020/537/1
f 7004/540/1 7019/539/1 7003/538/1
f 7005/541/1 7019/539/1 7004/540/1
f 7005/541/1 7018/542/1 7019/539/1
f 7006/543/1 7018/542/1 7005/541/1
f 7007/544/1 7018/542/1 7006/543/1
f 7007/544/1 7017/353/1 7018/542/1
f 7008/545/1 7017/353/1 7007/544/1
f 7008/545/1 7016/546/1 7017/353/1
f 7009/547/1 7016/546/1 7008/545/1
f 7010/548/1 7016/546/1 7009/547/1
f 7010/548/1 7015/549/1 7016/546/1
f 7011/550/1 7015/549/1 7010/548/1
f 7012/551/1 7015/549/1 7011/550/1
f 7012/551/1 7014/552/1 7015/549/1
f 7013/553/1 7014/552/1 7012/551/1
f 7113/274/1 7111/275/1 7112/276/1
f 7113/274/1 7110/277/1 7111/275/1
f 7114/278/1 7110/277/1 7113/274/1
f 7114/278/1 7109/279/1 7110/277/1
f 7115/280/1 7109/279/1 7114/278/1
f 7115/280/1 7108/281/1 7109/279/1
f 7116/282/1 7108/281/1 7115/280/1
f 7116/282/1 7107/283/1 7108/281/1
f 7117/284/1 7107/283/1 7116/282/1
f 7117/284/1 7106/285/1 7107/283/1
f 7118/286/1 7106/285/1 7117/284/1
f 7118/286/1 7105/287/1 7106/285/1
f 7119/288/1 7161/289/1 7118/286/1
f 7161/289/1 7105/287/1 7118/286/1
f 7119/288/1 7160/290/1 7161/289/1
f 7162/291/1 7105/287/1 7161/289/1
f 7119/288/1 7159/292/1 7160/290/1
f 7163/293/1 7105/287/1 7162/291/1
f 7119/288/1 7158/294/1 7159/292/1
f 7164/295/1 7105/287/1 7163/293/1
f 7164/295/1 7104/296/1 7105/287/1
f 7119/288/1 7157/297/1 7158/294/1
f 7120/298/1 7157/297/1 7119/288/1
f 7165/299/1 7104/296/1 7164/295/1
f 7120/298/1 7156/300/1 7157/297/1
f 7166/301/1 7104/296/1 7165/299/1
f 7120/298/1 7155/302/1 7156/300/1
f 7167/303/1 7104/296/1 7166/301/1
f 7120/298/1 7154/304/1 7155/302/1
f 7168/305/1 7104/296/1 7167/303/1
f 7121/306/1 7154/304/1 7120/298/1
f 7168/305/1 7103/307/1 7104/296/1
f 7121/306/1 7153/308/1 7154/304/1
f 7169/309/1 7103/307/1 7168/305/1
f 7121/306/1 7152/310/1 7153/308/1
f 7170/311/1 7103/307/1 7169/309/1
f 7122/312/1 7152/310/1 7121/306/1
f 7170/311/1 7102/313/1 7103/307/1
f 7122/312/1 7151/314/1 7152/310/1
f 7171/315/1 7102/313/1 7170/311/1
f 7122/312/1 7150/316/1 7151/314/1
f 7172/317/1 7102/313/1 7171/315/1
f 7123/318/1 7150/316/1 7122/312/1
f 7123/318/1 7149/319/1 7150/316/1
f 7172/317/1 7101/320/1 7102/313/1
f 7173/2/1 7101/320/1 7172/317/1
f 7123/318/1 7173/2/1 7149/319/1
f 7123/318/1 7101/320/1 7173/2/1
f 7124/254/1 7101/320/1 7123/318/1
f 7124/254/1 7100/321/1 7101/320/1
f 7125/322/1 7099/323/1 7124/254/1
f 7099/323/1 7100/321/1 7124/254/1
f 7125/322/1 7098/324/1 7099/323/1
f 7126/325/1 7098/324/1 7125/322/1
f 7126/325/1 7097/326/1 7098/324/1
f 7126/325/1 7096/327/1 7097/326/1
f 7127/328/1 7096/327/1 7126/325/1
f 7127/328/1 7095/329/1 7096/327/1
f 7128/330/1 7095/329/1 7127/328/1
f 7128/330/1 7094/331/1 7095/329/1
f 7076/332/1 7148/333/1 7075/3/1
f 7128/330/1 7093/334/1 7094/331/1
f 7077/335/1 7148/333/1 7076/332/1
f 7078/336/1 7148/333/1 7077/335/1
f 7129/337/1 7093/334/1 7128/330/1
f 7129/337/1 7092/338/1 7093/334/1
f 7079/339/1 7148/333/1 7078/336/1
f 7080/340/1 7148/333/1 7079/339/1
f 7129/337/1 7091/341/1 7092/338/1
f 7081/342/1 7148/333/1 7080/340/1
f 7129/337/1 7090/343/1 7091/341/1
f 7082/344/1 7148/333/1 7081/342/1
f 7130/345/1 7090/343/1 7129/337/1
f 7083/346/1 7148/333/1 7082/344/1
f 7130/345/1 7089/347/1 7090/343/1
f 7084/348/1 7148/333/1 7083/346/1
f 7130/345/1 7088/349/1 7089/347/1
f 7085/350/1 7148/333/1 7084/348/1
f 7086/351/1 7148/333/1 7085/350/1
f 7130/345/1 7087/352/1 7088/349/1
f 7087/352/1 7148/333/1 7086/351/1
f 7130/345/1 7148/333/1 7087/352/1
f 7131/353/1 7148/333/1 7130/345/1
f 7131/353/1 7147/354/1 7148/333/1
f 7132/355/1 7147/354/1 7131/353/1
f 7132/355/1 7146/356/1 7147/354/1
f 7132/355/1 7145/357/1 7146/356/1
f 7133/358/1 7145/357/1 7132/355/1
f 7133/358/1 7144/359/1 7145/357/1
f 7133/358/1 7143/360/1 7144/359/1
f 7134/361/1 7143/360/1 7133/358/1
f 7134/361/1 7142/362/1 7143/360/1
f 7134/361/1 7141/363/1 7142/362/1
f 7135/364/1 7141/363/1 7134/361/1
f 7135/364/1 7140/365/1 7141/363/1
f 7135/364/1 7139/366/1 7140/365/1
f 7135/364/1 7138/367/1 7139/366/1
f 7136/368/1 7138/367/1 7135/364/1
f 7136/368/1 7137/369/1 7138/367/1
f 7224/784/1 7222/785/1 7223/786/1
f 7224/784/1 7225/2/1 7222/785/1
f 7187/787/1 7185/788/1 7186/789/1
f 7188/790/1 7185/788/1 7187/787/1
f 7188/790/1 7184/791/1 7185/788/1
f 7189/792/1 7184/791/1 7188/790/1
f 7189/792/1 7183/793/1 7184/791/1
f 7190/794/1 7183/793/1 7189/792/1
f 7190/794/1 7182/795/1 7183/793/1
f 7191/245/1 7182/795/1 7190/794/1
f 7191/245/1 7181/796/1 7182/795/1
f 7192/797/1 7181/796/1 7191/245/1
f 7192/797/1 7180/798/1 7181/796/1
f 7193/799/1 7180/798/1 7192/797/1
f 7193/799/1 7179/800/1 7180/798/1
f 7194/801/1 7179/800/1 7193/799/1
f 7194/801/1 7178/802/1 7179/800/1
f 7195/803/1 7178/802/1 7194/801/1
f 7195/803/1 7177/804/1 7178/802/1
f 7196/805/1 7177/804/1 7195/803/1
f 7196/805/1 7176/806/1 7177/804/1
f 7197/807/1 7176/806/1 7196/805/1
f 7197/807/1 7175/808/1 7176/806/1
f 7198/809/1 7175/808/1 7197/807/1
f 7198/809/1 7174/3/1 7175/808/1
f 7199/810/1 7174/3/1 7198/809/1
f 7199/810/1 7221/811/1 7174/3/1
f 7200/812/1 7221/811/1 7199/810/1
f 7200/812/1 7220/813/1 7221/811/1
f 7201/814/1 7220/813/1 7200/812/1
f 7201/814/1 7219/815/1 7220/813/1
f 7202/816/1 7219/815/1 7201/814/1
f 7202/816/1 7218/817/1 7219/815/1
f 7203/818/1 7218/817/1 7202/816/1
f 7203/818/1 7217/819/1 7218/817/1
f 7204/820/1 7217/819/1 7203/818/1
f 7204/820/1 7216/821/1 7217/819/1
f 7205/822/1 7216/821/1 7204/820/1
f 7205/822/1 7215/823/1 7216/821/1
f 7206/824/1 7215/823/1 7205/822/1
f 7206/824/1 7214/825/1 7215/823/1
f 7207/826/1 7214/825/1 7206/824/1
f 7207/826/1 7213/827/1 7214/825/1
f 7208/228/1 7213/827/1 7207/826/1
f 7208/228/1 7212/828/1 7213/827/1
f 7209/829/1 7212/828/1 7208/228/1
f 7209/829/1 7211/830/1 7212/828/1
f 7210/831/1 7211/830/1 7209/829/1
f 7239/832/1 7237/833/1 7238/834/1
f 7239/832/1 7236/835/1 7237/833/1
f 7239/832/1 7235/836/1 7236/835/1
f 7240/837/1 7235/836/1 7239/832/1
f 7240/837/1 7234/838/1 7235/836/1
f 7240/837/1 7233/839/1 7234/838/1
f 7240/837/1 7232/840/1 7233/839/1
f 7241/841/1 7232/840/1 7240/837/1
f 7241/841/1 7231/842/1 7232/840/1
f 7241/841/1 7230/843/1 7231/842/1
f 7241/841/1 7229/844/1 7230/843/1
f 7242/845/1 7229/844/1 7241/841/1
f 7242/845/1 7228/846/1 7229/844/1
f 7242/845/1 7227/847/1 7228/846/1
f 7242/845/1 7226/3/1 7227/847/1
f 7243/848/1 7226/3/1 7242/845/1
f 7243/848/1 7315/849/1 7226/3/1
f 7315/849/1 7316/850/1 7226/3/1
f 7316/850/1 7317/851/1 7226/3/1
f 7317/851/1 7318/852/1 7226/3/1
f 7318/852/1 7319/853/1 7226/3/1
f 7319/853/1 7320/854/1 7226/3/1
f 7320/854/1 7321/855/1 7226/3/1
f 7321/855/1 7322/856/1 7226/3/1
f 7322/856/1 7323/2/1 7226/3/1
f 7244/857/1 7313/858/1 7243/848/1
f 7313/858/1 7314/859/1 7243/848/1
f 7314/859/1 7315/849/1 7243/848/1
f 7245/860/1 7311/861/1 7244/857/1
f 7311/861/1 7312/862/1 7244/857/1
f 7312/862/1 7313/858/1 7244/857/1
f 7245/860/1 7310/863/1 7311/861/1
f 7245/860/1 7309/864/1 7310/863/1
f 7245/860/1 7308/865/1 7309/864/1
f 7246/866/1 7308/865/1 7245/860/1
f 7246/866/1 7307/867/1 7308/865/1
f 7246/866/1 7306/868/1 7307/867/1
f 7246/866/1 7305/869/1 7306/868/1
f 7247/870/1 7305/869/1 7246/866/1
f 7247/870/1 7304/871/1 7305/869/1
f 7247/870/1 7303/872/1 7304/871/1
f 7248/873/1 7303/872/1 7247/870/1
f 7248/873/1 7302/874/1 7303/872/1
f 7248/873/1 7301/875/1 7302/874/1
f 7249/876/1 7301/875/1 7248/873/1
f 7249/876/1 7300/877/1 7301/875/1
f 7250/878/1 7300/877/1 7249/876/1
f 7250/878/1 7299/879/1 7300/877/1
f 7250/878/1 7298/880/1 7299/879/1
f 7251/881/1 7298/880/1 7250/878/1
f 7251/881/1 7297/882/1 7298/880/1
f 7252/883/1 7297/882/1 7251/881/1
f 7252/883/1 7296/884/1 7297/882/1
f 7252/883/1 7295/885/1 7296/884/1
f 7253/886/1 7295/885/1 7252/883/1
f 7253/886/1 7294/887/1 7295/885/1
f 7253/886/1 7293/888/1 7294/887/1
f 7254/889/1 7293/888/1 7253/886/1
f 7254/889/1 7292/890/1 7293/888/1
f 7276/891/1 7274/892/1 7275/893/1
f 7254/889/1 7291/894/1 7292/890/1
f 7277/895/1 7274/892/1 7276/891/1
f 7255/896/1 7291/894/1 7254/889/1
f 7278/897/1 7274/892/1 7277/895/1
f 7255/896/1 7290/898/1 7291/894/1
f 7279/899/1 7274/892/1 7278/897/1
f 7280/900/1 7274/892/1 7279/899/1
f 7281/901/1 7274/892/1 7280/900/1
f 7255/896/1 7289/902/1 7290/898/1
f 7282/903/1 7274/892/1 7281/901/1
f 7283/904/1 7274/892/1 7282/903/1
f 7255/896/1 7288/905/1 7289/902/1
f 7284/906/1 7274/892/1 7283/904/1
f 7285/907/1 7274/892/1 7284/906/1
f 7255/896/1 7287/908/1 7288/905/1
f 7286/909/1 7274/892/1 7285/907/1
f 7256/910/1 7287/908/1 7255/896/1
f 7287/908/1 7274/892/1 7286/909/1
f 7256/910/1 7274/892/1 7287/908/1
f 7257/911/1 7274/892/1 7256/910/1
f 7258/912/1 7274/892/1 7257/911/1
f 7259/913/1 7274/892/1 7258/912/1
f 7259/913/1 7273/914/1 7274/892/1
f 7259/913/1 7272/915/1 7273/914/1
f 7259/913/1 7271/916/1 7272/915/1
f 7260/917/1 7271/916/1 7259/913/1
f 7260/917/1 7270/918/1 7271/916/1
f 7260/917/1 7269/919/1 7270/918/1
f 7260/917/1 7268/920/1 7269/919/1
f 7260/917/1 7267/921/1 7268/920/1
f 7261/922/1 7267/921/1 7260/917/1
f 7261/922/1 7266/923/1 7267/921/1
f 7261/922/1 7265/924/1 7266/923/1
f 7261/922/1 7264/925/1 7265/924/1
f 7262/926/1 7264/925/1 7261/922/1
f 7262/926/1 7263/927/1 7264/925/1
f 7374/784/1 7372/785/1 7373/786/1
f 7374/784/1 7375/2/1 7372/785/1
f 7337/787/1 7335/788/1 7336/789/1
f 7338/790/1 7335/788/1 7337/787/1
f 7338/790/1 7334/791/1 7335/788/1
f 7339/792/1 7334/791/1 7338/790/1
f 7339/792/1 7333/793/1 7334/791/1
f 7340/794/1 7333/793/1 7339/792/1
f 7340/794/1 7332/795/1 7333/793/1
f 7341/245/1 7332/795/1 7340/794/1
f 7341/245/1 7331/796/1 7332/795/1
f 7342/797/1 7331/796/1 7341/245/1
f 7342/797/1 7330/798/1 7331/796/1
f 7343/799/1 7330/798/1 7342/797/1
f 7343/799/1 7329/800/1 7330/798/1
f 7344/801/1 7329/800/1 7343/799/1
f 7344/801/1 7328/802/1 7329/800/1
f 7345/803/1 7328/802/1 7344/801/1
f 7345/803/1 7327/804/1 7328/802/1
f 7346/805/1 7327/804/1 7345/803/1
f 7346/805/1 7326/806/1 7327/804/1
f 7347/807/1 7326/806/1 7346/805/1
f 7347/807/1 7325/808/1 7326/806/1
f 7348/809/1 7325/808/1 7347/807/1
f 7348/809/1 7324/3/1 7325/808/1
f 7349/810/1 7324/3/1 7348/809/1
f 7349/810/1 7371/811/1 7324/3/1
f 7350/812/1 7371/811/1 7349/810/1
f 7350/812/1 7370/813/1 7371/811/1
f 7351/814/1 7370/813/1 7350/812/1
f 7351/814/1 7369/815/1 7370/813/1
f 7352/816/1 7369/815/1 7351/814/1
f 7352/816/1 7368/817/1 7369/815/1
f 7353/818/1 7368/817/1 7352/816/1
f 7353/818/1 7367/819/1 7368/817/1
f 7354/820/1 7367/819/1 7353/818/1
f 7354/820/1 7366/821/1 7367/819/1
f 7355/822/1 7366/821/1 7354/820/1
f 7355/822/1 7365/823/1 7366/821/1
f 7356/824/1 7365/823/1 7355/822/1
f 7356/824/1 7364/825/1 7365/823/1
f 7357/826/1 7364/825/1 7356/824/1
f 7357/826/1 7363/827/1 7364/825/1
f 7358/228/1 7363/827/1 7357/826/1
f 7358/228/1 7362/828/1 7363/827/1
f 7359/829/1 7362/828/1 7358/228/1
f 7359/829/1 7361/830/1 7362/828/1
f 7360/831/1 7361/830/1 7359/829/1
f 7381/370/1 7379/371/1 7380/372/1
f 7381/370/1 7378/373/1 7379/371/1
f 7382/374/1 7378/373/1 7381/370/1
f 7382/374/1 7377/375/1 7378/373/1
f 7383/376/1 7377/375/1 7382/374/1
f 7383/376/1 7376/3/1 7377/375/1
f 7384/377/1 7376/3/1 7383/376/1
f 7384/377/1 7435/2/1 7376/3/1
f 7385/378/1 7435/2/1 7384/377/1
f 7386/379/1 7435/2/1 7385/378/1
f 7387/380/1 7435/2/1 7386/379/1
f 7388/381/1 7432/382/1 7387/380/1
f 7432/382/1 7433/383/1 7387/380/1
f 7433/383/1 7434/384/1 7387/380/1
f 7434/384/1 7435/2/1 7387/380/1
f 7389/385/1 7430/386/1 7388/381/1
f 7430/386/1 7431/387/1 7388/381/1
f 7431/387/1 7432/382/1 7388/381/1
f 7390/388/1 7428/389/1 7389/385/1
f 7428/389/1 7429/390/1 7389/385/1
f 7429/390/1 7430/386/1 7389/385/1
f 7391/391/1 7427/392/1 7390/388/1
f 7427/392/1 7428/389/1 7390/388/1
f 7392/393/1 7424/394/1 7391/391/1
f 7424/394/1 7425/395/1 7391/391/1
f 7425/395/1 7426/396/1 7391/391/1
f 7426/396/1 7427/392/1 7391/391/1
f 7393/397/1 7423/398/1 7392/393/1
f 7423/398/1 7424/394/1 7392/393/1
f 7393/397/1 7422/399/1 7423/398/1
f 7393/397/1 7421/400/1 7422/399/1
f 7393/397/1 7420/401/1 7421/400/1
f 7394/402/1 7420/401/1 7393/397/1
f 7394/402/1 7419/403/1 7420/401/1
f 7394/402/1 7418/404/1 7419/403/1
f 7395/405/1 7418/404/1 7394/402/1
f 7395/405/1 7417/406/1 7418/404/1
f 7395/405/1 7416/407/1 7417/406/1
f 7396/408/1 7416/407/1 7395/405/1
f 7396/408/1 7415/409/1 7416/407/1
f 7397/410/1 7415/409/1 7396/408/1
f 7397/410/1 7414/411/1 7415/409/1
f 7398/412/1 7414/411/1 7397/410/1
f 7398/412/1 7413/413/1 7414/411/1
f 7398/412/1 7412/414/1 7413/413/1
f 7399/415/1 7412/414/1 7398/412/1
f 7399/415/1 7411/416/1 7412/414/1
f 7400/417/1 7411/416/1 7399/415/1
f 7400/417/1 7410/418/1 7411/416/1
f 7401/419/1 7410/418/1 7400/417/1
f 7403/420/1 7401/419/1 7402/421/1
f 7403/420/1 7410/418/1 7401/419/1
f 7403/420/1 7409/422/1 7410/418/1
f 7403/420/1 7408/423/1 7409/422/1
f 7404/424/1 7408/423/1 7403/420/1
f 7405/425/1 7407/426/1 7404/424/1
f 7407/426/1 7408/423/1 7404/424/1
f 7405/425/1 7406/427/1 7407/426/1
f 7477/221/1 7475/222/1 7476/223/1
f 7477/221/1 7474/224/1 7475/222/1
f 7478/225/1 7474/224/1 7477/221/1
f 7478/225/1 7473/226/1 7474/224/1
f 7479/227/1 7473/226/1 7478/225/1
f 7479/227/1 7472/228/1 7473/226/1
f 7479/227/1 7471/229/1 7472/228/1
f 7480/230/1 7471/229/1 7479/227/1
f 7480/230/1 7470/231/1 7471/229/1
f 7437/232/1 7490/2/1 7436/3/1
f 7437/232/1 7489/233/1 7490/2/1
f 7481/234/1 7470/231/1 7480/230/1
f 7481/234/1 7469/235/1 7470/231/1
f 7481/234/1 7468/236/1 7469/235/1
f 7482/237/1 7468/236/1 7481/234/1
f 7482/237/1 7467/238/1 7468/236/1
f 7483/239/1 7467/238/1 7482/237/1
f 7483/239/1 7466/240/1 7467/238/1
f 7483/239/1 7465/241/1 7466/240/1
f 7484/242/1 7465/241/1 7483/239/1
f 7484/242/1 7464/243/1 7465/241/1
f 7485/244/1 7464/243/1 7484/242/1
f 7485/244/1 7454/245/1 7464/243/1
f 7454/245/1 7455/246/1 7464/243/1
f 7455/246/1 7456/247/1 7464/243/1
f 7456/247/1 7457/248/1 7464/243/1
f 7457/248/1 7458/249/1 7464/243/1
f 7458/249/1 7459/250/1 7464/243/1
f 7459/250/1 7460/251/1 7464/243/1
f 7460/251/1 7461/252/1 7464/243/1
f 7461/252/1 7462/253/1 7464/243/1
f 7462/253/1 7463/254/1 7464/243/1
f 7486/255/1 7452/256/1 7485/244/1
f 7452/256/1 7453/257/1 7485/244/1
f 7453/257/1 7454/245/1 7485/244/1
f 7487/258/1 7450/259/1 7486/255/1
f 7450/259/1 7451/260/1 7486/255/1
f 7451/260/1 7452/256/1 7486/255/1
f 7487/258/1 7449/261/1 7450/259/1
f 7487/258/1 7448/262/1 7449/261/1
f 7488/263/1 7448/262/1 7487/258/1
f 7488/263/1 7447/264/1 7448/262/1
f 7488/263/1 7446/265/1 7447/264/1
f 7437/232/1 7488/263/1 7489/233/1
f 7437/232/1 7442/266/1 7488/263/1
f 7442/266/1 7443/267/1 7488/263/1
f 7443/267/1 7444/268/1 7488/263/1
f 7444/268/1 7445/269/1 7488/263/1
f 7445/269/1 7446/265/1 7488/263/1
f 7437/232/1 7441/270/1 7442/266/1
f 7437/232/1 7440/271/1 7441/270/1
f 7437/232/1 7439/272/1 7440/271/1
f 7437/232/1 7438/273/1 7439/272/1
f 7529/274/1 7527/275/1 7528/276/1
f 7529/274/1 7526/277/1 7527/275/1
f 7530/278/1 7526/277/1 7529/274/1
f 7530/278/1 7525/279/1 7526/277/1
f 7531/280/1 7525/279/1 7530/278/1
f 7531/280/1 7524/281/1 7525/279/1
f 7532/282/1 7524/281/1 7531/280/1
f 7532/282/1 7523/283/1 7524/281/1
f 7533/284/1 7523/283/1 7532/282/1
f 7533/284/1 7522/285/1 7523/283/1
f 7534/286/1 7522/285/1 7533/284/1
f 7534/286/1 7521/287/1 7522/285/1
f 7535/288/1 7577/289/1 7534/286/1
f 7577/289/1 7521/287/1 7534/286/1
f 7535/288/1 7576/290/1 7577/289/1
f 7578/291/1 7521/287/1 7577/289/1
f 7535/288/1 7575/292/1 7576/290/1
f 7579/293/1 7521/287/1 7578/291/1
f 7535/288/1 7574/294/1 7575/292/1
f 7580/295/1 7521/287/1 7579/293/1
f 7580/295/1 7520/296/1 7521/287/1
f 7535/288/1 7573/297/1 7574/294/1
f 7536/298/1 7573/297/1 7535/288/1
f 7581/299/1 7520/296/1 7580/295/1
f 7536/298/1 7572/300/1 7573/297/1
f 7582/301/1 7520/296/1 7581/299/1
f 7536/298/1 7571/302/1 7572/300/1
f 7583/303/1 7520/296/1 7582/301/1
f 7536/298/1 7570/304/1 7571/302/1
f 7584/305/1 7520/296/1 7583/303/1
f 7537/306/1 7570/304/1 7536/298/1
f 7584/305/1 7519/307/1 7520/296/1
f 7537/306/1 7569/308/1 7570/304/1
f 7585/309/1 7519/307/1 7584/305/1
f 7537/306/1 7568/310/1 7569/308/1
f 7586/311/1 7519/307/1 7585/309/1
f 7538/312/1 7568/310/1 7537/306/1
f 7586/311/1 7518/313/1 7519/307/1
f 7538/312/1 7567/314/1 7568/310/1
f 7587/315/1 7518/313/1 7586/311/1
f 7538/312/1 7566/316/1 7567/314/1
f 7588/317/1 7518/313/1 7587/315/1
f 7539/318/1 7566/316/1 7538/312/1
f 7539/318/1 7565/319/1 7566/316/1
f 7588/317/1 7517/320/1 7518/313/1
f 7589/2/1 7517/320/1 7588/317/1
f 7539/318/1 7589/2/1 7565/319/1
f 7539/318/1 7517/320/1 7589/2/1
f 7540/254/1 7517/320/1 7539/318/1
f 7540/254/1 7516/321/1 7517/320/1
f 7541/322/1 7515/323/1 7540/254/1
f 7515/323/1 7516/321/1 7540/254/1
f 7541/322/1 7514/324/1 7515/323/1
f 7542/325/1 7514/324/1 7541/322/1
f 7542/325/1 7513/326/1 7514/324/1
f 7542/325/1 7512/327/1 7513/326/1
f 7543/328/1 7512/327/1 7542/325/1
f 7543/328/1 7511/329/1 7512/327/1
f 7544/330/1 7511/329/1 7543/328/1
f 7544/330/1 7510/331/1 7511/329/1
f 7492/332/1 7564/333/1 7491/3/1
f 7544/330/1 7509/334/1 7510/331/1
f 7493/335/1 7564/333/1 7492/332/1
f 7494/336/1 7564/333/1 7493/335/1
f 7545/337/1 7509/334/1 7544/330/1
f 7545/337/1 7508/338/1 7509/334/1
f 7495/339/1 7564/333/1 7494/336/1
f 7496/340/1 7564/333/1 7495/339/1
f 7545/337/1 7507/341/1 7508/338/1
f 7497/342/1 7564/333/1 7496/340/1
f 7545/337/1 7506/343/1 7507/341/1
f 7498/344/1 7564/333/1 7497/342/1
f 7546/345/1 7506/343/1 7545/337/1
f 7499/346/1 7564/333/1 7498/344/1
f 7546/345/1 7505/347/1 7506/343/1
f 7500/348/1 7564/333/1 7499/346/1
f 7546/345/1 7504/349/1 7505/347/1
f 7501/350/1 7564/333/1 7500/348/1
f 7502/351/1 7564/333/1 7501/350/1
f 7546/345/1 7503/352/1 7504/349/1
f 7503/352/1 7564/333/1 7502/351/1
f 7546/345/1 7564/333/1 7503/352/1
f 7547/353/1 7564/333/1 7546/345/1
f 7547/353/1 7563/354/1 7564/333/1
f 7548/355/1 7563/354/1 7547/353/1
f 7548/355/1 7562/356/1 7563/354/1
f 7548/355/1 7561/357/1 7562/356/1
f 7549/358/1 7561/357/1 7548/355/1
f 7549/358/1 7560/359/1 7561/357/1
f 7549/358/1 7559/360/1 7560/359/1
f 7550/361/1 7559/360/1 7549/358/1
f 7550/361/1 7558/362/1 7559/360/1
f 7550/361/1 7557/363/1 7558/362/1
f 7551/364/1 7557/363/1 7550/361/1
f 7551/364/1 7556/365/1 7557/363/1
f 7551/364/1 7555/366/1 7556/365/1
f 7551/364/1 7554/367/1 7555/366/1
f 7552/368/1 7554/367/1 7551/364/1
f 7552/368/1 7553/369/1 7554/367/1
f 7628/1286/1 7630/1287/1 7627/1288/1
f 7630/1287/1 7626/1289/1 7627/1288/1
f 7630/1287/1 7625/567/1 7626/1289/1
f 7630/1287/1 7624/1290/1 7625/567/1
f 7630/1287/1 7623/284/1 7624/1290/1
f 7630/1287/1 7622/1291/1 7623/284/1
f 7630/1287/1 7621/1292/1 7622/1291/1
f 7630/1287/1 7620/1293/1 7621/1292/1
f 7630/1287/1 7619/1294/1 7620/1293/1
f 7630/1287/1 7631/1295/1 7619/1294/1
f 7631/1295/1 7632/571/1 7619/1294/1
f 7632/571/1 7618/615/1 7619/1294/1
f 7628/1286/1 7667/2/1 7630/1287/1
f 7633/1296/1 7618/615/1 7632/571/1
f 7634/353/1 7618/615/1 7633/1296/1
f 7635/1297/1 7618/615/1 7634/353/1
f 7636/1298/1 7618/615/1 7635/1297/1
f 7636/1298/1 7617/1299/1 7618/615/1
f 7637/1300/1 7617/1299/1 7636/1298/1
f 7638/1301/1 7617/1299/1 7637/1300/1
f 7638/1301/1 7616/1302/1 7617/1299/1
f 7639/595/1 7616/1302/1 7638/1301/1
f 7640/1303/1 7616/1302/1 7639/595/1
f 7640/1303/1 7615/1304/1 7616/1302/1
f 7641/1305/1 7615/1304/1 7640/1303/1
f 7642/1306/1 7615/1304/1 7641/1305/1
f 7642/1306/1 7614/1307/1 7615/1304/1
f 7643/1308/1 7614/1307/1 7642/1306/1
f 7644/1309/1 7614/1307/1 7643/1308/1
f 7644/1309/1 7613/1310/1 7614/1307/1
f 7645/357/1 7613/1310/1 7644/1309/1
f 7645/357/1 7612/307/1 7613/1310/1
f 7646/623/1 7612/307/1 7645/357/1
f 7647/1311/1 7612/307/1 7646/623/1
f 7647/1311/1 7611/638/1 7612/307/1
f 7648/1312/1 7611/638/1 7647/1311/1
f 7649/1313/1 7611/638/1 7648/1312/1
f 7649/1313/1 7610/1314/1 7611/638/1
f 7650/1315/1 7610/1314/1 7649/1313/1
f 7650/1315/1 7609/1316/1 7610/1314/1
f 7651/1317/1 7609/1316/1 7650/1315/1
f 7628/1286/1 7666/1318/1 7667/2/1
f 7652/1319/1 7609/1316/1 7651/1317/1
f 7628/1286/1 7665/1320/1 7666/1318/1
f 7628/1286/1 7664/1321/1 7665/1320/1
f 7628/1286/1 7590/3/1 7664/1321/1
f 7590/3/1 7663/1322/1 7664/1321/1
f 7653/618/1 7609/1316/1 7652/1319/1
f 7590/3/1 7662/1323/1 7663/1322/1
f 7590/3/1 7661/1324/1 7662/1323/1
f 7653/618/1 7608/1325/1 7609/1316/1
f 7654/1326/1 7608/1325/1 7653/618/1
f 7590/3/1 7660/592/1 7661/1324/1
f 7590/3/1 7659/1327/1 7660/592/1
f 7590/3/1 7658/1328/1 7659/1327/1
f 7655/1329/1 7608/1325/1 7654/1326/1
f 7590/3/1 7657/1330/1 7658/1328/1
f 7590/3/1 7656/292/1 7657/1330/1
f 7590/3/1 7655/1329/1 7656/292/1
f 7590/3/1 7608/1325/1 7655/1329/1
f 7590/3/1 7607/1331/1 7608/1325/1
f 7590/3/1 7606/1332/1 7607/1331/1
f 7590/3/1 7605/1333/1 7606/1332/1
f 7628/1286/1 7629/1334/1 7590/3/1
f 7591/1335/1 7605/1333/1 7590/3/1
f 7591/1335/1 7604/604/1 7605/1333/1
f 7592/1336/1 7604/604/1 7591/1335/1
f 7593/1337/1 7604/604/1 7592/1336/1
f 7594/1338/1 7604/604/1 7593/1337/1
f 7595/1339/1 7604/604/1 7594/1338/1
f 7595/1339/1 7603/1340/1 7604/604/1
f 7596/1341/1 7603/1340/1 7595/1339/1
f 7597/564/1 7603/1340/1 7596/1341/1
f 7598/1342/1 7603/1340/1 7597/564/1
f 7599/1343/1 7603/1340/1 7598/1342/1
f 7599/1343/1 7602/1344/1 7603/1340/1
f 7600/1345/1 7602/1344/1 7599/1343/1
f 7601/347/1 7602/1344/1 7600/1345/1
f 7698/571/1 7696/1046/1 7697/1047/1
f 7698/571/1 7695/1048/1 7696/1046/1
f 7671/1049/1 7669/1050/1 7670/1051/1
f 7671/1049/1 7668/3/1 7669/1050/1
f 7699/1052/1 7695/1048/1 7698/571/1
f 7699/1052/1 7694/1053/1 7695/1048/1
f 7699/1052/1 7693/567/1 7694/1053/1
f 7700/1054/1 7693/567/1 7699/1052/1
f 7700/1054/1 7692/1055/1 7693/567/1
f 7672/1056/1 7668/3/1 7671/1049/1
f 7700/1054/1 7691/1057/1 7692/1055/1
f 7673/564/1 7668/3/1 7672/1056/1
f 7701/1000/1 7691/1057/1 7700/1054/1
f 7701/1000/1 7690/998/1 7691/1057/1
f 7674/1058/1 7668/3/1 7673/564/1
f 7675/1059/1 7668/3/1 7674/1058/1
f 7701/1000/1 7689/1060/1 7690/998/1
f 7702/1061/1 7689/1060/1 7701/1000/1
f 7676/1062/1 7668/3/1 7675/1059/1
f 7702/1061/1 7688/615/1 7689/1060/1
f 7677/1063/1 7722/1064/1 7676/1062/1
f 7722/1064/1 7668/3/1 7676/1062/1
f 7702/1061/1 7687/1065/1 7688/615/1
f 7678/604/1 7722/1064/1 7677/1063/1
f 7702/1061/1 7686/1066/1 7687/1065/1
f 7679/1037/1 7722/1064/1 7678/604/1
f 7703/595/1 7686/1066/1 7702/1061/1
f 7680/1067/1 7722/1064/1 7679/1037/1
f 7703/595/1 7685/1068/1 7686/1066/1
f 7681/1069/1 7722/1064/1 7680/1067/1
f 7703/595/1 7684/1070/1 7685/1068/1
f 7682/1071/1 7722/1064/1 7681/1069/1
f 7703/595/1 7683/638/1 7684/1070/1
f 7683/638/1 7722/1064/1 7682/1071/1
f 7703/595/1 7722/1064/1 7683/638/1
f 7703/595/1 7721/1072/1 7722/1064/1
f 7723/2/1 7668/3/1 7722/1064/1
f 7704/1073/1 7721/1072/1 7703/595/1
f 7704/1073/1 7720/1074/1 7721/1072/1
f 7704/1073/1 7719/1075/1 7720/1074/1
f 7705/1076/1 7719/1075/1 7704/1073/1
f 7705/1076/1 7718/592/1 7719/1075/1
f 7706/1077/1 7718/592/1 7705/1076/1
f 7706/1077/1 7717/1078/1 7718/592/1
f 7706/1077/1 7716/1079/1 7717/1078/1
f 7707/1080/1 7716/1079/1 7706/1077/1
f 7707/1080/1 7715/1081/1 7716/1079/1
f 7707/1080/1 7714/1082/1 7715/1081/1
f 7708/623/1 7714/1082/1 7707/1080/1
f 7708/623/1 7713/618/1 7714/1082/1
f 7709/1083/1 7713/618/1 7708/623/1
f 7709/1083/1 7712/1029/1 7713/618/1
f 7709/1083/1 7711/1084/1 7712/1029/1
f 7710/1085/1 7711/1084/1 7709/1083/1
f 7737/428/1 7735/429/1 7736/430/1
f 7737/428/1 7734/431/1 7735/429/1
f 7738/432/1 7734/431/1 7737/428/1
f 7738/432/1 7733/433/1 7734/431/1
f 7738/432/1 7732/434/1 7733/433/1
f 7739/435/1 7732/434/1 7738/432/1
f 7739/435/1 7731/436/1 7732/434/1
f 7739/435/1 7730/437/1 7731/436/1
f 7740/438/1 7730/437/1 7739/435/1
f 7740/438/1 7729/439/1 7730/437/1
f 7740/438/1 7728/440/1 7729/439/1
f 7741/441/1 7728/440/1 7740/438/1
f 7741/441/1 7727/442/1 7728/440/1
f 7741/441/1 7726/443/1 7727/442/1
f 7742/444/1 7726/443/1 7741/441/1
f 7742/444/1 7725/445/1 7726/443/1
f 7742/444/1 7724/3/1 7725/445/1
f 7743/347/1 7724/3/1 7742/444/1
f 7743/347/1 7849/446/1 7724/3/1
f 7849/446/1 7850/447/1 7724/3/1
f 7850/447/1 7851/448/1 7724/3/1
f 7851/448/1 7852/449/1 7724/3/1
f 7852/449/1 7853/450/1 7724/3/1
f 7853/450/1 7854/451/1 7724/3/1
f 7854/451/1 7855/452/1 7724/3/1
f 7855/452/1 7856/453/1 7724/3/1
f 7856/453/1 7857/2/1 7724/3/1
f 7744/454/1 7847/455/1 7743/347/1
f 7847/455/1 7848/456/1 7743/347/1
f 7848/456/1 7849/446/1 7743/347/1
f 7745/457/1 7846/458/1 7744/454/1
f 7846/458/1 7847/455/1 7744/454/1
f 7746/459/1 7844/460/1 7745/457/1
f 7844/460/1 7845/461/1 7745/457/1
f 7845/461/1 7846/458/1 7745/457/1
f 7746/459/1 7843/462/1 7844/460/1
f 7746/459/1 7842/463/1 7843/462/1
f 7746/459/1 7841/464/1 7842/463/1
f 7746/459/1 7840/465/1 7841/464/1
f 7746/459/1 7839/466/1 7840/465/1
f 7747/467/1 7839/466/1 7746/459/1
f 7747/467/1 7838/292/1 7839/466/1
f 7747/467/1 7837/468/1 7838/292/1
f 7747/467/1 7836/469/1 7837/468/1
f 7747/467/1 7835/470/1 7836/469/1
f 7748/471/1 7835/470/1 7747/467/1
f 7748/471/1 7834/472/1 7835/470/1
f 7748/471/1 7833/473/1 7834/472/1
f 7748/471/1 7832/474/1 7833/473/1
f 7749/475/1 7832/474/1 7748/471/1
f 7749/475/1 7831/476/1 7832/474/1
f 7749/475/1 7830/477/1 7831/476/1
f 7749/475/1 7829/478/1 7830/477/1
f 7749/475/1 7828/479/1 7829/478/1
f 7749/475/1 7827/480/1 7828/479/1
f 7750/481/1 7827/480/1 7749/475/1
f 7750/481/1 7826/482/1 7827/480/1
f 7750/481/1 7825/483/1 7826/482/1
f 7750/481/1 7824/484/1 7825/483/1
f 7751/485/1 7824/484/1 7750/481/1
f 7751/485/1 7823/486/1 7824/484/1
f 7751/485/1 7822/487/1 7823/486/1
f 7751/485/1 7821/488/1 7822/487/1
f 7752/489/1 7821/488/1 7751/485/1
f 7752/489/1 7820/490/1 7821/488/1
f 7753/491/1 7820/490/1 7752/489/1
f 7753/491/1 7819/357/1 7820/490/1
f 7753/491/1 7818/492/1 7819/357/1
f 7754/493/1 7818/492/1 7753/491/1
f 7754/493/1 7817/494/1 7818/492/1
f 7755/495/1 7817/494/1 7754/493/1
f 7755/495/1 7816/496/1 7817/494/1
f 7755/495/1 7815/497/1 7816/496/1
f 7756/498/1 7815/497/1 7755/495/1
f 7756/498/1 7814/499/1 7815/497/1
f 7757/500/1 7814/499/1 7756/498/1
f 7757/500/1 7813/501/1 7814/499/1
f 7757/500/1 7812/502/1 7813/501/1
f 7758/503/1 7812/502/1 7757/500/1
f 7758/503/1 7811/504/1 7812/502/1
f 7759/505/1 7811/504/1 7758/503/1
f 7759/505/1 7810/506/1 7811/504/1
f 7760/507/1 7810/506/1 7759/505/1
f 7760/507/1 7809/508/1 7810/506/1
f 7785/509/1 7783/510/1 7784/511/1
f 7760/507/1 7808/512/1 7809/508/1
f 7761/513/1 7808/512/1 7760/507/1
f 7785/509/1 7782/514/1 7783/510/1
f 7762/307/1 7808/512/1 7761/513/1
f 7785/509/1 7781/284/1 7782/514/1
f 7763/515/1 7808/512/1 7762/307/1
f 7763/515/1 7807/516/1 7808/512/1
f 7785/509/1 7780/517/1 7781/284/1
f 7764/518/1 7807/516/1 7763/515/1
f 7785/509/1 7779/519/1 7780/517/1
f 7765/520/1 7807/516/1 7764/518/1
f 7785/509/1 7778/521/1 7779/519/1
f 7766/522/1 7807/516/1 7765/520/1
f 7766/522/1 7806/523/1 7807/516/1
f 7785/509/1 7777/524/1 7778/521/1
f 7767/525/1 7806/523/1 7766/522/1
f 7768/526/1 7806/523/1 7767/525/1
f 7785/509/1 7776/527/1 7777/524/1
f 7769/528/1 7806/523/1 7768/526/1
f 7785/509/1 7775/529/1 7776/527/1
f 7770/530/1 7806/523/1 7769/528/1
f 7785/509/1 7774/531/1 7775/529/1
f 7771/532/1 7806/523/1 7770/530/1
f 7785/509/1 7773/533/1 7774/531/1
f 7772/534/1 7806/523/1 7771/532/1
f 7785/509/1 7772/534/1 7773/533/1
f 7772/534/1 7805/535/1 7806/523/1
f 7785/509/1 7805/535/1 7772/534/1
f 7785/509/1 7804/536/1 7805/535/1
f 7785/509/1 7803/537/1 7804/536/1
f 7786/538/1 7803/537/1 7785/509/1
f 7786/538/1 7802/539/1 7803/537/1
f 7787/540/1 7802/539/1 7786/538/1
f 7788/541/1 7802/539/1 7787/540/1
f 7788/541/1 7801/542/1 7802/539/1
f 7789/543/1 7801/542/1 7788/541/1
f 7790/544/1 7801/542/1 7789/543/1
f 7790/544/1 7800/353/1 7801/542/1
f 7791/545/1 7800/353/1 7790/544/1
f 7791/545/1 7799/546/1 7800/353/1
f 7792/547/1 7799/546/1 7791/545/1
f 7793/548/1 7799/546/1 7792/547/1
f 7793/548/1 7798/549/1 7799/546/1
f 7794/550/1 7798/549/1 7793/548/1
f 7795/551/1 7798/549/1 7794/550/1
f 7795/551/1 7797/552/1 7798/549/1
f 7796/553/1 7797/552/1 7795/551/1
f 7871/428/1 7869/429/1 7870/430/1
f 7871/428/1 7868/431/1 7869/429/1
f 7872/432/1 7868/431/1 7871/428/1
f 7872/432/1 7867/433/1 7868/431/1
f 7872/432/1 7866/434/1 7867/433/1
f 7873/435/1 7866/434/1 7872/432/1
f 7873/435/1 7865/436/1 7866/434/1
f 7873/435/1 7864/437/1 7865/436/1
f 7874/438/1 7864/437/1 7873/435/1
f 7874/438/1 7863/439/1 7864/437/1
f 7874/438/1 7862/440/1 7863/439/1
f 7875/441/1 7862/440/1 7874/438/1
f 7875/441/1 7861/442/1 7862/440/1
f 7875/441/1 7860/443/1 7861/442/1
f 7876/444/1 7860/443/1 7875/441/1
f 7876/444/1 7859/445/1 7860/443/1
f 7876/444/1 7858/3/1 7859/445/1
f 7877/347/1 7858/3/1 7876/444/1
f 7877/347/1 7983/446/1 7858/3/1
f 7983/446/1 7984/447/1 7858/3/1
f 7984/447/1 7985/448/1 7858/3/1
f 7985/448/1 7986/449/1 7858/3/1
f 7986/449/1 7987/450/1 7858/3/1
f 7987/450/1 7988/451/1 7858/3/1
f 7988/451/1 7989/452/1 7858/3/1
f 7989/452/1 7990/453/1 7858/3/1
f 7990/453/1 7991/2/1 7858/3/1
f 7878/454/1 7981/455/1 7877/347/1
f 7981/455/1 7982/456/1 7877/347/1
f 7982/456/1 7983/446/1 7877/347/1
f 7879/457/1 7980/458/1 7878/454/1
f 7980/458/1 7981/455/1 7878/454/1
f 7880/459/1 7978/460/1 7879/457/1
f 7978/460/1 7979/461/1 7879/457/1
f 7979/461/1 7980/458/1 7879/457/1
f 7880/459/1 7977/462/1 7978/460/1
f 7880/459/1 7976/463/1 7977/462/1
f 7880/459/1 7975/464/1 7976/463/1
f 7880/459/1 7974/465/1 7975/464/1
f 7880/459/1 7973/466/1 7974/465/1
f 7881/467/1 7973/466/1 7880/459/1
f 7881/467/1 7972/292/1 7973/466/1
f 7881/467/1 7971/468/1 7972/292/1
f 7881/467/1 7970/469/1 7971/468/1
f 7881/467/1 7969/470/1 7970/469/1
f 7882/471/1 7969/470/1 7881/467/1
f 7882/471/1 7968/472/1 7969/470/1
f 7882/471/1 7967/473/1 7968/472/1
f 7882/471/1 7966/474/1 7967/473/1
f 7883/475/1 7966/474/1 7882/471/1
f 7883/475/1 7965/476/1 7966/474/1
f 7883/475/1 7964/477/1 7965/476/1
f 7883/475/1 7963/478/1 7964/477/1
f 7883/475/1 7962/479/1 7963/478/1
f 7883/475/1 7961/480/1 7962/479/1
f 7884/481/1 7961/480/1 7883/475/1
f 7884/481/1 7960/482/1 7961/480/1
f 7884/481/1 7959/483/1 7960/482/1
f 7884/481/1 7958/484/1 7959/483/1
f 7885/485/1 7958/484/1 7884/481/1
f 7885/485/1 7957/486/1 7958/484/1
f 7885/485/1 7956/487/1 7957/486/1
f 7885/485/1 7955/488/1 7956/487/1
f 7886/489/1 7955/488/1 7885/485/1
f 7886/489/1 7954/490/1 7955/488/1
f 7887/491/1 7954/490/1 7886/489/1
f 7887/491/1 7953/357/1 7954/490/1
f 7887/491/1 7952/492/1 7953/357/1
f 7888/493/1 7952/492/1 7887/491/1
f 7888/493/1 7951/494/1 7952/492/1
f 7889/495/1 7951/494/1 7888/493/1
f 7889/495/1 7950/496/1 7951/494/1
f 7889/495/1 7949/497/1 7950/496/1
f 7890/498/1 7949/497/1 7889/495/1
f 7890/498/1 7948/499/1 7949/497/1
f 7891/500/1 7948/499/1 7890/498/1
f 7891/500/1 7947/501/1 7948/499/1
f 7891/500/1 7946/502/1 7947/501/1
f 7892/503/1 7946/502/1 7891/500/1
f 7892/503/1 7945/504/1 7946/502/1
f 7893/505/1 7945/504/1 7892/503/1
f 7893/505/1 7944/506/1 7945/504/1
f 7894/507/1 7944/506/1 7893/505/1
f 7894/507/1 7943/508/1 7944/506/1
f 7919/509/1 7917/510/1 7918/511/1
f 7894/507/1 7942/512/1 7943/508/1
f 7895/513/1 7942/512/1 7894/507/1
f 7919/509/1 7916/514/1 7917/510/1
f 7896/307/1 7942/512/1 7895/513/1
f 7919/509/1 7915/284/1 7916/514/1
f 7897/515/1 7942/512/1 7896/307/1
f 7897/515/1 7941/516/1 7942/512/1
f 7919/509/1 7914/517/1 7915/284/1
f 7898/518/1 7941/516/1 7897/515/1
f 7919/509/1 7913/519/1 7914/517/1
f 7899/520/1 7941/516/1 7898/518/1
f 7919/509/1 7912/521/1 7913/519/1
f 7900/522/1 7941/516/1 7899/520/1
f 7900/522/1 7940/523/1 7941/516/1
f 7919/509/1 7911/524/1 7912/521/1
f 7901/525/1 7940/523/1 7900/522/1
f 7902/526/1 7940/523/1 7901/525/1
f 7919/509/1 7910/527/1 7911/524/1
f 7903/528/1 7940/523/1 7902/526/1
f 7919/509/1 7909/529/1 7910/527/1
f 7904/530/1 7940/523/1 7903/528/1
f 7919/509/1 7908/531/1 7909/529/1
f 7905/532/1 7940/523/1 7904/530/1
f 7919/509/1 7907/533/1 7908/531/1
f 7906/534/1 7940/523/1 7905/532/1
f 7919/509/1 7906/534/1 7907/533/1
f 7906/534/1 7939/535/1 7940/523/1
f 7919/509/1 7939/535/1 7906/534/1
f 7919/509/1 7938/536/1 7939/535/1
f 7919/509/1 7937/537/1 7938/536/1
f 7920/538/1 7937/537/1 7919/509/1
f 7920/538/1 7936/539/1 7937/537/1
f 7921/540/1 7936/539/1 7920/538/1
f 7922/541/1 7936/539/1 7921/540/1
f 7922/541/1 7935/542/1 7936/539/1
f 7923/543/1 7935/542/1 7922/541/1
f 7924/544/1 7935/542/1 7923/543/1
f 7924/544/1 7934/353/1 7935/542/1
f 7925/545/1 7934/353/1 7924/544/1
f 7925/545/1 7933/546/1 7934/353/1
f 7926/547/1 7933/546/1 7925/545/1
f 7927/548/1 7933/546/1 7926/547/1
f 7927/548/1 7932/549/1 7933/546/1
f 7928/550/1 7932/549/1 7927/548/1
f 7929/551/1 7932/549/1 7928/550/1
f 7929/551/1 7931/552/1 7932/549/1
f 7930/553/1 7931/552/1 7929/551/1
f 8030/49/1 8028/50/1 8029/51/1
f 8031/52/1 8028/50/1 8030/49/1
f 8031/52/1 8027/53/1 8028/50/1
f 8032/54/1 8027/53/1 8031/52/1
f 8033/55/1 8027/53/1 8032/54/1
f 8033/55/1 8026/56/1 8027/53/1
f 8034/57/1 8026/56/1 8033/55/1
f 8034/57/1 8025/58/1 8026/56/1
f 8035/59/1 8025/58/1 8034/57/1
f 8036/60/1 8025/58/1 8035/59/1
f 8036/60/1 8024/61/1 8025/58/1
f 8037/62/1 8024/61/1 8036/60/1
f 8037/62/1 8023/63/1 8024/61/1
f 8038/64/1 8023/63/1 8037/62/1
f 8039/65/1 8023/63/1 8038/64/1
f 8039/65/1 8022/66/1 8023/63/1
f 8040/67/1 8022/66/1 8039/65/1
f 8040/67/1 8021/68/1 8022/66/1
f 8041/69/1 8021/68/1 8040/67/1
f 8042/70/1 8043/71/1 8041/69/1
f 8043/71/1 8044/72/1 8041/69/1
f 8044/72/1 8045/73/1 8041/69/1
f 8045/73/1 8046/74/1 8041/69/1
f 8046/74/1 8047/75/1 8041/69/1
f 8047/75/1 8048/76/1 8041/69/1
f 8048/76/1 8049/77/1 8041/69/1
f 8049/77/1 8050/78/1 8041/69/1
f 8050/78/1 8051/79/1 8041/69/1
f 8051/79/1 8052/80/1 8041/69/1
f 8052/80/1 8021/68/1 8041/69/1
f 8052/80/1 8053/81/1 8021/68/1
f 8053/81/1 8054/82/1 8021/68/1
f 8054/82/1 8020/83/1 8021/68/1
f 8054/82/1 8055/84/1 8020/83/1
f 8055/84/1 8019/85/1 8020/83/1
f 8056/86/1 8019/85/1 8055/84/1
f 8057/87/1 8019/85/1 8056/86/1
f 8058/88/1 8019/85/1 8057/87/1
f 8059/89/1 8019/85/1 8058/88/1
f 8060/90/1 8019/85/1 8059/89/1
f 8060/90/1 8018/91/1 8019/85/1
f 8061/92/1 8018/91/1 8060/90/1
f 8062/93/1 8018/91/1 8061/92/1
f 8063/94/1 8018/91/1 8062/93/1
f 8063/94/1 8017/95/1 8018/91/1
f 8064/96/1 8017/95/1 8063/94/1
f 8065/97/1 8017/95/1 8064/96/1
f 8065/97/1 8016/98/1 8017/95/1
f 8066/99/1 8016/98/1 8065/97/1
f 8067/100/1 8016/98/1 8066/99/1
f 8068/101/1 8165/2/1 8067/100/1
f 8165/2/1 8016/98/1 8067/100/1
f 8069/102/1 8165/2/1 8068/101/1
f 8070/103/1 8165/2/1 8069/102/1
f 8071/104/1 8165/2/1 8070/103/1
f 8072/105/1 8165/2/1 8071/104/1
f 8072/105/1 8164/106/1 8165/2/1
f 8129/107/1 8016/98/1 8165/2/1
f 8072/105/1 8163/108/1 8164/106/1
f 8073/109/1 8163/108/1 8072/105/1
f 8073/109/1 8162/110/1 8163/108/1
f 8074/111/1 8162/110/1 8073/109/1
f 8074/111/1 8161/112/1 8162/110/1
f 8075/113/1 8161/112/1 8074/111/1
f 8075/113/1 8160/114/1 8161/112/1
f 8075/113/1 8159/115/1 8160/114/1
f 8076/116/1 8159/115/1 8075/113/1
f 8076/116/1 8158/117/1 8159/115/1
f 8077/118/1 8158/117/1 8076/116/1
f 8077/118/1 8157/119/1 8158/117/1
f 8077/118/1 8156/120/1 8157/119/1
f 8078/121/1 8156/120/1 8077/118/1
f 8078/121/1 8155/122/1 8156/120/1
f 8078/121/1 8154/123/1 8155/122/1
f 8079/124/1 8154/123/1 8078/121/1
f 8079/124/1 8153/125/1 8154/123/1
f 8080/126/1 8153/125/1 8079/124/1
f 8080/126/1 8152/127/1 8153/125/1
f 8080/126/1 8151/128/1 8152/127/1
f 8081/129/1 8151/128/1 8080/126/1
f 8081/129/1 8150/130/1 8151/128/1
f 8081/129/1 8149/131/1 8150/130/1
f 8130/132/1 8016/98/1 8129/107/1
f 8082/133/1 8149/131/1 8081/129/1
f 8131/134/1 8016/98/1 8130/132/1
f 8082/133/1 8148/135/1 8149/131/1
f 8132/136/1 8016/98/1 8131/134/1
f 7993/137/1 8128/138/1 7992/3/1
f 8132/136/1 8015/139/1 8016/98/1
f 8082/133/1 8147/140/1 8148/135/1
f 7994/141/1 8128/138/1 7993/137/1
f 8133/142/1 8015/139/1 8132/136/1
f 8133/142/1 8014/143/1 8015/139/1
f 7995/144/1 8128/138/1 7994/141/1
f 8083/145/1 8147/140/1 8082/133/1
f 8083/145/1 8146/146/1 8147/140/1
f 8133/142/1 8013/147/1 8014/143/1
f 8134/148/1 8013/147/1 8133/142/1
f 7996/149/1 8128/138/1 7995/144/1
f 8134/148/1 8012/150/1 8013/147/1
f 8135/151/1 8012/150/1 8134/148/1
f 7997/152/1 8128/138/1 7996/149/1
f 8083/145/1 8145/153/1 8146/146/1
f 8135/151/1 8011/154/1 8012/150/1
f 7998/155/1 8128/138/1 7997/152/1
f 8136/156/1 8011/154/1 8135/151/1
f 8136/156/1 8010/157/1 8011/154/1
f 7999/158/1 8128/138/1 7998/155/1
f 8083/145/1 8144/159/1 8145/153/1
f 8136/156/1 8009/160/1 8010/157/1
f 8137/161/1 8009/160/1 8136/156/1
f 8000/162/1 8128/138/1 7999/158/1
f 8137/161/1 8008/163/1 8009/160/1
f 8084/164/1 8144/159/1 8083/145/1
f 8001/165/1 8128/138/1 8000/162/1
f 8084/164/1 8143/166/1 8144/159/1
f 8138/167/1 8008/163/1 8137/161/1
f 8138/167/1 8007/168/1 8008/163/1
f 8002/169/1 8128/138/1 8001/165/1
f 8138/167/1 8006/170/1 8007/168/1
f 8003/171/1 8128/138/1 8002/169/1
f 8139/172/1 8006/170/1 8138/167/1
f 8139/172/1 8005/173/1 8006/170/1
f 8004/174/1 8128/138/1 8003/171/1
f 8139/172/1 8004/174/1 8005/173/1
f 8084/164/1 8142/175/1 8143/166/1
f 8139/172/1 8128/138/1 8004/174/1
f 8140/176/1 8128/138/1 8139/172/1
f 8084/164/1 8141/177/1 8142/175/1
f 8141/177/1 8128/138/1 8140/176/1
f 8084/164/1 8104/178/1 8141/177/1
f 8104/178/1 8128/138/1 8141/177/1
f 8085/179/1 8104/178/1 8084/164/1
f 8085/179/1 8103/180/1 8104/178/1
f 8105/181/1 8128/138/1 8104/178/1
f 8086/182/1 8103/180/1 8085/179/1
f 8086/182/1 8102/183/1 8103/180/1
f 8106/184/1 8128/138/1 8105/181/1
f 8106/184/1 8127/185/1 8128/138/1
f 8087/186/1 8102/183/1 8086/182/1
f 8087/186/1 8101/187/1 8102/183/1
f 8107/188/1 8127/185/1 8106/184/1
f 8107/188/1 8126/189/1 8127/185/1
f 8087/186/1 8100/190/1 8101/187/1
f 8108/191/1 8126/189/1 8107/188/1
f 8088/192/1 8100/190/1 8087/186/1
f 8108/191/1 8125/193/1 8126/189/1
f 8088/192/1 8099/194/1 8100/190/1
f 8109/195/1 8125/193/1 8108/191/1
f 8109/195/1 8124/196/1 8125/193/1
f 8089/197/1 8099/194/1 8088/192/1
f 8089/197/1 8098/198/1 8099/194/1
f 8110/199/1 8124/196/1 8109/195/1
f 8110/199/1 8123/200/1 8124/196/1
f 8089/197/1 8097/201/1 8098/198/1
f 8111/202/1 8123/200/1 8110/199/1
f 8111/202/1 8122/203/1 8123/200/1
f 8090/204/1 8097/201/1 8089/197/1
f 8090/204/1 8096/205/1 8097/201/1
f 8112/206/1 8122/203/1 8111/202/1
f 8112/206/1 8121/207/1 8122/203/1
f 8090/204/1 8095/208/1 8096/205/1
f 8112/206/1 8120/209/1 8121/207/1
f 8113/210/1 8120/209/1 8112/206/1
f 8091/211/1 8095/208/1 8090/204/1
f 8113/210/1 8119/212/1 8120/209/1
f 8091/211/1 8094/213/1 8095/208/1
f 8114/214/1 8119/212/1 8113/210/1
f 8114/214/1 8118/215/1 8119/212/1
f 8091/211/1 8093/216/1 8094/213/1
f 8115/217/1 8118/215/1 8114/214/1
f 8092/218/1 8093/216/1 8091/211/1
f 8115/217/1 8117/219/1 8118/215/1
f 8116/220/1 8117/219/1 8115/217/1
f 8168/228/1 8166/3/1 8167/245/1
f 8168/228/1 8169/2/1 8166/3/1
f 8208/49/1 8206/50/1 8207/51/1
f 8209/52/1 8206/50/1 8208/49/1
f 8209/52/1 8205/53/1 8206/50/1
f 8210/54/1 8205/53/1 8209/52/1
f 8211/55/1 8205/53/1 8210/54/1
f 8211/55/1 8204/56/1 8205/53/1
f 8212/57/1 8204/56/1 8211/55/1
f 8212/57/1 8203/58/1 8204/56/1
f 8213/59/1 8203/58/1 8212/57/1
f 8214/60/1 8203/58/1 8213/59/1
f 8214/60/1 8202/61/1 8203/58/1
f 8215/62/1 8202/61/1 8214/60/1
f 8215/62/1 8201/63/1 8202/61/1
f 8216/64/1 8201/63/1 8215/62/1
f 8217/65/1 8201/63/1 8216/64/1
f 8217/65/1 8200/66/1 8201/63/1
f 8218/67/1 8200/66/1 8217/65/1
f 8218/67/1 8199/68/1 8200/66/1
f 8219/69/1 8199/68/1 8218/67/1
f 8220/70/1 8221/71/1 8219/69/1
f 8221/71/1 8222/72/1 8219/69/1
f 8222/72/1 8223/73/1 8219/69/1
f 8223/73/1 8224/74/1 8219/69/1
f 8224/74/1 8225/75/1 8219/69/1
f 8225/75/1 8226/76/1 8219/69/1
f 8226/76/1 8227/77/1 8219/69/1
f 8227/77/1 8228/78/1 8219/69/1
f 8228/78/1 8229/79/1 8219/69/1
f 8229/79/1 8230/80/1 8219/69/1
f 8230/80/1 8199/68/1 8219/69/1
f 8230/80/1 8231/81/1 8199/68/1
f 8231/81/1 8232/82/1 8199/68/1
f 8232/82/1 8198/83/1 8199/68/1
f 8232/82/1 8233/84/1 8198/83/1
f 8233/84/1 8197/85/1 8198/83/1
f 8234/86/1 8197/85/1 8233/84/1
f 8235/87/1 8197/85/1 8234/86/1
f 8236/88/1 8197/85/1 8235/87/1
f 8237/89/1 8197/85/1 8236/88/1
f 8238/90/1 8197/85/1 8237/89/1
f 8238/90/1 8196/91/1 8197/85/1
f 8239/92/1 8196/91/1 8238/90/1
f 8240/93/1 8196/91/1 8239/92/1
f 8241/94/1 8196/91/1 8240/93/1
f 8241/94/1 8195/95/1 8196/91/1
f 8242/96/1 8195/95/1 8241/94/1
f 8243/97/1 8195/95/1 8242/96/1
f 8243/97/1 8194/98/1 8195/95/1
f 8244/99/1 8194/98/1 8243/97/1
f 8245/100/1 8194/98/1 8244/99/1
f 8246/101/1 8343/2/1 8245/100/1
f 8343/2/1 8194/98/1 8245/100/1
f 8247/102/1 8343/2/1 8246/101/1
f 8248/103/1 8343/2/1 8247/102/1
f 8249/104/1 8343/2/1 8248/103/1
f 8250/105/1 8343/2/1 8249/104/1
f 8250/105/1 8342/106/1 8343/2/1
f 8307/107/1 8194/98/1 8343/2/1
f 8250/105/1 8341/108/1 8342/106/1
f 8251/109/1 8341/108/1 8250/105/1
f 8251/109/1 8340/110/1 8341/108/1
f 8252/111/1 8340/110/1 8251/109/1
f 8252/111/1 8339/112/1 8340/110/1
f 8253/113/1 8339/112/1 8252/111/1
f 8253/113/1 8338/114/1 8339/112/1
f 8253/113/1 8337/115/1 8338/114/1
f 8254/116/1 8337/115/1 8253/113/1
f 8254/116/1 8336/117/1 8337/115/1
f 8255/118/1 8336/117/1 8254/116/1
f 8255/118/1 8335/119/1 8336/117/1
f 8255/118/1 8334/120/1 8335/119/1
f 8256/121/1 8334/120/1 8255/118/1
f 8256/121/1 8333/122/1 8334/120/1
f 8256/121/1 8332/123/1 8333/122/1
f 8257/124/1 8332/123/1 8256/121/1
f 8257/124/1 8331/125/1 8332/123/1
f 8258/126/1 8331/125/1 8257/124/1
f 8258/126/1 8330/127/1 8331/125/1
f 8258/126/1 8329/128/1 8330/127/1
f 8259/129/1 8329/128/1 8258/126/1
f 8259/129/1 8328/130/1 8329/128/1
f 8259/129/1 8327/131/1 8328/130/1
f 8308/132/1 8194/98/1 8307/107/1
f 8260/133/1 8327/131/1 8259/129/1
f 8309/134/1 8194/98/1 8308/132/1
f 8260/133/1 8326/135/1 8327/131/1
f 8310/136/1 8194/98/1 8309/134/1
f 8171/137/1 8306/138/1 8170/3/1
f 8310/136/1 8193/139/1 8194/98/1
f 8260/133/1 8325/140/1 8326/135/1
f 8172/141/1 8306/138/1 8171/137/1
f 8311/142/1 8193/139/1 8310/136/1
f 8311/142/1 8192/143/1 8193/139/1
f 8173/144/1 8306/138/1 8172/141/1
f 8261/145/1 8325/140/1 8260/133/1
f 8261/145/1 8324/146/1 8325/140/1
f 8311/142/1 8191/147/1 8192/143/1
f 8312/148/1 8191/147/1 8311/142/1
f 8174/149/1 8306/138/1 8173/144/1
f 8312/148/1 8190/150/1 8191/147/1
f 8313/151/1 8190/150/1 8312/148/1
f 8175/152/1 8306/138/1 8174/149/1
f 8261/145/1 8323/153/1 8324/146/1
f 8313/151/1 8189/154/1 8190/150/1
f 8176/155/1 8306/138/1 8175/152/1
f 8314/156/1 8189/154/1 8313/151/1
f 8314/156/1 8188/157/1 8189/154/1
f 8177/158/1 8306/138/1 8176/155/1
f 8261/145/1 8322/159/1 8323/153/1
f 8314/156/1 8187/160/1 8188/157/1
f 8315/161/1 8187/160/1 8314/156/1
f 8178/162/1 8306/138/1 8177/158/1
f 8315/161/1 8186/163/1 8187/160/1
f 8262/164/1 8322/159/1 8261/145/1
f 8179/165/1 8306/138/1 8178/162/1
f 8262/164/1 8321/166/1 8322/159/1
f 8316/167/1 8186/163/1 8315/161/1
f 8316/167/1 8185/168/1 8186/163/1
f 8180/169/1 8306/138/1 8179/165/1
f 8316/167/1 8184/170/1 8185/168/1
f 8181/171/1 8306/138/1 8180/169/1
f 8317/172/1 8184/170/1 8316/167/1
f 8317/172/1 8183/173/1 8184/170/1
f 8182/174/1 8306/138/1 8181/171/1
f 8317/172/1 8182/174/1 8183/173/1
f 8262/164/1 8320/175/1 8321/166/1
f 8317/172/1 8306/138/1 8182/174/1
f 8318/176/1 8306/138/1 8317/172/1
f 8262/164/1 8319/177/1 8320/175/1
f 8319/177/1 8306/138/1 8318/176/1
f 8262/164/1 8282/178/1 8319/177/1
f 8282/178/1 8306/138/1 8319/177/1
f 8263/179/1 8282/178/1 8262/164/1
f 8263/179/1 8281/180/1 8282/178/1
f 8283/181/1 8306/138/1 8282/178/1
f 8264/182/1 8281/180/1 8263/179/1
f 8264/182/1 8280/183/1 8281/180/1
f 8284/184/1 8306/138/1 8283/181/1
f 8284/184/1 8305/185/1 8306/138/1
f 8265/186/1 8280/183/1 8264/182/1
f 8265/186/1 8279/187/1 8280/183/1
f 8285/188/1 8305/185/1 8284/184/1
f 8285/188/1 8304/189/1 8305/185/1
f 8265/186/1 8278/190/1 8279/187/1
f 8286/191/1 8304/189/1 8285/188/1
f 8266/192/1 8278/190/1 8265/186/1
f 8286/191/1 8303/193/1 8304/189/1
f 8266/192/1 8277/194/1 8278/190/1
f 8287/195/1 8303/193/1 8286/191/1
f 8287/195/1 8302/196/1 8303/193/1
f 8267/197/1 8277/194/1 8266/192/1
f 8267/197/1 8276/198/1 8277/194/1
f 8288/199/1 8302/196/1 8287/195/1
f 8288/199/1 8301/200/1 8302/196/1
f 8267/197/1 8275/201/1 8276/198/1
f 8289/202/1 8301/200/1 8288/199/1
f 8289/202/1 8300/203/1 8301/200/1
f 8268/204/1 8275/201/1 8267/197/1
f 8268/204/1 8274/205/1 8275/201/1
f 8290/206/1 8300/203/1 8289/202/1
f 8290/206/1 8299/207/1 8300/203/1
f 8268/204/1 8273/208/1 8274/205/1
f 8290/206/1 8298/209/1 8299/207/1
f 8291/210/1 8298/209/1 8290/206/1
f 8269/211/1 8273/208/1 8268/204/1
f 8291/210/1 8297/212/1 8298/209/1
f 8269/211/1 8272/213/1 8273/208/1
f 8292/214/1 8297/212/1 8291/210/1
f 8292/214/1 8296/215/1 8297/212/1
f 8269/211/1 8271/216/1 8272/213/1
f 8293/217/1 8296/215/1 8292/214/1
f 8270/218/1 8271/216/1 8269/211/1
f 8293/217/1 8295/219/1 8296/215/1
f 8294/220/1 8295/219/1 8293/217/1
f 8382/49/1 8380/50/1 8381/51/1
f 8383/52/1 8380/50/1 8382/49/1
f 8383/52/1 8379/53/1 8380/50/1
f 8384/54/1 8379/53/1 8383/52/1
f 8385/55/1 8379/53/1 8384/54/1
f 8385/55/1 8378/56/1 8379/53/1
f 8386/57/1 8378/56/1 8385/55/1
f 8386/57/1 8377/58/1 8378/56/1
f 8387/59/1 8377/58/1 8386/57/1
f 8388/60/1 8377/58/1 8387/59/1
f 8388/60/1 8376/61/1 8377/58/1
f 8389/62/1 8376/61/1 8388/60/1
f 8389/62/1 8375/63/1 8376/61/1
f 8390/64/1 8375/63/1 8389/62/1
f 8391/65/1 8375/63/1 8390/64/1
f 8391/65/1 8374/66/1 8375/63/1
f 8392/67/1 8374/66/1 8391/65/1
f 8392/67/1 8373/68/1 8374/66/1
f 8393/69/1 8373/68/1 8392/67/1
f 8394/70/1 8395/71/1 8393/69/1
f 8395/71/1 8396/72/1 8393/69/1
f 8396/72/1 8397/73/1 8393/69/1
f 8397/73/1 8398/74/1 8393/69/1
f 8398/74/1 8399/75/1 8393/69/1
f 8399/75/1 8400/76/1 8393/69/1
f 8400/76/1 8401/77/1 8393/69/1
f 8401/77/1 8402/78/1 8393/69/1
f 8402/78/1 8403/79/1 8393/69/1
f 8403/79/1 8404/80/1 8393/69/1
f 8404/80/1 8373/68/1 8393/69/1
f 8404/80/1 8405/81/1 8373/68/1
f 8405/81/1 8406/82/1 8373/68/1
f 8406/82/1 8372/83/1 8373/68/1
f 8406/82/1 8407/84/1 8372/83/1
f 8407/84/1 8371/85/1 8372/83/1
f 8408/86/1 8371/85/1 8407/84/1
f 8409/87/1 8371/85/1 8408/86/1
f 8410/88/1 8371/85/1 8409/87/1
f 8411/89/1 8371/85/1 8410/88/1
f 8412/90/1 8371/85/1 8411/89/1
f 8412/90/1 8370/91/1 8371/85/1
f 8413/92/1 8370/91/1 8412/90/1
f 8414/93/1 8370/91/1 8413/92/1
f 8415/94/1 8370/91/1 8414/93/1
f 8415/94/1 8369/95/1 8370/91/1
f 8416/96/1 8369/95/1 8415/94/1
f 8417/97/1 8369/95/1 8416/96/1
f 8417/97/1 8368/98/1 8369/95/1
f 8418/99/1 8368/98/1 8417/97/1
f 8419/100/1 8368/98/1 8418/99/1
f 8420/101/1 8517/2/1 8419/100/1
f 8517/2/1 8368/98/1 8419/100/1
f 8421/102/1 8517/2/1 8420/101/1
f 8422/103/1 8517/2/1 8421/102/1
f 8423/104/1 8517/2/1 8422/103/1
f 8424/105/1 8517/2/1 8423/104/1
f 8424/105/1 8516/106/1 8517/2/1
f 8481/107/1 8368/98/1 8517/2/1
f 8424/105/1 8515/108/1 8516/106/1
f 8425/109/1 8515/108/1 8424/105/1
f 8425/109/1 8514/110/1 8515/108/1
f 8426/111/1 8514/110/1 8425/109/1
f 8426/111/1 8513/112/1 8514/110/1
f 8427/113/1 8513/112/1 8426/111/1
f 8427/113/1 8512/114/1 8513/112/1
f 8427/113/1 8511/115/1 8512/114/1
f 8428/116/1 8511/115/1 8427/113/1
f 8428/116/1 8510/117/1 8511/115/1
f 8429/118/1 8510/117/1 8428/116/1
f 8429/118/1 8509/119/1 8510/117/1
f 8429/118/1 8508/120/1 8509/119/1
f 8430/121/1 8508/120/1 8429/118/1
f 8430/121/1 8507/122/1 8508/120/1
f 8430/121/1 8506/123/1 8507/122/1
f 8431/124/1 8506/123/1 8430/121/1
f 8431/124/1 8505/125/1 8506/123/1
f 8432/126/1 8505/125/1 8431/124/1
f 8432/126/1 8504/127/1 8505/125/1
f 8432/126/1 8503/128/1 8504/127/1
f 8433/129/1 8503/128/1 8432/126/1
f 8433/129/1 8502/130/1 8503/128/1
f 8433/129/1 8501/131/1 8502/130/1
f 8482/132/1 8368/98/1 8481/107/1
f 8434/133/1 8501/131/1 8433/129/1
f 8483/134/1 8368/98/1 8482/132/1
f 8434/133/1 8500/135/1 8501/131/1
f 8484/136/1 8368/98/1 8483/134/1
f 8345/137/1 8480/138/1 8344/3/1
f 8484/136/1 8367/139/1 8368/98/1
f 8434/133/1 8499/140/1 8500/135/1
f 8346/141/1 8480/138/1 8345/137/1
f 8485/142/1 8367/139/1 8484/136/1
f 8485/142/1 8366/143/1 8367/139/1
f 8347/144/1 8480/138/1 8346/141/1
f 8435/145/1 8499/140/1 8434/133/1
f 8435/145/1 8498/146/1 8499/140/1
f 8485/142/1 8365/147/1 8366/143/1
f 8486/148/1 8365/147/1 8485/142/1
f 8348/149/1 8480/138/1 8347/144/1
f 8486/148/1 8364/150/1 8365/147/1
f 8487/151/1 8364/150/1 8486/148/1
f 8349/152/1 8480/138/1 8348/149/1
f 8435/145/1 8497/153/1 8498/146/1
f 8487/151/1 8363/154/1 8364/150/1
f 8350/155/1 8480/138/1 8349/152/1
f 8488/156/1 8363/154/1 8487/151/1
f 8488/156/1 8362/157/1 8363/154/1
f 8351/158/1 8480/138/1 8350/155/1
f 8435/145/1 8496/159/1 8497/153/1
f 8488/156/1 8361/160/1 8362/157/1
f 8489/161/1 8361/160/1 8488/156/1
f 8352/162/1 8480/138/1 8351/158/1
f 8489/161/1 8360/163/1 8361/160/1
f 8436/164/1 8496/159/1 8435/145/1
f 8353/165/1 8480/138/1 8352/162/1
f 8436/164/1 8495/166/1 8496/159/1
f 8490/167/1 8360/163/1 8489/161/1
f 8490/167/1 8359/168/1 8360/163/1
f 8354/169/1 8480/138/1 8353/165/1
f 8490/167/1 8358/170/1 8359/168/1
f 8355/171/1 8480/138/1 8354/169/1
f 8491/172/1 8358/170/1 8490/167/1
f 8491/172/1 8357/173/1 8358/170/1
f 8356/174/1 8480/138/1 8355/171/1
f 8491/172/1 8356/174/1 8357/173/1
f 8436/164/1 8494/175/1 8495/166/1
f 8491/172/1 8480/138/1 8356/174/1
f 8492/176/1 8480/138/1 8491/172/1
f 8436/164/1 8493/177/1 8494/175/1
f 8493/177/1 8480/138/1 8492/176/1
f 8436/164/1 8456/178/1 8493/177/1
f 8456/178/1 8480/138/1 8493/177/1
f 8437/179/1 8456/178/1 8436/164/1
f 8437/179/1 8455/180/1 8456/178/1
f 8457/181/1 8480/138/1 8456/178/1
f 8438/182/1 8455/180/1 8437/179/1
f 8438/182/1 8454/183/1 8455/180/1
f 8458/184/1 8480/138/1 8457/181/1
f 8458/184/1 8479/185/1 8480/138/1
f 8439/186/1 8454/183/1 8438/182/1
f 8439/186/1 8453/187/1 8454/183/1
f 8459/188/1 8479/185/1 8458/184/1
f 8459/188/1 8478/189/1 8479/185/1
f 8439/186/1 8452/190/1 8453/187/1
f 8460/191/1 8478/189/1 8459/188/1
f 8440/192/1 8452/190/1 8439/186/1
f 8460/191/1 8477/193/1 8478/189/1
f 8440/192/1 8451/194/1 8452/190/1
f 8461/195/1 8477/193/1 8460/191/1
f 8461/195/1 8476/196/1 8477/193/1
f 8441/197/1 8451/194/1 8440/192/1
f 8441/197/1 8450/198/1 8451/194/1
f 8462/199/1 8476/196/1 8461/195/1
f 8462/199/1 8475/200/1 8476/196/1
f 8441/197/1 8449/201/1 8450/198/1
f 8463/202/1 8475/200/1 8462/199/1
f 8463/202/1 8474/203/1 8475/200/1
f 8442/204/1 8449/201/1 8441/197/1
f 8442/204/1 8448/205/1 8449/201/1
f 8464/206/1 8474/203/1 8463/202/1
f 8464/206/1 8473/207/1 8474/203/1
f 8442/204/1 8447/208/1 8448/205/1
f 8464/206/1 8472/209/1 8473/207/1
f 8465/210/1 8472/209/1 8464/206/1
f 8443/211/1 8447/208/1 8442/204/1
f 8465/210/1 8471/212/1 8472/209/1
f 8443/211/1 8446/213/1 8447/208/1
f 8466/214/1 8471/212/1 8465/210/1
f 8466/214/1 8470/215/1 8471/212/1
f 8443/211/1 8445/216/1 8446/213/1
f 8467/217/1 8470/215/1 8466/214/1
f 8444/218/1 8445/216/1 8443/211/1
f 8467/217/1 8469/219/1 8470/215/1
f 8468/220/1 8469/219/1 8467/217/1
f 8520/1086/1 8518/3/1 8519/1087/1
f 8520/1086/1 8677/1088/1 8518/3/1
f 8521/1089/1 8677/1088/1 8520/1086/1
f 8522/1090/1 8677/1088/1 8521/1089/1
f 8523/808/1 8677/1088/1 8522/1090/1
f 8524/1091/1 8677/1088/1 8523/808/1
f 8525/1092/1 8677/1088/1 8524/1091/1
f 8526/1093/1 8677/1088/1 8525/1092/1
f 8527/1094/1 8676/1095/1 8526/1093/1
f 8676/1095/1 8677/1088/1 8526/1093/1
f 8527/1094/1 8675/1096/1 8676/1095/1
f 8528/806/1 8713/827/1 8527/1094/1
f 8713/827/1 8714/1097/1 8527/1094/1
f 8714/1097/1 8675/1096/1 8527/1094/1
f 8715/1098/1 8675/1096/1 8714/1097/1
f 8715/1098/1 8674/1099/1 8675/1096/1
f 8716/1100/1 8674/1099/1 8715/1098/1
f 8528/806/1 8712/1101/1 8713/827/1
f 8717/1102/1 8674/1099/1 8716/1100/1
f 8528/806/1 8711/1103/1 8712/1101/1
f 8718/825/1 8674/1099/1 8717/1102/1
f 8528/806/1 8710/1104/1 8711/1103/1
f 8718/825/1 8673/822/1 8674/1099/1
f 8719/1105/1 8673/822/1 8718/825/1
f 8528/806/1 8709/1106/1 8710/1104/1
f 8529/1107/1 8709/1106/1 8528/806/1
f 8720/1108/1 8673/822/1 8719/1105/1
f 8720/1108/1 8672/1109/1 8673/822/1
f 8529/1107/1 8708/828/1 8709/1106/1
f 8721/1110/1 8672/1109/1 8720/1108/1
f 8529/1107/1 8707/1111/1 8708/828/1
f 8721/1110/1 8671/1000/1 8672/1109/1
f 8722/1029/1 8671/1000/1 8721/1110/1
f 8529/1107/1 8706/1112/1 8707/1111/1
f 8722/1029/1 8670/1113/1 8671/1000/1
f 8530/1114/1 8706/1112/1 8529/1107/1
f 8723/823/1 8670/1113/1 8722/1029/1
f 8723/823/1 8669/1115/1 8670/1113/1
f 8530/1114/1 8705/1116/1 8706/1112/1
f 8723/823/1 8668/820/1 8669/1115/1
f 8724/1117/1 8668/820/1 8723/823/1
f 8530/1114/1 8704/1118/1 8705/1116/1
f 8531/1119/1 8704/1118/1 8530/1114/1
f 8724/1117/1 8667/1120/1 8668/820/1
f 8725/1121/1 8667/1120/1 8724/1117/1
f 8531/1119/1 8703/830/1 8704/1118/1
f 8725/1121/1 8666/1122/1 8667/1120/1
f 8678/824/1 8666/1122/1 8725/1121/1
f 8531/1119/1 8702/1123/1 8703/830/1
f 8678/824/1 8665/1124/1 8666/1122/1
f 8532/1125/1 8702/1123/1 8531/1119/1
f 8679/1126/1 8665/1124/1 8678/824/1
f 8679/1126/1 8664/1127/1 8665/1124/1
f 8532/1125/1 8701/1128/1 8702/1123/1
f 8533/804/1 8701/1128/1 8532/1125/1
f 8679/1126/1 8663/818/1 8664/1127/1
f 8680/1129/1 8663/818/1 8679/1126/1
f 8533/804/1 8700/1130/1 8701/1128/1
f 8534/1131/1 8700/1130/1 8533/804/1
f 8680/1129/1 8662/1132/1 8663/818/1
f 8535/1133/1 8700/1130/1 8534/1131/1
f 8681/1134/1 8662/1132/1 8680/1129/1
f 8535/1133/1 8699/1135/1 8700/1130/1
f 8681/1134/1 8661/1136/1 8662/1132/1
f 8536/1137/1 8699/1135/1 8535/1133/1
f 8682/1138/1 8661/1136/1 8681/1134/1
f 8536/1137/1 8698/831/1 8699/1135/1
f 8537/1139/1 8698/831/1 8536/1137/1
f 8682/1138/1 8660/1140/1 8661/1136/1
f 8683/826/1 8660/1140/1 8682/1138/1
f 8538/802/1 8698/831/1 8537/1139/1
f 8538/802/1 8697/1141/1 8698/831/1
f 8683/826/1 8659/1142/1 8660/1140/1
f 8539/1143/1 8697/1141/1 8538/802/1
f 8684/1144/1 8659/1142/1 8683/826/1
f 8539/1143/1 8696/1145/1 8697/1141/1
f 8540/1146/1 8696/1145/1 8539/1143/1
f 8684/1144/1 8658/816/1 8659/1142/1
f 8685/1147/1 8658/816/1 8684/1144/1
f 8540/1146/1 8695/1148/1 8696/1145/1
f 8541/1149/1 8695/1148/1 8540/1146/1
f 8686/1150/1 8658/816/1 8685/1147/1
f 8686/1150/1 8657/1151/1 8658/816/1
f 8541/1149/1 8694/1152/1 8695/1148/1
f 8542/1153/1 8694/1152/1 8541/1149/1
f 8687/1154/1 8657/1151/1 8686/1150/1
f 8542/1153/1 8693/829/1 8694/1152/1
f 8687/1154/1 8656/1155/1 8657/1151/1
f 8543/800/1 8693/829/1 8542/1153/1
f 8688/228/1 8656/1155/1 8687/1154/1
f 8543/800/1 8692/1156/1 8693/829/1
f 8689/1157/1 8656/1155/1 8688/228/1
f 8543/800/1 8691/1158/1 8692/1156/1
f 8544/1159/1 8691/1158/1 8543/800/1
f 8690/1160/1 8656/1155/1 8689/1157/1
f 8544/1159/1 8690/1160/1 8691/1158/1
f 8544/1159/1 8656/1155/1 8690/1160/1
f 8544/1159/1 8655/1161/1 8656/1155/1
f 8545/1162/1 8655/1161/1 8544/1159/1
f 8545/1162/1 8654/1163/1 8655/1161/1
f 8546/1164/1 8654/1163/1 8545/1162/1
f 8546/1164/1 8653/814/1 8654/1163/1
f 8547/1165/1 8653/814/1 8546/1164/1
f 8548/798/1 8653/814/1 8547/1165/1
f 8548/798/1 8652/1166/1 8653/814/1
f 8549/1167/1 8652/1166/1 8548/798/1
f 8549/1167/1 8651/1168/1 8652/1166/1
f 8550/1169/1 8651/1168/1 8549/1167/1
f 8551/1170/1 8651/1168/1 8550/1169/1
f 8552/1171/1 8651/1168/1 8551/1170/1
f 8552/1171/1 8650/1172/1 8651/1168/1
f 8553/796/1 8650/1172/1 8552/1171/1
f 8554/1173/1 8650/1172/1 8553/796/1
f 8555/1174/1 8650/1172/1 8554/1173/1
f 8555/1174/1 8649/1175/1 8650/1172/1
f 8556/1176/1 8649/1175/1 8555/1174/1
f 8557/1177/1 8649/1175/1 8556/1176/1
f 8558/795/1 8649/1175/1 8557/1177/1
f 8558/795/1 8648/812/1 8649/1175/1
f 8559/1178/1 8648/812/1 8558/795/1
f 8559/1178/1 8647/1179/1 8648/812/1
f 8560/1180/1 8647/1179/1 8559/1178/1
f 8560/1180/1 8646/1181/1 8647/1179/1
f 8561/1182/1 8646/1181/1 8560/1180/1
f 8561/1182/1 8645/1183/1 8646/1181/1
f 8562/1184/1 8645/1183/1 8561/1182/1
f 8562/1184/1 8644/1185/1 8645/1183/1
f 8562/1184/1 8643/810/1 8644/1185/1
f 8563/793/1 8643/810/1 8562/1184/1
f 8563/793/1 8642/1186/1 8643/810/1
f 8564/1187/1 8642/1186/1 8563/793/1
f 8564/1187/1 8641/1188/1 8642/1186/1
f 8565/1189/1 8641/1188/1 8564/1187/1
f 8566/1190/1 8641/1188/1 8565/1189/1
f 8566/1190/1 8640/1191/1 8641/1188/1
f 8567/1192/1 8640/1191/1 8566/1190/1
f 8567/1192/1 8639/1193/1 8640/1191/1
f 8568/791/1 8639/1193/1 8567/1192/1
f 8568/791/1 8638/809/1 8639/1193/1
f 8569/1037/1 8638/809/1 8568/791/1
f 8569/1037/1 8637/1194/1 8638/809/1
f 8570/1195/1 8637/1194/1 8569/1037/1
f 8570/1195/1 8636/1196/1 8637/1194/1
f 8571/1197/1 8636/1196/1 8570/1195/1
f 8571/1197/1 8635/1198/1 8636/1196/1
f 8572/1199/1 8635/1198/1 8571/1197/1
f 8572/1199/1 8634/1200/1 8635/1198/1
f 8573/788/1 8634/1200/1 8572/1199/1
f 8573/788/1 8633/807/1 8634/1200/1
f 8574/1201/1 8633/807/1 8573/788/1
f 8574/1201/1 8632/1202/1 8633/807/1
f 8575/1203/1 8632/1202/1 8574/1201/1
f 8575/1203/1 8631/1204/1 8632/1202/1
f 8576/1205/1 8631/1204/1 8575/1203/1
f 8576/1205/1 8630/1206/1 8631/1204/1
f 8577/1207/1 8630/1206/1 8576/1205/1
f 8577/1207/1 8629/1208/1 8630/1206/1
f 8578/789/1 8629/1208/1 8577/1207/1
f 8578/789/1 8628/805/1 8629/1208/1
f 8579/1209/1 8628/805/1 8578/789/1
f 8579/1209/1 8627/1210/1 8628/805/1
f 8580/1211/1 8627/1210/1 8579/1209/1
f 8580/1211/1 8626/1212/1 8627/1210/1
f 8581/1213/1 8626/1212/1 8580/1211/1
f 8581/1213/1 8625/1214/1 8626/1212/1
f 8582/1215/1 8625/1214/1 8581/1213/1
f 8583/787/1 8625/1214/1 8582/1215/1
f 8583/787/1 8624/1216/1 8625/1214/1
f 8584/1217/1 8624/1216/1 8583/787/1
f 8584/1217/1 8623/803/1 8624/1216/1
f 8585/1218/1 8623/803/1 8584/1217/1
f 8585/1218/1 8622/1219/1 8623/803/1
f 8586/1220/1 8622/1219/1 8585/1218/1
f 8586/1220/1 8621/1221/1 8622/1219/1
f 8587/1222/1 8762/1223/1 8586/1220/1
f 8762/1223/1 8621/1221/1 8586/1220/1
f 8762/1223/1 8763/786/1 8621/1221/1
f 8763/786/1 8620/998/1 8621/1221/1
f 8587/1222/1 8761/1224/1 8762/1223/1
f 8764/1225/1 8620/998/1 8763/786/1
f 8587/1222/1 8760/1226/1 8761/1224/1
f 8765/1227/1 8620/998/1 8764/1225/1
f 8587/1222/1 8759/1228/1 8760/1226/1
f 8588/790/1 8759/1228/1 8587/1222/1
f 8766/1229/1 8620/998/1 8765/1227/1
f 8588/790/1 8758/785/1 8759/1228/1
f 8767/1230/1 8620/998/1 8766/1229/1
f 8588/790/1 8757/1231/1 8758/785/1
f 8768/784/1 8620/998/1 8767/1230/1
f 8768/784/1 8619/1232/1 8620/998/1
f 8588/790/1 8756/1233/1 8757/1231/1
f 8769/1234/1 8619/1232/1 8768/784/1
f 8589/1235/1 8756/1233/1 8588/790/1
f 8589/1235/1 8755/1236/1 8756/1233/1
f 8770/1237/1 8619/1232/1 8769/1234/1
f 8770/1237/1 8618/801/1 8619/1232/1
f 8589/1235/1 8754/1238/1 8755/1236/1
f 8590/1239/1 8754/1238/1 8589/1235/1
f 8771/1240/1 8618/801/1 8770/1237/1
f 8590/1239/1 8753/811/1 8754/1238/1
f 8772/1241/1 8618/801/1 8771/1240/1
f 8772/1241/1 8617/1242/1 8618/801/1
f 8590/1239/1 8752/1243/1 8753/811/1
f 8591/1244/1 8752/1243/1 8590/1239/1
f 8773/2/1 8617/1242/1 8772/1241/1
f 8591/1244/1 8751/1245/1 8752/1243/1
f 8773/2/1 8616/1246/1 8617/1242/1
f 8592/1247/1 8751/1245/1 8591/1244/1
f 8592/1247/1 8750/1248/1 8751/1245/1
f 8726/1249/1 8616/1246/1 8773/2/1
f 8726/1249/1 8615/1250/1 8616/1246/1
f 8592/1247/1 8749/1251/1 8750/1248/1
f 8593/792/1 8749/1251/1 8592/1247/1
f 8727/1252/1 8615/1250/1 8726/1249/1
f 8593/792/1 8748/813/1 8749/1251/1
f 8728/821/1 8615/1250/1 8727/1252/1
f 8728/821/1 8614/1253/1 8615/1250/1
f 8593/792/1 8747/1254/1 8748/813/1
f 8729/1255/1 8614/1253/1 8728/821/1
f 8594/1256/1 8747/1254/1 8593/792/1
f 8594/1256/1 8746/1257/1 8747/1254/1
f 8730/1258/1 8614/1253/1 8729/1255/1
f 8594/1256/1 8745/1259/1 8746/1257/1
f 8730/1258/1 8613/799/1 8614/1253/1
f 8731/1260/1 8613/799/1 8730/1258/1
f 8595/1261/1 8745/1259/1 8594/1256/1
f 8595/1261/1 8744/1262/1 8745/1259/1
f 8732/1263/1 8613/799/1 8731/1260/1
f 8595/1261/1 8743/815/1 8744/1262/1
f 8733/819/1 8613/799/1 8732/1263/1
f 8595/1261/1 8742/1264/1 8743/815/1
f 8733/819/1 8612/1265/1 8613/799/1
f 8734/1266/1 8612/1265/1 8733/819/1
f 8596/1267/1 8742/1264/1 8595/1261/1
f 8596/1267/1 8741/1268/1 8742/1264/1
f 8735/1269/1 8612/1265/1 8734/1266/1
f 8596/1267/1 8740/1270/1 8741/1268/1
f 8736/1271/1 8612/1265/1 8735/1269/1
f 8596/1267/1 8739/1272/1 8740/1270/1
f 8737/1273/1 8612/1265/1 8736/1271/1
f 8596/1267/1 8738/817/1 8739/1272/1
f 8738/817/1 8612/1265/1 8737/1273/1
f 8596/1267/1 8612/1265/1 8738/817/1
f 8596/1267/1 8611/1274/1 8612/1265/1
f 8597/1275/1 8611/1274/1 8596/1267/1
f 8597/1275/1 8610/1276/1 8611/1274/1
f 8598/794/1 8610/1276/1 8597/1275/1
f 8599/1277/1 8610/1276/1 8598/794/1
f 8599/1277/1 8609/1278/1 8610/1276/1
f 8600/1279/1 8609/1278/1 8599/1277/1
f 8600/1279/1 8608/797/1 8609/1278/1
f 8601/1280/1 8608/797/1 8600/1279/1
f 8601/1280/1 8607/1281/1 8608/797/1
f 8602/1282/1 8607/1281/1 8601/1280/1
f 8602/1282/1 8606/1283/1 8607/1281/1
f 8603/245/1 8606/1283/1 8602/1282/1
f 8603/245/1 8605/1284/1 8606/1283/1
f 8604/1285/1 8605/1284/1 8603/245/1
f 8812/274/1 8810/275/1 8811/276/1
f 8812/274/1 8809/277/1 8810/275/1
f 8813/278/1 8809/277/1 8812/274/1
f 8813/278/1 8808/279/1 8809/277/1
f 8814/280/1 8808/279/1 8813/278/1
f 8814/280/1 8807/281/1 8808/279/1
f 8815/282/1 8807/281/1 8814/280/1
f 8815/282/1 8806/283/1 8807/281/1
f 8816/284/1 8806/283/1 8815/282/1
f 8816/284/1 8805/285/1 8806/283/1
f 8817/286/1 8805/285/1 8816/284/1
f 8817/286/1 8804/287/1 8805/285/1
f 8818/288/1 8860/289/1 8817/286/1
f 8860/289/1 8804/287/1 8817/286/1
f 8818/288/1 8859/290/1 8860/289/1
f 8861/291/1 8804/287/1 8860/289/1
f 8818/288/1 8858/292/1 8859/290/1
f 8862/293/1 8804/287/1 8861/291/1
f 8818/288/1 8857/294/1 8858/292/1
f 8863/295/1 8804/287/1 8862/293/1
f 8863/295/1 8803/296/1 8804/287/1
f 8818/288/1 8856/297/1 8857/294/1
f 8819/298/1 8856/297/1 8818/288/1
f 8864/299/1 8803/296/1 8863/295/1
f 8819/298/1 8855/300/1 8856/297/1
f 8865/301/1 8803/296/1 8864/299/1
f 8819/298/1 8854/302/1 8855/300/1
f 8866/303/1 8803/296/1 8865/301/1
f 8819/298/1 8853/304/1 8854/302/1
f 8867/305/1 8803/296/1 8866/303/1
f 8820/306/1 8853/304/1 8819/298/1
f 8867/305/1 8802/307/1 8803/296/1
f 8820/306/1 8852/308/1 8853/304/1
f 8868/309/1 8802/307/1 8867/305/1
f 8820/306/1 8851/310/1 8852/308/1
f 8869/311/1 8802/307/1 8868/309/1
f 8821/312/1 8851/310/1 8820/306/1
f 8869/311/1 8801/313/1 8802/307/1
f 8821/312/1 8850/314/1 8851/310/1
f 8870/315/1 8801/313/1 8869/311/1
f 8821/312/1 8849/316/1 8850/314/1
f 8871/317/1 8801/313/1 8870/315/1
f 8822/318/1 8849/316/1 8821/312/1
f 8822/318/1 8848/319/1 8849/316/1
f 8871/317/1 8800/320/1 8801/313/1
f 8872/2/1 8800/320/1 8871/317/1
f 8822/318/1 8872/2/1 8848/319/1
f 8822/318/1 8800/320/1 8872/2/1
f 8823/254/1 8800/320/1 8822/318/1
f 8823/254/1 8799/321/1 8800/320/1
f 8824/322/1 8798/323/1 8823/254/1
f 8798/323/1 8799/321/1 8823/254/1
f 8824/322/1 8797/324/1 8798/323/1
f 8825/325/1 8797/324/1 8824/322/1
f 8825/325/1 8796/326/1 8797/324/1
f 8825/325/1 8795/327/1 8796/326/1
f 8826/328/1 8795/327/1 8825/325/1
f 8826/328/1 8794/329/1 8795/327/1
f 8827/330/1 8794/329/1 8826/328/1
f 8827/330/1 8793/331/1 8794/329/1
f 8775/332/1 8847/333/1 8774/3/1
f 8827/330/1 8792/334/1 8793/331/1
f 8776/335/1 8847/333/1 8775/332/1
f 8777/336/1 8847/333/1 8776/335/1
f 8828/337/1 8792/334/1 8827/330/1
f 8828/337/1 8791/338/1 8792/334/1
f 8778/339/1 8847/333/1 8777/336/1
f 8779/340/1 8847/333/1 8778/339/1
f 8828/337/1 8790/341/1 8791/338/1
f 8780/342/1 8847/333/1 8779/340/1
f 8828/337/1 8789/343/1 8790/341/1
f 8781/344/1 8847/333/1 8780/342/1
f 8829/345/1 8789/343/1 8828/337/1
f 8782/346/1 8847/333/1 8781/344/1
f 8829/345/1 8788/347/1 8789/343/1
f 8783/348/1 8847/333/1 8782/346/1
f 8829/345/1 8787/349/1 8788/347/1
f 8784/350/1 8847/333/1 8783/348/1
f 8785/351/1 8847/333/1 8784/350/1
f 8829/345/1 8786/352/1 8787/349/1
f 8786/352/1 8847/333/1 8785/351/1
f 8829/345/1 8847/333/1 8786/352/1
f 8830/353/1 8847/333/1 8829/345/1
f 8830/353/1 8846/354/1 8847/333/1
f 8831/355/1 8846/354/1 8830/353/1
f 8831/355/1 8845/356/1 8846/354/1
f 8831/355/1 8844/357/1 8845/356/1
f 8832/358/1 8844/357/1 8831/355/1
f 8832/358/1 8843/359/1 8844/357/1
f 8832/358/1 8842/360/1 8843/359/1
f 8833/361/1 8842/360/1 8832/358/1
f 8833/361/1 8841/362/1 8842/360/1
f 8833/361/1 8840/363/1 8841/362/1
f 8834/364/1 8840/363/1 8833/361/1
f 8834/364/1 8839/365/1 8840/363/1
f 8834/364/1 8838/366/1 8839/365/1
f 8834/364/1 8837/367/1 8838/366/1
f 8835/368/1 8837/367/1 8834/364/1
f 8835/368/1 8836/369/1 8837/367/1
f 8875/228/1 8873/3/1 8874/245/1
f 8875/228/1 8876/2/1 8873/3/1
f 8879/228/1 8877/3/1 8878/245/1
f 8879/228/1 8880/2/1 8877/3/1
f 8919/274/1 8917/275/1 8918/276/1
f 8919/274/1 8916/277/1 8917/275/1
f 8920/278/1 8916/277/1 8919/274/1
f 8920/278/1 8915/279/1 8916/277/1
f 8921/280/1 8915/279/1 8920/278/1
f 8921/280/1 8914/281/1 8915/279/1
f 8922/282/1 8914/281/1 8921/280/1
f 8922/282/1 8913/283/1 8914/281/1
f 8923/284/1 8913/283/1 8922/282/1
f 8923/284/1 8912/285/1 8913/283/1
f 8924/286/1 8912/285/1 8923/284/1
f 8924/286/1 8911/287/1 8912/285/1
f 8925/288/1 8967/289/1 8924/286/1
f 8967/289/1 8911/287/1 8924/286/1
f 8925/288/1 8966/290/1 8967/289/1
f 8968/291/1 8911/287/1 8967/289/1
f 8925/288/1 8965/292/1 8966/290/1
f 8969/293/1 8911/287/1 8968/291/1
f 8925/288/1 8964/294/1 8965/292/1
f 8970/295/1 8911/287/1 8969/293/1
f 8970/295/1 8910/296/1 8911/287/1
f 8925/288/1 8963/297/1 8964/294/1
f 8926/298/1 8963/297/1 8925/288/1
f 8971/299/1 8910/296/1 8970/295/1
f 8926/298/1 8962/300/1 8963/297/1
f 8972/301/1 8910/296/1 8971/299/1
f 8926/298/1 8961/302/1 8962/300/1
f 8973/303/1 8910/296/1 8972/301/1
f 8926/298/1 8960/304/1 8961/302/1
f 8974/305/1 8910/296/1 8973/303/1
f 8927/306/1 8960/304/1 8926/298/1
f 8974/305/1 8909/307/1 8910/296/1
f 8927/306/1 8959/308/1 8960/304/1
f 8975/309/1 8909/307/1 8974/305/1
f 8927/306/1 8958/310/1 8959/308/1
f 8976/311/1 8909/307/1 8975/309/1
f 8928/312/1 8958/310/1 8927/306/1
f 8976/311/1 8908/313/1 8909/307/1
f 8928/312/1 8957/314/1 8958/310/1
f 8977/315/1 8908/313/1 8976/311/1
f 8928/312/1 8956/316/1 8957/314/1
f 8978/317/1 8908/313/1 8977/315/1
f 8929/318/1 8956/316/1 8928/312/1
f 8929/318/1 8955/319/1 8956/316/1
f 8978/317/1 8907/320/1 8908/313/1
f 8979/2/1 8907/320/1 8978/317/1
f 8929/318/1 8979/2/1 8955/319/1
f 8929/318/1 8907/320/1 8979/2/1
f 8930/254/1 8907/320/1 8929/318/1
f 8930/254/1 8906/321/1 8907/320/1
f 8931/322/1 8905/323/1 8930/254/1
f 8905/323/1 8906/321/1 8930/254/1
f 8931/322/1 8904/324/1 8905/323/1
f 8932/325/1 8904/324/1 8931/322/1
f 8932/325/1 8903/326/1 8904/324/1
f 8932/325/1 8902/327/1 8903/326/1
f 8933/328/1 8902/327/1 8932/325/1
f 8933/328/1 8901/329/1 8902/327/1
f 8934/330/1 8901/329/1 8933/328/1
f 8934/330/1 8900/331/1 8901/329/1
f 8882/332/1 8954/333/1 8881/3/1
f 8934/330/1 8899/334/1 8900/331/1
f 8883/335/1 8954/333/1 8882/332/1
f 8884/336/1 8954/333/1 8883/335/1
f 8935/337/1 8899/334/1 8934/330/1
f 8935/337/1 8898/338/1 8899/334/1
f 8885/339/1 8954/333/1 8884/336/1
f 8886/340/1 8954/333/1 8885/339/1
f 8935/337/1 8897/341/1 8898/338/1
f 8887/342/1 8954/333/1 8886/340/1
f 8935/337/1 8896/343/1 8897/341/1
f 8888/344/1 8954/333/1 8887/342/1
f 8936/345/1 8896/343/1 8935/337/1
f 8889/346/1 8954/333/1 8888/344/1
f 8936/345/1 8895/347/1 8896/343/1
f 8890/348/1 8954/333/1 8889/346/1
f 8936/345/1 8894/349/1 8895/347/1
f 8891/350/1 8954/333/1 8890/348/1
f 8892/351/1 8954/333/1 8891/350/1
f 8936/345/1 8893/352/1 8894/349/1
f 8893/352/1 8954/333/1 8892/351/1
f 8936/345/1 8954/333/1 8893/352/1
f 8937/353/1 8954/333/1 8936/345/1
f 8937/353/1 8953/354/1 8954/333/1
f 8938/355/1 8953/354/1 8937/353/1
f 8938/355/1 8952/356/1 8953/354/1
f 8938/355/1 8951/357/1 8952/356/1
f 8939/358/1 8951/357/1 8938/355/1
f 8939/358/1 8950/359/1 8951/357/1
f 8939/358/1 8949/360/1 8950/359/1
f 8940/361/1 8949/360/1 8939/358/1
f 8940/361/1 8948/362/1 8949/360/1
f 8940/361/1 8947/363/1 8948/362/1
f 8941/364/1 8947/363/1 8940/361/1
f 8941/364/1 8946/365/1 8947/363/1
f 8941/364/1 8945/366/1 8946/365/1
f 8941/364/1 8944/367/1 8945/366/1
f 8942/368/1 8944/367/1 8941/364/1
f 8942/368/1 8943/369/1 8944/367/1
f 9010/571/1 9008/1046/1 9009/1047/1
f 9010/571/1 9007/1048/1 9008/1046/1
f 8983/1049/1 8981/1050/1 8982/1051/1
f 8983/1049/1 8980/3/1 8981/1050/1
f 9011/1052/1 9007/1048/1 9010/571/1
f 9011/1052/1 9006/1053/1 9007/1048/1
f 9011/1052/1 9005/567/1 9006/1053/1
f 9012/1054/1 9005/567/1 9011/1052/1
f 9012/1054/1 9004/1055/1 9005/567/1
f 8984/1056/1 8980/3/1 8983/1049/1
f 9012/1054/1 9003/1057/1 9004/1055/1
f 8985/564/1 8980/3/1 8984/1056/1
f 9013/1000/1 9003/1057/1 9012/1054/1
f 9013/1000/1 9002/998/1 9003/1057/1
f 8986/1058/1 8980/3/1 8985/564/1
f 8987/1059/1 8980/3/1 8986/1058/1
f 9013/1000/1 9001/1060/1 9002/998/1
f 9014/1061/1 9001/1060/1 9013/1000/1
f 8988/1062/1 8980/3/1 8987/1059/1
f 9014/1061/1 9000/615/1 9001/1060/1
f 8989/1063/1 9034/1064/1 8988/1062/1
f 9034/1064/1 8980/3/1 8988/1062/1
f 9014/1061/1 8999/1065/1 9000/615/1
f 8990/604/1 9034/1064/1 8989/1063/1
f 9014/1061/1 8998/1066/1 8999/1065/1
f 8991/1037/1 9034/1064/1 8990/604/1
f 9015/595/1 8998/1066/1 9014/1061/1
f 8992/1067/1 9034/1064/1 8991/1037/1
f 9015/595/1 8997/1068/1 8998/1066/1
f 8993/1069/1 9034/1064/1 8992/1067/1
f 9015/595/1 8996/1070/1 8997/1068/1
f 8994/1071/1 9034/1064/1 8993/1069/1
f 9015/595/1 8995/638/1 8996/1070/1
f 8995/638/1 9034/1064/1 8994/1071/1
f 9015/595/1 9034/1064/1 8995/638/1
f 9015/595/1 9033/1072/1 9034/1064/1
f 9035/2/1 8980/3/1 9034/1064/1
f 9016/1073/1 9033/1072/1 9015/595/1
f 9016/1073/1 9032/1074/1 9033/1072/1
f 9016/1073/1 9031/1075/1 9032/1074/1
f 9017/1076/1 9031/1075/1 9016/1073/1
f 9017/1076/1 9030/592/1 9031/1075/1
f 9018/1077/1 9030/592/1 9017/1076/1
f 9018/1077/1 9029/1078/1 9030/592/1
f 9018/1077/1 9028/1079/1 9029/1078/1
f 9019/1080/1 9028/1079/1 9018/1077/1
f 9019/1080/1 9027/1081/1 9028/1079/1
f 9019/1080/1 9026/1082/1 9027/1081/1
f 9020/623/1 9026/1082/1 9019/1080/1
f 9020/623/1 9025/618/1 9026/1082/1
f 9021/1083/1 9025/618/1 9020/623/1
f 9021/1083/1 9024/1029/1 9025/618/1
f 9021/1083/1 9023/1084/1 9024/1029/1
f 9022/1085/1 9023/1084/1 9021/1083/1
f 9040/1338/1 9038/1336/1 9039/1337/1
f 9040/1338/1 9076/1287/1 9038/1336/1
f 9076/1287/1 9037/1335/1 9038/1336/1
f 9041/1339/1 9076/1287/1 9040/1338/1
f 9042/1341/1 9076/1287/1 9041/1339/1
f 9043/564/1 9076/1287/1 9042/1341/1
f 9044/1342/1 9076/1287/1 9043/564/1
f 9045/1343/1 9113/2/1 9044/1342/1
f 9113/2/1 9076/1287/1 9044/1342/1
f 9045/1343/1 9112/1318/1 9113/2/1
f 9077/1295/1 9037/1335/1 9076/1287/1
f 9045/1343/1 9111/1320/1 9112/1318/1
f 9045/1343/1 9110/1321/1 9111/1320/1
f 9046/1345/1 9110/1321/1 9045/1343/1
f 9046/1345/1 9109/1322/1 9110/1321/1
f 9046/1345/1 9108/1323/1 9109/1322/1
f 9046/1345/1 9107/1324/1 9108/1323/1
f 9047/347/1 9107/1324/1 9046/1345/1
f 9047/347/1 9106/592/1 9107/1324/1
f 9047/347/1 9105/1327/1 9106/592/1
f 9048/1344/1 9105/1327/1 9047/347/1
f 9048/1344/1 9104/1328/1 9105/1327/1
f 9048/1344/1 9103/1330/1 9104/1328/1
f 9049/1340/1 9103/1330/1 9048/1344/1
f 9049/1340/1 9102/292/1 9103/1330/1
f 9050/604/1 9102/292/1 9049/1340/1
f 9050/604/1 9101/1329/1 9102/292/1
f 9051/1333/1 9101/1329/1 9050/604/1
f 9051/1333/1 9100/1326/1 9101/1329/1
f 9052/1332/1 9100/1326/1 9051/1333/1
f 9052/1332/1 9099/618/1 9100/1326/1
f 9053/1331/1 9099/618/1 9052/1332/1
f 9053/1331/1 9098/1319/1 9099/618/1
f 9053/1331/1 9097/1317/1 9098/1319/1
f 9054/1325/1 9097/1317/1 9053/1331/1
f 9054/1325/1 9096/1315/1 9097/1317/1
f 9055/1316/1 9096/1315/1 9054/1325/1
f 9055/1316/1 9095/1313/1 9096/1315/1
f 9055/1316/1 9094/1312/1 9095/1313/1
f 9056/1314/1 9094/1312/1 9055/1316/1
f 9056/1314/1 9093/1311/1 9094/1312/1
f 9056/1314/1 9092/623/1 9093/1311/1
f 9078/571/1 9037/1335/1 9077/1295/1
f 9079/1296/1 9037/1335/1 9078/571/1
f 9080/353/1 9037/1335/1 9079/1296/1
f 9056/1314/1 9091/357/1 9092/623/1
f 9081/1297/1 9075/1334/1 9080/353/1
f 9075/1334/1 9037/1335/1 9080/353/1
f 9057/638/1 9091/357/1 9056/1314/1
f 9082/1298/1 9075/1334/1 9081/1297/1
f 9083/1300/1 9075/1334/1 9082/1298/1
f 9057/638/1 9090/1309/1 9091/357/1
f 9084/1301/1 9075/1334/1 9083/1300/1
f 9085/595/1 9075/1334/1 9084/1301/1
f 9086/1303/1 9075/1334/1 9085/595/1
f 9057/638/1 9089/1308/1 9090/1309/1
f 9087/1305/1 9075/1334/1 9086/1303/1
f 9088/1306/1 9075/1334/1 9087/1305/1
f 9089/1308/1 9075/1334/1 9088/1306/1
f 9057/638/1 9075/1334/1 9089/1308/1
f 9058/307/1 9075/1334/1 9057/638/1
f 9059/1310/1 9075/1334/1 9058/307/1
f 9060/1307/1 9075/1334/1 9059/1310/1
f 9061/1304/1 9075/1334/1 9060/1307/1
f 9061/1304/1 9074/1286/1 9075/1334/1
f 9036/3/1 9037/1335/1 9075/1334/1
f 9061/1304/1 9073/1288/1 9074/1286/1
f 9061/1304/1 9072/1289/1 9073/1288/1
f 9061/1304/1 9071/567/1 9072/1289/1
f 9062/1302/1 9071/567/1 9061/1304/1
f 9062/1302/1 9070/1290/1 9071/567/1
f 9062/1302/1 9069/284/1 9070/1290/1
f 9062/1302/1 9068/1291/1 9069/284/1
f 9062/1302/1 9067/1292/1 9068/1291/1
f 9063/1299/1 9067/1292/1 9062/1302/1
f 9063/1299/1 9066/1293/1 9067/1292/1
f 9063/1299/1 9065/1294/1 9066/1293/1
f 9063/1299/1 9064/615/1 9065/1294/1
f 9155/221/1 9153/222/1 9154/223/1
f 9155/221/1 9152/224/1 9153/222/1
f 9156/225/1 9152/224/1 9155/221/1
f 9156/225/1 9151/226/1 9152/224/1
f 9157/227/1 9151/226/1 9156/225/1
f 9157/227/1 9150/228/1 9151/226/1
f 9157/227/1 9149/229/1 9150/228/1
f 9158/230/1 9149/229/1 9157/227/1
f 9158/230/1 9148/231/1 9149/229/1
f 9115/232/1 9168/2/1 9114/3/1
f 9115/232/1 9167/233/1 9168/2/1
f 9159/234/1 9148/231/1 9158/230/1
f 9159/234/1 9147/235/1 9148/231/1
f 9159/234/1 9146/236/1 9147/235/1
f 9160/237/1 9146/236/1 9159/234/1
f 9160/237/1 9145/238/1 9146/236/1
f 9161/239/1 9145/238/1 9160/237/1
f 9161/239/1 9144/240/1 9145/238/1
f 9161/239/1 9143/241/1 9144/240/1
f 9162/242/1 9143/241/1 9161/239/1
f 9162/242/1 9142/243/1 9143/241/1
f 9163/244/1 9142/243/1 9162/242/1
f 9163/244/1 9132/245/1 9142/243/1
f 9132/245/1 9133/246/1 9142/243/1
f 9133/246/1 9134/247/1 9142/243/1
f 9134/247/1 9135/248/1 9142/243/1
f 9135/248/1 9136/249/1 9142/243/1
f 9136/249/1 9137/250/1 9142/243/1
f 9137/250/1 9138/251/1 9142/243/1
f 9138/251/1 9139/252/1 9142/243/1
f 9139/252/1 9140/253/1 9142/243/1
f 9140/253/1 9141/254/1 9142/243/1
f 9164/255/1 9130/256/1 9163/244/1
f 9130/256/1 9131/257/1 9163/244/1
f 9131/257/1 9132/245/1 9163/244/1
f 9165/258/1 9128/259/1 9164/255/1
f 9128/259/1 9129/260/1 9164/255/1
f 9129/260/1 9130/256/1 9164/255/1
f 9165/258/1 9127/261/1 9128/259/1
f 9165/258/1 9126/262/1 9127/261/1
f 9166/263/1 9126/262/1 9165/258/1
f 9166/263/1 9125/264/1 9126/262/1
f 9166/263/1 9124/265/1 9125/264/1
f 9115/232/1 9166/263/1 9167/233/1
f 9115/232/1 9120/266/1 9166/263/1
f 9120/266/1 9121/267/1 9166/263/1
f 9121/267/1 9122/268/1 9166/263/1
f 9122/268/1 9123/269/1 9166/263/1
f 9123/269/1 9124/265/1 9166/263/1
f 9115/232/1 9119/270/1 9120/266/1
f 9115/232/1 9118/271/1 9119/270/1
f 9115/232/1 9117/272/1 9118/271/1
f 9115/232/1 9116/273/1 9117/272/1
f 9207/49/1 9205/50/1 9206/51/1
f 9208/52/1 9205/50/1 9207/49/1
f 9208/52/1 9204/53/1 9205/50/1
f 9209/54/1 9204/53/1 9208/52/1
f 9210/55/1 9204/53/1 9209/54/1
f 9210/55/1 9203/56/1 9204/53/1
f 9211/57/1 9203/56/1 9210/55/1
f 9211/57/1 9202/58/1 9203/56/1
f 9212/59/1 9202/58/1 9211/57/1
f 9213/60/1 9202/58/1 9212/59/1
f 9213/60/1 9201/61/1 9202/58/1
f 9214/62/1 9201/61/1 9213/60/1
f 9214/62/1 9200/63/1 9201/61/1
f 9215/64/1 9200/63/1 9214/62/1
f 9216/65/1 9200/63/1 9215/64/1
f 9216/65/1 9199/66/1 9200/63/1
f 9217/67/1 9199/66/1 9216/65/1
f 9217/67/1 9198/68/1 9199/66/1
f 9218/69/1 9198/68/1 9217/67/1
f 9219/70/1 9220/71/1 9218/69/1
f 9220/71/1 9221/72/1 9218/69/1
f 9221/72/1 9222/73/1 9218/69/1
f 9222/73/1 9223/74/1 9218/69/1
f 9223/74/1 9224/75/1 9218/69/1
f 9224/75/1 9225/76/1 9218/69/1
f 9225/76/1 9226/77/1 9218/69/1
f 9226/77/1 9227/78/1 9218/69/1
f 9227/78/1 9228/79/1 9218/69/1
f 9228/79/1 9229/80/1 9218/69/1
f 9229/80/1 9198/68/1 9218/69/1
f 9229/80/1 9230/81/1 9198/68/1
f 9230/81/1 9231/82/1 9198/68/1
f 9231/82/1 9197/83/1 9198/68/1
f 9231/82/1 9232/84/1 9197/83/1
f 9232/84/1 9196/85/1 9197/83/1
f 9233/86/1 9196/85/1 9232/84/1
f 9234/87/1 9196/85/1 9233/86/1
f 9235/88/1 9196/85/1 9234/87/1
f 9236/89/1 9196/85/1 9235/88/1
f 9237/90/1 9196/85/1 9236/89/1
f 9237/90/1 9195/91/1 9196/85/1
f 9238/92/1 9195/91/1 9237/90/1
f 9239/93/1 9195/91/1 9238/92/1
f 9240/94/1 9195/91/1 9239/93/1
f 9240/94/1 9194/95/1 9195/91/1
f 9241/96/1 9194/95/1 9240/94/1
f 9242/97/1 9194/95/1 9241/96/1
f 9242/97/1 9193/98/1 9194/95/1
f 9243/99/1 9193/98/1 9242/97/1
f 9244/100/1 9193/98/1 9243/99/1
f 9245/101/1 9342/2/1 9244/100/1
f 9342/2/1 9193/98/1 9244/100/1
f 9246/102/1 9342/2/1 9245/101/1
f 9247/103/1 9342/2/1 9246/102/1
f 9248/104/1 9342/2/1 9247/103/1
f 9249/105/1 9342/2/1 9248/104/1
f 9249/105/1 9341/106/1 9342/2/1
f 9306/107/1 9193/98/1 9342/2/1
f 9249/105/1 9340/108/1 9341/106/1
f 9250/109/1 9340/108/1 9249/105/1
f 9250/109/1 9339/110/1 9340/108/1
f 9251/111/1 9339/110/1 9250/109/1
f 9251/111/1 9338/112/1 9339/110/1
f 9252/113/1 9338/112/1 9251/111/1
f 9252/113/1 9337/114/1 9338/112/1
f 9252/113/1 9336/115/1 9337/114/1
f 9253/116/1 9336/115/1 9252/113/1
f 9253/116/1 9335/117/1 9336/115/1
f 9254/118/1 9335/117/1 9253/116/1
f 9254/118/1 9334/119/1 9335/117/1
f 9254/118/1 9333/120/1 9334/119/1
f 9255/121/1 9333/120/1 9254/118/1
f 9255/121/1 9332/122/1 9333/120/1
f 9255/121/1 9331/123/1 9332/122/1
f 9256/124/1 9331/123/1 9255/121/1
f 9256/124/1 9330/125/1 9331/123/1
f 9257/126/1 9330/125/1 9256/124/1
f 9257/126/1 9329/127/1 9330/125/1
f 9257/126/1 9328/128/1 9329/127/1
f 9258/129/1 9328/128/1 9257/126/1
f 9258/129/1 9327/130/1 9328/128/1
f 9258/129/1 9326/131/1 9327/130/1
f 9307/132/1 9193/98/1 9306/107/1
f 9259/133/1 9326/131/1 9258/129/1
f 9308/134/1 9193/98/1 9307/132/1
f 9259/133/1 9325/135/1 9326/131/1
f 9309/136/1 9193/98/1 9308/134/1
f 9170/137/1 9305/138/1 9169/3/1
f 9309/136/1 9192/139/1 9193/98/1
f 9259/133/1 9324/140/1 9325/135/1
f 9171/141/1 9305/138/1 9170/137/1
f 9310/142/1 9192/139/1 9309/136/1
f 9310/142/1 9191/143/1 9192/139/1
f 9172/144/1 9305/138/1 9171/141/1
f 9260/145/1 9324/140/1 9259/133/1
f 9260/145/1 9323/146/1 9324/140/1
f 9310/142/1 9190/147/1 9191/143/1
f 9311/148/1 9190/147/1 9310/142/1
f 9173/149/1 9305/138/1 9172/144/1
f 9311/148/1 9189/150/1 9190/147/1
f 9312/151/1 9189/150/1 9311/148/1
f 9174/152/1 9305/138/1 9173/149/1
f 9260/145/1 9322/153/1 9323/146/1
f 9312/151/1 9188/154/1 9189/150/1
f 9175/155/1 9305/138/1 9174/152/1
f 9313/156/1 9188/154/1 9312/151/1
f 9313/156/1 9187/157/1 9188/154/1
f 9176/158/1 9305/138/1 9175/155/1
f 9260/145/1 9321/159/1 9322/153/1
f 9313/156/1 9186/160/1 9187/157/1
f 9314/161/1 9186/160/1 9313/156/1
f 9177/162/1 9305/138/1 9176/158/1
f 9314/161/1 9185/163/1 9186/160/1
f 9261/164/1 9321/159/1 9260/145/1
f 9178/165/1 9305/138/1 9177/162/1
f 9261/164/1 9320/166/1 9321/159/1
f 9315/167/1 9185/163/1 9314/161/1
f 9315/167/1 9184/168/1 9185/163/1
f 9179/169/1 9305/138/1 9178/165/1
f 9315/167/1 9183/170/1 9184/168/1
f 9180/171/1 9305/138/1 9179/169/1
f 9316/172/1 9183/170/1 9315/167/1
f 9316/172/1 9182/173/1 9183/170/1
f 9181/174/1 9305/138/1 9180/171/1
f 9316/172/1 9181/174/1 9182/173/1
f 9261/164/1 9319/175/1 9320/166/1
f 9316/172/1 9305/138/1 9181/174/1
f 9317/176/1 9305/138/1 9316/172/1
f 9261/164/1 9318/177/1 9319/175/1
f 9318/177/1 9305/138/1 9317/176/1
f 9261/164/1 9281/178/1 9318/177/1
f 9281/178/1 9305/138/1 9318/177/1
f 9262/179/1 9281/178/1 9261/164/1
f 9262/179/1 9280/180/1 9281/178/1
f 9282/181/1 9305/138/1 9281/178/1
f 9263/182/1 9280/180/1 9262/179/1
f 9263/182/1 9279/183/1 9280/180/1
f 9283/184/1 9305/138/1 9282/181/1
f 9283/184/1 9304/185/1 9305/138/1
f 9264/186/1 9279/183/1 9263/182/1
f 9264/186/1 9278/187/1 9279/183/1
f 9284/188/1 9304/185/1 9283/184/1
f 9284/188/1 9303/189/1 9304/185/1
f 9264/186/1 9277/190/1 9278/187/1
f 9285/191/1 9303/189/1 9284/188/1
f 9265/192/1 9277/190/1 9264/186/1
f 9285/191/1 9302/193/1 9303/189/1
f 9265/192/1 9276/194/1 9277/190/1
f 9286/195/1 9302/193/1 9285/191/1
f 9286/195/1 9301/196/1 9302/193/1
f 9266/197/1 9276/194/1 9265/192/1
f 9266/197/1 9275/198/1 9276/194/1
f 9287/199/1 9301/196/1 9286/195/1
f 9287/199/1 9300/200/1 9301/196/1
f 9266/197/1 9274/201/1 9275/198/1
f 9288/202/1 9300/200/1 9287/199/1
f 9288/202/1 9299/203/1 9300/200/1
f 9267/204/1 9274/201/1 9266/197/1
f 9267/204/1 9273/205/1 9274/201/1
f 9289/206/1 9299/203/1 9288/202/1
f 9289/206/1 9298/207/1 9299/203/1
f 9267/204/1 9272/208/1 9273/205/1
f 9289/206/1 9297/209/1 9298/207/1
f 9290/210/1 9297/209/1 9289/206/1
f 9268/211/1 9272/208/1 9267/204/1
f 9290/210/1 9296/212/1 9297/209/1
f 9268/211/1 9271/213/1 9272/208/1
f 9291/214/1 9296/212/1 9290/210/1
f 9291/214/1 9295/215/1 9296/212/1
f 9268/211/1 9270/216/1 9271/213/1
f 9292/217/1 9295/215/1 9291/214/1
f 9269/218/1 9270/216/1 9268/211/1
f 9292/217/1 9294/219/1 9295/215/1
f 9293/220/1 9294/219/1 9292/217/1
f 9345/228/1 9343/3/1 9344/245/1
f 9345/228/1 9346/2/1 9343/3/1
f 9348/970/1 9394/971/1 9347/3/1
f 9348/970/1 9393/972/1 9394/971/1
f 9349/973/1 9393/972/1 9348/970/1
f 9349/973/1 9392/540/1 9393/972/1
f 9350/974/1 9392/540/1 9349/973/1
f 9350/974/1 9391/975/1 9392/540/1
f 9351/976/1 9391/975/1 9350/974/1
f 9351/976/1 9390/977/1 9391/975/1
f 9352/436/1 9390/977/1 9351/976/1
f 9352/436/1 9389/978/1 9390/977/1
f 9353/979/1 9389/978/1 9352/436/1
f 9353/979/1 9388/980/1 9389/978/1
f 9354/981/1 9395/982/1 9353/979/1
f 9395/982/1 9388/980/1 9353/979/1
f 9354/981/1 9442/2/1 9395/982/1
f 9396/983/1 9388/980/1 9395/982/1
f 9354/981/1 9441/984/1 9442/2/1
f 9397/550/1 9388/980/1 9396/983/1
f 9354/981/1 9440/985/1 9441/984/1
f 9398/986/1 9388/980/1 9397/550/1
f 9398/986/1 9387/517/1 9388/980/1
f 9355/987/1 9440/985/1 9354/981/1
f 9355/987/1 9439/988/1 9440/985/1
f 9399/989/1 9387/517/1 9398/986/1
f 9355/987/1 9438/990/1 9439/988/1
f 9400/991/1 9387/517/1 9399/989/1
f 9355/987/1 9437/447/1 9438/990/1
f 9401/992/1 9387/517/1 9400/991/1
f 9401/992/1 9386/993/1 9387/517/1
f 9356/994/1 9437/447/1 9355/987/1
f 9356/994/1 9436/995/1 9437/447/1
f 9402/542/1 9386/993/1 9401/992/1
f 9356/994/1 9435/996/1 9436/995/1
f 9403/997/1 9386/993/1 9402/542/1
f 9403/997/1 9385/998/1 9386/993/1
f 9357/432/1 9435/996/1 9356/994/1
f 9357/432/1 9434/999/1 9435/996/1
f 9404/1000/1 9385/998/1 9403/997/1
f 9404/1000/1 9384/1001/1 9385/998/1
f 9358/1002/1 9434/999/1 9357/432/1
f 9358/1002/1 9433/1003/1 9434/999/1
f 9405/1004/1 9384/1001/1 9404/1000/1
f 9358/1002/1 9432/462/1 9433/1003/1
f 9406/1005/1 9384/1001/1 9405/1004/1
f 9406/1005/1 9383/1006/1 9384/1001/1
f 9359/1007/1 9432/462/1 9358/1002/1
f 9359/1007/1 9431/1008/1 9432/462/1
f 9407/512/1 9383/1006/1 9406/1005/1
f 9360/1009/1 9431/1008/1 9359/1007/1
f 9360/1009/1 9430/1010/1 9431/1008/1
f 9407/512/1 9382/533/1 9383/1006/1
f 9408/1011/1 9382/533/1 9407/512/1
f 9360/1009/1 9429/1012/1 9430/1010/1
f 9409/1013/1 9382/533/1 9408/1011/1
f 9361/1014/1 9429/1012/1 9360/1009/1
f 9409/1013/1 9381/1015/1 9382/533/1
f 9361/1014/1 9428/1016/1 9429/1012/1
f 9410/1017/1 9381/1015/1 9409/1013/1
f 9361/1014/1 9427/469/1 9428/1016/1
f 9362/457/1 9427/469/1 9361/1014/1
f 9411/1018/1 9381/1015/1 9410/1017/1
f 9411/1018/1 9380/1019/1 9381/1015/1
f 9362/457/1 9426/1020/1 9427/469/1
f 9412/497/1 9380/1019/1 9411/1018/1
f 9363/1021/1 9426/1020/1 9362/457/1
f 9412/497/1 9379/1022/1 9380/1019/1
f 9363/1021/1 9425/1023/1 9426/1020/1
f 9413/1024/1 9379/1022/1 9412/497/1
f 9363/1021/1 9424/1025/1 9425/1023/1
f 9414/1026/1 9379/1022/1 9413/1024/1
f 9364/1027/1 9424/1025/1 9363/1021/1
f 9414/1026/1 9378/1028/1 9379/1022/1
f 9364/1027/1 9423/1029/1 9424/1025/1
f 9415/1030/1 9378/1028/1 9414/1026/1
f 9364/1027/1 9422/478/1 9423/1029/1
f 9416/1031/1 9378/1028/1 9415/1030/1
f 9364/1027/1 9421/1032/1 9422/478/1
f 9417/487/1 9378/1028/1 9416/1031/1
f 9365/1033/1 9421/1032/1 9364/1027/1
f 9417/487/1 9377/522/1 9378/1028/1
f 9365/1033/1 9420/1034/1 9421/1032/1
f 9418/1035/1 9377/522/1 9417/487/1
f 9365/1033/1 9419/1036/1 9420/1034/1
f 9419/1036/1 9377/522/1 9418/1035/1
f 9365/1033/1 9377/522/1 9419/1036/1
f 9366/1037/1 9377/522/1 9365/1033/1
f 9366/1037/1 9376/1038/1 9377/522/1
f 9367/489/1 9376/1038/1 9366/1037/1
f 9367/489/1 9375/1039/1 9376/1038/1
f 9368/1040/1 9375/1039/1 9367/489/1
f 9368/1040/1 9374/1041/1 9375/1039/1
f 9369/1042/1 9374/1041/1 9368/1040/1
f 9369/1042/1 9373/1043/1 9374/1041/1
f 9370/1044/1 9373/1043/1 9369/1042/1
f 9370/1044/1 9372/505/1 9373/1043/1
f 9371/1045/1 9372/505/1 9370/1044/1
f 9456/428/1 9454/429/1 9455/430/1
f 9456/428/1 9453/431/1 9454/429/1
f 9457/432/1 9453/431/1 9456/428/1
f 9457/432/1 9452/433/1 9453/431/1
f 9457/432/1 9451/434/1 9452/433/1
f 9458/435/1 9451/434/1 9457/432/1
f 9458/435/1 9450/436/1 9451/434/1
f 9458/435/1 9449/437/1 9450/436/1
f 9459/438/1 9449/437/1 9458/435/1
f 9459/438/1 9448/439/1 9449/437/1
f 9459/438/1 9447/440/1 9448/439/1
f 9460/441/1 9447/440/1 9459/438/1
f 9460/441/1 9446/442/1 9447/440/1
f 9460/441/1 9445/443/1 9446/442/1
f 9461/444/1 9445/443/1 9460/441/1
f 9461/444/1 9444/445/1 9445/443/1
f 9461/444/1 9443/3/1 9444/445/1
f 9462/347/1 9443/3/1 9461/444/1
f 9462/347/1 9568/446/1 9443/3/1
f 9568/446/1 9569/447/1 9443/3/1
f 9569/447/1 9570/448/1 9443/3/1
f 9570/448/1 9571/449/1 9443/3/1
f 9571/449/1 9572/450/1 9443/3/1
f 9572/450/1 9573/451/1 9443/3/1
f 9573/451/1 9574/452/1 9443/3/1
f 9574/452/1 9575/453/1 9443/3/1
f 9575/453/1 9576/2/1 9443/3/1
f 9463/454/1 9566/455/1 9462/347/1
f 9566/455/1 9567/456/1 9462/347/1
f 9567/456/1 9568/446/1 9462/347/1
f 9464/457/1 9565/458/1 9463/454/1
f 9565/458/1 9566/455/1 9463/454/1
f 9465/459/1 9563/460/1 9464/457/1
f 9563/460/1 9564/461/1 9464/457/1
f 9564/461/1 9565/458/1 9464/457/1
f 9465/459/1 9562/462/1 9563/460/1
f 9465/459/1 9561/463/1 9562/462/1
f 9465/459/1 9560/464/1 9561/463/1
f 9465/459/1 9559/465/1 9560/464/1
f 9465/459/1 9558/466/1 9559/465/1
f 9466/467/1 9558/466/1 9465/459/1
f 9466/467/1 9557/292/1 9558/466/1
f 9466/467/1 9556/468/1 9557/292/1
f 9466/467/1 9555/469/1 9556/468/1
f 9466/467/1 9554/470/1 9555/469/1
f 9467/471/1 9554/470/1 9466/467/1
f 9467/471/1 9553/472/1 9554/470/1
f 9467/471/1 9552/473/1 9553/472/1
f 9467/471/1 9551/474/1 9552/473/1
f 9468/475/1 9551/474/1 9467/471/1
f 9468/475/1 9550/476/1 9551/474/1
f 9468/475/1 9549/477/1 9550/476/1
f 9468/475/1 9548/478/1 9549/477/1
f 9468/475/1 9547/479/1 9548/478/1
f 9468/475/1 9546/480/1 9547/479/1
f 9469/481/1 9546/480/1 9468/475/1
f 9469/481/1 9545/482/1 9546/480/1
f 9469/481/1 9544/483/1 9545/482/1
f 9469/481/1 9543/484/1 9544/483/1
f 9470/485/1 9543/484/1 9469/481/1
f 9470/485/1 9542/486/1 9543/484/1
f 9470/485/1 9541/487/1 9542/486/1
f 9470/485/1 9540/488/1 9541/487/1
f 9471/489/1 9540/488/1 9470/485/1
f 9471/489/1 9539/490/1 9540/488/1
f 9472/491/1 9539/490/1 9471/489/1
f 9472/491/1 9538/357/1 9539/490/1
f 9472/491/1 9537/492/1 9538/357/1
f 9473/493/1 9537/492/1 9472/491/1
f 9473/493/1 9536/494/1 9537/492/1
f 9474/495/1 9536/494/1 9473/493/1
f 9474/495/1 9535/496/1 9536/494/1
f 9474/495/1 9534/497/1 9535/496/1
f 9475/498/1 9534/497/1 9474/495/1
f 9475/498/1 9533/499/1 9534/497/1
f 9476/500/1 9533/499/1 9475/498/1
f 9476/500/1 9532/501/1 9533/499/1
f 9476/500/1 9531/502/1 9532/501/1
f 9477/503/1 9531/502/1 9476/500/1
f 9477/503/1 9530/504/1 9531/502/1
f 9478/505/1 9530/504/1 9477/503/1
f 9478/505/1 9529/506/1 9530/504/1
f 9479/507/1 9529/506/1 9478/505/1
f 9479/507/1 9528/508/1 9529/506/1
f 9504/509/1 9502/510/1 9503/511/1
f 9479/507/1 9527/512/1 9528/508/1
f 9480/513/1 9527/512/1 9479/507/1
f 9504/509/1 9501/514/1 9502/510/1
f 9481/307/1 9527/512/1 9480/513/1
f 9504/509/1 9500/284/1 9501/514/1
f 9482/515/1 9527/512/1 9481/307/1
f 9482/515/1 9526/516/1 9527/512/1
f 9504/509/1 9499/517/1 9500/284/1
f 9483/518/1 9526/516/1 9482/515/1
f 9504/509/1 9498/519/1 9499/517/1
f 9484/520/1 9526/516/1 9483/518/1
f 9504/509/1 9497/521/1 9498/519/1
f 9485/522/1 9526/516/1 9484/520/1
f 9485/522/1 9525/523/1 9526/516/1
f 9504/509/1 9496/524/1 9497/521/1
f 9486/525/1 9525/523/1 9485/522/1
f 9487/526/1 9525/523/1 9486/525/1
f 9504/509/1 9495/527/1 9496/524/1
f 9488/528/1 9525/523/1 9487/526/1
f 9504/509/1 9494/529/1 9495/527/1
f 9489/530/1 9525/523/1 9488/528/1
f 9504/509/1 9493/531/1 9494/529/1
f 9490/532/1 9525/523/1 9489/530/1
f 9504/509/1 9492/533/1 9493/531/1
f 9491/534/1 9525/523/1 9490/532/1
f 9504/509/1 9491/534/1 9492/533/1
f 9491/534/1 9524/535/1 9525/523/1
f 9504/509/1 9524/535/1 9491/534/1
f 9504/509/1 9523/536/1 9524/535/1
f 9504/509/1 9522/537/1 9523/536/1
f 9505/538/1 9522/537/1 9504/509/1
f 9505/538/1 9521/539/1 9522/537/1
f 9506/540/1 9521/539/1 9505/538/1
f 9507/541/1 9521/539/1 9506/540/1
f 9507/541/1 9520/542/1 9521/539/1
f 9508/543/1 9520/542/1 9507/541/1
f 9509/544/1 9520/542/1 9508/543/1
f 9509/544/1 9519/353/1 9520/542/1
f 9510/545/1 9519/353/1 9509/544/1
f 9510/545/1 9518/546/1 9519/353/1
f 9511/547/1 9518/546/1 9510/545/1
f 9512/548/1 9518/546/1 9511/547/1
f 9512/548/1 9517/549/1 9518/546/1
f 9513/550/1 9517/549/1 9512/548/1
f 9514/551/1 9517/549/1 9513/550/1
f 9514/551/1 9516/552/1 9517/549/1
f 9515/553/1 9516/552/1 9514/551/1
f 9615/49/1 9613/50/1 9614/51/1
f 9616/52/1 9613/50/1 9615/49/1
f 9616/52/1 9612/53/1 9613/50/1
f 9617/54/1 9612/53/1 9616/52/1
f 9618/55/1 9612/53/1 9617/54/1
f 9618/55/1 9611/56/1 9612/53/1
f 9619/57/1 9611/56/1 9618/55/1
f 9619/57/1 9610/58/1 9611/56/1
f 9620/59/1 9610/58/1 9619/57/1
f 9621/60/1 9610/58/1 9620/59/1
f 9621/60/1 9609/61/1 9610/58/1
f 9622/62/1 9609/61/1 9621/60/1
f 9622/62/1 9608/63/1 9609/61/1
f 9623/64/1 9608/63/1 9622/62/1
f 9624/65/1 9608/63/1 9623/64/1
f 9624/65/1 9607/66/1 9608/63/1
f 9625/67/1 9607/66/1 9624/65/1
f 9625/67/1 9606/68/1 9607/66/1
f 9626/69/1 9606/68/1 9625/67/1
f 9627/70/1 9628/71/1 9626/69/1
f 9628/71/1 9629/72/1 9626/69/1
f 9629/72/1 9630/73/1 9626/69/1
f 9630/73/1 9631/74/1 9626/69/1
f 9631/74/1 9632/75/1 9626/69/1
f 9632/75/1 9633/76/1 9626/69/1
f 9633/76/1 9634/77/1 9626/69/1
f 9634/77/1 9635/78/1 9626/69/1
f 9635/78/1 9636/79/1 9626/69/1
f 9636/79/1 9637/80/1 9626/69/1
f 9637/80/1 9606/68/1 9626/69/1
f 9637/80/1 9638/81/1 9606/68/1
f 9638/81/1 9639/82/1 9606/68/1
f 9639/82/1 9605/83/1 9606/68/1
f 9639/82/1 9640/84/1 9605/83/1
f 9640/84/1 9604/85/1 9605/83/1
f 9641/86/1 9604/85/1 9640/84/1
f 9642/87/1 9604/85/1 9641/86/1
f 9643/88/1 9604/85/1 9642/87/1
f 9644/89/1 9604/85/1 9643/88/1
f 9645/90/1 9604/85/1 9644/89/1
f 9645/90/1 9603/91/1 9604/85/1
f 9646/92/1 9603/91/1 9645/90/1
f 9647/93/1 9603/91/1 9646/92/1
f 9648/94/1 9603/91/1 9647/93/1
f 9648/94/1 9602/95/1 9603/91/1
f 9649/96/1 9602/95/1 9648/94/1
f 9650/97/1 9602/95/1 9649/96/1
f 9650/97/1 9601/98/1 9602/95/1
f 9651/99/1 9601/98/1 9650/97/1
f 9652/100/1 9601/98/1 9651/99/1
f 9653/101/1 9750/2/1 9652/100/1
f 9750/2/1 9601/98/1 9652/100/1
f 9654/102/1 9750/2/1 9653/101/1
f 9655/103/1 9750/2/1 9654/102/1
f 9656/104/1 9750/2/1 9655/103/1
f 9657/105/1 9750/2/1 9656/104/1
f 9657/105/1 9749/106/1 9750/2/1
f 9714/107/1 9601/98/1 9750/2/1
f 9657/105/1 9748/108/1 9749/106/1
f 9658/109/1 9748/108/1 9657/105/1
f 9658/109/1 9747/110/1 9748/108/1
f 9659/111/1 9747/110/1 9658/109/1
f 9659/111/1 9746/112/1 9747/110/1
f 9660/113/1 9746/112/1 9659/111/1
f 9660/113/1 9745/114/1 9746/112/1
f 9660/113/1 9744/115/1 9745/114/1
f 9661/116/1 9744/115/1 9660/113/1
f 9661/116/1 9743/117/1 9744/115/1
f 9662/118/1 9743/117/1 9661/116/1
f 9662/118/1 9742/119/1 9743/117/1
f 9662/118/1 9741/120/1 9742/119/1
f 9663/121/1 9741/120/1 9662/118/1
f 9663/121/1 9740/122/1 9741/120/1
f 9663/121/1 9739/123/1 9740/122/1
f 9664/124/1 9739/123/1 9663/121/1
f 9664/124/1 9738/125/1 9739/123/1
f 9665/126/1 9738/125/1 9664/124/1
f 9665/126/1 9737/127/1 9738/125/1
f 9665/126/1 9736/128/1 9737/127/1
f 9666/129/1 9736/128/1 9665/126/1
f 9666/129/1 9735/130/1 9736/128/1
f 9666/129/1 9734/131/1 9735/130/1
f 9715/132/1 9601/98/1 9714/107/1
f 9667/133/1 9734/131/1 9666/129/1
f 9716/134/1 9601/98/1 9715/132/1
f 9667/133/1 9733/135/1 9734/131/1
f 9717/136/1 9601/98/1 9716/134/1
f 9578/137/1 9713/138/1 9577/3/1
f 9717/136/1 9600/139/1 9601/98/1
f 9667/133/1 9732/140/1 9733/135/1
f 9579/141/1 9713/138/1 9578/137/1
f 9718/142/1 9600/139/1 9717/136/1
f 9718/142/1 9599/143/1 9600/139/1
f 9580/144/1 9713/138/1 9579/141/1
f 9668/145/1 9732/140/1 9667/133/1
f 9668/145/1 9731/146/1 9732/140/1
f 9718/142/1 9598/147/1 9599/143/1
f 9719/148/1 9598/147/1 9718/142/1
f 9581/149/1 9713/138/1 9580/144/1
f 9719/148/1 9597/150/1 9598/147/1
f 9720/151/1 9597/150/1 9719/148/1
f 9582/152/1 9713/138/1 9581/149/1
f 9668/145/1 9730/153/1 9731/146/1
f 9720/151/1 9596/154/1 9597/150/1
f 9583/155/1 9713/138/1 9582/152/1
f 9721/156/1 9596/154/1 9720/151/1
f 9721/156/1 9595/157/1 9596/154/1
f 9584/158/1 9713/138/1 9583/155/1
f 9668/145/1 9729/159/1 9730/153/1
f 9721/156/1 9594/160/1 9595/157/1
f 9722/161/1 9594/160/1 9721/156/1
f 9585/162/1 9713/138/1 9584/158/1
f 9722/161/1 9593/163/1 9594/160/1
f 9669/164/1 9729/159/1 9668/145/1
f 9586/165/1 9713/138/1 9585/162/1
f 9669/164/1 9728/166/1 9729/159/1
f 9723/167/1 9593/163/1 9722/161/1
f 9723/167/1 9592/168/1 9593/163/1
f 9587/169/1 9713/138/1 9586/165/1
f 9723/167/1 9591/170/1 9592/168/1
f 9588/171/1 9713/138/1 9587/169/1
f 9724/172/1 9591/170/1 9723/167/1
f 9724/172/1 9590/173/1 9591/170/1
f 9589/174/1 9713/138/1 9588/171/1
f 9724/172/1 9589/174/1 9590/173/1
f 9669/164/1 9727/175/1 9728/166/1
f 9724/172/1 9713/138/1 9589/174/1
f 9725/176/1 9713/138/1 9724/172/1
f 9669/164/1 9726/177/1 9727/175/1
f 9726/177/1 9713/138/1 9725/176/1
f 9669/164/1 9689/178/1 9726/177/1
f 9689/178/1 9713/138/1 9726/177/1
f 9670/179/1 9689/178/1 9669/164/1
f 9670/179/1 9688/180/1 9689/178/1
f 9690/181/1 9713/138/1 9689/178/1
f 9671/182/1 9688/180/1 9670/179/1
f 9671/182/1 9687/183/1 9688/180/1
f 9691/184/1 9713/138/1 9690/181/1
f 9691/184/1 9712/185/1 9713/138/1
f 9672/186/1 9687/183/1 9671/182/1
f 9672/186/1 9686/187/1 9687/183/1
f 9692/188/1 9712/185/1 9691/184/1
f 9692/188/1 9711/189/1 9712/185/1
f 9672/186/1 9685/190/1 9686/187/1
f 9693/191/1 9711/189/1 9692/188/1
f 9673/192/1 9685/190/1 9672/186/1
f 9693/191/1 9710/193/1 9711/189/1
f 9673/192/1 9684/194/1 9685/190/1
f 9694/195/1 9710/193/1 9693/191/1
f 9694/195/1 9709/196/1 9710/193/1
f 9674/197/1 9684/194/1 9673/192/1
f 9674/197/1 9683/198/1 9684/194/1
f 9695/199/1 9709/196/1 9694/195/1
f 9695/199/1 9708/200/1 9709/196/1
f 9674/197/1 9682/201/1 9683/198/1
f 9696/202/1 9708/200/1 9695/199/1
f 9696/202/1 9707/203/1 9708/200/1
f 9675/204/1 9682/201/1 9674/197/1
f 9675/204/1 9681/205/1 9682/201/1
f 9697/206/1 9707/203/1 9696/202/1
f 9697/206/1 9706/207/1 9707/203/1
f 9675/204/1 9680/208/1 9681/205/1
f 9697/206/1 9705/209/1 9706/207/1
f 9698/210/1 9705/209/1 9697/206/1
f 9676/211/1 9680/208/1 9675/204/1
f 9698/210/1 9704/212/1 9705/209/1
f 9676/211/1 9679/213/1 9680/208/1
f 9699/214/1 9704/212/1 9698/210/1
f 9699/214/1 9703/215/1 9704/212/1
f 9676/211/1 9678/216/1 9679/213/1
f 9700/217/1 9703/215/1 9699/214/1
f 9677/218/1 9678/216/1 9676/211/1
f 9700/217/1 9702/219/1 9703/215/1
f 9701/220/1 9702/219/1 9700/217/1
f 9757/292/1 9755/353/1 9756/357/1
f 9757/292/1 9758/2/1 9755/353/1
f 9752/347/1 9754/284/1 9751/3/1
f 9752/347/1 9753/307/1 9754/284/1
f 9761/1086/1 9759/3/1 9760/1087/1
f 9761/1086/1 9918/1088/1 9759/3/1
f 9762/1089/1 9918/1088/1 9761/1086/1
f 9763/1090/1 9918/1088/1 9762/1089/1
f 9764/808/1 9918/1088/1 9763/1090/1
f 9765/1091/1 9918/1088/1 9764/808/1
f 9766/1092/1 9918/1088/1 9765/1091/1
f 9767/1093/1 9918/1088/1 9766/1092/1
f 9768/1094/1 9917/1095/1 9767/1093/1
f 9917/1095/1 9918/1088/1 9767/1093/1
f 9768/1094/1 9916/1096/1 9917/1095/1
f 9769/806/1 9954/827/1 9768/1094/1
f 9954/827/1 9955/1097/1 9768/1094/1
f 9955/1097/1 9916/1096/1 9768/1094/1
f 9956/1098/1 9916/1096/1 9955/1097/1
f 9956/1098/1 9915/1099/1 9916/1096/1
f 9957/1100/1 9915/1099/1 9956/1098/1
f 9769/806/1 9953/1101/1 9954/827/1
f 9958/1102/1 9915/1099/1 9957/1100/1
f 9769/806/1 9952/1103/1 9953/1101/1
f 9959/825/1 9915/1099/1 9958/1102/1
f 9769/806/1 9951/1104/1 9952/1103/1
f 9959/825/1 9914/822/1 9915/1099/1
f 9960/1105/1 9914/822/1 9959/825/1
f 9769/806/1 9950/1106/1 9951/1104/1
f 9770/1107/1 9950/1106/1 9769/806/1
f 9961/1108/1 9914/822/1 9960/1105/1
f 9961/1108/1 9913/1109/1 9914/822/1
f 9770/1107/1 9949/828/1 9950/1106/1
f 9962/1110/1 9913/1109/1 9961/1108/1
f 9770/1107/1 9948/1111/1 9949/828/1
f 9962/1110/1 9912/1000/1 9913/1109/1
f 9963/1029/1 9912/1000/1 9962/1110/1
f 9770/1107/1 9947/1112/1 9948/1111/1
f 9963/1029/1 9911/1113/1 9912/1000/1
f 9771/1114/1 9947/1112/1 9770/1107/1
f 9964/823/1 9911/1113/1 9963/1029/1
f 9964/823/1 9910/1115/1 9911/1113/1
f 9771/1114/1 9946/1116/1 9947/1112/1
f 9964/823/1 9909/820/1 9910/1115/1
f 9965/1117/1 9909/820/1 9964/823/1
f 9771/1114/1 9945/1118/1 9946/1116/1
f 9772/1119/1 9945/1118/1 9771/1114/1
f 9965/1117/1 9908/1120/1 9909/820/1
f 9966/1121/1 9908/1120/1 9965/1117/1
f 9772/1119/1 9944/830/1 9945/1118/1
f 9966/1121/1 9907/1122/1 9908/1120/1
f 9919/824/1 9907/1122/1 9966/1121/1
f 9772/1119/1 9943/1123/1 9944/830/1
f 9919/824/1 9906/1124/1 9907/1122/1
f 9773/1125/1 9943/1123/1 9772/1119/1
f 9920/1126/1 9906/1124/1 9919/824/1
f 9920/1126/1 9905/1127/1 9906/1124/1
f 9773/1125/1 9942/1128/1 9943/1123/1
f 9774/804/1 9942/1128/1 9773/1125/1
f 9920/1126/1 9904/818/1 9905/1127/1
f 9921/1129/1 9904/818/1 9920/1126/1
f 9774/804/1 9941/1130/1 9942/1128/1
f 9775/1131/1 9941/1130/1 9774/804/1
f 9921/1129/1 9903/1132/1 9904/818/1
f 9776/1133/1 9941/1130/1 9775/1131/1
f 9922/1134/1 9903/1132/1 9921/1129/1
f 9776/1133/1 9940/1135/1 9941/1130/1
f 9922/1134/1 9902/1136/1 9903/1132/1
f 9777/1137/1 9940/1135/1 9776/1133/1
f 9923/1138/1 9902/1136/1 9922/1134/1
f 9777/1137/1 9939/831/1 9940/1135/1
f 9778/1139/1 9939/831/1 9777/1137/1
f 9923/1138/1 9901/1140/1 9902/1136/1
f 9924/826/1 9901/1140/1 9923/1138/1
f 9779/802/1 9939/831/1 9778/1139/1
f 9779/802/1 9938/1141/1 9939/831/1
f 9924/826/1 9900/1142/1 9901/1140/1
f 9780/1143/1 9938/1141/1 9779/802/1
f 9925/1144/1 9900/1142/1 9924/826/1
f 9780/1143/1 9937/1145/1 9938/1141/1
f 9781/1146/1 9937/1145/1 9780/1143/1
f 9925/1144/1 9899/816/1 9900/1142/1
f 9926/1147/1 9899/816/1 9925/1144/1
f 9781/1146/1 9936/1148/1 9937/1145/1
f 9782/1149/1 9936/1148/1 9781/1146/1
f 9927/1150/1 9899/816/1 9926/1147/1
f 9927/1150/1 9898/1151/1 9899/816/1
f 9782/1149/1 9935/1152/1 9936/1148/1
f 9783/1153/1 9935/1152/1 9782/1149/1
f 9928/1154/1 9898/1151/1 9927/1150/1
f 9783/1153/1 9934/829/1 9935/1152/1
f 9928/1154/1 9897/1155/1 9898/1151/1
f 9784/800/1 9934/829/1 9783/1153/1
f 9929/228/1 9897/1155/1 9928/1154/1
f 9784/800/1 9933/1156/1 9934/829/1
f 9930/1157/1 9897/1155/1 9929/228/1
f 9784/800/1 9932/1158/1 9933/1156/1
f 9785/1159/1 9932/1158/1 9784/800/1
f 9931/1160/1 9897/1155/1 9930/1157/1
f 9785/1159/1 9931/1160/1 9932/1158/1
f 9785/1159/1 9897/1155/1 9931/1160/1
f 9785/1159/1 9896/1161/1 9897/1155/1
f 9786/1162/1 9896/1161/1 9785/1159/1
f 9786/1162/1 9895/1163/1 9896/1161/1
f 9787/1164/1 9895/1163/1 9786/1162/1
f 9787/1164/1 9894/814/1 9895/1163/1
f 9788/1165/1 9894/814/1 9787/1164/1
f 9789/798/1 9894/814/1 9788/1165/1
f 9789/798/1 9893/1166/1 9894/814/1
f 9790/1167/1 9893/1166/1 9789/798/1
f 9790/1167/1 9892/1168/1 9893/1166/1
f 9791/1169/1 9892/1168/1 9790/1167/1
f 9792/1170/1 9892/1168/1 9791/1169/1
f 9793/1171/1 9892/1168/1 9792/1170/1
f 9793/1171/1 9891/1172/1 9892/1168/1
f 9794/796/1 9891/1172/1 9793/1171/1
f 9795/1173/1 9891/1172/1 9794/796/1
f 9796/1174/1 9891/1172/1 9795/1173/1
f 9796/1174/1 9890/1175/1 9891/1172/1
f 9797/1176/1 9890/1175/1 9796/1174/1
f 9798/1177/1 9890/1175/1 9797/1176/1
f 9799/795/1 9890/1175/1 9798/1177/1
f 9799/795/1 9889/812/1 9890/1175/1
f 9800/1178/1 9889/812/1 9799/795/1
f 9800/1178/1 9888/1179/1 9889/812/1
f 9801/1180/1 9888/1179/1 9800/1178/1
f 9801/1180/1 9887/1181/1 9888/1179/1
f 9802/1182/1 9887/1181/1 9801/1180/1
f 9802/1182/1 9886/1183/1 9887/1181/1
f 9803/1184/1 9886/1183/1 9802/1182/1
f 9803/1184/1 9885/1185/1 9886/1183/1
f 9803/1184/1 9884/810/1 9885/1185/1
f 9804/793/1 9884/810/1 9803/1184/1
f 9804/793/1 9883/1186/1 9884/810/1
f 9805/1187/1 9883/1186/1 9804/793/1
f 9805/1187/1 9882/1188/1 9883/1186/1
f 9806/1189/1 9882/1188/1 9805/1187/1
f 9807/1190/1 9882/1188/1 9806/1189/1
f 9807/1190/1 9881/1191/1 9882/1188/1
f 9808/1192/1 9881/1191/1 9807/1190/1
f 9808/1192/1 9880/1193/1 9881/1191/1
f 9809/791/1 9880/1193/1 9808/1192/1
f 9809/791/1 9879/809/1 9880/1193/1
f 9810/1037/1 9879/809/1 9809/791/1
f 9810/1037/1 9878/1194/1 9879/809/1
f 9811/1195/1 9878/1194/1 9810/1037/1
f 9811/1195/1 9877/1196/1 9878/1194/1
f 9812/1197/1 9877/1196/1 9811/1195/1
f 9812/1197/1 9876/1198/1 9877/1196/1
f 9813/1199/1 9876/1198/1 9812/1197/1
f 9813/1199/1 9875/1200/1 9876/1198/1
f 9814/788/1 9875/1200/1 9813/1199/1
f 9814/788/1 9874/807/1 9875/1200/1
f 9815/1201/1 9874/807/1 9814/788/1
f 9815/1201/1 9873/1202/1 9874/807/1
f 9816/1203/1 9873/1202/1 9815/1201/1
f 9816/1203/1 9872/1204/1 9873/1202/1
f 9817/1205/1 9872/1204/1 9816/1203/1
f 9817/1205/1 9871/1206/1 9872/1204/1
f 9818/1207/1 9871/1206/1 9817/1205/1
f 9818/1207/1 9870/1208/1 9871/1206/1
f 9819/789/1 9870/1208/1 9818/1207/1
f 9819/789/1 9869/805/1 9870/1208/1
f 9820/1209/1 9869/805/1 9819/789/1
f 9820/1209/1 9868/1210/1 9869/805/1
f 9821/1211/1 9868/1210/1 9820/1209/1
f 9821/1211/1 9867/1212/1 9868/1210/1
f 9822/1213/1 9867/1212/1 9821/1211/1
f 9822/1213/1 9866/1214/1 9867/1212/1
f 9823/1215/1 9866/1214/1 9822/1213/1
f 9824/787/1 9866/1214/1 9823/1215/1
f 9824/787/1 9865/1216/1 9866/1214/1
f 9825/1217/1 9865/1216/1 9824/787/1
f 9825/1217/1 9864/803/1 9865/1216/1
f 9826/1218/1 9864/803/1 9825/1217/1
f 9826/1218/1 9863/1219/1 9864/803/1
f 9827/1220/1 9863/1219/1 9826/1218/1
f 9827/1220/1 9862/1221/1 9863/1219/1
f 9828/1222/1 10003/1223/1 9827/1220/1
f 10003/1223/1 9862/1221/1 9827/1220/1
f 10003/1223/1 10004/786/1 9862/1221/1
f 10004/786/1 9861/998/1 9862/1221/1
f 9828/1222/1 10002/1224/1 10003/1223/1
f 10005/1225/1 9861/998/1 10004/786/1
f 9828/1222/1 10001/1226/1 10002/1224/1
f 10006/1227/1 9861/998/1 10005/1225/1
f 9828/1222/1 10000/1228/1 10001/1226/1
f 9829/790/1 10000/1228/1 9828/1222/1
f 10007/1229/1 9861/998/1 10006/1227/1
f 9829/790/1 9999/785/1 10000/1228/1
f 10008/1230/1 9861/998/1 10007/1229/1
f 9829/790/1 9998/1231/1 9999/785/1
f 10009/784/1 9861/998/1 10008/1230/1
f 10009/784/1 9860/1232/1 9861/998/1
f 9829/790/1 9997/1233/1 9998/1231/1
f 10010/1234/1 9860/1232/1 10009/784/1
f 9830/1235/1 9997/1233/1 9829/790/1
f 9830/1235/1 9996/1236/1 9997/1233/1
f 10011/1237/1 9860/1232/1 10010/1234/1
f 10011/1237/1 9859/801/1 9860/1232/1
f 9830/1235/1 9995/1238/1 9996/1236/1
f 9831/1239/1 9995/1238/1 9830/1235/1
f 10012/1240/1 9859/801/1 10011/1237/1
f 9831/1239/1 9994/811/1 9995/1238/1
f 10013/1241/1 9859/801/1 10012/1240/1
f 10013/1241/1 9858/1242/1 9859/801/1
f 9831/1239/1 9993/1243/1 9994/811/1
f 9832/1244/1 9993/1243/1 9831/1239/1
f 10014/2/1 9858/1242/1 10013/1241/1
f 9832/1244/1 9992/1245/1 9993/1243/1
f 10014/2/1 9857/1246/1 9858/1242/1
f 9833/1247/1 9992/1245/1 9832/1244/1
f 9833/1247/1 9991/1248/1 9992/1245/1
f 9967/1249/1 9857/1246/1 10014/2/1
f 9967/1249/1 9856/1250/1 9857/1246/1
f 9833/1247/1 9990/1251/1 9991/1248/1
f 9834/792/1 9990/1251/1 9833/1247/1
f 9968/1252/1 9856/1250/1 9967/1249/1
f 9834/792/1 9989/813/1 9990/1251/1
f 9969/821/1 9856/1250/1 9968/1252/1
f 9969/821/1 9855/1253/1 9856/1250/1
f 9834/792/1 9988/1254/1 9989/813/1
f 9970/1255/1 9855/1253/1 9969/821/1
f 9835/1256/1 9988/1254/1 9834/792/1
f 9835/1256/1 9987/1257/1 9988/1254/1
f 9971/1258/1 9855/1253/1 9970/1255/1
f 9835/1256/1 9986/1259/1 9987/1257/1
f 9971/1258/1 9854/799/1 9855/1253/1
f 9972/1260/1 9854/799/1 9971/1258/1
f 9836/1261/1 9986/1259/1 9835/1256/1
f 9836/1261/1 9985/1262/1 9986/1259/1
f 9973/1263/1 9854/799/1 9972/1260/1
f 9836/1261/1 9984/815/1 9985/1262/1
f 9974/819/1 9854/799/1 9973/1263/1
f 9836/1261/1 9983/1264/1 9984/815/1
f 9974/819/1 9853/1265/1 9854/799/1
f 9975/1266/1 9853/1265/1 9974/819/1
f 9837/1267/1 9983/1264/1 9836/1261/1
f 9837/1267/1 9982/1268/1 9983/1264/1
f 9976/1269/1 9853/1265/1 9975/1266/1
f 9837/1267/1 9981/1270/1 9982/1268/1
f 9977/1271/1 9853/1265/1 9976/1269/1
f 9837/1267/1 9980/1272/1 9981/1270/1
f 9978/1273/1 9853/1265/1 9977/1271/1
f 9837/1267/1 9979/817/1 9980/1272/1
f 9979/817/1 9853/1265/1 9978/1273/1
f 9837/1267/1 9853/1265/1 9979/817/1
f 9837/1267/1 9852/1274/1 9853/1265/1
f 9838/1275/1 9852/1274/1 9837/1267/1
f 9838/1275/1 9851/1276/1 9852/1274/1
f 9839/794/1 9851/1276/1 9838/1275/1
f 9840/1277/1 9851/1276/1 9839/794/1
f 9840/1277/1 9850/1278/1 9851/1276/1
f 9841/1279/1 9850/1278/1 9840/1277/1
f 9841/1279/1 9849/797/1 9850/1278/1
f 9842/1280/1 9849/797/1 9841/1279/1
f 9842/1280/1 9848/1281/1 9849/797/1
f 9843/1282/1 9848/1281/1 9842/1280/1
f 9843/1282/1 9847/1283/1 9848/1281/1
f 9844/245/1 9847/1283/1 9843/1282/1
f 9844/245/1 9846/1284/1 9847/1283/1
f 9845/1285/1 9846/1284/1 9844/245/1
f 10056/221/1 10054/222/1 10055/223/1
f 10056/221/1 10053/224/1 10054/222/1
f 10057/225/1 10053/224/1 10056/221/1
f 10057/225/1 10052/226/1 10053/224/1
f 10058/227/1 10052/226/1 10057/225/1
f 10058/227/1 10051/228/1 10052/226/1
f 10058/227/1 10050/229/1 10051/228/1
f 10059/230/1 10050/229/1 10058/227/1
f 10059/230/1 10049/231/1 10050/229/1
f 10016/232/1 10069/2/1 10015/3/1
f 10016/232/1 10068/233/1 10069/2/1
f 10060/234/1 10049/231/1 10059/230/1
f 10060/234/1 10048/235/1 10049/231/1
f 10060/234/1 10047/236/1 10048/235/1
f 10061/237/1 10047/236/1 10060/234/1
f 10061/237/1 10046/238/1 10047/236/1
f 10062/239/1 10046/238/1 10061/237/1
f 10062/239/1 10045/240/1 10046/238/1
f 10062/239/1 10044/241/1 10045/240/1
f 10063/242/1 10044/241/1 10062/239/1
f 10063/242/1 10043/243/1 10044/241/1
f 10064/244/1 10043/243/1 10063/242/1
f 10064/244/1 10033/245/1 10043/243/1
f 10033/245/1 10034/246/1 10043/243/1
f 10034/246/1 10035/247/1 10043/243/1
f 10035/247/1 10036/248/1 10043/243/1
f 10036/248/1 10037/249/1 10043/243/1
f 10037/249/1 10038/250/1 10043/243/1
f 10038/250/1 10039/251/1 10043/243/1
f 10039/251/1 10040/252/1 10043/243/1
f 10040/252/1 10041/253/1 10043/243/1
f 10041/253/1 10042/254/1 10043/243/1
f 10065/255/1 10031/256/1 10064/244/1
f 10031/256/1 10032/257/1 10064/244/1
f 10032/257/1 10033/245/1 10064/244/1
f 10066/258/1 10029/259/1 10065/255/1
f 10029/259/1 10030/260/1 10065/255/1
f 10030/260/1 10031/256/1 10065/255/1
f 10066/258/1 10028/261/1 10029/259/1
f 10066/258/1 10027/262/1 10028/261/1
f 10067/263/1 10027/262/1 10066/258/1
f 10067/263/1 10026/264/1 10027/262/1
f 10067/263/1 10025/265/1 10026/264/1
f 10016/232/1 10067/263/1 10068/233/1
f 10016/232/1 10021/266/1 10067/263/1
f 10021/266/1 10022/267/1 10067/263/1
f 10022/267/1 10023/268/1 10067/263/1
f 10023/268/1 10024/269/1 10067/263/1
f 10024/269/1 10025/265/1 10067/263/1
f 10016/232/1 10020/270/1 10021/266/1
f 10016/232/1 10019/271/1 10020/270/1
f 10016/232/1 10018/272/1 10019/271/1
f 10016/232/1 10017/273/1 10018/272/1
f 10108/274/1 10106/275/1 10107/276/1
f 10108/274/1 10105/277/1 10106/275/1
f 10109/278/1 10105/277/1 10108/274/1
f 10109/278/1 10104/279/1 10105/277/1
f 10110/280/1 10104/279/1 10109/278/1
f 10110/280/1 10103/281/1 10104/279/1
f 10111/282/1 10103/281/1 10110/280/1
f 10111/282/1 10102/283/1 10103/281/1
f 10112/284/1 10102/283/1 10111/282/1
f 10112/284/1 10101/285/1 10102/283/1
f 10113/286/1 10101/285/1 10112/284/1
f 10113/286/1 10100/287/1 10101/285/1
f 10114/288/1 10156/289/1 10113/286/1
f 10156/289/1 10100/287/1 10113/286/1
f 10114/288/1 10155/290/1 10156/289/1
f 10157/291/1 10100/287/1 10156/289/1
f 10114/288/1 10154/292/1 10155/290/1
f 10158/293/1 10100/287/1 10157/291/1
f 10114/288/1 10153/294/1 10154/292/1
f 10159/295/1 10100/287/1 10158/293/1
f 10159/295/1 10099/296/1 10100/287/1
f 10114/288/1 10152/297/1 10153/294/1
f 10115/298/1 10152/297/1 10114/288/1
f 10160/299/1 10099/296/1 10159/295/1
f 10115/298/1 10151/300/1 10152/297/1
f 10161/301/1 10099/296/1 10160/299/1
f 10115/298/1 10150/302/1 10151/300/1
f 10162/303/1 10099/296/1 10161/301/1
f 10115/298/1 10149/304/1 10150/302/1
f 10163/305/1 10099/296/1 10162/303/1
f 10116/306/1 10149/304/1 10115/298/1
f 10163/305/1 10098/307/1 10099/296/1
f 10116/306/1 10148/308/1 10149/304/1
f 10164/309/1 10098/307/1 10163/305/1
f 10116/306/1 10147/310/1 10148/308/1
f 10165/311/1 10098/307/1 10164/309/1
f 10117/312/1 10147/310/1 10116/306/1
f 10165/311/1 10097/313/1 10098/307/1
f 10117/312/1 10146/314/1 10147/310/1
f 10166/315/1 10097/313/1 10165/311/1
f 10117/312/1 10145/316/1 10146/314/1
f 10167/317/1 10097/313/1 10166/315/1
f 10118/318/1 10145/316/1 10117/312/1
f 10118/318/1 10144/319/1 10145/316/1
f 10167/317/1 10096/320/1 10097/313/1
f 10168/2/1 10096/320/1 10167/317/1
f 10118/318/1 10168/2/1 10144/319/1
f 10118/318/1 10096/320/1 10168/2/1
f 10119/254/1 10096/320/1 10118/318/1
f 10119/254/1 10095/321/1 10096/320/1
f 10120/322/1 10094/323/1 10119/254/1
f 10094/323/1 10095/321/1 10119/254/1
f 10120/322/1 10093/324/1 10094/323/1
f 10121/325/1 10093/324/1 10120/322/1
f 10121/325/1 10092/326/1 10093/324/1
f 10121/325/1 10091/327/1 10092/326/1
f 10122/328/1 10091/327/1 10121/325/1
f 10122/328/1 10090/329/1 10091/327/1
f 10123/330/1 10090/329/1 10122/328/1
f 10123/330/1 10089/331/1 10090/329/1
f 10071/332/1 10143/333/1 10070/3/1
f 10123/330/1 10088/334/1 10089/331/1
f 10072/335/1 10143/333/1 10071/332/1
f 10073/336/1 10143/333/1 10072/335/1
f 10124/337/1 10088/334/1 10123/330/1
f 10124/337/1 10087/338/1 10088/334/1
f 10074/339/1 10143/333/1 10073/336/1
f 10075/340/1 10143/333/1 10074/339/1
f 10124/337/1 10086/341/1 10087/338/1
f 10076/342/1 10143/333/1 10075/340/1
f 10124/337/1 10085/343/1 10086/341/1
f 10077/344/1 10143/333/1 10076/342/1
f 10125/345/1 10085/343/1 10124/337/1
f 10078/346/1 10143/333/1 10077/344/1
f 10125/345/1 10084/347/1 10085/343/1
f 10079/348/1 10143/333/1 10078/346/1
f 10125/345/1 10083/349/1 10084/347/1
f 10080/350/1 10143/333/1 10079/348/1
f 10081/351/1 10143/333/1 10080/350/1
f 10125/345/1 10082/352/1 10083/349/1
f 10082/352/1 10143/333/1 10081/351/1
f 10125/345/1 10143/333/1 10082/352/1
f 10126/353/1 10143/333/1 10125/345/1
f 10126/353/1 10142/354/1 10143/333/1
f 10127/355/1 10142/354/1 10126/353/1
f 10127/355/1 10141/356/1 10142/354/1
f 10127/355/1 10140/357/1 10141/356/1
f 10128/358/1 10140/357/1 10127/355/1
f 10128/358/1 10139/359/1 10140/357/1
f 10128/358/1 10138/360/1 10139/359/1
f 10129/361/1 10138/360/1 10128/358/1
f 10129/361/1 10137/362/1 10138/360/1
f 10129/361/1 10136/363/1 10137/362/1
f 10130/364/1 10136/363/1 10129/361/1
f 10130/364/1 10135/365/1 10136/363/1
f 10130/364/1 10134/366/1 10135/365/1
f 10130/364/1 10133/367/1 10134/366/1
f 10131/368/1 10133/367/1 10130/364/1
f 10131/368/1 10132/369/1 10133/367/1
f 10213/310/1 10211/930/1 10212/931/1
f 10214/932/1 10211/930/1 10213/310/1
f 10214/932/1 10210/933/1 10211/930/1
f 10215/934/1 10210/933/1 10214/932/1
f 10216/935/1 10210/933/1 10215/934/1
f 10216/935/1 10209/357/1 10210/933/1
f 10217/292/1 10209/357/1 10216/935/1
f 10171/928/1 10169/3/1 10170/929/1
f 10171/928/1 10225/2/1 10169/3/1
f 10217/292/1 10208/936/1 10209/357/1
f 10218/937/1 10208/936/1 10217/292/1
f 10219/938/1 10208/936/1 10218/937/1
f 10219/938/1 10207/939/1 10208/936/1
f 10220/940/1 10207/939/1 10219/938/1
f 10220/940/1 10206/941/1 10207/939/1
f 10221/301/1 10206/941/1 10220/940/1
f 10222/942/1 10206/941/1 10221/301/1
f 10222/942/1 10205/367/1 10206/941/1
f 10223/943/1 10205/367/1 10222/942/1
f 10224/944/1 10205/367/1 10223/943/1
f 10224/944/1 10185/307/1 10205/367/1
f 10185/307/1 10204/945/1 10205/367/1
f 10171/928/1 10224/944/1 10225/2/1
f 10171/928/1 10173/344/1 10224/944/1
f 10173/344/1 10174/946/1 10224/944/1
f 10174/946/1 10175/947/1 10224/944/1
f 10175/947/1 10176/948/1 10224/944/1
f 10176/948/1 10177/347/1 10224/944/1
f 10177/347/1 10178/949/1 10224/944/1
f 10178/949/1 10179/950/1 10224/944/1
f 10179/950/1 10180/951/1 10224/944/1
f 10180/951/1 10181/327/1 10224/944/1
f 10181/327/1 10182/952/1 10224/944/1
f 10182/952/1 10183/953/1 10224/944/1
f 10183/953/1 10184/954/1 10224/944/1
f 10184/954/1 10185/307/1 10224/944/1
f 10186/955/1 10204/945/1 10185/307/1
f 10187/956/1 10204/945/1 10186/955/1
f 10188/957/1 10204/945/1 10187/956/1
f 10189/277/1 10204/945/1 10188/957/1
f 10189/277/1 10203/958/1 10204/945/1
f 10190/959/1 10203/958/1 10189/277/1
f 10191/960/1 10203/958/1 10190/959/1
f 10192/961/1 10203/958/1 10191/960/1
f 10192/961/1 10202/962/1 10203/958/1
f 10193/284/1 10202/962/1 10192/961/1
f 10194/963/1 10202/962/1 10193/284/1
f 10194/963/1 10201/353/1 10202/962/1
f 10195/964/1 10201/353/1 10194/963/1
f 10171/928/1 10172/965/1 10173/344/1
f 10196/966/1 10201/353/1 10195/964/1
f 10196/966/1 10200/967/1 10201/353/1
f 10197/254/1 10200/967/1 10196/966/1
f 10198/968/1 10200/967/1 10197/254/1
f 10198/968/1 10199/969/1 10200/967/1
f 10264/274/1 10262/275/1 10263/276/1
f 10264/274/1 10261/277/1 10262/275/1
f 10265/278/1 10261/277/1 10264/274/1
f 10265/278/1 10260/279/1 10261/277/1
f 10266/280/1 10260/279/1 10265/278/1
f 10266/280/1 10259/281/1 10260/279/1
f 10267/282/1 10259/281/1 10266/280/1
f 10267/282/1 10258/283/1 10259/281/1
f 10268/284/1 10258/283/1 10267/282/1
f 10268/284/1 10257/285/1 10258/283/1
f 10269/286/1 10257/285/1 10268/284/1
f 10269/286/1 10256/287/1 10257/285/1
f 10270/288/1 10312/289/1 10269/286/1
f 10312/289/1 10256/287/1 10269/286/1
f 10270/288/1 10311/290/1 10312/289/1
f 10313/291/1 10256/287/1 10312/289/1
f 10270/288/1 10310/292/1 10311/290/1
f 10314/293/1 10256/287/1 10313/291/1
f 10270/288/1 10309/294/1 10310/292/1
f 10315/295/1 10256/287/1 10314/293/1
f 10315/295/1 10255/296/1 10256/287/1
f 10270/288/1 10308/297/1 10309/294/1
f 10271/298/1 10308/297/1 10270/288/1
f 10316/299/1 10255/296/1 10315/295/1
f 10271/298/1 10307/300/1 10308/297/1
f 10317/301/1 10255/296/1 10316/299/1
f 10271/298/1 10306/302/1 10307/300/1
f 10318/303/1 10255/296/1 10317/301/1
f 10271/298/1 10305/304/1 10306/302/1
f 10319/305/1 10255/296/1 10318/303/1
f 10272/306/1 10305/304/1 10271/298/1
f 10319/305/1 10254/307/1 10255/296/1
f 10272/306/1 10304/308/1 10305/304/1
f 10320/309/1 10254/307/1 10319/305/1
f 10272/306/1 10303/310/1 10304/308/1
f 10321/311/1 10254/307/1 10320/309/1
f 10273/312/1 10303/310/1 10272/306/1
f 10321/311/1 10253/313/1 10254/307/1
f 10273/312/1 10302/314/1 10303/310/1
f 10322/315/1 10253/313/1 10321/311/1
f 10273/312/1 10301/316/1 10302/314/1
f 10323/317/1 10253/313/1 10322/315/1
f 10274/318/1 10301/316/1 10273/312/1
f 10274/318/1 10300/319/1 10301/316/1
f 10323/317/1 10252/320/1 10253/313/1
f 10324/2/1 10252/320/1 10323/317/1
f 10274/318/1 10324/2/1 10300/319/1
f 10274/318/1 10252/320/1 10324/2/1
f 10275/254/1 10252/320/1 10274/318/1
f 10275/254/1 10251/321/1 10252/320/1
f 10276/322/1 10250/323/1 10275/254/1
f 10250/323/1 10251/321/1 10275/254/1
f 10276/322/1 10249/324/1 10250/323/1
f 10277/325/1 10249/324/1 10276/322/1
f 10277/325/1 10248/326/1 10249/324/1
f 10277/325/1 10247/327/1 10248/326/1
f 10278/328/1 10247/327/1 10277/325/1
f 10278/328/1 10246/329/1 10247/327/1
f 10279/330/1 10246/329/1 10278/328/1
f 10279/330/1 10245/331/1 10246/329/1
f 10227/332/1 10299/333/1 10226/3/1
f 10279/330/1 10244/334/1 10245/331/1
f 10228/335/1 10299/333/1 10227/332/1
f 10229/336/1 10299/333/1 10228/335/1
f 10280/337/1 10244/334/1 10279/330/1
f 10280/337/1 10243/338/1 10244/334/1
f 10230/339/1 10299/333/1 10229/336/1
f 10231/340/1 10299/333/1 10230/339/1
f 10280/337/1 10242/341/1 10243/338/1
f 10232/342/1 10299/333/1 10231/340/1
f 10280/337/1 10241/343/1 10242/341/1
f 10233/344/1 10299/333/1 10232/342/1
f 10281/345/1 10241/343/1 10280/337/1
f 10234/346/1 10299/333/1 10233/344/1
f 10281/345/1 10240/347/1 10241/343/1
f 10235/348/1 10299/333/1 10234/346/1
f 10281/345/1 10239/349/1 10240/347/1
f 10236/350/1 10299/333/1 10235/348/1
f 10237/351/1 10299/333/1 10236/350/1
f 10281/345/1 10238/352/1 10239/349/1
f 10238/352/1 10299/333/1 10237/351/1
f 10281/345/1 10299/333/1 10238/352/1
f 10282/353/1 10299/333/1 10281/345/1
f 10282/353/1 10298/354/1 10299/333/1
f 10283/355/1 10298/354/1 10282/353/1
f 10283/355/1 10297/356/1 10298/354/1
f 10283/355/1 10296/357/1 10297/356/1
f 10284/358/1 10296/357/1 10283/355/1
f 10284/358/1 10295/359/1 10296/357/1
f 10284/358/1 10294/360/1 10295/359/1
f 10285/361/1 10294/360/1 10284/358/1
f 10285/361/1 10293/362/1 10294/360/1
f 10285/361/1 10292/363/1 10293/362/1
f 10286/364/1 10292/363/1 10285/361/1
f 10286/364/1 10291/365/1 10292/363/1
f 10286/364/1 10290/366/1 10291/365/1
f 10286/364/1 10289/367/1 10290/366/1
f 10287/368/1 10289/367/1 10286/364/1
f 10287/368/1 10288/369/1 10289/367/1
f 10363/49/1 10361/50/1 10362/51/1
f 10364/52/1 10361/50/1 10363/49/1
f 10364/52/1 10360/53/1 10361/50/1
f 10365/54/1 10360/53/1 10364/52/1
f 10366/55/1 10360/53/1 10365/54/1
f 10366/55/1 10359/56/1 10360/53/1
f 10367/57/1 10359/56/1 10366/55/1
f 10367/57/1 10358/58/1 10359/56/1
f 10368/59/1 10358/58/1 10367/57/1
f 10369/60/1 10358/58/1 10368/59/1
f 10369/60/1 10357/61/1 10358/58/1
f 10370/62/1 10357/61/1 10369/60/1
f 10370/62/1 10356/63/1 10357/61/1
f 10371/64/1 10356/63/1 10370/62/1
f 10372/65/1 10356/63/1 10371/64/1
f 10372/65/1 10355/66/1 10356/63/1
f 10373/67/1 10355/66/1 10372/65/1
f 10373/67/1 10354/68/1 10355/66/1
f 10374/69/1 10354/68/1 10373/67/1
f 10375/70/1 10376/71/1 10374/69/1
f 10376/71/1 10377/72/1 10374/69/1
f 10377/72/1 10378/73/1 10374/69/1
f 10378/73/1 10379/74/1 10374/69/1
f 10379/74/1 10380/75/1 10374/69/1
f 10380/75/1 10381/76/1 10374/69/1
f 10381/76/1 10382/77/1 10374/69/1
f 10382/77/1 10383/78/1 10374/69/1
f 10383/78/1 10384/79/1 10374/69/1
f 10384/79/1 10385/80/1 10374/69/1
f 10385/80/1 10354/68/1 10374/69/1
f 10385/80/1 10386/81/1 10354/68/1
f 10386/81/1 10387/82/1 10354/68/1
f 10387/82/1 10353/83/1 10354/68/1
f 10387/82/1 10388/84/1 10353/83/1
f 10388/84/1 10352/85/1 10353/83/1
f 10389/86/1 10352/85/1 10388/84/1
f 10390/87/1 10352/85/1 10389/86/1
f 10391/88/1 10352/85/1 10390/87/1
f 10392/89/1 10352/85/1 10391/88/1
f 10393/90/1 10352/85/1 10392/89/1
f 10393/90/1 10351/91/1 10352/85/1
f 10394/92/1 10351/91/1 10393/90/1
f 10395/93/1 10351/91/1 10394/92/1
f 10396/94/1 10351/91/1 10395/93/1
f 10396/94/1 10350/95/1 10351/91/1
f 10397/96/1 10350/95/1 10396/94/1
f 10398/97/1 10350/95/1 10397/96/1
f 10398/97/1 10349/98/1 10350/95/1
f 10399/99/1 10349/98/1 10398/97/1
f 10400/100/1 10349/98/1 10399/99/1
f 10401/101/1 10498/2/1 10400/100/1
f 10498/2/1 10349/98/1 10400/100/1
f 10402/102/1 10498/2/1 10401/101/1
f 10403/103/1 10498/2/1 10402/102/1
f 10404/104/1 10498/2/1 10403/103/1
f 10405/105/1 10498/2/1 10404/104/1
f 10405/105/1 10497/106/1 10498/2/1
f 10462/107/1 10349/98/1 10498/2/1
f 10405/105/1 10496/108/1 10497/106/1
f 10406/109/1 10496/108/1 10405/105/1
f 10406/109/1 10495/110/1 10496/108/1
f 10407/111/1 10495/110/1 10406/109/1
f 10407/111/1 10494/112/1 10495/110/1
f 10408/113/1 10494/112/1 10407/111/1
f 10408/113/1 10493/114/1 10494/112/1
f 10408/113/1 10492/115/1 10493/114/1
f 10409/116/1 10492/115/1 10408/113/1
f 10409/116/1 10491/117/1 10492/115/1
f 10410/118/1 10491/117/1 10409/116/1
f 10410/118/1 10490/119/1 10491/117/1
f 10410/118/1 10489/120/1 10490/119/1
f 10411/121/1 10489/120/1 10410/118/1
f 10411/121/1 10488/122/1 10489/120/1
f 10411/121/1 10487/123/1 10488/122/1
f 10412/124/1 10487/123/1 10411/121/1
f 10412/124/1 10486/125/1 10487/123/1
f 10413/126/1 10486/125/1 10412/124/1
f 10413/126/1 10485/127/1 10486/125/1
f 10413/126/1 10484/128/1 10485/127/1
f 10414/129/1 10484/128/1 10413/126/1
f 10414/129/1 10483/130/1 10484/128/1
f 10414/129/1 10482/131/1 10483/130/1
f 10463/132/1 10349/98/1 10462/107/1
f 10415/133/1 10482/131/1 10414/129/1
f 10464/134/1 10349/98/1 10463/132/1
f 10415/133/1 10481/135/1 10482/131/1
f 10465/136/1 10349/98/1 10464/134/1
f 10326/137/1 10461/138/1 10325/3/1
f 10465/136/1 10348/139/1 10349/98/1
f 10415/133/1 10480/140/1 10481/135/1
f 10327/141/1 10461/138/1 10326/137/1
f 10466/142/1 10348/139/1 10465/136/1
f 10466/142/1 10347/143/1 10348/139/1
f 10328/144/1 10461/138/1 10327/141/1
f 10416/145/1 10480/140/1 10415/133/1
f 10416/145/1 10479/146/1 10480/140/1
f 10466/142/1 10346/147/1 10347/143/1
f 10467/148/1 10346/147/1 10466/142/1
f 10329/149/1 10461/138/1 10328/144/1
f 10467/148/1 10345/150/1 10346/147/1
f 10468/151/1 10345/150/1 10467/148/1
f 10330/152/1 10461/138/1 10329/149/1
f 10416/145/1 10478/153/1 10479/146/1
f 10468/151/1 10344/154/1 10345/150/1
f 10331/155/1 10461/138/1 10330/152/1
f 10469/156/1 10344/154/1 10468/151/1
f 10469/156/1 10343/157/1 10344/154/1
f 10332/158/1 10461/138/1 10331/155/1
f 10416/145/1 10477/159/1 10478/153/1
f 10469/156/1 10342/160/1 10343/157/1
f 10470/161/1 10342/160/1 10469/156/1
f 10333/162/1 10461/138/1 10332/158/1
f 10470/161/1 10341/163/1 10342/160/1
f 10417/164/1 10477/159/1 10416/145/1
f 10334/165/1 10461/138/1 10333/162/1
f 10417/164/1 10476/166/1 10477/159/1
f 10471/167/1 10341/163/1 10470/161/1
f 10471/167/1 10340/168/1 10341/163/1
f 10335/169/1 10461/138/1 10334/165/1
f 10471/167/1 10339/170/1 10340/168/1
f 10336/171/1 10461/138/1 10335/169/1
f 10472/172/1 10339/170/1 10471/167/1
f 10472/172/1 10338/173/1 10339/170/1
f 10337/174/1 10461/138/1 10336/171/1
f 10472/172/1 10337/174/1 10338/173/1
f 10417/164/1 10475/175/1 10476/166/1
f 10472/172/1 10461/138/1 10337/174/1
f 10473/176/1 10461/138/1 10472/172/1
f 10417/164/1 10474/177/1 10475/175/1
f 10474/177/1 10461/138/1 10473/176/1
f 10417/164/1 10437/178/1 10474/177/1
f 10437/178/1 10461/138/1 10474/177/1
f 10418/179/1 10437/178/1 10417/164/1
f 10418/179/1 10436/180/1 10437/178/1
f 10438/181/1 10461/138/1 10437/178/1
f 10419/182/1 10436/180/1 10418/179/1
f 10419/182/1 10435/183/1 10436/180/1
f 10439/184/1 10461/138/1 10438/181/1
f 10439/184/1 10460/185/1 10461/138/1
f 10420/186/1 10435/183/1 10419/182/1
f 10420/186/1 10434/187/1 10435/183/1
f 10440/188/1 10460/185/1 10439/184/1
f 10440/188/1 10459/189/1 10460/185/1
f 10420/186/1 10433/190/1 10434/187/1
f 10441/191/1 10459/189/1 10440/188/1
f 10421/192/1 10433/190/1 10420/186/1
f 10441/191/1 10458/193/1 10459/189/1
f 10421/192/1 10432/194/1 10433/190/1
f 10442/195/1 10458/193/1 10441/191/1
f 10442/195/1 10457/196/1 10458/193/1
f 10422/197/1 10432/194/1 10421/192/1
f 10422/197/1 10431/198/1 10432/194/1
f 10443/199/1 10457/196/1 10442/195/1
f 10443/199/1 10456/200/1 10457/196/1
f 10422/197/1 10430/201/1 10431/198/1
f 10444/202/1 10456/200/1 10443/199/1
f 10444/202/1 10455/203/1 10456/200/1
f 10423/204/1 10430/201/1 10422/197/1
f 10423/204/1 10429/205/1 10430/201/1
f 10445/206/1 10455/203/1 10444/202/1
f 10445/206/1 10454/207/1 10455/203/1
f 10423/204/1 10428/208/1 10429/205/1
f 10445/206/1 10453/209/1 10454/207/1
f 10446/210/1 10453/209/1 10445/206/1
f 10424/211/1 10428/208/1 10423/204/1
f 10446/210/1 10452/212/1 10453/209/1
f 10424/211/1 10427/213/1 10428/208/1
f 10447/214/1 10452/212/1 10446/210/1
f 10447/214/1 10451/215/1 10452/212/1
f 10424/211/1 10426/216/1 10427/213/1
f 10448/217/1 10451/215/1 10447/214/1
f 10425/218/1 10426/216/1 10424/211/1
f 10448/217/1 10450/219/1 10451/215/1
f 10449/220/1 10450/219/1 10448/217/1
f 10501/228/1 10499/3/1 10500/245/1
f 10501/228/1 10502/2/1 10499/3/1
f 10541/274/1 10539/275/1 10540/276/1
f 10541/274/1 10538/277/1 10539/275/1
f 10542/278/1 10538/277/1 10541/274/1
f 10542/278/1 10537/279/1 10538/277/1
f 10543/280/1 10537/279/1 10542/278/1
f 10543/280/1 10536/281/1 10537/279/1
f 10544/282/1 10536/281/1 10543/280/1
f 10544/282/1 10535/283/1 10536/281/1
f 10545/284/1 10535/283/1 10544/282/1
f 10545/284/1 10534/285/1 10535/283/1
f 10546/286/1 10534/285/1 10545/284/1
f 10546/286/1 10533/287/1 10534/285/1
f 10547/288/1 10589/289/1 10546/286/1
f 10589/289/1 10533/287/1 10546/286/1
f 10547/288/1 10588/290/1 10589/289/1
f 10590/291/1 10533/287/1 10589/289/1
f 10547/288/1 10587/292/1 10588/290/1
f 10591/293/1 10533/287/1 10590/291/1
f 10547/288/1 10586/294/1 10587/292/1
f 10592/295/1 10533/287/1 10591/293/1
f 10592/295/1 10532/296/1 10533/287/1
f 10547/288/1 10585/297/1 10586/294/1
f 10548/298/1 10585/297/1 10547/288/1
f 10593/299/1 10532/296/1 10592/295/1
f 10548/298/1 10584/300/1 10585/297/1
f 10594/301/1 10532/296/1 10593/299/1
f 10548/298/1 10583/302/1 10584/300/1
f 10595/303/1 10532/296/1 10594/301/1
f 10548/298/1 10582/304/1 10583/302/1
f 10596/305/1 10532/296/1 10595/303/1
f 10549/306/1 10582/304/1 10548/298/1
f 10596/305/1 10531/307/1 10532/296/1
f 10549/306/1 10581/308/1 10582/304/1
f 10597/309/1 10531/307/1 10596/305/1
f 10549/306/1 10580/310/1 10581/308/1
f 10598/311/1 10531/307/1 10597/309/1
f 10550/312/1 10580/310/1 10549/306/1
f 10598/311/1 10530/313/1 10531/307/1
f 10550/312/1 10579/314/1 10580/310/1
f 10599/315/1 10530/313/1 10598/311/1
f 10550/312/1 10578/316/1 10579/314/1
f 10600/317/1 10530/313/1 10599/315/1
f 10551/318/1 10578/316/1 10550/312/1
f 10551/318/1 10577/319/1 10578/316/1
f 10600/317/1 10529/320/1 10530/313/1
f 10601/2/1 10529/320/1 10600/317/1
f 10551/318/1 10601/2/1 10577/319/1
f 10551/318/1 10529/320/1 10601/2/1
f 10552/254/1 10529/320/1 10551/318/1
f 10552/254/1 10528/321/1 10529/320/1
f 10553/322/1 10527/323/1 10552/254/1
f 10527/323/1 10528/321/1 10552/254/1
f 10553/322/1 10526/324/1 10527/323/1
f 10554/325/1 10526/324/1 10553/322/1
f 10554/325/1 10525/326/1 10526/324/1
f 10554/325/1 10524/327/1 10525/326/1
f 10555/328/1 10524/327/1 10554/325/1
f 10555/328/1 10523/329/1 10524/327/1
f 10556/330/1 10523/329/1 10555/328/1
f 10556/330/1 10522/331/1 10523/329/1
f 10504/332/1 10576/333/1 10503/3/1
f 10556/330/1 10521/334/1 10522/331/1
f 10505/335/1 10576/333/1 10504/332/1
f 10506/336/1 10576/333/1 10505/335/1
f 10557/337/1 10521/334/1 10556/330/1
f 10557/337/1 10520/338/1 10521/334/1
f 10507/339/1 10576/333/1 10506/336/1
f 10508/340/1 10576/333/1 10507/339/1
f 10557/337/1 10519/341/1 10520/338/1
f 10509/342/1 10576/333/1 10508/340/1
f 10557/337/1 10518/343/1 10519/341/1
f 10510/344/1 10576/333/1 10509/342/1
f 10558/345/1 10518/343/1 10557/337/1
f 10511/346/1 10576/333/1 10510/344/1
f 10558/345/1 10517/347/1 10518/343/1
f 10512/348/1 10576/333/1 10511/346/1
f 10558/345/1 10516/349/1 10517/347/1
f 10513/350/1 10576/333/1 10512/348/1
f 10514/351/1 10576/333/1 10513/350/1
f 10558/345/1 10515/352/1 10516/349/1
f 10515/352/1 10576/333/1 10514/351/1
f 10558/345/1 10576/333/1 10515/352/1
f 10559/353/1 10576/333/1 10558/345/1
f 10559/353/1 10575/354/1 10576/333/1
f 10560/355/1 10575/354/1 10559/353/1
f 10560/355/1 10574/356/1 10575/354/1
f 10560/355/1 10573/357/1 10574/356/1
f 10561/358/1 10573/357/1 10560/355/1
f 10561/358/1 10572/359/1 10573/357/1
f 10561/358/1 10571/360/1 10572/359/1
f 10562/361/1 10571/360/1 10561/358/1
f 10562/361/1 10570/362/1 10571/360/1
f 10562/361/1 10569/363/1 10570/362/1
f 10563/364/1 10569/363/1 10562/361/1
f 10563/364/1 10568/365/1 10569/363/1
f 10563/364/1 10567/366/1 10568/365/1
f 10563/364/1 10566/367/1 10567/366/1
f 10564/368/1 10566/367/1 10563/364/1
f 10564/368/1 10565/369/1 10566/367/1
f 10604/1336/1 10602/3/1 10603/1335/1
f 10604/1336/1 10641/1334/1 10602/3/1
f 10617/1333/1 10615/1340/1 10616/604/1
f 10617/1333/1 10614/1344/1 10615/1340/1
f 10617/1333/1 10613/347/1 10614/1344/1
f 10617/1333/1 10612/1345/1 10613/347/1
f 10617/1333/1 10611/1343/1 10612/1345/1
f 10618/1332/1 10611/1343/1 10617/1333/1
f 10618/1332/1 10610/1342/1 10611/1343/1
f 10618/1332/1 10609/564/1 10610/1342/1
f 10618/1332/1 10608/1341/1 10609/564/1
f 10619/1331/1 10608/1341/1 10618/1332/1
f 10619/1331/1 10607/1339/1 10608/1341/1
f 10619/1331/1 10606/1338/1 10607/1339/1
f 10619/1331/1 10605/1337/1 10606/1338/1
f 10619/1331/1 10604/1336/1 10605/1337/1
f 10620/1325/1 10604/1336/1 10619/1331/1
f 10620/1325/1 10676/1321/1 10604/1336/1
f 10676/1321/1 10677/1320/1 10604/1336/1
f 10677/1320/1 10678/1318/1 10604/1336/1
f 10678/1318/1 10679/2/1 10604/1336/1
f 10679/2/1 10641/1334/1 10604/1336/1
f 10621/1316/1 10673/1324/1 10620/1325/1
f 10673/1324/1 10674/1323/1 10620/1325/1
f 10674/1323/1 10675/1322/1 10620/1325/1
f 10675/1322/1 10676/1321/1 10620/1325/1
f 10622/1314/1 10670/1328/1 10621/1316/1
f 10670/1328/1 10671/1327/1 10621/1316/1
f 10671/1327/1 10672/592/1 10621/1316/1
f 10672/592/1 10673/1324/1 10621/1316/1
f 10623/638/1 10667/1329/1 10622/1314/1
f 10667/1329/1 10668/292/1 10622/1314/1
f 10668/292/1 10669/1330/1 10622/1314/1
f 10669/1330/1 10670/1328/1 10622/1314/1
f 10623/638/1 10666/1326/1 10667/1329/1
f 10623/638/1 10665/618/1 10666/1326/1
f 10624/307/1 10665/618/1 10623/638/1
f 10624/307/1 10664/1319/1 10665/618/1
f 10624/307/1 10663/1317/1 10664/1319/1
f 10642/1287/1 10641/1334/1 10679/2/1
f 10624/307/1 10662/1315/1 10663/1317/1
f 10625/1310/1 10662/1315/1 10624/307/1
f 10625/1310/1 10661/1313/1 10662/1315/1
f 10625/1310/1 10660/1312/1 10661/1313/1
f 10626/1307/1 10660/1312/1 10625/1310/1
f 10626/1307/1 10659/1311/1 10660/1312/1
f 10626/1307/1 10658/623/1 10659/1311/1
f 10627/1304/1 10658/623/1 10626/1307/1
f 10627/1304/1 10657/357/1 10658/623/1
f 10628/1302/1 10657/357/1 10627/1304/1
f 10628/1302/1 10656/1309/1 10657/357/1
f 10628/1302/1 10655/1308/1 10656/1309/1
f 10629/1299/1 10655/1308/1 10628/1302/1
f 10629/1299/1 10654/1306/1 10655/1308/1
f 10629/1299/1 10653/1305/1 10654/1306/1
f 10630/615/1 10653/1305/1 10629/1299/1
f 10630/615/1 10652/1303/1 10653/1305/1
f 10631/1294/1 10652/1303/1 10630/615/1
f 10631/1294/1 10651/595/1 10652/1303/1
f 10631/1294/1 10650/1301/1 10651/595/1
f 10632/1293/1 10650/1301/1 10631/1294/1
f 10632/1293/1 10649/1300/1 10650/1301/1
f 10632/1293/1 10648/1298/1 10649/1300/1
f 10633/1292/1 10648/1298/1 10632/1293/1
f 10633/1292/1 10647/1297/1 10648/1298/1
f 10633/1292/1 10646/353/1 10647/1297/1
f 10633/1292/1 10645/1296/1 10646/353/1
f 10634/1291/1 10645/1296/1 10633/1292/1
f 10634/1291/1 10644/571/1 10645/1296/1
f 10634/1291/1 10643/1295/1 10644/571/1
f 10634/1291/1 10642/1287/1 10643/1295/1
f 10634/1291/1 10641/1334/1 10642/1287/1
f 10635/284/1 10641/1334/1 10634/1291/1
f 10636/1290/1 10641/1334/1 10635/284/1
f 10637/567/1 10641/1334/1 10636/1290/1
f 10638/1289/1 10641/1334/1 10637/567/1
f 10639/1288/1 10641/1334/1 10638/1289/1
f 10640/1286/1 10641/1334/1 10639/1288/1
f 10718/274/1 10716/275/1 10717/276/1
f 10718/274/1 10715/277/1 10716/275/1
f 10719/278/1 10715/277/1 10718/274/1
f 10719/278/1 10714/279/1 10715/277/1
f 10720/280/1 10714/279/1 10719/278/1
f 10720/280/1 10713/281/1 10714/279/1
f 10721/282/1 10713/281/1 10720/280/1
f 10721/282/1 10712/283/1 10713/281/1
f 10722/284/1 10712/283/1 10721/282/1
f 10722/284/1 10711/285/1 10712/283/1
f 10723/286/1 10711/285/1 10722/284/1
f 10723/286/1 10710/287/1 10711/285/1
f 10724/288/1 10766/289/1 10723/286/1
f 10766/289/1 10710/287/1 10723/286/1
f 10724/288/1 10765/290/1 10766/289/1
f 10767/291/1 10710/287/1 10766/289/1
f 10724/288/1 10764/292/1 10765/290/1
f 10768/293/1 10710/287/1 10767/291/1
f 10724/288/1 10763/294/1 10764/292/1
f 10769/295/1 10710/287/1 10768/293/1
f 10769/295/1 10709/296/1 10710/287/1
f 10724/288/1 10762/297/1 10763/294/1
f 10725/298/1 10762/297/1 10724/288/1
f 10770/299/1 10709/296/1 10769/295/1
f 10725/298/1 10761/300/1 10762/297/1
f 10771/301/1 10709/296/1 10770/299/1
f 10725/298/1 10760/302/1 10761/300/1
f 10772/303/1 10709/296/1 10771/301/1
f 10725/298/1 10759/304/1 10760/302/1
f 10773/305/1 10709/296/1 10772/303/1
f 10726/306/1 10759/304/1 10725/298/1
f 10773/305/1 10708/307/1 10709/296/1
f 10726/306/1 10758/308/1 10759/304/1
f 10774/309/1 10708/307/1 10773/305/1
f 10726/306/1 10757/310/1 10758/308/1
f 10775/311/1 10708/307/1 10774/309/1
f 10727/312/1 10757/310/1 10726/306/1
f 10775/311/1 10707/313/1 10708/307/1
f 10727/312/1 10756/314/1 10757/310/1
f 10776/315/1 10707/313/1 10775/311/1
f 10727/312/1 10755/316/1 10756/314/1
f 10777/317/1 10707/313/1 10776/315/1
f 10728/318/1 10755/316/1 10727/312/1
f 10728/318/1 10754/319/1 10755/316/1
f 10777/317/1 10706/320/1 10707/313/1
f 10778/2/1 10706/320/1 10777/317/1
f 10728/318/1 10778/2/1 10754/319/1
f 10728/318/1 10706/320/1 10778/2/1
f 10729/254/1 10706/320/1 10728/318/1
f 10729/254/1 10705/321/1 10706/320/1
f 10730/322/1 10704/323/1 10729/254/1
f 10704/323/1 10705/321/1 10729/254/1
f 10730/322/1 10703/324/1 10704/323/1
f 10731/325/1 10703/324/1 10730/322/1
f 10731/325/1 10702/326/1 10703/324/1
f 10731/325/1 10701/327/1 10702/326/1
f 10732/328/1 10701/327/1 10731/325/1
f 10732/328/1 10700/329/1 10701/327/1
f 10733/330/1 10700/329/1 10732/328/1
f 10733/330/1 10699/331/1 10700/329/1
f 10681/332/1 10753/333/1 10680/3/1
f 10733/330/1 10698/334/1 10699/331/1
f 10682/335/1 10753/333/1 10681/332/1
f 10683/336/1 10753/333/1 10682/335/1
f 10734/337/1 10698/334/1 10733/330/1
f 10734/337/1 10697/338/1 10698/334/1
f 10684/339/1 10753/333/1 10683/336/1
f 10685/340/1 10753/333/1 10684/339/1
f 10734/337/1 10696/341/1 10697/338/1
f 10686/342/1 10753/333/1 10685/340/1
f 10734/337/1 10695/343/1 10696/341/1
f 10687/344/1 10753/333/1 10686/342/1
f 10735/345/1 10695/343/1 10734/337/1
f 10688/346/1 10753/333/1 10687/344/1
f 10735/345/1 10694/347/1 10695/343/1
f 10689/348/1 10753/333/1 10688/346/1
f 10735/345/1 10693/349/1 10694/347/1
f 10690/350/1 10753/333/1 10689/348/1
f 10691/351/1 10753/333/1 10690/350/1
f 10735/345/1 10692/352/1 10693/349/1
f 10692/352/1 10753/333/1 10691/351/1
f 10735/345/1 10753/333/1 10692/352/1
f 10736/353/1 10753/333/1 10735/345/1
f 10736/353/1 10752/354/1 10753/333/1
f 10737/355/1 10752/354/1 10736/353/1
f 10737/355/1 10751/356/1 10752/354/1
f 10737/355/1 10750/357/1 10751/356/1
f 10738/358/1 10750/357/1 10737/355/1
f 10738/358/1 10749/359/1 10750/357/1
f 10738/358/1 10748/360/1 10749/359/1
f 10739/361/1 10748/360/1 10738/358/1
f 10739/361/1 10747/362/1 10748/360/1
f 10739/361/1 10746/363/1 10747/362/1
f 10740/364/1 10746/363/1 10739/361/1
f 10740/364/1 10745/365/1 10746/363/1
f 10740/364/1 10744/366/1 10745/365/1
f 10740/364/1 10743/367/1 10744/366/1
f 10741/368/1 10743/367/1 10740/364/1
f 10741/368/1 10742/369/1 10743/367/1
f 10780/748/1 10836/2/1 10779/3/1
f 10780/748/1 10835/749/1 10836/2/1
f 10780/748/1 10834/750/1 10835/749/1
f 10781/751/1 10834/750/1 10780/748/1
f 10782/436/1 10834/750/1 10781/751/1
f 10783/752/1 10833/447/1 10782/436/1
f 10833/447/1 10834/750/1 10782/436/1
f 10783/752/1 10832/753/1 10833/447/1
f 10783/752/1 10831/754/1 10832/753/1
f 10784/755/1 10831/754/1 10783/752/1
f 10784/755/1 10830/462/1 10831/754/1
f 10784/755/1 10829/756/1 10830/462/1
f 10785/432/1 10829/756/1 10784/755/1
f 10785/432/1 10828/757/1 10829/756/1
f 10809/550/1 10807/758/1 10808/759/1
f 10810/760/1 10807/758/1 10809/550/1
f 10785/432/1 10827/469/1 10828/757/1
f 10811/761/1 10807/758/1 10810/760/1
f 10786/762/1 10827/469/1 10785/432/1
f 10786/762/1 10826/763/1 10827/469/1
f 10812/542/1 10807/758/1 10811/761/1
f 10813/764/1 10807/758/1 10812/542/1
f 10786/762/1 10825/765/1 10826/763/1
f 10814/766/1 10807/758/1 10813/764/1
f 10786/762/1 10824/478/1 10825/765/1
f 10815/512/1 10807/758/1 10814/766/1
f 10786/762/1 10823/767/1 10824/478/1
f 10816/768/1 10807/758/1 10815/512/1
f 10787/769/1 10823/767/1 10786/762/1
f 10817/228/1 10807/758/1 10816/768/1
f 10787/769/1 10822/770/1 10823/767/1
f 10818/497/1 10807/758/1 10817/228/1
f 10787/769/1 10821/487/1 10822/770/1
f 10819/771/1 10807/758/1 10818/497/1
f 10787/769/1 10820/772/1 10821/487/1
f 10820/772/1 10807/758/1 10819/771/1
f 10787/769/1 10807/758/1 10820/772/1
f 10788/457/1 10807/758/1 10787/769/1
f 10789/773/1 10807/758/1 10788/457/1
f 10790/774/1 10807/758/1 10789/773/1
f 10790/774/1 10806/540/1 10807/758/1
f 10791/489/1 10806/540/1 10790/774/1
f 10791/489/1 10805/775/1 10806/540/1
f 10791/489/1 10804/776/1 10805/775/1
f 10792/777/1 10804/776/1 10791/489/1
f 10792/777/1 10803/517/1 10804/776/1
f 10792/777/1 10802/778/1 10803/517/1
f 10792/777/1 10801/779/1 10802/778/1
f 10793/780/1 10801/779/1 10792/777/1
f 10793/780/1 10800/533/1 10801/779/1
f 10793/780/1 10799/781/1 10800/533/1
f 10794/505/1 10799/781/1 10793/780/1
f 10794/505/1 10798/245/1 10799/781/1
f 10794/505/1 10797/522/1 10798/245/1
f 10795/782/1 10797/522/1 10794/505/1
f 10795/782/1 10796/783/1 10797/522/1
f 10878/221/1 10876/222/1 10877/223/1
f 10878/221/1 10875/224/1 10876/222/1
f 10879/225/1 10875/224/1 10878/221/1
f 10879/225/1 10874/226/1 10875/224/1
f 10880/227/1 10874/226/1 10879/225/1
f 10880/227/1 10873/228/1 10874/226/1
f 10880/227/1 10872/229/1 10873/228/1
f 10881/230/1 10872/229/1 10880/227/1
f 10881/230/1 10871/231/1 10872/229/1
f 10838/232/1 10891/2/1 10837/3/1
f 10838/232/1 10890/233/1 10891/2/1
f 10882/234/1 10871/231/1 10881/230/1
f 10882/234/1 10870/235/1 10871/231/1
f 10882/234/1 10869/236/1 10870/235/1
f 10883/237/1 10869/236/1 10882/234/1
f 10883/237/1 10868/238/1 10869/236/1
f 10884/239/1 10868/238/1 10883/237/1
f 10884/239/1 10867/240/1 10868/238/1
f 10884/239/1 10866/241/1 10867/240/1
f 10885/242/1 10866/241/1 10884/239/1
f 10885/242/1 10865/243/1 10866/241/1
f 10886/244/1 10865/243/1 10885/242/1
f 10886/244/1 10855/245/1 10865/243/1
f 10855/245/1 10856/246/1 10865/243/1
f 10856/246/1 10857/247/1 10865/243/1
f 10857/247/1 10858/248/1 10865/243/1
f 10858/248/1 10859/249/1 10865/243/1
f 10859/249/1 10860/250/1 10865/243/1
f 10860/250/1 10861/251/1 10865/243/1
f 10861/251/1 10862/252/1 10865/243/1
f 10862/252/1 10863/253/1 10865/243/1
f 10863/253/1 10864/254/1 10865/243/1
f 10887/255/1 10853/256/1 10886/244/1
f 10853/256/1 10854/257/1 10886/244/1
f 10854/257/1 10855/245/1 10886/244/1
f 10888/258/1 10851/259/1 10887/255/1
f 10851/259/1 10852/260/1 10887/255/1
f 10852/260/1 10853/256/1 10887/255/1
f 10888/258/1 10850/261/1 10851/259/1
f 10888/258/1 10849/262/1 10850/261/1
f 10889/263/1 10849/262/1 10888/258/1
f 10889/263/1 10848/264/1 10849/262/1
f 10889/263/1 10847/265/1 10848/264/1
f 10838/232/1 10889/263/1 10890/233/1
f 10838/232/1 10843/266/1 10889/263/1
f 10843/266/1 10844/267/1 10889/263/1
f 10844/267/1 10845/268/1 10889/263/1
f 10845/268/1 10846/269/1 10889/263/1
f 10846/269/1 10847/265/1 10889/263/1
f 10838/232/1 10842/270/1 10843/266/1
f 10838/232/1 10841/271/1 10842/270/1
f 10838/232/1 10840/272/1 10841/271/1
f 10838/232/1 10839/273/1 10840/272/1
f 10930/49/1 10928/50/1 10929/51/1
f 10931/52/1 10928/50/1 10930/49/1
f 10931/52/1 10927/53/1 10928/50/1
f 10932/54/1 10927/53/1 10931/52/1
f 10933/55/1 10927/53/1 10932/54/1
f 10933/55/1 10926/56/1 10927/53/1
f 10934/57/1 10926/56/1 10933/55/1
f 10934/57/1 10925/58/1 10926/56/1
f 10935/59/1 10925/58/1 10934/57/1
f 10936/60/1 10925/58/1 10935/59/1
f 10936/60/1 10924/61/1 10925/58/1
f 10937/62/1 10924/61/1 10936/60/1
f 10937/62/1 10923/63/1 10924/61/1
f 10938/64/1 10923/63/1 10937/62/1
f 10939/65/1 10923/63/1 10938/64/1
f 10939/65/1 10922/66/1 10923/63/1
f 10940/67/1 10922/66/1 10939/65/1
f 10940/67/1 10921/68/1 10922/66/1
f 10941/69/1 10921/68/1 10940/67/1
f 10942/70/1 10943/71/1 10941/69/1
f 10943/71/1 10944/72/1 10941/69/1
f 10944/72/1 10945/73/1 10941/69/1
f 10945/73/1 10946/74/1 10941/69/1
f 10946/74/1 10947/75/1 10941/69/1
f 10947/75/1 10948/76/1 10941/69/1
f 10948/76/1 10949/77/1 10941/69/1
f 10949/77/1 10950/78/1 10941/69/1
f 10950/78/1 10951/79/1 10941/69/1
f 10951/79/1 10952/80/1 10941/69/1
f 10952/80/1 10921/68/1 10941/69/1
f 10952/80/1 10953/81/1 10921/68/1
f 10953/81/1 10954/82/1 10921/68/1
f 10954/82/1 10920/83/1 10921/68/1
f 10954/82/1 10955/84/1 10920/83/1
f 10955/84/1 10919/85/1 10920/83/1
f 10956/86/1 10919/85/1 10955/84/1
f 10957/87/1 10919/85/1 10956/86/1
f 10958/88/1 10919/85/1 10957/87/1
f 10959/89/1 10919/85/1 10958/88/1
f 10960/90/1 10919/85/1 10959/89/1
f 10960/90/1 10918/91/1 10919/85/1
f 10961/92/1 10918/91/1 10960/90/1
f 10962/93/1 10918/91/1 10961/92/1
f 10963/94/1 10918/91/1 10962/93/1
f 10963/94/1 10917/95/1 10918/91/1
f 10964/96/1 10917/95/1 10963/94/1
f 10965/97/1 10917/95/1 10964/96/1
f 10965/97/1 10916/98/1 10917/95/1
f 10966/99/1 10916/98/1 10965/97/1
f 10967/100/1 10916/98/1 10966/99/1
f 10968/101/1 11065/2/1 10967/100/1
f 11065/2/1 10916/98/1 10967/100/1
f 10969/102/1 11065/2/1 10968/101/1
f 10970/103/1 11065/2/1 10969/102/1
f 10971/104/1 11065/2/1 10970/103/1
f 10972/105/1 11065/2/1 10971/104/1
f 10972/105/1 11064/106/1 11065/2/1
f 11029/107/1 10916/98/1 11065/2/1
f 10972/105/1 11063/108/1 11064/106/1
f 10973/109/1 11063/108/1 10972/105/1
f 10973/109/1 11062/110/1 11063/108/1
f 10974/111/1 11062/110/1 10973/109/1
f 10974/111/1 11061/112/1 11062/110/1
f 10975/113/1 11061/112/1 10974/111/1
f 10975/113/1 11060/114/1 11061/112/1
f 10975/113/1 11059/115/1 11060/114/1
f 10976/116/1 11059/115/1 10975/113/1
f 10976/116/1 11058/117/1 11059/115/1
f 10977/118/1 11058/117/1 10976/116/1
f 10977/118/1 11057/119/1 11058/117/1
f 10977/118/1 11056/120/1 11057/119/1
f 10978/121/1 11056/120/1 10977/118/1
f 10978/121/1 11055/122/1 11056/120/1
f 10978/121/1 11054/123/1 11055/122/1
f 10979/124/1 11054/123/1 10978/121/1
f 10979/124/1 11053/125/1 11054/123/1
f 10980/126/1 11053/125/1 10979/124/1
f 10980/126/1 11052/127/1 11053/125/1
f 10980/126/1 11051/128/1 11052/127/1
f 10981/129/1 11051/128/1 10980/126/1
f 10981/129/1 11050/130/1 11051/128/1
f 10981/129/1 11049/131/1 11050/130/1
f 11030/132/1 10916/98/1 11029/107/1
f 10982/133/1 11049/131/1 10981/129/1
f 11031/134/1 10916/98/1 11030/132/1
f 10982/133/1 11048/135/1 11049/131/1
f 11032/136/1 10916/98/1 11031/134/1
f 10893/137/1 11028/138/1 10892/3/1
f 11032/136/1 10915/139/1 10916/98/1
f 10982/133/1 11047/140/1 11048/135/1
f 10894/141/1 11028/138/1 10893/137/1
f 11033/142/1 10915/139/1 11032/136/1
f 11033/142/1 10914/143/1 10915/139/1
f 10895/144/1 11028/138/1 10894/141/1
f 10983/145/1 11047/140/1 10982/133/1
f 10983/145/1 11046/146/1 11047/140/1
f 11033/142/1 10913/147/1 10914/143/1
f 11034/148/1 10913/147/1 11033/142/1
f 10896/149/1 11028/138/1 10895/144/1
f 11034/148/1 10912/150/1 10913/147/1
f 11035/151/1 10912/150/1 11034/148/1
f 10897/152/1 11028/138/1 10896/149/1
f 10983/145/1 11045/153/1 11046/146/1
f 11035/151/1 10911/154/1 10912/150/1
f 10898/155/1 11028/138/1 10897/152/1
f 11036/156/1 10911/154/1 11035/151/1
f 11036/156/1 10910/157/1 10911/154/1
f 10899/158/1 11028/138/1 10898/155/1
f 10983/145/1 11044/159/1 11045/153/1
f 11036/156/1 10909/160/1 10910/157/1
f 11037/161/1 10909/160/1 11036/156/1
f 10900/162/1 11028/138/1 10899/158/1
f 11037/161/1 10908/163/1 10909/160/1
f 10984/164/1 11044/159/1 10983/145/1
f 10901/165/1 11028/138/1 10900/162/1
f 10984/164/1 11043/166/1 11044/159/1
f 11038/167/1 10908/163/1 11037/161/1
f 11038/167/1 10907/168/1 10908/163/1
f 10902/169/1 11028/138/1 10901/165/1
f 11038/167/1 10906/170/1 10907/168/1
f 10903/171/1 11028/138/1 10902/169/1
f 11039/172/1 10906/170/1 11038/167/1
f 11039/172/1 10905/173/1 10906/170/1
f 10904/174/1 11028/138/1 10903/171/1
f 11039/172/1 10904/174/1 10905/173/1
f 10984/164/1 11042/175/1 11043/166/1
f 11039/172/1 11028/138/1 10904/174/1
f 11040/176/1 11028/138/1 11039/172/1
f 10984/164/1 11041/177/1 11042/175/1
f 11041/177/1 11028/138/1 11040/176/1
f 10984/164/1 11004/178/1 11041/177/1
f 11004/178/1 11028/138/1 11041/177/1
f 10985/179/1 11004/178/1 10984/164/1
f 10985/179/1 11003/180/1 11004/178/1
f 11005/181/1 11028/138/1 11004/178/1
f 10986/182/1 11003/180/1 10985/179/1
f 10986/182/1 11002/183/1 11003/180/1
f 11006/184/1 11028/138/1 11005/181/1
f 11006/184/1 11027/185/1 11028/138/1
f 10987/186/1 11002/183/1 10986/182/1
f 10987/186/1 11001/187/1 11002/183/1
f 11007/188/1 11027/185/1 11006/184/1
f 11007/188/1 11026/189/1 11027/185/1
f 10987/186/1 11000/190/1 11001/187/1
f 11008/191/1 11026/189/1 11007/188/1
f 10988/192/1 11000/190/1 10987/186/1
f 11008/191/1 11025/193/1 11026/189/1
f 10988/192/1 10999/194/1 11000/190/1
f 11009/195/1 11025/193/1 11008/191/1
f 11009/195/1 11024/196/1 11025/193/1
f 10989/197/1 10999/194/1 10988/192/1
f 10989/197/1 10998/198/1 10999/194/1
f 11010/199/1 11024/196/1 11009/195/1
f 11010/199/1 11023/200/1 11024/196/1
f 10989/197/1 10997/201/1 10998/198/1
f 11011/202/1 11023/200/1 11010/199/1
f 11011/202/1 11022/203/1 11023/200/1
f 10990/204/1 10997/201/1 10989/197/1
f 10990/204/1 10996/205/1 10997/201/1
f 11012/206/1 11022/203/1 11011/202/1
f 11012/206/1 11021/207/1 11022/203/1
f 10990/204/1 10995/208/1 10996/205/1
f 11012/206/1 11020/209/1 11021/207/1
f 11013/210/1 11020/209/1 11012/206/1
f 10991/211/1 10995/208/1 10990/204/1
f 11013/210/1 11019/212/1 11020/209/1
f 10991/211/1 10994/213/1 10995/208/1
f 11014/214/1 11019/212/1 11013/210/1
f 11014/214/1 11018/215/1 11019/212/1
f 10991/211/1 10993/216/1 10994/213/1
f 11015/217/1 11018/215/1 11014/214/1
f 10992/218/1 10993/216/1 10991/211/1
f 11015/217/1 11017/219/1 11018/215/1
f 11016/220/1 11017/219/1 11015/217/1
f 11067/1050/1 11095/1047/1 11066/3/1
f 11095/1047/1 11094/1046/1 11066/3/1
f 11095/1047/1 11093/1048/1 11094/1046/1
f 11095/1047/1 11092/1053/1 11093/1048/1
f 11095/1047/1 11091/567/1 11092/1053/1
f 11095/1047/1 11090/1055/1 11091/567/1
f 11095/1047/1 11089/1057/1 11090/1055/1
f 11095/1047/1 11088/998/1 11089/1057/1
f 11095/1047/1 11087/1060/1 11088/998/1
f 11095/1047/1 11096/571/1 11087/1060/1
f 11096/571/1 11086/615/1 11087/1060/1
f 11067/1050/1 11121/2/1 11095/1047/1
f 11097/1052/1 11086/615/1 11096/571/1
f 11098/1054/1 11086/615/1 11097/1052/1
f 11099/1000/1 11086/615/1 11098/1054/1
f 11099/1000/1 11085/1065/1 11086/615/1
f 11100/1061/1 11085/1065/1 11099/1000/1
f 11101/595/1 11085/1065/1 11100/1061/1
f 11102/1073/1 11085/1065/1 11101/595/1
f 11102/1073/1 11084/1066/1 11085/1065/1
f 11103/1076/1 11084/1066/1 11102/1073/1
f 11104/1077/1 11084/1066/1 11103/1076/1
f 11105/1080/1 11084/1066/1 11104/1077/1
f 11105/1080/1 11083/1068/1 11084/1066/1
f 11106/623/1 11083/1068/1 11105/1080/1
f 11107/1083/1 11083/1068/1 11106/623/1
f 11107/1083/1 11082/1070/1 11083/1068/1
f 11108/1085/1 11082/1070/1 11107/1083/1
f 11109/1084/1 11082/1070/1 11108/1085/1
f 11109/1084/1 11081/638/1 11082/1070/1
f 11110/1029/1 11081/638/1 11109/1084/1
f 11110/1029/1 11080/1071/1 11081/638/1
f 11111/618/1 11080/1071/1 11110/1029/1
f 11112/1082/1 11080/1071/1 11111/618/1
f 11112/1082/1 11079/1069/1 11080/1071/1
f 11113/1081/1 11079/1069/1 11112/1082/1
f 11114/1079/1 11079/1069/1 11113/1081/1
f 11114/1079/1 11078/1067/1 11079/1069/1
f 11115/1078/1 11078/1067/1 11114/1079/1
f 11116/592/1 11078/1067/1 11115/1078/1
f 11117/1075/1 11078/1067/1 11116/592/1
f 11118/1074/1 11078/1067/1 11117/1075/1
f 11118/1074/1 11077/1037/1 11078/1067/1
f 11119/1072/1 11077/1037/1 11118/1074/1
f 11120/1064/1 11077/1037/1 11119/1072/1
f 11067/1050/1 11069/1049/1 11121/2/1
f 11069/1049/1 11120/1064/1 11121/2/1
f 11069/1049/1 11077/1037/1 11120/1064/1
f 11069/1049/1 11076/604/1 11077/1037/1
f 11069/1049/1 11075/1063/1 11076/604/1
f 11069/1049/1 11074/1062/1 11075/1063/1
f 11069/1049/1 11073/1059/1 11074/1062/1
f 11069/1049/1 11072/1058/1 11073/1059/1
f 11069/1049/1 11071/564/1 11072/1058/1
f 11069/1049/1 11070/1056/1 11071/564/1
f 11067/1050/1 11068/1051/1 11069/1049/1
f 11171/983/1 11217/2/1 11170/982/1
f 11171/983/1 11216/984/1 11217/2/1
f 11172/550/1 11216/984/1 11171/983/1
f 11172/550/1 11215/985/1 11216/984/1
f 11173/986/1 11215/985/1 11172/550/1
f 11173/986/1 11214/988/1 11215/985/1
f 11174/989/1 11214/988/1 11173/986/1
f 11174/989/1 11213/990/1 11214/988/1
f 11175/991/1 11213/990/1 11174/989/1
f 11175/991/1 11212/447/1 11213/990/1
f 11176/992/1 11212/447/1 11175/991/1
f 11176/992/1 11211/995/1 11212/447/1
f 11177/542/1 11211/995/1 11176/992/1
f 11177/542/1 11210/996/1 11211/995/1
f 11178/997/1 11210/996/1 11177/542/1
f 11178/997/1 11209/999/1 11210/996/1
f 11179/1000/1 11209/999/1 11178/997/1
f 11179/1000/1 11208/1003/1 11209/999/1
f 11180/1004/1 11208/1003/1 11179/1000/1
f 11180/1004/1 11207/462/1 11208/1003/1
f 11181/1005/1 11207/462/1 11180/1004/1
f 11181/1005/1 11206/1008/1 11207/462/1
f 11182/512/1 11206/1008/1 11181/1005/1
f 11183/1011/1 11206/1008/1 11182/512/1
f 11183/1011/1 11205/1010/1 11206/1008/1
f 11183/1011/1 11204/1012/1 11205/1010/1
f 11184/1013/1 11204/1012/1 11183/1011/1
f 11184/1013/1 11203/1016/1 11204/1012/1
f 11185/1017/1 11203/1016/1 11184/1013/1
f 11185/1017/1 11202/469/1 11203/1016/1
f 11186/1018/1 11202/469/1 11185/1017/1
f 11186/1018/1 11201/1020/1 11202/469/1
f 11187/497/1 11201/1020/1 11186/1018/1
f 11187/497/1 11200/1023/1 11201/1020/1
f 11188/1024/1 11200/1023/1 11187/497/1
f 11188/1024/1 11199/1025/1 11200/1023/1
f 11189/1026/1 11199/1025/1 11188/1024/1
f 11189/1026/1 11198/1029/1 11199/1025/1
f 11190/1030/1 11198/1029/1 11189/1026/1
f 11190/1030/1 11197/478/1 11198/1029/1
f 11191/1031/1 11197/478/1 11190/1030/1
f 11191/1031/1 11196/1032/1 11197/478/1
f 11192/487/1 11196/1032/1 11191/1031/1
f 11192/487/1 11195/1034/1 11196/1032/1
f 11193/1035/1 11195/1034/1 11192/487/1
f 11193/1035/1 11194/1036/1 11195/1034/1
f 11123/970/1 11169/971/1 11122/3/1
f 11124/973/1 11169/971/1 11123/970/1
f 11124/973/1 11168/972/1 11169/971/1
f 11125/974/1 11168/972/1 11124/973/1
f 11125/974/1 11167/540/1 11168/972/1
f 11126/976/1 11167/540/1 11125/974/1
f 11126/976/1 11166/975/1 11167/540/1
f 11127/436/1 11166/975/1 11126/976/1
f 11127/436/1 11165/977/1 11166/975/1
f 11128/979/1 11165/977/1 11127/436/1
f 11128/979/1 11164/978/1 11165/977/1
f 11129/981/1 11164/978/1 11128/979/1
f 11129/981/1 11163/980/1 11164/978/1
f 11130/987/1 11163/980/1 11129/981/1
f 11130/987/1 11162/517/1 11163/980/1
f 11131/994/1 11162/517/1 11130/987/1
f 11131/994/1 11161/993/1 11162/517/1
f 11132/432/1 11161/993/1 11131/994/1
f 11132/432/1 11160/998/1 11161/993/1
f 11133/1002/1 11160/998/1 11132/432/1
f 11133/1002/1 11159/1001/1 11160/998/1
f 11133/1002/1 11158/1006/1 11159/1001/1
f 11134/1007/1 11158/1006/1 11133/1002/1
f 11135/1009/1 11158/1006/1 11134/1007/1
f 11135/1009/1 11157/533/1 11158/1006/1
f 11136/1014/1 11157/533/1 11135/1009/1
f 11136/1014/1 11156/1015/1 11157/533/1
f 11137/457/1 11156/1015/1 11136/1014/1
f 11137/457/1 11155/1019/1 11156/1015/1
f 11138/1021/1 11155/1019/1 11137/457/1
f 11138/1021/1 11154/1022/1 11155/1019/1
f 11139/1027/1 11154/1022/1 11138/1021/1
f 11139/1027/1 11153/1028/1 11154/1022/1
f 11140/1033/1 11153/1028/1 11139/1027/1
f 11140/1033/1 11152/522/1 11153/1028/1
f 11141/1037/1 11152/522/1 11140/1033/1
f 11141/1037/1 11151/1038/1 11152/522/1
f 11142/489/1 11151/1038/1 11141/1037/1
f 11142/489/1 11150/1039/1 11151/1038/1
f 11143/1040/1 11150/1039/1 11142/489/1
f 11143/1040/1 11149/1041/1 11150/1039/1
f 11144/1042/1 11149/1041/1 11143/1040/1
f 11144/1042/1 11148/1043/1 11149/1041/1
f 11145/1044/1 11148/1043/1 11144/1042/1
f 11145/1044/1 11147/505/1 11148/1043/1
f 11146/1045/1 11147/505/1 11145/1044/1
f 11262/310/1 11260/930/1 11261/931/1
f 11263/932/1 11260/930/1 11262/310/1
f 11263/932/1 11259/933/1 11260/930/1
f 11264/934/1 11259/933/1 11263/932/1
f 11265/935/1 11259/933/1 11264/934/1
f 11265/935/1 11258/357/1 11259/933/1
f 11266/292/1 11258/357/1 11265/935/1
f 11220/928/1 11218/3/1 11219/929/1
f 11220/928/1 11274/2/1 11218/3/1
f 11266/292/1 11257/936/1 11258/357/1
f 11267/937/1 11257/936/1 11266/292/1
f 11268/938/1 11257/936/1 11267/937/1
f 11268/938/1 11256/939/1 11257/936/1
f 11269/940/1 11256/939/1 11268/938/1
f 11269/940/1 11255/941/1 11256/939/1
f 11270/301/1 11255/941/1 11269/940/1
f 11271/942/1 11255/941/1 11270/301/1
f 11271/942/1 11254/367/1 11255/941/1
f 11272/943/1 11254/367/1 11271/942/1
f 11273/944/1 11254/367/1 11272/943/1
f 11273/944/1 11234/307/1 11254/367/1
f 11234/307/1 11253/945/1 11254/367/1
f 11220/928/1 11273/944/1 11274/2/1
f 11220/928/1 11222/344/1 11273/944/1
f 11222/344/1 11223/946/1 11273/944/1
f 11223/946/1 11224/947/1 11273/944/1
f 11224/947/1 11225/948/1 11273/944/1
f 11225/948/1 11226/347/1 11273/944/1
f 11226/347/1 11227/949/1 11273/944/1
f 11227/949/1 11228/950/1 11273/944/1
f 11228/950/1 11229/951/1 11273/944/1
f 11229/951/1 11230/327/1 11273/944/1
f 11230/327/1 11231/952/1 11273/944/1
f 11231/952/1 11232/953/1 11273/944/1
f 11232/953/1 11233/954/1 11273/944/1
f 11233/954/1 11234/307/1 11273/944/1
f 11235/955/1 11253/945/1 11234/307/1
f 11236/956/1 11253/945/1 11235/955/1
f 11237/957/1 11253/945/1 11236/956/1
f 11238/277/1 11253/945/1 11237/957/1
f 11238/277/1 11252/958/1 11253/945/1
f 11239/959/1 11252/958/1 11238/277/1
f 11240/960/1 11252/958/1 11239/959/1
f 11241/961/1 11252/958/1 11240/960/1
f 11241/961/1 11251/962/1 11252/958/1
f 11242/284/1 11251/962/1 11241/961/1
f 11243/963/1 11251/962/1 11242/284/1
f 11243/963/1 11250/353/1 11251/962/1
f 11244/964/1 11250/353/1 11243/963/1
f 11220/928/1 11221/965/1 11222/344/1
f 11245/966/1 11250/353/1 11244/964/1
f 11245/966/1 11249/967/1 11250/353/1
f 11246/254/1 11249/967/1 11245/966/1
f 11247/968/1 11249/967/1 11246/254/1
f 11247/968/1 11248/969/1 11249/967/1
f 11280/554/1 11326/555/1 11279/556/1
f 11280/554/1 11325/557/1 11326/555/1
f 11281/558/1 11325/557/1 11280/554/1
f 11281/558/1 11324/559/1 11325/557/1
f 11282/560/1 11324/559/1 11281/558/1
f 11282/560/1 11323/561/1 11324/559/1
f 11283/562/1 11323/561/1 11282/560/1
f 11283/562/1 11322/563/1 11323/561/1
f 11284/564/1 11322/563/1 11283/562/1
f 11284/564/1 11321/565/1 11322/563/1
f 11285/566/1 11321/565/1 11284/564/1
f 11285/566/1 11320/567/1 11321/565/1
f 11286/266/1 11327/568/1 11285/566/1
f 11327/568/1 11320/567/1 11285/566/1
f 11286/266/1 11374/2/1 11327/568/1
f 11328/569/1 11320/567/1 11327/568/1
f 11286/266/1 11373/570/1 11374/2/1
f 11329/571/1 11320/567/1 11328/569/1
f 11286/266/1 11372/572/1 11373/570/1
f 11330/240/1 11320/567/1 11329/571/1
f 11330/240/1 11319/251/1 11320/567/1
f 11287/573/1 11372/572/1 11286/266/1
f 11287/573/1 11371/574/1 11372/572/1
f 11331/575/1 11319/251/1 11330/240/1
f 11287/573/1 11370/576/1 11371/574/1
f 11332/577/1 11319/251/1 11331/575/1
f 11287/573/1 11369/578/1 11370/576/1
f 11333/579/1 11319/251/1 11332/577/1
f 11333/579/1 11318/580/1 11319/251/1
f 11288/581/1 11369/578/1 11287/573/1
f 11288/581/1 11368/582/1 11369/578/1
f 11334/583/1 11318/580/1 11333/579/1
f 11288/581/1 11367/584/1 11368/582/1
f 11335/585/1 11318/580/1 11334/583/1
f 11335/585/1 11317/586/1 11318/580/1
f 11289/587/1 11367/584/1 11288/581/1
f 11289/587/1 11366/588/1 11367/584/1
f 11336/589/1 11317/586/1 11335/585/1
f 11336/589/1 11316/590/1 11317/586/1
f 11290/591/1 11366/588/1 11289/587/1
f 11290/591/1 11365/592/1 11366/588/1
f 11337/593/1 11316/590/1 11336/589/1
f 11290/591/1 11364/594/1 11365/592/1
f 11338/595/1 11316/590/1 11337/593/1
f 11338/595/1 11315/596/1 11316/590/1
f 11291/597/1 11364/594/1 11290/591/1
f 11291/597/1 11363/242/1 11364/594/1
f 11339/598/1 11315/596/1 11338/595/1
f 11292/599/1 11363/242/1 11291/597/1
f 11292/599/1 11362/600/1 11363/242/1
f 11339/598/1 11314/601/1 11315/596/1
f 11340/602/1 11314/601/1 11339/598/1
f 11292/599/1 11361/603/1 11362/600/1
f 11341/228/1 11314/601/1 11340/602/1
f 11293/604/1 11361/603/1 11292/599/1
f 11341/228/1 11313/605/1 11314/601/1
f 11293/604/1 11360/606/1 11361/603/1
f 11342/607/1 11313/605/1 11341/228/1
f 11293/604/1 11359/608/1 11360/606/1
f 11294/609/1 11359/608/1 11293/604/1
f 11343/610/1 11313/605/1 11342/607/1
f 11343/610/1 11312/611/1 11313/605/1
f 11294/609/1 11358/612/1 11359/608/1
f 11344/613/1 11312/611/1 11343/610/1
f 11295/614/1 11358/612/1 11294/609/1
f 11344/613/1 11311/615/1 11312/611/1
f 11295/614/1 11357/616/1 11358/612/1
f 11345/617/1 11311/615/1 11344/613/1
f 11295/614/1 11356/618/1 11357/616/1
f 11346/619/1 11311/615/1 11345/617/1
f 11296/620/1 11356/618/1 11295/614/1
f 11346/619/1 11310/621/1 11311/615/1
f 11296/620/1 11355/622/1 11356/618/1
f 11347/623/1 11310/621/1 11346/619/1
f 11296/620/1 11354/624/1 11355/622/1
f 11348/625/1 11310/621/1 11347/623/1
f 11296/620/1 11353/626/1 11354/624/1
f 11349/627/1 11310/621/1 11348/625/1
f 11297/262/1 11353/626/1 11296/620/1
f 11349/627/1 11309/628/1 11310/621/1
f 11297/262/1 11352/225/1 11353/626/1
f 11350/629/1 11309/628/1 11349/627/1
f 11297/262/1 11351/630/1 11352/225/1
f 11351/630/1 11309/628/1 11350/629/1
f 11297/262/1 11309/628/1 11351/630/1
f 11298/631/1 11309/628/1 11297/262/1
f 11298/631/1 11308/245/1 11309/628/1
f 11299/632/1 11308/245/1 11298/631/1
f 11299/632/1 11307/633/1 11308/245/1
f 11300/634/1 11307/633/1 11299/632/1
f 11300/634/1 11306/635/1 11307/633/1
f 11301/636/1 11306/635/1 11300/634/1
f 11301/636/1 11305/637/1 11306/635/1
f 11302/638/1 11305/637/1 11301/636/1
f 11302/638/1 11304/639/1 11305/637/1
f 11303/640/1 11304/639/1 11302/638/1
f 11276/641/1 11278/642/1 11275/3/1
f 11276/641/1 11277/643/1 11278/642/1
f 11425/784/1 11423/785/1 11424/786/1
f 11425/784/1 11426/2/1 11423/785/1
f 11388/787/1 11386/788/1 11387/789/1
f 11388/787/1 11385/791/1 11386/788/1
f 11389/790/1 11385/791/1 11388/787/1
f 11389/790/1 11384/793/1 11385/791/1
f 11390/792/1 11384/793/1 11389/790/1
f 11390/792/1 11383/795/1 11384/793/1
f 11391/794/1 11383/795/1 11390/792/1
f 11391/794/1 11382/796/1 11383/795/1
f 11392/245/1 11382/796/1 11391/794/1
f 11392/245/1 11381/798/1 11382/796/1
f 11393/797/1 11381/798/1 11392/245/1
f 11393/797/1 11380/800/1 11381/798/1
f 11394/799/1 11380/800/1 11393/797/1
f 11394/799/1 11379/802/1 11380/800/1
f 11395/801/1 11379/802/1 11394/799/1
f 11395/801/1 11378/804/1 11379/802/1
f 11396/803/1 11378/804/1 11395/801/1
f 11396/803/1 11377/806/1 11378/804/1
f 11397/805/1 11377/806/1 11396/803/1
f 11397/805/1 11376/808/1 11377/806/1
f 11398/807/1 11376/808/1 11397/805/1
f 11398/807/1 11375/3/1 11376/808/1
f 11399/809/1 11375/3/1 11398/807/1
f 11400/810/1 11375/3/1 11399/809/1
f 11400/810/1 11422/811/1 11375/3/1
f 11400/810/1 11421/813/1 11422/811/1
f 11401/812/1 11421/813/1 11400/810/1
f 11401/812/1 11420/815/1 11421/813/1
f 11402/814/1 11420/815/1 11401/812/1
f 11402/814/1 11419/817/1 11420/815/1
f 11403/816/1 11419/817/1 11402/814/1
f 11403/816/1 11418/819/1 11419/817/1
f 11404/818/1 11418/819/1 11403/816/1
f 11404/818/1 11417/821/1 11418/819/1
f 11405/820/1 11417/821/1 11404/818/1
f 11405/820/1 11416/823/1 11417/821/1
f 11406/822/1 11416/823/1 11405/820/1
f 11406/822/1 11415/825/1 11416/823/1
f 11407/824/1 11415/825/1 11406/822/1
f 11407/824/1 11414/827/1 11415/825/1
f 11408/826/1 11414/827/1 11407/824/1
f 11408/826/1 11413/828/1 11414/827/1
f 11409/228/1 11413/828/1 11408/826/1
f 11409/228/1 11412/830/1 11413/828/1
f 11410/829/1 11412/830/1 11409/228/1
f 11410/829/1 11411/831/1 11412/830/1
f 11440/832/1 11438/833/1 11439/834/1
f 11440/832/1 11437/835/1 11438/833/1
f 11440/832/1 11436/836/1 11437/835/1
f 11441/837/1 11436/836/1 11440/832/1
f 11441/837/1 11435/838/1 11436/836/1
f 11441/837/1 11434/839/1 11435/838/1
f 11441/837/1 11433/840/1 11434/839/1
f 11442/841/1 11433/840/1 11441/837/1
f 11442/841/1 11432/842/1 11433/840/1
f 11442/841/1 11431/843/1 11432/842/1
f 11442/841/1 11430/844/1 11431/843/1
f 11443/845/1 11430/844/1 11442/841/1
f 11443/845/1 11429/846/1 11430/844/1
f 11443/845/1 11428/847/1 11429/846/1
f 11443/845/1 11427/3/1 11428/847/1
f 11444/848/1 11427/3/1 11443/845/1
f 11444/848/1 11516/849/1 11427/3/1
f 11516/849/1 11517/850/1 11427/3/1
f 11517/850/1 11518/851/1 11427/3/1
f 11518/851/1 11519/852/1 11427/3/1
f 11519/852/1 11520/853/1 11427/3/1
f 11520/853/1 11521/854/1 11427/3/1
f 11521/854/1 11522/855/1 11427/3/1
f 11522/855/1 11523/856/1 11427/3/1
f 11523/856/1 11524/2/1 11427/3/1
f 11445/857/1 11514/858/1 11444/848/1
f 11514/858/1 11515/859/1 11444/848/1
f 11515/859/1 11516/849/1 11444/848/1
f 11446/860/1 11512/861/1 11445/857/1
f 11512/861/1 11513/862/1 11445/857/1
f 11513/862/1 11514/858/1 11445/857/1
f 11446/860/1 11511/863/1 11512/861/1
f 11446/860/1 11510/864/1 11511/863/1
f 11446/860/1 11509/865/1 11510/864/1
f 11447/866/1 11509/865/1 11446/860/1
f 11447/866/1 11508/867/1 11509/865/1
f 11447/866/1 11507/868/1 11508/867/1
f 11447/866/1 11506/869/1 11507/868/1
f 11448/870/1 11506/869/1 11447/866/1
f 11448/870/1 11505/871/1 11506/869/1
f 11448/870/1 11504/872/1 11505/871/1
f 11449/873/1 11504/872/1 11448/870/1
f 11449/873/1 11503/874/1 11504/872/1
f 11449/873/1 11502/875/1 11503/874/1
f 11450/876/1 11502/875/1 11449/873/1
f 11450/876/1 11501/877/1 11502/875/1
f 11451/878/1 11501/877/1 11450/876/1
f 11451/878/1 11500/879/1 11501/877/1
f 11451/878/1 11499/880/1 11500/879/1
f 11452/881/1 11499/880/1 11451/878/1
f 11452/881/1 11498/882/1 11499/880/1
f 11453/883/1 11498/882/1 11452/881/1
f 11453/883/1 11497/884/1 11498/882/1
f 11453/883/1 11496/885/1 11497/884/1
f 11454/886/1 11496/885/1 11453/883/1
f 11454/886/1 11495/887/1 11496/885/1
f 11454/886/1 11494/888/1 11495/887/1
f 11455/889/1 11494/888/1 11454/886/1
f 11455/889/1 11493/890/1 11494/888/1
f 11477/891/1 11475/892/1 11476/893/1
f 11455/889/1 11492/894/1 11493/890/1
f 11478/895/1 11475/892/1 11477/891/1
f 11456/896/1 11492/894/1 11455/889/1
f 11479/897/1 11475/892/1 11478/895/1
f 11456/896/1 11491/898/1 11492/894/1
f 11480/899/1 11475/892/1 11479/897/1
f 11481/900/1 11475/892/1 11480/899/1
f 11482/901/1 11475/892/1 11481/900/1
f 11456/896/1 11490/902/1 11491/898/1
f 11483/903/1 11475/892/1 11482/901/1
f 11484/904/1 11475/892/1 11483/903/1
f 11456/896/1 11489/905/1 11490/902/1
f 11485/906/1 11475/892/1 11484/904/1
f 11486/907/1 11475/892/1 11485/906/1
f 11456/896/1 11488/908/1 11489/905/1
f 11487/909/1 11475/892/1 11486/907/1
f 11457/910/1 11488/908/1 11456/896/1
f 11488/908/1 11475/892/1 11487/909/1
f 11457/910/1 11475/892/1 11488/908/1
f 11458/911/1 11475/892/1 11457/910/1
f 11459/912/1 11475/892/1 11458/911/1
f 11460/913/1 11475/892/1 11459/912/1
f 11460/913/1 11474/914/1 11475/892/1
f 11460/913/1 11473/915/1 11474/914/1
f 11460/913/1 11472/916/1 11473/915/1
f 11461/917/1 11472/916/1 11460/913/1
f 11461/917/1 11471/918/1 11472/916/1
f 11461/917/1 11470/919/1 11471/918/1
f 11461/917/1 11469/920/1 11470/919/1
f 11461/917/1 11468/921/1 11469/920/1
f 11462/922/1 11468/921/1 11461/917/1
f 11462/922/1 11467/923/1 11468/921/1
f 11462/922/1 11466/924/1 11467/923/1
f 11462/922/1 11465/925/1 11466/924/1
f 11463/926/1 11465/925/1 11462/922/1
f 11463/926/1 11464/927/1 11465/925/1
f 11563/49/1 11561/50/1 11562/51/1
f 11564/52/1 11561/50/1 11563/49/1
f 11564/52/1 11560/53/1 11561/50/1
f 11565/54/1 11560/53/1 11564/52/1
f 11566/55/1 11560/53/1 11565/54/1
f 11566/55/1 11559/56/1 11560/53/1
f 11567/57/1 11559/56/1 11566/55/1
f 11567/57/1 11558/58/1 11559/56/1
f 11568/59/1 11558/58/1 11567/57/1
f 11569/60/1 11558/58/1 11568/59/1
f 11569/60/1 11557/61/1 11558/58/1
f 11570/62/1 11557/61/1 11569/60/1
f 11570/62/1 11556/63/1 11557/61/1
f 11571/64/1 11556/63/1 11570/62/1
f 11572/65/1 11556/63/1 11571/64/1
f 11572/65/1 11555/66/1 11556/63/1
f 11573/67/1 11555/66/1 11572/65/1
f 11573/67/1 11554/68/1 11555/66/1
f 11574/69/1 11554/68/1 11573/67/1
f 11575/70/1 11576/71/1 11574/69/1
f 11576/71/1 11577/72/1 11574/69/1
f 11577/72/1 11578/73/1 11574/69/1
f 11578/73/1 11579/74/1 11574/69/1
f 11579/74/1 11580/75/1 11574/69/1
f 11580/75/1 11581/76/1 11574/69/1
f 11581/76/1 11582/77/1 11574/69/1
f 11582/77/1 11583/78/1 11574/69/1
f 11583/78/1 11584/79/1 11574/69/1
f 11584/79/1 11585/80/1 11574/69/1
f 11585/80/1 11554/68/1 11574/69/1
f 11585/80/1 11586/81/1 11554/68/1
f 11586/81/1 11587/82/1 11554/68/1
f 11587/82/1 11553/83/1 11554/68/1
f 11587/82/1 11588/84/1 11553/83/1
f 11588/84/1 11552/85/1 11553/83/1
f 11589/86/1 11552/85/1 11588/84/1
f 11590/87/1 11552/85/1 11589/86/1
f 11591/88/1 11552/85/1 11590/87/1
f 11592/89/1 11552/85/1 11591/88/1
f 11593/90/1 11552/85/1 11592/89/1
f 11593/90/1 11551/91/1 11552/85/1
f 11594/92/1 11551/91/1 11593/90/1
f 11595/93/1 11551/91/1 11594/92/1
f 11596/94/1 11551/91/1 11595/93/1
f 11596/94/1 11550/95/1 11551/91/1
f 11597/96/1 11550/95/1 11596/94/1
f 11598/97/1 11550/95/1 11597/96/1
f 11598/97/1 11549/98/1 11550/95/1
f 11599/99/1 11549/98/1 11598/97/1
f 11600/100/1 11549/98/1 11599/99/1
f 11601/101/1 11698/2/1 11600/100/1
f 11698/2/1 11549/98/1 11600/100/1
f 11602/102/1 11698/2/1 11601/101/1
f 11603/103/1 11698/2/1 11602/102/1
f 11604/104/1 11698/2/1 11603/103/1
f 11605/105/1 11698/2/1 11604/104/1
f 11605/105/1 11697/106/1 11698/2/1
f 11662/107/1 11549/98/1 11698/2/1
f 11605/105/1 11696/108/1 11697/106/1
f 11606/109/1 11696/108/1 11605/105/1
f 11606/109/1 11695/110/1 11696/108/1
f 11607/111/1 11695/110/1 11606/109/1
f 11607/111/1 11694/112/1 11695/110/1
f 11608/113/1 11694/112/1 11607/111/1
f 11608/113/1 11693/114/1 11694/112/1
f 11608/113/1 11692/115/1 11693/114/1
f 11609/116/1 11692/115/1 11608/113/1
f 11609/116/1 11691/117/1 11692/115/1
f 11610/118/1 11691/117/1 11609/116/1
f 11610/118/1 11690/119/1 11691/117/1
f 11610/118/1 11689/120/1 11690/119/1
f 11611/121/1 11689/120/1 11610/118/1
f 11611/121/1 11688/122/1 11689/120/1
f 11611/121/1 11687/123/1 11688/122/1
f 11612/124/1 11687/123/1 11611/121/1
f 11612/124/1 11686/125/1 11687/123/1
f 11613/126/1 11686/125/1 11612/124/1
f 11613/126/1 11685/127/1 11686/125/1
f 11613/126/1 11684/128/1 11685/127/1
f 11614/129/1 11684/128/1 11613/126/1
f 11614/129/1 11683/130/1 11684/128/1
f 11614/129/1 11682/131/1 11683/130/1
f 11663/132/1 11549/98/1 11662/107/1
f 11615/133/1 11682/131/1 11614/129/1
f 11664/134/1 11549/98/1 11663/132/1
f 11615/133/1 11681/135/1 11682/131/1
f 11665/136/1 11549/98/1 11664/134/1
f 11526/137/1 11661/138/1 11525/3/1
f 11665/136/1 11548/139/1 11549/98/1
f 11615/133/1 11680/140/1 11681/135/1
f 11527/141/1 11661/138/1 11526/137/1
f 11666/142/1 11548/139/1 11665/136/1
f 11666/142/1 11547/143/1 11548/139/1
f 11528/144/1 11661/138/1 11527/141/1
f 11616/145/1 11680/140/1 11615/133/1
f 11616/145/1 11679/146/1 11680/140/1
f 11666/142/1 11546/147/1 11547/143/1
f 11667/148/1 11546/147/1 11666/142/1
f 11529/149/1 11661/138/1 11528/144/1
f 11667/148/1 11545/150/1 11546/147/1
f 11668/151/1 11545/150/1 11667/148/1
f 11530/152/1 11661/138/1 11529/149/1
f 11616/145/1 11678/153/1 11679/146/1
f 11668/151/1 11544/154/1 11545/150/1
f 11531/155/1 11661/138/1 11530/152/1
f 11669/156/1 11544/154/1 11668/151/1
f 11669/156/1 11543/157/1 11544/154/1
f 11532/158/1 11661/138/1 11531/155/1
f 11616/145/1 11677/159/1 11678/153/1
f 11669/156/1 11542/160/1 11543/157/1
f 11670/161/1 11542/160/1 11669/156/1
f 11533/162/1 11661/138/1 11532/158/1
f 11670/161/1 11541/163/1 11542/160/1
f 11617/164/1 11677/159/1 11616/145/1
f 11534/165/1 11661/138/1 11533/162/1
f 11617/164/1 11676/166/1 11677/159/1
f 11671/167/1 11541/163/1 11670/161/1
f 11671/167/1 11540/168/1 11541/163/1
f 11535/169/1 11661/138/1 11534/165/1
f 11671/167/1 11539/170/1 11540/168/1
f 11536/171/1 11661/138/1 11535/169/1
f 11672/172/1 11539/170/1 11671/167/1
f 11672/172/1 11538/173/1 11539/170/1
f 11537/174/1 11661/138/1 11536/171/1
f 11672/172/1 11537/174/1 11538/173/1
f 11617/164/1 11675/175/1 11676/166/1
f 11672/172/1 11661/138/1 11537/174/1
f 11673/176/1 11661/138/1 11672/172/1
f 11617/164/1 11674/177/1 11675/175/1
f 11674/177/1 11661/138/1 11673/176/1
f 11617/164/1 11637/178/1 11674/177/1
f 11637/178/1 11661/138/1 11674/177/1
f 11618/179/1 11637/178/1 11617/164/1
f 11618/179/1 11636/180/1 11637/178/1
f 11638/181/1 11661/138/1 11637/178/1
f 11619/182/1 11636/180/1 11618/179/1
f 11619/182/1 11635/183/1 11636/180/1
f 11639/184/1 11661/138/1 11638/181/1
f 11639/184/1 11660/185/1 11661/138/1
f 11620/186/1 11635/183/1 11619/182/1
f 11620/186/1 11634/187/1 11635/183/1
f 11640/188/1 11660/185/1 11639/184/1
f 11640/188/1 11659/189/1 11660/185/1
f 11620/186/1 11633/190/1 11634/187/1
f 11641/191/1 11659/189/1 11640/188/1
f 11621/192/1 11633/190/1 11620/186/1
f 11641/191/1 11658/193/1 11659/189/1
f 11621/192/1 11632/194/1 11633/190/1
f 11642/195/1 11658/193/1 11641/191/1
f 11642/195/1 11657/196/1 11658/193/1
f 11622/197/1 11632/194/1 11621/192/1
f 11622/197/1 11631/198/1 11632/194/1
f 11643/199/1 11657/196/1 11642/195/1
f 11643/199/1 11656/200/1 11657/196/1
f 11622/197/1 11630/201/1 11631/198/1
f 11644/202/1 11656/200/1 11643/199/1
f 11644/202/1 11655/203/1 11656/200/1
f 11623/204/1 11630/201/1 11622/197/1
f 11623/204/1 11629/205/1 11630/201/1
f 11645/206/1 11655/203/1 11644/202/1
f 11645/206/1 11654/207/1 11655/203/1
f 11623/204/1 11628/208/1 11629/205/1
f 11645/206/1 11653/209/1 11654/207/1
f 11646/210/1 11653/209/1 11645/206/1
f 11624/211/1 11628/208/1 11623/204/1
f 11646/210/1 11652/212/1 11653/209/1
f 11624/211/1 11627/213/1 11628/208/1
f 11647/214/1 11652/212/1 11646/210/1
f 11647/214/1 11651/215/1 11652/212/1
f 11624/211/1 11626/216/1 11627/213/1
f 11648/217/1 11651/215/1 11647/214/1
f 11625/218/1 11626/216/1 11624/211/1
f 11648/217/1 11650/219/1 11651/215/1
f 11649/220/1 11650/219/1 11648/217/1
f 11740/221/1 11738/222/1 11739/223/1
f 11740/221/1 11737/224/1 11738/222/1
f 11741/225/1 11737/224/1 11740/221/1
f 11741/225/1 11736/226/1 11737/224/1
f 11742/227/1 11736/226/1 11741/225/1
f 11742/227/1 11735/228/1 11736/226/1
f 11742/227/1 11734/229/1 11735/228/1
f 11743/230/1 11734/229/1 11742/227/1
f 11743/230/1 11733/231/1 11734/229/1
f 11700/232/1 11753/2/1 11699/3/1
f 11700/232/1 11752/233/1 11753/2/1
f 11744/234/1 11733/231/1 11743/230/1
f 11744/234/1 11732/235/1 11733/231/1
f 11744/234/1 11731/236/1 11732/235/1
f 11745/237/1 11731/236/1 11744/234/1
f 11745/237/1 11730/238/1 11731/236/1
f 11746/239/1 11730/238/1 11745/237/1
f 11746/239/1 11729/240/1 11730/238/1
f 11746/239/1 11728/241/1 11729/240/1
f 11747/242/1 11728/241/1 11746/239/1
f 11747/242/1 11727/243/1 11728/241/1
f 11748/244/1 11727/243/1 11747/242/1
f 11748/244/1 11717/245/1 11727/243/1
f 11717/245/1 11718/246/1 11727/243/1
f 11718/246/1 11719/247/1 11727/243/1
f 11719/247/1 11720/248/1 11727/243/1
f 11720/248/1 11721/249/1 11727/243/1
f 11721/249/1 11722/250/1 11727/243/1
f 11722/250/1 11723/251/1 11727/243/1
f 11723/251/1 11724/252/1 11727/243/1
f 11724/252/1 11725/253/1 11727/243/1
f 11725/253/1 11726/254/1 11727/243/1
f 11749/255/1 11715/256/1 11748/244/1
f 11715/256/1 11716/257/1 11748/244/1
f 11716/257/1 11717/245/1 11748/244/1
f 11750/258/1 11713/259/1 11749/255/1
f 11713/259/1 11714/260/1 11749/255/1
f 11714/260/1 11715/256/1 11749/255/1
f 11750/258/1 11712/261/1 11713/259/1
f 11750/258/1 11711/262/1 11712/261/1
f 11751/263/1 11711/262/1 11750/258/1
f 11751/263/1 11710/264/1 11711/262/1
f 11751/263/1 11709/265/1 11710/264/1
f 11700/232/1 11751/263/1 11752/233/1
f 11700/232/1 11705/266/1 11751/263/1
f 11705/266/1 11706/267/1 11751/263/1
f 11706/267/1 11707/268/1 11751/263/1
f 11707/268/1 11708/269/1 11751/263/1
f 11708/269/1 11709/265/1 11751/263/1
f 11700/232/1 11704/270/1 11705/266/1
f 11700/232/1 11703/271/1 11704/270/1
f 11700/232/1 11702/272/1 11703/271/1
f 11700/232/1 11701/273/1 11702/272/1
f 11755/970/1 11801/971/1 11754/3/1
f 11755/970/1 11800/972/1 11801/971/1
f 11756/973/1 11800/972/1 11755/970/1
f 11756/973/1 11799/540/1 11800/972/1
f 11757/974/1 11799/540/1 11756/973/1
f 11757/974/1 11798/975/1 11799/540/1
f 11758/976/1 11798/975/1 11757/974/1
f 11758/976/1 11797/977/1 11798/975/1
f 11759/436/1 11797/977/1 11758/976/1
f 11759/436/1 11796/978/1 11797/977/1
f 11760/979/1 11796/978/1 11759/436/1
f 11760/979/1 11795/980/1 11796/978/1
f 11761/981/1 11802/982/1 11760/979/1
f 11802/982/1 11795/980/1 11760/979/1
f 11761/981/1 11849/2/1 11802/982/1
f 11803/983/1 11795/980/1 11802/982/1
f 11761/981/1 11848/984/1 11849/2/1
f 11804/550/1 11795/980/1 11803/983/1
f 11761/981/1 11847/985/1 11848/984/1
f 11805/986/1 11795/980/1 11804/550/1
f 11805/986/1 11794/517/1 11795/980/1
f 11762/987/1 11847/985/1 11761/981/1
f 11762/987/1 11846/988/1 11847/985/1
f 11806/989/1 11794/517/1 11805/986/1
f 11762/987/1 11845/990/1 11846/988/1
f 11807/991/1 11794/517/1 11806/989/1
f 11762/987/1 11844/447/1 11845/990/1
f 11808/992/1 11794/517/1 11807/991/1
f 11808/992/1 11793/993/1 11794/517/1
f 11763/994/1 11844/447/1 11762/987/1
f 11763/994/1 11843/995/1 11844/447/1
f 11809/542/1 11793/993/1 11808/992/1
f 11763/994/1 11842/996/1 11843/995/1
f 11810/997/1 11793/993/1 11809/542/1
f 11810/997/1 11792/998/1 11793/993/1
f 11764/432/1 11842/996/1 11763/994/1
f 11764/432/1 11841/999/1 11842/996/1
f 11811/1000/1 11792/998/1 11810/997/1
f 11811/1000/1 11791/1001/1 11792/998/1
f 11765/1002/1 11841/999/1 11764/432/1
f 11765/1002/1 11840/1003/1 11841/999/1
f 11812/1004/1 11791/1001/1 11811/1000/1
f 11765/1002/1 11839/462/1 11840/1003/1
f 11813/1005/1 11791/1001/1 11812/1004/1
f 11813/1005/1 11790/1006/1 11791/1001/1
f 11766/1007/1 11839/462/1 11765/1002/1
f 11766/1007/1 11838/1008/1 11839/462/1
f 11814/512/1 11790/1006/1 11813/1005/1
f 11767/1009/1 11838/1008/1 11766/1007/1
f 11767/1009/1 11837/1010/1 11838/1008/1
f 11814/512/1 11789/533/1 11790/1006/1
f 11815/1011/1 11789/533/1 11814/512/1
f 11767/1009/1 11836/1012/1 11837/1010/1
f 11816/1013/1 11789/533/1 11815/1011/1
f 11768/1014/1 11836/1012/1 11767/1009/1
f 11816/1013/1 11788/1015/1 11789/533/1
f 11768/1014/1 11835/1016/1 11836/1012/1
f 11817/1017/1 11788/1015/1 11816/1013/1
f 11768/1014/1 11834/469/1 11835/1016/1
f 11769/457/1 11834/469/1 11768/1014/1
f 11818/1018/1 11788/1015/1 11817/1017/1
f 11818/1018/1 11787/1019/1 11788/1015/1
f 11769/457/1 11833/1020/1 11834/469/1
f 11819/497/1 11787/1019/1 11818/1018/1
f 11770/1021/1 11833/1020/1 11769/457/1
f 11819/497/1 11786/1022/1 11787/1019/1
f 11770/1021/1 11832/1023/1 11833/1020/1
f 11820/1024/1 11786/1022/1 11819/497/1
f 11770/1021/1 11831/1025/1 11832/1023/1
f 11821/1026/1 11786/1022/1 11820/1024/1
f 11771/1027/1 11831/1025/1 11770/1021/1
f 11821/1026/1 11785/1028/1 11786/1022/1
f 11771/1027/1 11830/1029/1 11831/1025/1
f 11822/1030/1 11785/1028/1 11821/1026/1
f 11771/1027/1 11829/478/1 11830/1029/1
f 11823/1031/1 11785/1028/1 11822/1030/1
f 11771/1027/1 11828/1032/1 11829/478/1
f 11824/487/1 11785/1028/1 11823/1031/1
f 11772/1033/1 11828/1032/1 11771/1027/1
f 11824/487/1 11784/522/1 11785/1028/1
f 11772/1033/1 11827/1034/1 11828/1032/1
f 11825/1035/1 11784/522/1 11824/487/1
f 11772/1033/1 11826/1036/1 11827/1034/1
f 11826/1036/1 11784/522/1 11825/1035/1
f 11772/1033/1 11784/522/1 11826/1036/1
f 11773/1037/1 11784/522/1 11772/1033/1
f 11773/1037/1 11783/1038/1 11784/522/1
f 11774/489/1 11783/1038/1 11773/1037/1
f 11774/489/1 11782/1039/1 11783/1038/1
f 11775/1040/1 11782/1039/1 11774/489/1
f 11775/1040/1 11781/1041/1 11782/1039/1
f 11776/1042/1 11781/1041/1 11775/1040/1
f 11776/1042/1 11780/1043/1 11781/1041/1
f 11777/1044/1 11780/1043/1 11776/1042/1
f 11777/1044/1 11779/505/1 11780/1043/1
f 11778/1045/1 11779/505/1 11777/1044/1
f 11888/1286/1 11890/1287/1 11887/1288/1
f 11890/1287/1 11886/1289/1 11887/1288/1
f 11890/1287/1 11885/567/1 11886/1289/1
f 11890/1287/1 11884/1290/1 11885/567/1
f 11890/1287/1 11883/284/1 11884/1290/1
f 11890/1287/1 11882/1291/1 11883/284/1
f 11890/1287/1 11881/1292/1 11882/1291/1
f 11890/1287/1 11880/1293/1 11881/1292/1
f 11890/1287/1 11879/1294/1 11880/1293/1
f 11890/1287/1 11891/1295/1 11879/1294/1
f 11891/1295/1 11892/571/1 11879/1294/1
f 11892/571/1 11878/615/1 11879/1294/1
f 11888/1286/1 11927/2/1 11890/1287/1
f 11893/1296/1 11878/615/1 11892/571/1
f 11894/353/1 11878/615/1 11893/1296/1
f 11895/1297/1 11878/615/1 11894/353/1
f 11896/1298/1 11878/615/1 11895/1297/1
f 11896/1298/1 11877/1299/1 11878/615/1
f 11897/1300/1 11877/1299/1 11896/1298/1
f 11898/1301/1 11877/1299/1 11897/1300/1
f 11898/1301/1 11876/1302/1 11877/1299/1
f 11899/595/1 11876/1302/1 11898/1301/1
f 11900/1303/1 11876/1302/1 11899/595/1
f 11900/1303/1 11875/1304/1 11876/1302/1
f 11901/1305/1 11875/1304/1 11900/1303/1
f 11902/1306/1 11875/1304/1 11901/1305/1
f 11902/1306/1 11874/1307/1 11875/1304/1
f 11903/1308/1 11874/1307/1 11902/1306/1
f 11904/1309/1 11874/1307/1 11903/1308/1
f 11904/1309/1 11873/1310/1 11874/1307/1
f 11905/357/1 11873/1310/1 11904/1309/1
f 11905/357/1 11872/307/1 11873/1310/1
f 11906/623/1 11872/307/1 11905/357/1
f 11907/1311/1 11872/307/1 11906/623/1
f 11907/1311/1 11871/638/1 11872/307/1
f 11908/1312/1 11871/638/1 11907/1311/1
f 11909/1313/1 11871/638/1 11908/1312/1
f 11909/1313/1 11870/1314/1 11871/638/1
f 11910/1315/1 11870/1314/1 11909/1313/1
f 11910/1315/1 11869/1316/1 11870/1314/1
f 11911/1317/1 11869/1316/1 11910/1315/1
f 11888/1286/1 11926/1318/1 11927/2/1
f 11912/1319/1 11869/1316/1 11911/1317/1
f 11888/1286/1 11925/1320/1 11926/1318/1
f 11888/1286/1 11924/1321/1 11925/1320/1
f 11888/1286/1 11850/3/1 11924/1321/1
f 11850/3/1 11923/1322/1 11924/1321/1
f 11913/618/1 11869/1316/1 11912/1319/1
f 11850/3/1 11922/1323/1 11923/1322/1
f 11850/3/1 11921/1324/1 11922/1323/1
f 11913/618/1 11868/1325/1 11869/1316/1
f 11914/1326/1 11868/1325/1 11913/618/1
f 11850/3/1 11920/592/1 11921/1324/1
f 11850/3/1 11919/1327/1 11920/592/1
f 11850/3/1 11918/1328/1 11919/1327/1
f 11915/1329/1 11868/1325/1 11914/1326/1
f 11850/3/1 11917/1330/1 11918/1328/1
f 11850/3/1 11916/292/1 11917/1330/1
f 11850/3/1 11915/1329/1 11916/292/1
f 11850/3/1 11868/1325/1 11915/1329/1
f 11850/3/1 11867/1331/1 11868/1325/1
f 11850/3/1 11866/1332/1 11867/1331/1
f 11850/3/1 11865/1333/1 11866/1332/1
f 11888/1286/1 11889/1334/1 11850/3/1
f 11851/1335/1 11865/1333/1 11850/3/1
f 11851/1335/1 11864/604/1 11865/1333/1
f 11852/1336/1 11864/604/1 11851/1335/1
f 11853/1337/1 11864/604/1 11852/1336/1
f 11854/1338/1 11864/604/1 11853/1337/1
f 11855/1339/1 11864/604/1 11854/1338/1
f 11855/1339/1 11863/1340/1 11864/604/1
f 11856/1341/1 11863/1340/1 11855/1339/1
f 11857/564/1 11863/1340/1 11856/1341/1
f 11858/1342/1 11863/1340/1 11857/564/1
f 11859/1343/1 11863/1340/1 11858/1342/1
f 11859/1343/1 11862/1344/1 11863/1340/1
f 11860/1345/1 11862/1344/1 11859/1343/1
f 11861/347/1 11862/1344/1 11860/1345/1
f 11966/49/1 11964/50/1 11965/51/1
f 11967/52/1 11964/50/1 11966/49/1
f 11967/52/1 11963/53/1 11964/50/1
f 11968/54/1 11963/53/1 11967/52/1
f 11969/55/1 11963/53/1 11968/54/1
f 11969/55/1 11962/56/1 11963/53/1
f 11970/57/1 11962/56/1 11969/55/1
f 11970/57/1 11961/58/1 11962/56/1
f 11971/59/1 11961/58/1 11970/57/1
f 11972/60/1 11961/58/1 11971/59/1
f 11972/60/1 11960/61/1 11961/58/1
f 11973/62/1 11960/61/1 11972/60/1
f 11973/62/1 11959/63/1 11960/61/1
f 11974/64/1 11959/63/1 11973/62/1
f 11975/65/1 11959/63/1 11974/64/1
f 11975/65/1 11958/66/1 11959/63/1
f 11976/67/1 11958/66/1 11975/65/1
f 11976/67/1 11957/68/1 11958/66/1
f 11977/69/1 11957/68/1 11976/67/1
f 11978/70/1 11979/71/1 11977/69/1
f 11979/71/1 11980/72/1 11977/69/1
f 11980/72/1 11981/73/1 11977/69/1
f 11981/73/1 11982/74/1 11977/69/1
f 11982/74/1 11983/75/1 11977/69/1
f 11983/75/1 11984/76/1 11977/69/1
f 11984/76/1 11985/77/1 11977/69/1
f 11985/77/1 11986/78/1 11977/69/1
f 11986/78/1 11987/79/1 11977/69/1
f 11987/79/1 11988/80/1 11977/69/1
f 11988/80/1 11957/68/1 11977/69/1
f 11988/80/1 11989/81/1 11957/68/1
f 11989/81/1 11990/82/1 11957/68/1
f 11990/82/1 11956/83/1 11957/68/1
f 11990/82/1 11991/84/1 11956/83/1
f 11991/84/1 11955/85/1 11956/83/1
f 11992/86/1 11955/85/1 11991/84/1
f 11993/87/1 11955/85/1 11992/86/1
f 11994/88/1 11955/85/1 11993/87/1
f 11995/89/1 11955/85/1 11994/88/1
f 11996/90/1 11955/85/1 11995/89/1
f 11996/90/1 11954/91/1 11955/85/1
f 11997/92/1 11954/91/1 11996/90/1
f 11998/93/1 11954/91/1 11997/92/1
f 11999/94/1 11954/91/1 11998/93/1
f 11999/94/1 11953/95/1 11954/91/1
f 12000/96/1 11953/95/1 11999/94/1
f 12001/97/1 11953/95/1 12000/96/1
f 12001/97/1 11952/98/1 11953/95/1
f 12002/99/1 11952/98/1 12001/97/1
f 12003/100/1 11952/98/1 12002/99/1
f 12004/101/1 12101/2/1 12003/100/1
f 12101/2/1 11952/98/1 12003/100/1
f 12005/102/1 12101/2/1 12004/101/1
f 12006/103/1 12101/2/1 12005/102/1
f 12007/104/1 12101/2/1 12006/103/1
f 12008/105/1 12101/2/1 12007/104/1
f 12008/105/1 12100/106/1 12101/2/1
f 12065/107/1 11952/98/1 12101/2/1
f 12008/105/1 12099/108/1 12100/106/1
f 12009/109/1 12099/108/1 12008/105/1
f 12009/109/1 12098/110/1 12099/108/1
f 12010/111/1 12098/110/1 12009/109/1
f 12010/111/1 12097/112/1 12098/110/1
f 12011/113/1 12097/112/1 12010/111/1
f 12011/113/1 12096/114/1 12097/112/1
f 12011/113/1 12095/115/1 12096/114/1
f 12012/116/1 12095/115/1 12011/113/1
f 12012/116/1 12094/117/1 12095/115/1
f 12013/118/1 12094/117/1 12012/116/1
f 12013/118/1 12093/119/1 12094/117/1
f 12013/118/1 12092/120/1 12093/119/1
f 12014/121/1 12092/120/1 12013/118/1
f 12014/121/1 12091/122/1 12092/120/1
f 12014/121/1 12090/123/1 12091/122/1
f 12015/124/1 12090/123/1 12014/121/1
f 12015/124/1 12089/125/1 12090/123/1
f 12016/126/1 12089/125/1 12015/124/1
f 12016/126/1 12088/127/1 12089/125/1
f 12016/126/1 12087/128/1 12088/127/1
f 12017/129/1 12087/128/1 12016/126/1
f 12017/129/1 12086/130/1 12087/128/1
f 12017/129/1 12085/131/1 12086/130/1
f 12066/132/1 11952/98/1 12065/107/1
f 12018/133/1 12085/131/1 12017/129/1
f 12067/134/1 11952/98/1 12066/132/1
f 12018/133/1 12084/135/1 12085/131/1
f 12068/136/1 11952/98/1 12067/134/1
f 11929/137/1 12064/138/1 11928/3/1
f 12068/136/1 11951/139/1 11952/98/1
f 12018/133/1 12083/140/1 12084/135/1
f 11930/141/1 12064/138/1 11929/137/1
f 12069/142/1 11951/139/1 12068/136/1
f 12069/142/1 11950/143/1 11951/139/1
f 11931/144/1 12064/138/1 11930/141/1
f 12019/145/1 12083/140/1 12018/133/1
f 12019/145/1 12082/146/1 12083/140/1
f 12069/142/1 11949/147/1 11950/143/1
f 12070/148/1 11949/147/1 12069/142/1
f 11932/149/1 12064/138/1 11931/144/1
f 12070/148/1 11948/150/1 11949/147/1
f 12071/151/1 11948/150/1 12070/148/1
f 11933/152/1 12064/138/1 11932/149/1
f 12019/145/1 12081/153/1 12082/146/1
f 12071/151/1 11947/154/1 11948/150/1
f 11934/155/1 12064/138/1 11933/152/1
f 12072/156/1 11947/154/1 12071/151/1
f 12072/156/1 11946/157/1 11947/154/1
f 11935/158/1 12064/138/1 11934/155/1
f 12019/145/1 12080/159/1 12081/153/1
f 12072/156/1 11945/160/1 11946/157/1
f 12073/161/1 11945/160/1 12072/156/1
f 11936/162/1 12064/138/1 11935/158/1
f 12073/161/1 11944/163/1 11945/160/1
f 12020/164/1 12080/159/1 12019/145/1
f 11937/165/1 12064/138/1 11936/162/1
f 12020/164/1 12079/166/1 12080/159/1
f 12074/167/1 11944/163/1 12073/161/1
f 12074/167/1 11943/168/1 11944/163/1
f 11938/169/1 12064/138/1 11937/165/1
f 12074/167/1 11942/170/1 11943/168/1
f 11939/171/1 12064/138/1 11938/169/1
f 12075/172/1 11942/170/1 12074/167/1
f 12075/172/1 11941/173/1 11942/170/1
f 11940/174/1 12064/138/1 11939/171/1
f 12075/172/1 11940/174/1 11941/173/1
f 12020/164/1 12078/175/1 12079/166/1
f 12075/172/1 12064/138/1 11940/174/1
f 12076/176/1 12064/138/1 12075/172/1
f 12020/164/1 12077/177/1 12078/175/1
f 12077/177/1 12064/138/1 12076/176/1
f 12020/164/1 12040/178/1 12077/177/1
f 12040/178/1 12064/138/1 12077/177/1
f 12021/179/1 12040/178/1 12020/164/1
f 12021/179/1 12039/180/1 12040/178/1
f 12041/181/1 12064/138/1 12040/178/1
f 12022/182/1 12039/180/1 12021/179/1
f 12022/182/1 12038/183/1 12039/180/1
f 12042/184/1 12064/138/1 12041/181/1
f 12042/184/1 12063/185/1 12064/138/1
f 12023/186/1 12038/183/1 12022/182/1
f 12023/186/1 12037/187/1 12038/183/1
f 12043/188/1 12063/185/1 12042/184/1
f 12043/188/1 12062/189/1 12063/185/1
f 12023/186/1 12036/190/1 12037/187/1
f 12044/191/1 12062/189/1 12043/188/1
f 12024/192/1 12036/190/1 12023/186/1
f 12044/191/1 12061/193/1 12062/189/1
f 12024/192/1 12035/194/1 12036/190/1
f 12045/195/1 12061/193/1 12044/191/1
f 12045/195/1 12060/196/1 12061/193/1
f 12025/197/1 12035/194/1 12024/192/1
f 12025/197/1 12034/198/1 12035/194/1
f 12046/199/1 12060/196/1 12045/195/1
f 12046/199/1 12059/200/1 12060/196/1
f 12025/197/1 12033/201/1 12034/198/1
f 12047/202/1 12059/200/1 12046/199/1
f 12047/202/1 12058/203/1 12059/200/1
f 12026/204/1 12033/201/1 12025/197/1
f 12026/204/1 12032/205/1 12033/201/1
f 12048/206/1 12058/203/1 12047/202/1
f 12048/206/1 12057/207/1 12058/203/1
f 12026/204/1 12031/208/1 12032/205/1
f 12048/206/1 12056/209/1 12057/207/1
f 12049/210/1 12056/209/1 12048/206/1
f 12027/211/1 12031/208/1 12026/204/1
f 12049/210/1 12055/212/1 12056/209/1
f 12027/211/1 12030/213/1 12031/208/1
f 12050/214/1 12055/212/1 12049/210/1
f 12050/214/1 12054/215/1 12055/212/1
f 12027/211/1 12029/216/1 12030/213/1
f 12051/217/1 12054/215/1 12050/214/1
f 12028/218/1 12029/216/1 12027/211/1
f 12051/217/1 12053/219/1 12054/215/1
f 12052/220/1 12053/219/1 12051/217/1
f 12102/3/1 12107/234/1 12108/2/1
f 12102/3/1 12106/228/1 12107/234/1
f 12106/228/1 12104/245/1 12105/254/1
f 12106/228/1 12103/269/1 12104/245/1
f 12102/3/1 12103/269/1 12106/228/1
f 12111/604/1 12119/592/1 12110/564/1
f 12119/592/1 12109/3/1 12110/564/1
f 12119/592/1 12120/2/1 12109/3/1
f 12111/604/1 12118/618/1 12119/592/1
f 12111/604/1 12115/571/1 12118/618/1
f 12115/571/1 12117/623/1 12118/618/1
f 12115/571/1 12116/595/1 12117/623/1
f 12111/604/1 12114/567/1 12115/571/1
f 12111/604/1 12113/615/1 12114/567/1
f 12111/604/1 12112/638/1 12113/615/1
o Cube
v 2.116365 2.174958 -0.184096
v 2.116365 2.174958 -0.284096
v 2.116365 0.174958 -0.184096
v 2.116365 0.174958 -0.284096
v -2.116365 2.174958 -0.184096
v -2.116365 2.174958 -0.284096
v -2.116365 0.174958 -0.184096
v -2.116365 0.174958 -0.284096
vn -0.0000 -0.0000 1.0000
vn -0.0000 -1.0000 -0.0000
vn -1.0000 -0.0000 -0.0000
vn -0.0000 -0.0000 -1.0000
vn 1.0000 -0.0000 -0.0000
vn -0.0000 1.0000 -0.0000
vt 0.625000 0.500000
vt 0.875000 0.500000
vt 0.875000 0.750000
vt 0.625000 0.750000
vt 0.375000 0.750000
vt 0.625000 1.000000
vt 0.375000 1.000000
vt 0.375000 0.000000
vt 0.625000 0.000000
vt 0.625000 0.250000
vt 0.375000 0.250000
vt 0.125000 0.500000
vt 0.375000 0.500000
vt 0.125000 0.750000
s 0
usemtl Material
f 12121/1502/3 12125/1503/3 12127/1504/3 12123/1505/3
f 12124/1506/4 12123/1505/4 12127/1507/4 12128/1508/4
f 12128/1509/5 12127/1510/5 12125/1511/5 12126/1512/5
f 12126/1513/6 12122/1514/6 12124/1506/6 12128/1515/6
f 12122/1514/7 12121/1502/7 12123/1505/7 12124/1506/7
f 12126/1512/8 12125/1511/8 12121/1502/8 12122/1514/8
